cell_mask_area,cell_mask_area_ratio,cell_mask_intensity,domain_area_mean,domain_area_std,domain_oop_mean,domain_oop_std,domain_slen_mean,myof_bending_mean,myof_bending_std,myof_length_max,myof_length_mean,myof_length_std,myof_straightness_mean,myof_straightness_std,n_domains,n_mbands,n_vectors,n_zbands,sarcomere_area,sarcomere_area_ratio,sarcomere_length_mean,sarcomere_length_std,sarcomere_oop,z_intensity_mean,z_intensity_std,z_lat_alignment_mean,z_lat_alignment_std,z_lat_dist_mean,z_lat_dist_std,z_lat_length_groups_mean,z_lat_neighbors_mean,z_lat_neighbors_std,z_length_max,z_length_mean,z_length_std,z_mask_area,z_mask_area_ratio,z_mask_intensity,z_oop,z_straightness_mean,z_straightness_std
670.23,0.128217489368296,672.1172955552571,21.645,0.0,0.8381891846656799,0.0,1.476784906268127,0.06479156408174883,0.03438008690703746,10.743192672729492,9.934528350830078,0.7963137030601501,0.940385048660881,0.011350183123265366,1.0,37.0,75.0,24.0,59.89734649658203,0.08936834593584594,1.4399371719816612,0.17898679820388905,0.8124955296516418,1119.4684516387042,290.48730251857273,0.7358930160870979,0.372677996249965,1.5469895142556054,1.0726478652303462,0.7338172285686914,0.16666666666666666,0.372677996249965,1.2,0.5437500000000001,0.24423029603224905,11.7675,0.017557405666711427,1129.980879541109,0.6835820264432508,0.8723940719296756,0.07160440047750255
