cell_mask_area,cell_mask_area_ratio,cell_mask_intensity,domain_area_mean,domain_area_std,domain_oop_mean,domain_oop_std,domain_slen_mean,myof_bending_mean,myof_bending_std,myof_length_max,myof_length_mean,myof_length_std,myof_straightness_mean,myof_straightness_std,n_domains,n_mbands,n_vectors,n_zbands,sarcomere_area,sarcomere_area_ratio,sarcomere_length_mean,sarcomere_length_std,sarcomere_oop,z_intensity_mean,z_intensity_std,z_lat_alignment_mean,z_lat_alignment_std,z_lat_dist_mean,z_lat_dist_std,z_lat_length_groups_mean,z_lat_neighbors_mean,z_lat_neighbors_std,z_length_max,z_length_mean,z_length_std,z_mask_area,z_mask_area_ratio,z_mask_intensity,z_oop,z_straightness_mean,z_straightness_std
1555.3799999999999,0.276512,676.2717278092813,65.6325,0.0,0.6383149027824402,0.0,1.5410820941383436,0.025345131853914033,0.024248862182537637,18.74386978149414,10.372659683227539,5.038517475128174,0.9519512015233292,0.032799733192636196,1.0,36.0,173.0,36.0,91.71658325195312,0.0589673155447242,1.5314493001049714,0.31254460861170374,0.6084744334220886,1422.9857370520053,359.35899657860386,0.6710928717220506,0.5061351988413498,1.589303398766318,0.8041235643045381,1.4418231288332768,0.2777777777777778,0.5061351988413498,3.0,1.020833333333333,0.6678505113837643,21.015,0.013511167688924894,1358.619914346895,0.1630900663636319,0.8416697094960157,0.09022301786764175
