sarcomere_area,cell_mask_area_ratio,domain_area_std,domain_oop_mean,sarcomere_length_mean,z_mask_intensity,myof_straightness_std,z_mask_area,z_straightness_std,myof_length_mean,myof_bending_std,sarcomere_oop,n_domains,myof_straightness_mean,z_intensity_mean,myof_bending_mean,z_lat_dist_mean,z_lat_length_groups_mean,z_length_max,sarcomere_area_ratio,z_length_std,myof_length_max,domain_slen_mean,z_mask_area_ratio,z_lat_alignment_std,n_zbands,cell_mask_area,cell_mask_intensity,z_oop,z_lat_alignment_mean,z_length_mean,z_lat_dist_std,myof_length_std,n_vectors,z_straightness_mean,n_mbands,z_intensity_std,sarcomere_length_std,z_lat_neighbors_mean,z_lat_neighbors_std,domain_area_mean,domain_oop_std
59.89232635498047,0.12812279402902843,0.0,0.8124535083770752,1.42157907203128,1129.6149425287356,0.025114045794486117,11.745,0.0699952612194718,7.003452777862549,0.013995597446815873,0.8266075849533081,1.0,0.9568142304384373,1119.886606400609,0.023718553749578132,1.5469895142556054,0.7338172285686914,1.2,0.08942690221502604,0.24423029603224905,8.697617530822754,1.4109370549068412,0.017536786938117315,0.372677996249965,24.0,669.735,672.2376536988511,0.6749218368723262,0.7356764786434625,0.5437500000000001,1.0726478652303462,1.595345139503479,72.0,0.8755190719296756,37.0,290.8851801830403,0.15950316531322514,0.16666666666666666,0.372677996249965,31.994999999999997,0.0
