cell_mask_area,cell_mask_area_ratio,cell_mask_intensity,domain_area_mean,domain_area_std,domain_oop_mean,domain_oop_std,domain_slen_mean,myof_bending_mean,myof_bending_std,myof_length_max,myof_length_mean,myof_length_std,myof_straightness_mean,myof_straightness_std,n_domains,n_mbands,n_vectors,n_zbands,sarcomere_area,sarcomere_area_ratio,sarcomere_length_mean,sarcomere_length_std,sarcomere_oop,z_intensity_mean,z_intensity_std,z_lat_alignment_mean,z_lat_alignment_std,z_lat_dist_mean,z_lat_dist_std,z_lat_length_groups_mean,z_lat_neighbors_mean,z_lat_neighbors_std,z_length_max,z_length_mean,z_length_std,z_mask_area,z_mask_area_ratio,z_mask_intensity,z_oop,z_straightness_mean,z_straightness_std
1580.3999999999999,0.18461667858194203,690.5508399772209,50.44499999999999,25.919999999999998,0.7848736047744751,0.010758161544799805,1.4745096570653615,0.043346421865697295,0.05130866824709116,13.91089153289795,7.8966240882873535,2.165325164794922,0.9479232853482533,0.023602473764682445,2.0,98.0,265.0,87.0,226.00933837890625,0.14300768057384602,1.5506368851435903,0.2666438458364361,0.5259209871292114,1146.0506048951606,229.74064501518023,0.7379885087958991,0.6335408634262378,1.8383157327474633,0.706422512900852,2.2750200626894332,0.735632183908046,0.6335408634262378,2.55,0.7620689655172413,0.5137178838713664,53.302499999999995,0.03372722095671982,1155.872942169692,0.4321346274304357,0.8338430543215141,0.10187178909960448
