cell_mask_area,cell_mask_area_ratio,cell_mask_intensity,domain_area_mean,domain_area_std,domain_oop_mean,domain_oop_std,domain_slen_mean,myof_bending_mean,myof_bending_std,myof_length_max,myof_length_mean,myof_length_std,myof_straightness_mean,myof_straightness_std,n_domains,n_mbands,n_vectors,n_zbands,sarcomere_area,sarcomere_area_ratio,sarcomere_length_mean,sarcomere_length_std,sarcomere_oop,z_intensity_mean,z_intensity_std,z_lat_alignment_mean,z_lat_alignment_std,z_lat_dist_mean,z_lat_dist_std,z_lat_length_groups_mean,z_lat_neighbors_mean,z_lat_neighbors_std,z_length_max,z_length_mean,z_length_std,z_mask_area,z_mask_area_ratio,z_mask_intensity,z_oop,z_straightness_mean,z_straightness_std
1296.6975,0.29512133921210165,658.3132689004182,59.265,0.0,0.8283471465110779,0.0,1.5943706058375566,0.023786946968588466,0.009977567489857418,19.931602478027344,16.283802032470703,3.108680009841919,0.9395319169901775,0.042633037012550064,1.0,32.0,166.0,30.0,78.05332946777344,0.06019393842262628,1.597942535345573,0.24925033697940596,0.7556900382041931,1572.0126352348402,396.299392149933,0.5692882980869609,0.44221663871405326,1.760134178964155,0.7319000423843273,1.4592514121483318,0.26666666666666666,0.44221663871405326,3.15,1.03,0.8376156636548772,16.38,0.012632090368031094,1576.934065934066,0.585289129161557,0.8407605436888986,0.11846465922017385
