sarcomere_area,cell_mask_area_ratio,domain_area_std,domain_oop_mean,sarcomere_length_mean,z_mask_intensity,myof_straightness_std,z_mask_area,z_straightness_std,myof_length_mean,myof_bending_std,sarcomere_oop,n_domains,myof_straightness_mean,z_intensity_mean,myof_bending_mean,z_lat_dist_mean,z_lat_length_groups_mean,z_length_max,sarcomere_area_ratio,z_length_std,myof_length_max,domain_slen_mean,z_mask_area_ratio,z_lat_alignment_std,n_zbands,cell_mask_area,cell_mask_intensity,z_oop,z_lat_alignment_mean,z_length_mean,z_lat_dist_std,myof_length_std,n_vectors,z_straightness_mean,n_mbands,z_intensity_std,sarcomere_length_std,z_lat_neighbors_mean,z_lat_neighbors_std,domain_area_mean,domain_oop_std
44.43891525268555,0.23002015841018394,,,1.4649878009205644,799.1733067729084,0.03534714767516617,11.295,0.08320259923778409,8.309432029724121,0.008391029855326202,0.6365746855735779,0.0,0.9468438938790709,799.8251978099551,0.02733998824336053,2.2009291856419955,0.7160743348513597,1.5,0.03407278232272984,0.27688746209726917,8.754350662231445,,0.00866024911154815,0.3552467795046459,27.0,1304.235,561.3694924610979,0.5599829617830838,0.481477598305759,0.5,0.3884722896028111,0.4490727484226227,63.0,0.9047644239973102,29.0,114.91571526515021,0.23255842903325186,0.14814814814814814,0.3552467795046459,,
