cell_mask_area,cell_mask_area_ratio,cell_mask_intensity,domain_area_mean,domain_area_std,domain_oop_mean,domain_oop_std,domain_slen_mean,myof_bending_mean,myof_bending_std,myof_length_max,myof_length_mean,myof_length_std,myof_straightness_mean,myof_straightness_std,n_domains,n_mbands,n_vectors,n_zbands,sarcomere_area,sarcomere_area_ratio,sarcomere_length_mean,sarcomere_length_std,sarcomere_oop,z_intensity_mean,z_intensity_std,z_lat_alignment_mean,z_lat_alignment_std,z_lat_dist_mean,z_lat_dist_std,z_lat_length_groups_mean,z_lat_neighbors_mean,z_lat_neighbors_std,z_length_max,z_length_mean,z_length_std,z_mask_area,z_mask_area_ratio,z_mask_intensity,z_oop,z_straightness_mean,z_straightness_std
1076.04,0.14323709117048042,599.5737914018066,,,,,,0.01901373978754967,0.010698224766498647,5.7916579246521,5.569736003875732,0.18019767105579376,0.9595056621820997,0.01816246605645785,0.0,22.0,45.0,18.0,29.998180389404297,0.02787831343574988,1.3617504132972928,0.16776585477837988,0.5913054943084717,1138.1903081307673,186.03284841781627,0.5978115032652032,0.4969039949999533,2.1456130928164248,0.5885103702864871,1.3844608836618357,0.4444444444444444,0.4969039949999533,1.95,0.6000000000000001,0.4873397172404481,7.785,0.0072348611575777854,1128.9884393063585,0.3291468989055235,0.8708680589412722,0.11114756967054677
