sarcomere_area,cell_mask_area_ratio,domain_area_std,domain_oop_mean,sarcomere_length_mean,z_mask_intensity,myof_straightness_std,z_mask_area,z_straightness_std,myof_length_mean,myof_bending_std,sarcomere_oop,n_domains,myof_straightness_mean,z_intensity_mean,myof_bending_mean,z_lat_dist_mean,z_lat_length_groups_mean,z_length_max,sarcomere_area_ratio,z_length_std,myof_length_max,domain_slen_mean,z_mask_area_ratio,z_lat_alignment_std,n_zbands,cell_mask_area,cell_mask_intensity,z_oop,z_lat_alignment_mean,z_length_mean,z_lat_dist_std,myof_length_std,n_vectors,z_straightness_mean,n_mbands,z_intensity_std,sarcomere_length_std,z_lat_neighbors_mean,z_lat_neighbors_std,domain_area_mean,domain_oop_std
38.488651275634766,0.3274787699620323,,,1.6030089991844303,1314.5777777777778,0.005707525711671199,11.1375,0.08241910829765592,6.865933895111084,0.0029632454535152533,0.8952500224113464,0.0,0.9766688644603153,1384.2118103756068,0.008152190647310669,1.9015927389813463,0.9023124120853344,1.65,0.05046484123555315,0.37015672356449236,7.3140788078308105,,0.014603062217895387,0.463033476111609,25.0,762.6825,690.986134466177,0.8552891628947213,0.5996375593986184,0.6779999999999999,1.0530646015574874,0.3627643585205078,64.0,0.8925269341488508,17.0,260.5480360246678,0.18818155293408018,0.16,0.463033476111609,,
