cell_mask_area,cell_mask_area_ratio,cell_mask_intensity,domain_area_mean,domain_area_std,domain_oop_mean,domain_oop_std,domain_slen_mean,myof_bending_mean,myof_bending_std,myof_length_max,myof_length_mean,myof_length_std,myof_straightness_mean,myof_straightness_std,n_domains,n_mbands,n_vectors,n_zbands,sarcomere_area,sarcomere_area_ratio,sarcomere_length_mean,sarcomere_length_std,sarcomere_oop,z_intensity_mean,z_intensity_std,z_lat_alignment_mean,z_lat_alignment_std,z_lat_dist_mean,z_lat_dist_std,z_lat_length_groups_mean,z_lat_neighbors_mean,z_lat_neighbors_std,z_length_max,z_length_mean,z_length_std,z_mask_area,z_mask_area_ratio,z_mask_intensity,z_oop,z_straightness_mean,z_straightness_std
1351.7324999999998,0.3773870546258606,640.6120978078133,53.184374999999996,4.304543883720434,0.8942937850952148,0.03971988707780838,1.641646050070918,0.01737497609254171,0.011372458112624185,17.49657440185547,10.245718955993652,3.467710018157959,0.9566889488013685,0.020109897711805026,4.0,131.0,551.0,132.0,339.6856689453125,0.2512965168369574,1.6351503590110246,0.20602698729026414,0.2490709275007248,958.9148340713967,230.3561100031117,0.7602190216658297,0.6981215777883801,1.981520134776916,0.6513522654105758,2.8725143819835117,0.8333333333333334,0.6981215777883801,3.0,0.8499999999999999,0.6730189785247853,72.17999999999999,0.05339813905487957,964.4731920199501,0.05472560006727193,0.8611210071866864,0.09021060940810836
