cell_mask_area,cell_mask_area_ratio,cell_mask_intensity,domain_area_mean,domain_area_std,domain_oop_mean,domain_oop_std,domain_slen_mean,myof_bending_mean,myof_bending_std,myof_length_max,myof_length_mean,myof_length_std,myof_straightness_mean,myof_straightness_std,n_domains,n_mbands,n_vectors,n_zbands,sarcomere_area,sarcomere_area_ratio,sarcomere_length_mean,sarcomere_length_std,sarcomere_oop,z_intensity_mean,z_intensity_std,z_lat_alignment_mean,z_lat_alignment_std,z_lat_dist_mean,z_lat_dist_std,z_lat_length_groups_mean,z_lat_neighbors_mean,z_lat_neighbors_std,z_length_max,z_length_mean,z_length_std,z_mask_area,z_mask_area_ratio,z_mask_intensity,z_oop,z_straightness_mean,z_straightness_std
1304.235,0.23002015841018394,561.3694924610979,,,,,,0.02733998824336053,0.008391029855326202,8.754350662231445,8.309432029724121,0.4490727484226227,0.9468438938790709,0.03534714767516617,0.0,29.0,63.0,27.0,44.43891525268555,0.03407278232272984,1.4649878009205644,0.23255842903325186,0.6365746855735779,799.8251978099551,114.91571526515021,0.481477598305759,0.3552467795046459,2.2009291856419955,0.3884722896028111,0.7160743348513597,0.14814814814814814,0.3552467795046459,1.5,0.5,0.27688746209726917,11.295,0.00866024911154815,799.1733067729084,0.5599829617830838,0.9047644239973102,0.08320259923778409
