cell_mask_area,cell_mask_area_ratio,cell_mask_intensity,domain_area_mean,domain_area_std,domain_oop_mean,domain_oop_std,domain_slen_mean,myof_bending_mean,myof_bending_std,myof_length_max,myof_length_mean,myof_length_std,myof_straightness_mean,myof_straightness_std,n_domains,n_mbands,n_vectors,n_zbands,sarcomere_area,sarcomere_area_ratio,sarcomere_length_mean,sarcomere_length_std,sarcomere_oop,z_intensity_mean,z_intensity_std,z_lat_alignment_mean,z_lat_alignment_std,z_lat_dist_mean,z_lat_dist_std,z_lat_length_groups_mean,z_lat_neighbors_mean,z_lat_neighbors_std,z_length_max,z_length_mean,z_length_std,z_mask_area,z_mask_area_ratio,z_mask_intensity,z_oop,z_straightness_mean,z_straightness_std
630.0675,0.21373725346522565,621.0810984537371,33.7725,0.0,0.8803130984306335,0.0,1.7045224702467658,0.015889979569598135,0.0041028698571589466,9.270211219787598,8.179882049560547,0.6968894004821777,0.9718987838518517,0.003975443265122267,1.0,19.0,57.0,13.0,41.621803283691406,0.0660592766389179,1.681851327516823,0.28736333990219254,0.8850059509277344,902.7344255277718,107.33200233944345,0.8859036406877445,0.6343239424027171,1.5553368329741837,0.4282841766792668,1.5016010498922552,0.46153846153846156,0.6343239424027171,1.5,0.7961538461538461,0.3449980704859858,9.7875,0.015534049923222512,907.2896551724137,0.6999581500896873,0.8416010591972131,0.09271216119858397
