cell_mask_area,cell_mask_area_ratio,cell_mask_intensity,domain_area_mean,domain_area_std,domain_oop_mean,domain_oop_std,domain_slen_mean,myof_bending_mean,myof_bending_std,myof_length_max,myof_length_mean,myof_length_std,myof_straightness_mean,myof_straightness_std,n_domains,n_mbands,n_vectors,n_zbands,sarcomere_area,sarcomere_area_ratio,sarcomere_length_mean,sarcomere_length_std,sarcomere_oop,z_intensity_mean,z_intensity_std,z_lat_alignment_mean,z_lat_alignment_std,z_lat_dist_mean,z_lat_dist_std,z_lat_length_groups_mean,z_lat_neighbors_mean,z_lat_neighbors_std,z_length_max,z_length_mean,z_length_std,z_mask_area,z_mask_area_ratio,z_mask_intensity,z_oop,z_straightness_mean,z_straightness_std
669.735,0.12812279402902843,672.2376536988511,31.994999999999997,0.0,0.8124535083770752,0.0,1.4109370549068412,0.023718553749578132,0.013995597446815873,8.697617530822754,7.003452777862549,1.595345139503479,0.9568142304384373,0.025114045794486117,1.0,37.0,72.0,24.0,59.89232635498047,0.08942690221502604,1.42157907203128,0.15950316531322514,0.8266075849533081,1119.886606400609,290.8851801830403,0.7356764786434625,0.372677996249965,1.5469895142556054,1.0726478652303462,0.7338172285686914,0.16666666666666666,0.372677996249965,1.2,0.5437500000000001,0.24423029603224905,11.745,0.017536786938117315,1129.6149425287356,0.6749218368723262,0.8755190719296756,0.0699952612194718
