cell_mask_area,cell_mask_area_ratio,cell_mask_intensity,domain_area_mean,domain_area_std,domain_oop_mean,domain_oop_std,domain_slen_mean,myof_bending_mean,myof_bending_std,myof_length_max,myof_length_mean,myof_length_std,myof_straightness_mean,myof_straightness_std,n_domains,n_mbands,n_vectors,n_zbands,sarcomere_area,sarcomere_area_ratio,sarcomere_length_mean,sarcomere_length_std,sarcomere_oop,z_intensity_mean,z_intensity_std,z_lat_alignment_mean,z_lat_alignment_std,z_lat_dist_mean,z_lat_dist_std,z_lat_length_groups_mean,z_lat_neighbors_mean,z_lat_neighbors_std,z_length_max,z_length_mean,z_length_std,z_mask_area,z_mask_area_ratio,z_mask_intensity,z_oop,z_straightness_mean,z_straightness_std
883.7325,0.3290771228687529,720.9342108613183,25.154999999999998,0.0,0.9422725439071655,0.0,1.460659310207046,0.014088177727971333,0.014152520586307667,7.740562438964844,7.225025177001953,0.3597535192966461,0.971951139890978,0.01933169054161044,1.0,20.0,68.0,19.0,39.92427444458008,0.045176876990016865,1.473981177878757,0.2281814850051662,0.5207468867301941,1487.2325047605518,276.61782978326755,0.8409436043789608,0.5954583420518295,1.69975643955902,0.8589691765003254,1.52848444269965,0.5263157894736842,0.5954583420518295,1.7999999999999998,0.6789473684210525,0.37497922380119736,8.9775,0.010158617002316878,1441.1754385964912,0.5443126135806309,0.8876097932538375,0.0913838161257154
