cell_mask_area,cell_mask_area_ratio,cell_mask_intensity,domain_area_mean,domain_area_std,domain_oop_mean,domain_oop_std,domain_slen_mean,myof_bending_mean,myof_bending_std,myof_length_max,myof_length_mean,myof_length_std,myof_straightness_mean,myof_straightness_std,n_domains,n_mbands,n_vectors,n_zbands,sarcomere_area,sarcomere_area_ratio,sarcomere_length_mean,sarcomere_length_std,sarcomere_oop,z_intensity_mean,z_intensity_std,z_lat_alignment_mean,z_lat_alignment_std,z_lat_dist_mean,z_lat_dist_std,z_lat_length_groups_mean,z_lat_neighbors_mean,z_lat_neighbors_std,z_length_max,z_length_mean,z_length_std,z_mask_area,z_mask_area_ratio,z_mask_intensity,z_oop,z_straightness_mean,z_straightness_std
882.9225,0.3287755016547275,721.1264238933768,25.02,0.0,0.9425364136695862,0.0,1.4513551513938776,0.006509537842973789,0.006349021602077141,7.747589588165283,6.300243854522705,1.3407379388809204,0.9845314783226309,0.01402502433564934,1.0,20.0,69.0,19.0,39.96294021606445,0.04526211554928598,1.4747386537624496,0.21208963535971878,0.5083974599838257,1487.2325047605518,276.61782978326755,0.8385228388516198,0.5954583420518295,1.69975643955902,0.8589691765003254,1.52848444269965,0.5263157894736842,0.5954583420518295,1.7999999999999998,0.6789473684210525,0.37497922380119736,8.9775,0.010167936596926682,1441.1754385964912,0.5443126135806309,0.8876097932538375,0.0913838161257154
