cell_mask_area,cell_mask_area_ratio,cell_mask_intensity,domain_area_mean,domain_area_std,domain_oop_mean,domain_oop_std,domain_slen_mean,myof_bending_mean,myof_bending_std,myof_length_max,myof_length_mean,myof_length_std,myof_straightness_mean,myof_straightness_std,n_domains,n_mbands,n_vectors,n_zbands,sarcomere_area,sarcomere_area_ratio,sarcomere_length_mean,sarcomere_length_std,sarcomere_oop,z_intensity_mean,z_intensity_std,z_lat_alignment_mean,z_lat_alignment_std,z_lat_dist_mean,z_lat_dist_std,z_lat_length_groups_mean,z_lat_neighbors_mean,z_lat_neighbors_std,z_length_max,z_length_mean,z_length_std,z_mask_area,z_mask_area_ratio,z_mask_intensity,z_oop,z_straightness_mean,z_straightness_std
630.2925,0.21381358002076084,621.0424445793025,34.2225,0.0,0.8804134726524353,0.0,1.7075798285090178,0.0579400440721823,0.008265245323509071,9.326421737670898,8.760107040405273,0.5631407499313354,0.9558246312146077,0.0013691856700534522,1.0,19.0,57.0,13.0,41.566749572753906,0.06594834869961788,1.6844515332105785,0.29258439627803395,0.8854511976242065,902.7344255277718,107.33200233944345,0.886972233839999,0.6343239424027171,1.5553368329741837,0.4282841766792668,1.5016010498922552,0.46153846153846156,0.6343239424027171,1.5,0.7961538461538461,0.3449980704859858,9.764999999999999,0.015492806911076998,907.3709677419355,0.6999581500896873,0.8416010591972131,0.09271216119858397
