sarcomere_area,cell_mask_area_ratio,domain_area_std,domain_oop_mean,sarcomere_length_mean,z_mask_intensity,myof_straightness_std,z_mask_area,z_straightness_std,myof_length_mean,myof_bending_std,sarcomere_oop,n_domains,myof_straightness_mean,z_intensity_mean,myof_bending_mean,z_lat_dist_mean,z_lat_length_groups_mean,z_length_max,sarcomere_area_ratio,z_length_std,myof_length_max,domain_slen_mean,z_mask_area_ratio,z_lat_alignment_std,n_zbands,cell_mask_area,cell_mask_intensity,z_oop,z_lat_alignment_mean,z_length_mean,z_lat_dist_std,myof_length_std,n_vectors,z_straightness_mean,n_mbands,z_intensity_std,sarcomere_length_std,z_lat_neighbors_mean,z_lat_neighbors_std,domain_area_mean,domain_oop_std
29.033737182617188,0.24071589335180052,,,1.2585808807729457,1540.4906367041199,0.014659533495563537,6.007499999999999,0.1106372400662329,5.52106237411499,0.018928951328457,0.911790668964386,0.0,0.9684549130335172,1573.7051820043755,0.036728420715488055,1.7442833904721933,1.9480944634907311,2.1,0.05800540857805586,0.6299801584177076,5.8269853591918945,,0.01200215769127034,0.6454972243679028,12.0,500.53499999999997,749.6755371752225,0.866903605311629,0.7079044401357163,1.0250000000000001,0.32783449135627885,0.2867063581943512,53.0,0.8520811912259281,16.0,292.85398007206265,0.24329986015343272,0.5,0.6454972243679028,,
