cell_mask_area,cell_mask_area_ratio,cell_mask_intensity,domain_area_mean,domain_area_std,domain_oop_mean,domain_oop_std,domain_slen_mean,myof_bending_mean,myof_bending_std,myof_length_max,myof_length_mean,myof_length_std,myof_straightness_mean,myof_straightness_std,n_domains,n_mbands,n_vectors,n_zbands,sarcomere_area,sarcomere_area_ratio,sarcomere_length_mean,sarcomere_length_std,sarcomere_oop,z_intensity_mean,z_intensity_std,z_lat_alignment_mean,z_lat_alignment_std,z_lat_dist_mean,z_lat_dist_std,z_lat_length_groups_mean,z_lat_neighbors_mean,z_lat_neighbors_std,z_length_max,z_length_mean,z_length_std,z_mask_area,z_mask_area_ratio,z_mask_intensity,z_oop,z_straightness_mean,z_straightness_std
500.31,0.24060768698060941,749.7772980751934,,,,,,0.036728420715488055,0.018928951328457,5.976556301116943,5.614406585693359,0.34487003087997437,0.9684549130335172,0.014659533495563537,0.0,16.0,52.0,13.0,29.1201229095459,0.05820415924036277,1.2598196250268896,0.2501652909108177,0.9081692099571228,1565.0163218501928,282.97035249570854,0.7473694368791333,0.6249260311258431,1.5733775857991006,0.4101621295353761,2.0992789270218224,0.6153846153846154,0.6249260311258431,2.1,0.9692307692307692,0.635349226058594,6.029999999999999,0.012052527432991544,1539.8246268656717,0.875129418697507,0.8480749457470105,0.10719894772600119
