sarcomere_area,cell_mask_area_ratio,domain_area_std,domain_oop_mean,sarcomere_length_mean,z_mask_intensity,myof_straightness_std,z_mask_area,z_straightness_std,myof_length_mean,myof_bending_std,sarcomere_oop,n_domains,myof_straightness_mean,z_intensity_mean,myof_bending_mean,z_lat_dist_mean,z_lat_length_groups_mean,z_length_max,sarcomere_area_ratio,z_length_std,myof_length_max,domain_slen_mean,z_mask_area_ratio,z_lat_alignment_std,n_zbands,cell_mask_area,cell_mask_intensity,z_oop,z_lat_alignment_mean,z_length_mean,z_lat_dist_std,myof_length_std,n_vectors,z_straightness_mean,n_mbands,z_intensity_std,sarcomere_length_std,z_lat_neighbors_mean,z_lat_neighbors_std,domain_area_mean,domain_oop_std
91.76254272460938,0.27639199999999997,0.0,0.6375564932823181,1.5343929278495956,1358.6709401709402,0.030199572383541245,21.06,0.09022301786764175,11.114028930664062,0.0092368670188128,0.6081523895263672,1.0,0.9559902369341686,1422.9857370520053,0.015396713821595225,1.589303398766318,1.4418231288332768,3.0,0.059022478685415804,0.6678505113837643,18.896207809448242,1.5466445524624555,0.01354597817592405,0.5061351988413498,36.0,1554.705,676.3445830559496,0.1630900663636319,0.671877187183233,1.020833333333333,0.8041235643045381,4.96820592880249,172.0,0.8416697094960157,36.0,359.35899657860386,0.3076297313624491,0.2777777777777778,0.5061351988413498,65.7675,0.0
