cell_mask_area,cell_mask_area_ratio,cell_mask_intensity,domain_area_mean,domain_area_std,domain_oop_mean,domain_oop_std,domain_slen_mean,myof_bending_mean,myof_bending_std,myof_length_max,myof_length_mean,myof_length_std,myof_straightness_mean,myof_straightness_std,n_domains,n_mbands,n_vectors,n_zbands,sarcomere_area,sarcomere_area_ratio,sarcomere_length_mean,sarcomere_length_std,sarcomere_oop,z_intensity_mean,z_intensity_std,z_lat_alignment_mean,z_lat_alignment_std,z_lat_dist_mean,z_lat_dist_std,z_lat_length_groups_mean,z_lat_neighbors_mean,z_lat_neighbors_std,z_length_max,z_length_mean,z_length_std,z_mask_area,z_mask_area_ratio,z_mask_intensity,z_oop,z_straightness_mean,z_straightness_std
590.22,0.28014866077149814,725.6974687404696,22.60125,1.4962499999999999,0.8549989461898804,0.08760282397270203,1.4183415143977025,0.01969088161967406,0.020517452864288275,7.442720413208008,6.323046684265137,0.7331196069717407,0.9620722055478025,0.014598895920376706,2.0,30.0,90.0,21.0,54.70773696899414,0.09269041538577842,1.424539952971713,0.2449293468811529,0.7710160613059998,1498.9538806472633,230.82107121012587,0.7616124864712727,0.49943278484292924,1.3176364221722248,0.5699423295081529,1.4055113819288203,0.47619047619047616,0.49943278484292924,2.25,0.7571428571428571,0.5525451315946776,12.24,0.020738029887160718,1445.5569852941176,0.7264078795508965,0.8422007486497814,0.08809559492428992
