cell_mask_area,cell_mask_area_ratio,cell_mask_intensity,domain_area_mean,domain_area_std,domain_oop_mean,domain_oop_std,domain_slen_mean,myof_bending_mean,myof_bending_std,myof_length_max,myof_length_mean,myof_length_std,myof_straightness_mean,myof_straightness_std,n_domains,n_mbands,n_vectors,n_zbands,sarcomere_area,sarcomere_area_ratio,sarcomere_length_mean,sarcomere_length_std,sarcomere_oop,z_intensity_mean,z_intensity_std,z_lat_alignment_mean,z_lat_alignment_std,z_lat_dist_mean,z_lat_dist_std,z_lat_length_groups_mean,z_lat_neighbors_mean,z_lat_neighbors_std,z_length_max,z_length_mean,z_length_std,z_mask_area,z_mask_area_ratio,z_mask_intensity,z_oop,z_straightness_mean,z_straightness_std
1110.96,0.2526582952114867,567.7750931626701,33.0975,4.472805327755726,0.7201447486877441,0.0405745655298233,1.6313037583057204,0.024670849594304857,0.017377866322538557,12.75853157043457,9.363357543945312,2.0681099891662598,0.9587620203983175,0.023067988351668234,3.0,74.0,169.0,64.0,157.85548400878906,0.14208925974723577,1.6100031833305766,0.30861070351725284,0.318507581949234,888.849595360843,125.64123163600577,0.5543095645124112,0.47495887979908324,1.7658268805860486,0.7480526054543304,1.2523414280461609,0.34375,0.47495887979908324,2.25,0.7335937499999999,0.4788539938863803,40.184999999999995,0.036171419313026566,872.1539753639418,0.3149702029436625,0.8648856405877476,0.09142968042112208
