cell_mask_area,cell_mask_area_ratio,cell_mask_intensity,domain_area_mean,domain_area_std,domain_oop_mean,domain_oop_std,domain_slen_mean,myof_bending_mean,myof_bending_std,myof_length_max,myof_length_mean,myof_length_std,myof_straightness_mean,myof_straightness_std,n_domains,n_mbands,n_vectors,n_zbands,sarcomere_area,sarcomere_area_ratio,sarcomere_length_mean,sarcomere_length_std,sarcomere_oop,z_intensity_mean,z_intensity_std,z_lat_alignment_mean,z_lat_alignment_std,z_lat_dist_mean,z_lat_dist_std,z_lat_length_groups_mean,z_lat_neighbors_mean,z_lat_neighbors_std,z_length_max,z_length_mean,z_length_std,z_mask_area,z_mask_area_ratio,z_mask_intensity,z_oop,z_straightness_mean,z_straightness_std
1410.435,0.1665019867831113,642.5290655010688,82.23,33.15294048044608,0.8418121933937073,0.10104712098836899,1.5742105003386941,0.015166356489542582,0.009201257809140538,39.01625442504883,14.842994689941406,6.804088115692139,0.9478200591229047,0.03618979564002077,3.0,115.0,521.0,109.0,303.9071044921875,0.21547047860566954,1.5759392354364596,0.21074894584012574,0.4996749460697174,1032.3878729303408,227.87806239331633,0.7601110626190986,0.685806663891037,1.7365679357035793,0.6533236599773576,2.7251619895455264,0.7706422018348624,0.685806663891037,3.4499999999999997,1.0059633027522934,0.7896324998958971,67.2975,0.04771400312669496,1033.8034102306922,0.483092629115311,0.8380531027023752,0.09971237303388235
