sarcomere_area,cell_mask_area_ratio,domain_area_std,domain_oop_mean,sarcomere_length_mean,z_mask_intensity,myof_straightness_std,z_mask_area,z_straightness_std,myof_length_mean,myof_bending_std,sarcomere_oop,n_domains,myof_straightness_mean,z_intensity_mean,myof_bending_mean,z_lat_dist_mean,z_lat_length_groups_mean,z_length_max,sarcomere_area_ratio,z_length_std,myof_length_max,domain_slen_mean,z_mask_area_ratio,z_lat_alignment_std,n_zbands,cell_mask_area,cell_mask_intensity,z_oop,z_lat_alignment_mean,z_length_mean,z_lat_dist_std,myof_length_std,n_vectors,z_straightness_mean,n_mbands,z_intensity_std,sarcomere_length_std,z_lat_neighbors_mean,z_lat_neighbors_std,domain_area_mean,domain_oop_std
74.70716857910156,0.16785325594050424,0.0,0.8440062403678894,1.3362175727311056,1609.4121510673235,0.018470658399572,13.702499999999999,0.09068329655726536,6.033120632171631,0.011551025687968598,0.8149341940879822,1.0,0.9201240932323959,1670.1431281305663,0.06486876562675337,1.9550497025915314,1.652065787423808,1.95,0.06407283926430647,0.35839130684789433,7.747701644897461,1.3350282246915692,0.011751992435499122,0.661093597803845,31.0,1165.9724999999999,756.0645298238167,0.7004567617332493,0.9121015419144894,0.6048387096774194,0.6247244675829215,1.1347875595092773,95.0,0.8404167869247137,38.0,496.9144031278274,0.23540062674712334,0.5806451612903226,0.661093597803845,29.0475,0.0
