cell_mask_area,cell_mask_area_ratio,cell_mask_intensity,domain_area_mean,domain_area_std,domain_oop_mean,domain_oop_std,domain_slen_mean,myof_bending_mean,myof_bending_std,myof_length_max,myof_length_mean,myof_length_std,myof_straightness_mean,myof_straightness_std,n_domains,n_mbands,n_vectors,n_zbands,sarcomere_area,sarcomere_area_ratio,sarcomere_length_mean,sarcomere_length_std,sarcomere_oop,z_intensity_mean,z_intensity_std,z_lat_alignment_mean,z_lat_alignment_std,z_lat_dist_mean,z_lat_dist_std,z_lat_length_groups_mean,z_lat_neighbors_mean,z_lat_neighbors_std,z_length_max,z_length_mean,z_length_std,z_mask_area,z_mask_area_ratio,z_mask_intensity,z_oop,z_straightness_mean,z_straightness_std
1554.705,0.27639199999999997,676.3445830559496,65.7675,0.0,0.6375564932823181,0.0,1.5466445524624555,0.015396713821595225,0.0092368670188128,18.896207809448242,11.114028930664062,4.96820592880249,0.9559902369341686,0.030199572383541245,1.0,36.0,172.0,36.0,91.76254272460938,0.059022478685415804,1.5343929278495956,0.3076297313624491,0.6081523895263672,1422.9857370520053,359.35899657860386,0.671877187183233,0.5061351988413498,1.589303398766318,0.8041235643045381,1.4418231288332768,0.2777777777777778,0.5061351988413498,3.0,1.020833333333333,0.6678505113837643,21.06,0.01354597817592405,1358.6709401709402,0.1630900663636319,0.8416697094960157,0.09022301786764175
