cell_mask_area,cell_mask_area_ratio,cell_mask_intensity,domain_area_mean,domain_area_std,domain_oop_mean,domain_oop_std,domain_slen_mean,myof_bending_mean,myof_bending_std,myof_length_max,myof_length_mean,myof_length_std,myof_straightness_mean,myof_straightness_std,n_domains,n_mbands,n_vectors,n_zbands,sarcomere_area,sarcomere_area_ratio,sarcomere_length_mean,sarcomere_length_std,sarcomere_oop,z_intensity_mean,z_intensity_std,z_lat_alignment_mean,z_lat_alignment_std,z_lat_dist_mean,z_lat_dist_std,z_lat_length_groups_mean,z_lat_neighbors_mean,z_lat_neighbors_std,z_length_max,z_length_mean,z_length_std,z_mask_area,z_mask_area_ratio,z_mask_intensity,z_oop,z_straightness_mean,z_straightness_std
1165.9724999999999,0.16785325594050424,756.0645298238167,29.0475,0.0,0.8467409610748291,0.0,1.3354873421244653,0.03472277224957635,0.014252836602719985,9.60498046875,6.9124436378479,1.8345383405685425,0.9457305977639712,0.019443057462025955,1.0,38.0,94.0,31.0,74.70711517333984,0.06407279346068613,1.3402554180000112,0.2343536824065168,0.8173702359199524,1670.1431281305663,496.9144031278274,0.9121017934605563,0.661093597803845,1.9550497025915314,0.6247244675829215,1.652065787423808,0.5806451612903226,0.661093597803845,1.95,0.6048387096774194,0.35839130684789433,13.702499999999999,0.011751992435499122,1609.4121510673235,0.7004567617332493,0.8404167869247137,0.09068329655726536
