sarcomere_area,cell_mask_area_ratio,domain_area_std,domain_oop_mean,sarcomere_length_mean,z_mask_intensity,myof_straightness_std,z_mask_area,z_straightness_std,myof_length_mean,myof_bending_std,sarcomere_oop,n_domains,myof_straightness_mean,z_intensity_mean,myof_bending_mean,z_lat_dist_mean,z_lat_length_groups_mean,z_length_max,sarcomere_area_ratio,z_length_std,myof_length_max,domain_slen_mean,z_mask_area_ratio,z_lat_alignment_std,n_zbands,cell_mask_area,cell_mask_intensity,z_oop,z_lat_alignment_mean,z_length_mean,z_lat_dist_std,myof_length_std,n_vectors,z_straightness_mean,n_mbands,z_intensity_std,sarcomere_length_std,z_lat_neighbors_mean,z_lat_neighbors_std,domain_area_mean,domain_oop_std
37.10567092895508,0.23966863137942784,,,1.4353323449837556,869.7683923705722,0.02339101729625968,8.2575,0.0827218639529976,7.409371852874756,0.013170982028523922,0.8608716726303101,0.0,0.9645909205796083,912.6098310948311,0.017336542749706328,1.402987851861995,1.0632469629654988,1.95,0.028601622126221082,0.41424630354415964,9.119038581848145,,0.006365008064655996,0.48989794855663565,15.0,1297.3274999999999,593.8213808772265,0.797043602278195,0.8814790256301493,0.5700000000000001,0.3925876813243887,1.5837355852127075,55.0,0.9000018900947695,22.0,178.4874215465765,0.13231817632154655,0.4,0.48989794855663565,,
