sarcomere_area,cell_mask_area_ratio,domain_area_std,domain_oop_mean,sarcomere_length_mean,z_mask_intensity,myof_straightness_std,z_mask_area,z_straightness_std,myof_length_mean,myof_bending_std,sarcomere_oop,n_domains,myof_straightness_mean,z_intensity_mean,myof_bending_mean,z_lat_dist_mean,z_lat_length_groups_mean,z_length_max,sarcomere_area_ratio,z_length_std,myof_length_max,domain_slen_mean,z_mask_area_ratio,z_lat_alignment_std,n_zbands,cell_mask_area,cell_mask_intensity,z_oop,z_lat_alignment_mean,z_length_mean,z_lat_dist_std,myof_length_std,n_vectors,z_straightness_mean,n_mbands,z_intensity_std,sarcomere_length_std,z_lat_neighbors_mean,z_lat_neighbors_std,domain_area_mean,domain_oop_std
231.02777099609375,0.2165440129662483,22.00383688132595,0.8139041066169739,1.7383231481406913,973.5989963503649,0.03555752912839949,49.32,0.10271205163269712,15.043313980102539,0.01254194967412677,0.6741936206817627,3.0,0.9517534494874632,966.9382100434251,0.01727122007221564,1.6923627401664683,2.299653466993506,3.4499999999999997,0.25963792280475695,0.7906574757590694,39.913841247558594,1.7414958952112165,0.05542771891673199,0.6133408496167685,74.0,889.8075,596.1914430930285,0.39997879002361797,0.7223980274018239,1.1128378378378379,0.6464055800177327,8.005002975463867,407.0,0.8367768608198753,71.0,139.64766104438613,0.25604918541010185,0.5945945945945946,0.6133408496167685,60.330000000000005,0.1384846717119217
