cell_mask_area,cell_mask_area_ratio,cell_mask_intensity,domain_area_mean,domain_area_std,domain_oop_mean,domain_oop_std,domain_slen_mean,myof_bending_mean,myof_bending_std,myof_length_max,myof_length_mean,myof_length_std,myof_straightness_mean,myof_straightness_std,n_domains,n_mbands,n_vectors,n_zbands,sarcomere_area,sarcomere_area_ratio,sarcomere_length_mean,sarcomere_length_std,sarcomere_oop,z_intensity_mean,z_intensity_std,z_lat_alignment_mean,z_lat_alignment_std,z_lat_dist_mean,z_lat_dist_std,z_lat_length_groups_mean,z_lat_neighbors_mean,z_lat_neighbors_std,z_length_max,z_length_mean,z_length_std,z_mask_area,z_mask_area_ratio,z_mask_intensity,z_oop,z_straightness_mean,z_straightness_std
961.785,0.1599535997605149,631.0447059373977,34.8525,0.0,0.927135169506073,0.0,1.6371194460581913,0.014552623797686383,0.006142862761064473,18.916433334350586,13.289066314697266,4.120044231414795,0.9505470123632139,0.01576336127059527,1.0,26.0,63.0,18.0,51.77223205566406,0.05382931950037073,1.6463614330237957,0.21526704213610376,0.9339516162872314,1233.8341313141755,228.43982359974535,0.8679635914611203,0.41573970964154905,1.9543476787534684,0.1295189196639982,1.0224184598441834,0.2222222222222222,0.41573970964154905,1.7999999999999998,0.6916666666666667,0.47733344972065617,11.452499999999999,0.011907546904973565,1236.106090373281,0.8208885991392005,0.8661570246208232,0.07206094991948533
