cell_mask_area,cell_mask_area_ratio,cell_mask_intensity,domain_area_mean,domain_area_std,domain_oop_mean,domain_oop_std,domain_slen_mean,myof_bending_mean,myof_bending_std,myof_length_max,myof_length_mean,myof_length_std,myof_straightness_mean,myof_straightness_std,n_domains,n_mbands,n_vectors,n_zbands,sarcomere_area,sarcomere_area_ratio,sarcomere_length_mean,sarcomere_length_std,sarcomere_oop,z_intensity_mean,z_intensity_std,z_lat_alignment_mean,z_lat_alignment_std,z_lat_dist_mean,z_lat_dist_std,z_lat_length_groups_mean,z_lat_neighbors_mean,z_lat_neighbors_std,z_length_max,z_length_mean,z_length_std,z_mask_area,z_mask_area_ratio,z_mask_intensity,z_oop,z_straightness_mean,z_straightness_std
889.4699999999999,0.21646187879186102,596.2243751897197,60.80249999999999,21.487757851856017,0.812441885471344,0.13370609283447266,1.7467814769760048,0.01699484187019427,0.013813513684467048,32.752952575683594,14.696044921875,7.919553279876709,0.9501601646053379,0.02316998480620372,3.0,71.0,409.0,73.0,231.06298828125,0.2597760332346791,1.7472056485123069,0.2573989798667485,0.6738961935043335,967.8276014542279,140.37104062064887,0.7369945711960358,0.6135396075769505,1.814936686972191,0.7130952406813602,2.394678570850749,0.6027397260273972,0.6135396075769505,3.4499999999999997,1.1260273972602741,0.7933848756393241,49.364999999999995,0.05549934230496813,973.3969917958068,0.4037439346288077,0.8357765114506862,0.1031138475436177
