cell_mask_area,cell_mask_area_ratio,cell_mask_intensity,domain_area_mean,domain_area_std,domain_oop_mean,domain_oop_std,domain_slen_mean,myof_bending_mean,myof_bending_std,myof_length_max,myof_length_mean,myof_length_std,myof_straightness_mean,myof_straightness_std,n_domains,n_mbands,n_vectors,n_zbands,sarcomere_area,sarcomere_area_ratio,sarcomere_length_mean,sarcomere_length_std,sarcomere_oop,z_intensity_mean,z_intensity_std,z_lat_alignment_mean,z_lat_alignment_std,z_lat_dist_mean,z_lat_dist_std,z_lat_length_groups_mean,z_lat_neighbors_mean,z_lat_neighbors_std,z_length_max,z_length_mean,z_length_std,z_mask_area,z_mask_area_ratio,z_mask_intensity,z_oop,z_straightness_mean,z_straightness_std
480.48749999999995,0.09036170068718052,627.8814797471318,101.52,0.0,0.746260404586792,0.0,1.4617486774451791,0.036633596052422085,0.029774417326618507,18.47924041748047,11.627659797668457,4.480233669281006,0.9452990987117728,0.032372546218500914,1.0,59.0,205.0,50.0,117.58898162841797,0.24472849268382213,1.4617486774451791,0.30826005327611317,0.7462603449821472,1037.1946614666508,181.58879455998976,0.7066064667004264,0.6621178142898739,1.6425680310179958,0.6742154086965219,3.266948700269495,1.04,0.6621178142898739,1.7999999999999998,0.714,0.43738312724658224,24.3,0.05057363615078437,1050.8416666666667,0.6159575861360486,0.8488223878574714,0.0980042332198064
