cell_mask_area,cell_mask_area_ratio,cell_mask_intensity,domain_area_mean,domain_area_std,domain_oop_mean,domain_oop_std,domain_slen_mean,myof_bending_mean,myof_bending_std,myof_length_max,myof_length_mean,myof_length_std,myof_straightness_mean,myof_straightness_std,n_domains,n_mbands,n_vectors,n_zbands,sarcomere_area,sarcomere_area_ratio,sarcomere_length_mean,sarcomere_length_std,sarcomere_oop,z_intensity_mean,z_intensity_std,z_lat_alignment_mean,z_lat_alignment_std,z_lat_dist_mean,z_lat_dist_std,z_lat_length_groups_mean,z_lat_neighbors_mean,z_lat_neighbors_std,z_length_max,z_length_mean,z_length_std,z_mask_area,z_mask_area_ratio,z_mask_intensity,z_oop,z_straightness_mean,z_straightness_std
480.48749999999995,0.09036170068718052,627.8814797471318,101.78999999999999,0.0,0.7455963492393494,0.0,1.4598161774630778,0.041427255641743765,0.0490762042073756,26.02931785583496,13.166953086853027,5.672671794891357,0.9304722603625499,0.0423254383515102,1.0,59.0,204.0,50.0,117.58902740478516,0.24472858795449448,1.4598161774630778,0.3014069633978186,0.7455962896347046,1037.1946614666508,181.58879455998976,0.7066079409096532,0.6621178142898739,1.6425680310179958,0.6742154086965219,3.266948700269495,1.04,0.6621178142898739,1.7999999999999998,0.714,0.43738312724658224,24.3,0.05057363615078437,1050.8416666666667,0.6159575861360486,0.8488223878574714,0.0980042332198064
