sarcomere_area,cell_mask_area_ratio,domain_area_std,domain_oop_mean,sarcomere_length_mean,z_mask_intensity,myof_straightness_std,z_mask_area,z_straightness_std,myof_length_mean,myof_bending_std,sarcomere_oop,n_domains,myof_straightness_mean,z_intensity_mean,myof_bending_mean,z_lat_dist_mean,z_lat_length_groups_mean,z_length_max,sarcomere_area_ratio,z_length_std,myof_length_max,domain_slen_mean,z_mask_area_ratio,z_lat_alignment_std,n_zbands,cell_mask_area,cell_mask_intensity,z_oop,z_lat_alignment_mean,z_length_mean,z_lat_dist_std,myof_length_std,n_vectors,z_straightness_mean,n_mbands,z_intensity_std,sarcomere_length_std,z_lat_neighbors_mean,z_lat_neighbors_std,domain_area_mean,domain_oop_std
86.9982681274414,0.14261260751471252,0.0,0.879550039768219,1.4618648643253545,1463.2630385487528,0.03335709806340937,19.845,0.12230019160511528,9.777533531188965,0.024528809665608935,0.879550039768219,1.0,0.9364700327592759,1471.7585896792896,0.030306758180444593,1.820139114882033,4.744017372162502,3.0,0.19177609833116513,0.8536520132991839,16.91329574584961,1.4618648643253545,0.04374566015276262,0.4021346134376069,29.0,453.645,716.580993949013,0.6631677686428271,0.7708652947098256,1.1224137931034481,0.6376714298731374,2.421628952026367,164.0,0.7939020940986153,34.0,289.90635208723666,0.2113606082370629,1.103448275862069,0.4021346134376069,71.8425,0.0
