sarcomere_area,cell_mask_area_ratio,domain_area_std,domain_oop_mean,sarcomere_length_mean,z_mask_intensity,myof_straightness_std,z_mask_area,z_straightness_std,myof_length_mean,myof_bending_std,sarcomere_oop,n_domains,myof_straightness_mean,z_intensity_mean,myof_bending_mean,z_lat_dist_mean,z_lat_length_groups_mean,z_length_max,sarcomere_area_ratio,z_length_std,myof_length_max,domain_slen_mean,z_mask_area_ratio,z_lat_alignment_std,n_zbands,cell_mask_area,cell_mask_intensity,z_oop,z_lat_alignment_mean,z_length_mean,z_lat_dist_std,myof_length_std,n_vectors,z_straightness_mean,n_mbands,z_intensity_std,sarcomere_length_std,z_lat_neighbors_mean,z_lat_neighbors_std,domain_area_mean,domain_oop_std
284.7205810546875,0.25933317027615954,25.2398412732727,0.7524531483650208,1.5603074932286203,1046.7573333333332,0.02848600583173365,59.0625,0.0933766869309794,12.119903564453125,0.017003839412113555,0.7861160039901733,3.0,0.9601579251348553,1037.3367613986268,0.019966977525361144,1.9281403478747616,2.773881505372818,3.75,0.27124189327320863,0.794751829764567,24.69255256652832,1.5809668171965443,0.05626647803999743,0.6433981806288896,95.0,1049.6924999999999,645.6236683600197,0.6119352531041071,0.8509300685497452,1.0910526315789473,0.6518603053729551,4.700834274291992,513.0,0.8494187499520939,100.0,266.3785190432645,0.2387806103916075,0.7157894736842105,0.6433981806288896,78.55499999999999,0.17022548615932465
