cell_mask_area,cell_mask_area_ratio,cell_mask_intensity,domain_area_mean,domain_area_std,domain_oop_mean,domain_oop_std,domain_slen_mean,myof_bending_mean,myof_bending_std,myof_length_max,myof_length_mean,myof_length_std,myof_straightness_mean,myof_straightness_std,n_domains,n_mbands,n_vectors,n_zbands,sarcomere_area,sarcomere_area_ratio,sarcomere_length_mean,sarcomere_length_std,sarcomere_oop,z_intensity_mean,z_intensity_std,z_lat_alignment_mean,z_lat_alignment_std,z_lat_dist_mean,z_lat_dist_std,z_lat_length_groups_mean,z_lat_neighbors_mean,z_lat_neighbors_std,z_length_max,z_length_mean,z_length_std,z_mask_area,z_mask_area_ratio,z_mask_intensity,z_oop,z_straightness_mean,z_straightness_std
889.8075,0.2165440129662483,596.1914430930285,60.330000000000005,22.00383688132595,0.8139041066169739,0.1384846717119217,1.7414958952112165,0.01727122007221564,0.01254194967412677,39.913841247558594,15.043313980102539,8.005002975463867,0.9517534494874632,0.03555752912839949,3.0,71.0,407.0,74.0,231.02777099609375,0.25963792280475695,1.7383231481406913,0.25604918541010185,0.6741936206817627,966.9382100434251,139.64766104438613,0.7223980274018239,0.6133408496167685,1.6923627401664683,0.6464055800177327,2.299653466993506,0.5945945945945946,0.6133408496167685,3.4499999999999997,1.1128378378378379,0.7906574757590694,49.32,0.05542771891673199,973.5989963503649,0.39997879002361797,0.8367768608198753,0.10271205163269712
