sarcomere_area,cell_mask_area_ratio,domain_area_std,domain_oop_mean,sarcomere_length_mean,z_mask_intensity,myof_straightness_std,z_mask_area,z_straightness_std,myof_length_mean,myof_bending_std,sarcomere_oop,n_domains,myof_straightness_mean,z_intensity_mean,myof_bending_mean,z_lat_dist_mean,z_lat_length_groups_mean,z_length_max,sarcomere_area_ratio,z_length_std,myof_length_max,domain_slen_mean,z_mask_area_ratio,z_lat_alignment_std,n_zbands,cell_mask_area,cell_mask_intensity,z_oop,z_lat_alignment_mean,z_length_mean,z_lat_dist_std,myof_length_std,n_vectors,z_straightness_mean,n_mbands,z_intensity_std,sarcomere_length_std,z_lat_neighbors_mean,z_lat_neighbors_std,domain_area_mean,domain_oop_std
117.58902740478516,0.09036170068718052,0.0,0.7455963492393494,1.4598161774630778,1050.8416666666667,0.0423254383515102,24.3,0.0980042332198064,13.166953086853027,0.0490762042073756,0.7455962896347046,1.0,0.9304722603625499,1037.1946614666508,0.041427255641743765,1.6425680310179958,3.266948700269495,1.7999999999999998,0.24472858795449448,0.43738312724658224,26.02931785583496,1.4598161774630778,0.05057363615078437,0.6621178142898739,50.0,480.48749999999995,627.8814797471318,0.6159575861360486,0.7066079409096532,0.714,0.6742154086965219,5.672671794891357,204.0,0.8488223878574714,59.0,181.58879455998976,0.3014069633978186,1.04,0.6621178142898739,101.78999999999999,0.0
