cell_mask_area,cell_mask_area_ratio,cell_mask_intensity,domain_area_mean,domain_area_std,domain_oop_mean,domain_oop_std,domain_slen_mean,myof_bending_mean,myof_bending_std,myof_length_max,myof_length_mean,myof_length_std,myof_straightness_mean,myof_straightness_std,n_domains,n_mbands,n_vectors,n_zbands,sarcomere_area,sarcomere_area_ratio,sarcomere_length_mean,sarcomere_length_std,sarcomere_oop,z_intensity_mean,z_intensity_std,z_lat_alignment_mean,z_lat_alignment_std,z_lat_dist_mean,z_lat_dist_std,z_lat_length_groups_mean,z_lat_neighbors_mean,z_lat_neighbors_std,z_length_max,z_length_mean,z_length_std,z_mask_area,z_mask_area_ratio,z_mask_intensity,z_oop,z_straightness_mean,z_straightness_std
921.2175,0.15999359134675503,595.0849717900496,29.576249999999998,8.62875,0.9342037439346313,0.0209825336933136,1.5390215000215082,0.02209643153500131,0.010342095234469842,18.52006721496582,10.437446594238281,4.457512855529785,0.9713132639263483,0.013329283806852107,2.0,47.0,133.0,37.0,100.60588836669922,0.10920970169009948,1.5269450159656037,0.27804156957890985,0.9370086789131165,1192.5010117601564,255.95146687783722,0.8047816072284938,0.5945945945945946,1.4605723755063162,0.6308552416425113,1.225330310484501,0.43243243243243246,0.5945945945945946,1.5,0.6445945945945946,0.31746116676408476,23.985,0.026036196663654348,1131.8808630393996,0.7854326609546389,0.872511266760877,0.06362058606381235
