cell_mask_area,cell_mask_area_ratio,cell_mask_intensity,domain_area_mean,domain_area_std,domain_oop_mean,domain_oop_std,domain_slen_mean,myof_bending_mean,myof_bending_std,myof_length_max,myof_length_mean,myof_length_std,myof_straightness_mean,myof_straightness_std,n_domains,n_mbands,n_vectors,n_zbands,sarcomere_area,sarcomere_area_ratio,sarcomere_length_mean,sarcomere_length_std,sarcomere_oop,z_intensity_mean,z_intensity_std,z_lat_alignment_mean,z_lat_alignment_std,z_lat_dist_mean,z_lat_dist_std,z_lat_length_groups_mean,z_lat_neighbors_mean,z_lat_neighbors_std,z_length_max,z_length_mean,z_length_std,z_mask_area,z_mask_area_ratio,z_mask_intensity,z_oop,z_straightness_mean,z_straightness_std
960.93,0.1598114054782218,631.1401610939403,34.199999999999996,0.0,0.927375853061676,0.0,1.6223192186564375,0.017364469047814798,0.009842991113696006,18.8159236907959,17.232402801513672,1.922093152999878,0.9594608889379131,0.022462216411227413,1.0,26.0,63.0,18.0,51.79792022705078,0.05390394745408176,1.6353400069977142,0.21895250058634483,0.9341605305671692,1233.8341313141755,228.43982359974535,0.8698373212769897,0.41573970964154905,1.9543476787534684,0.1295189196639982,1.0224184598441834,0.2222222222222222,0.41573970964154905,1.7999999999999998,0.6916666666666667,0.47733344972065617,11.452499999999999,0.011918141800131123,1236.106090373281,0.8208885991392005,0.8661570246208232,0.07206094991948533
