cell_mask_area,cell_mask_area_ratio,cell_mask_intensity,domain_area_mean,domain_area_std,domain_oop_mean,domain_oop_std,domain_slen_mean,myof_bending_mean,myof_bending_std,myof_length_max,myof_length_mean,myof_length_std,myof_straightness_mean,myof_straightness_std,n_domains,n_mbands,n_vectors,n_zbands,sarcomere_area,sarcomere_area_ratio,sarcomere_length_mean,sarcomere_length_std,sarcomere_oop,z_intensity_mean,z_intensity_std,z_lat_alignment_mean,z_lat_alignment_std,z_lat_dist_mean,z_lat_dist_std,z_lat_length_groups_mean,z_lat_neighbors_mean,z_lat_neighbors_std,z_length_max,z_length_mean,z_length_std,z_mask_area,z_mask_area_ratio,z_mask_intensity,z_oop,z_straightness_mean,z_straightness_std
1234.1924999999999,0.26957837986602906,623.892549176891,54.989999999999995,0.0,0.9323194026947021,0.0,1.5226591906120521,0.02556898911040026,0.015060613010779237,17.04903793334961,11.973917961120605,2.426495313644409,0.9583621412818518,0.018114085798106274,1.0,23.0,157.0,26.0,62.029476165771484,0.05025915824781911,1.5288710199330389,0.2200801193827839,0.9272105097770691,1120.5129964555708,236.154232085071,0.8819240502298861,0.4865042554105199,0.9518239660036732,0.3040865629077335,2.12303287377941,0.6153846153846154,0.4865042554105199,3.75,1.176923076923077,0.9073663039078845,15.705,0.012724919329845224,1072.8137535816618,0.8544661733143862,0.855540626051938,0.09994313032569194
