cell_mask_area,cell_mask_area_ratio,cell_mask_intensity,domain_area_mean,domain_area_std,domain_oop_mean,domain_oop_std,domain_slen_mean,myof_bending_mean,myof_bending_std,myof_length_max,myof_length_mean,myof_length_std,myof_straightness_mean,myof_straightness_std,n_domains,n_mbands,n_vectors,n_zbands,sarcomere_area,sarcomere_area_ratio,sarcomere_length_mean,sarcomere_length_std,sarcomere_oop,z_intensity_mean,z_intensity_std,z_lat_alignment_mean,z_lat_alignment_std,z_lat_dist_mean,z_lat_dist_std,z_lat_length_groups_mean,z_lat_neighbors_mean,z_lat_neighbors_std,z_length_max,z_length_mean,z_length_std,z_mask_area,z_mask_area_ratio,z_mask_intensity,z_oop,z_straightness_mean,z_straightness_std
630.63,0.22708711433756806,768.1761096046811,,,,,,0.03758389562672526,0.0,5.445776462554932,5.44577693939209,4.76837158203125e-07,0.9357907253269915,0.0,0.0,18.0,42.0,21.0,30.794193267822266,0.04883084101267346,1.499158622881053,0.2353384119457475,0.7239497900009155,1749.088847063743,645.0765104265674,0.8742024430449444,0.392676726249301,1.4963183371466229,0.2593866494613235,0.7496124565417498,0.19047619047619047,0.392676726249301,1.7999999999999998,0.5357142857142858,0.3916214331963657,7.717499999999999,0.012237762237762236,1800.6413994169095,0.5194862883791193,0.8971644174862419,0.08927678750453667
