cell_mask_area,cell_mask_area_ratio,cell_mask_intensity,domain_area_mean,domain_area_std,domain_oop_mean,domain_oop_std,domain_slen_mean,myof_bending_mean,myof_bending_std,myof_length_max,myof_length_mean,myof_length_std,myof_straightness_mean,myof_straightness_std,n_domains,n_mbands,n_vectors,n_zbands,sarcomere_area,sarcomere_area_ratio,sarcomere_length_mean,sarcomere_length_std,sarcomere_oop,z_intensity_mean,z_intensity_std,z_lat_alignment_mean,z_lat_alignment_std,z_lat_dist_mean,z_lat_dist_std,z_lat_length_groups_mean,z_lat_neighbors_mean,z_lat_neighbors_std,z_length_max,z_length_mean,z_length_std,z_mask_area,z_mask_area_ratio,z_mask_intensity,z_oop,z_straightness_mean,z_straightness_std
754.92,0.18812236476181932,593.3284155937052,101.99249999999999,0.0,0.869200587272644,0.0,1.5486486055834978,0.019099340302999056,0.02130895469875297,29.0721378326416,15.75399398803711,8.281929016113281,0.9669916360761155,0.015676081444883017,1.0,43.0,247.0,38.0,118.08860778808594,0.15642532690627609,1.5486486055834978,0.20621995862033005,0.869200587272644,1052.1770700031498,221.3002092584104,0.7730287372721601,0.49930699897395464,2.1484393220802307,0.3598033898387219,2.320871186457225,0.5263157894736842,0.49930699897395464,3.3,1.1447368421052628,0.8749277769955921,24.9975,0.03311278016213638,1065.179117911791,0.6549481892985044,0.8102552779794796,0.09059516546934529
