cell_mask_area,cell_mask_area_ratio,cell_mask_intensity,domain_area_mean,domain_area_std,domain_oop_mean,domain_oop_std,domain_slen_mean,myof_bending_mean,myof_bending_std,myof_length_max,myof_length_mean,myof_length_std,myof_straightness_mean,myof_straightness_std,n_domains,n_mbands,n_vectors,n_zbands,sarcomere_area,sarcomere_area_ratio,sarcomere_length_mean,sarcomere_length_std,sarcomere_oop,z_intensity_mean,z_intensity_std,z_lat_alignment_mean,z_lat_alignment_std,z_lat_dist_mean,z_lat_dist_std,z_lat_length_groups_mean,z_lat_neighbors_mean,z_lat_neighbors_std,z_length_max,z_length_mean,z_length_std,z_mask_area,z_mask_area_ratio,z_mask_intensity,z_oop,z_straightness_mean,z_straightness_std
780.8399999999999,0.24416052231665444,597.104051406178,112.41,0.0,0.7742997407913208,0.0,1.4747134932043195,0.025931364434415793,0.024767083877970525,17.408842086791992,10.937666893005371,3.3895528316497803,0.9395870877190121,0.03398761382761126,1.0,47.0,321.0,47.0,152.27560424804688,0.19501511737109636,1.474152324079587,0.180249143524073,0.71698397397995,812.4014450102623,140.54871662210311,0.8850926318059281,0.7290145403834816,1.542873419523304,0.5880404844298283,4.4403896551547515,1.0212765957446808,0.7290145403834816,6.3,1.3851063829787233,1.3288098535834743,31.77,0.040686952512678655,834.9865439093485,0.6374065033434969,0.8012322094981804,0.13634502767088091
