sarcomere_area,cell_mask_area_ratio,domain_area_std,domain_oop_mean,sarcomere_length_mean,z_mask_intensity,myof_straightness_std,z_mask_area,z_straightness_std,myof_length_mean,myof_bending_std,sarcomere_oop,n_domains,myof_straightness_mean,z_intensity_mean,myof_bending_mean,z_lat_dist_mean,z_lat_length_groups_mean,z_length_max,sarcomere_area_ratio,z_length_std,myof_length_max,domain_slen_mean,z_mask_area_ratio,z_lat_alignment_std,n_zbands,cell_mask_area,cell_mask_intensity,z_oop,z_lat_alignment_mean,z_length_mean,z_lat_dist_std,myof_length_std,n_vectors,z_straightness_mean,n_mbands,z_intensity_std,sarcomere_length_std,z_lat_neighbors_mean,z_lat_neighbors_std,domain_area_mean,domain_oop_std
118.0697021484375,0.1882288956669956,0.0,0.8709098100662231,1.5604575108027077,1065.5338142470694,0.019541409071572785,24.9525,0.08623276482209959,14.874445915222168,0.022019906791648735,0.8709098696708679,1.0,0.9644097870657857,1057.90714618681,0.018104324320652645,2.105218387847253,2.219534481808045,3.3,0.15631176663514146,0.8754316476795592,26.069679260253906,1.5604575108027077,0.03303446426975664,0.49981735159207913,37.0,755.3475,593.2829823359447,0.6683794336764932,0.7843627011345146,1.1675675675675672,0.32102264635039623,7.8010077476501465,246.0,0.8057061928283459,43.0,221.527734822738,0.20620768749568552,0.4864864864864865,0.49981735159207913,101.61,0.0
