cell_mask_area,cell_mask_area_ratio,cell_mask_intensity,domain_area_mean,domain_area_std,domain_oop_mean,domain_oop_std,domain_slen_mean,myof_bending_mean,myof_bending_std,myof_length_max,myof_length_mean,myof_length_std,myof_straightness_mean,myof_straightness_std,n_domains,n_mbands,n_vectors,n_zbands,sarcomere_area,sarcomere_area_ratio,sarcomere_length_mean,sarcomere_length_std,sarcomere_oop,z_intensity_mean,z_intensity_std,z_lat_alignment_mean,z_lat_alignment_std,z_lat_dist_mean,z_lat_dist_std,z_lat_length_groups_mean,z_lat_neighbors_mean,z_lat_neighbors_std,z_length_max,z_length_mean,z_length_std,z_mask_area,z_mask_area_ratio,z_mask_intensity,z_oop,z_straightness_mean,z_straightness_std
684.225,0.12779029113158072,682.7948372245971,229.52249999999998,0.0,0.9312334060668945,0.0,1.6604565124490283,0.011346889368145442,0.004510269193062447,40.897090911865234,32.8753662109375,7.327141284942627,0.9472016278279367,0.025017132095945766,1.0,39.0,642.0,43.0,244.5006103515625,0.35733948679390914,1.6604565124490283,0.17708037192926754,0.9312334060668945,1458.9173053511695,243.3034610845898,0.8039508976252379,0.4922328020585285,1.2644348292885534,0.3170909455427373,5.876010906520105,0.8837209302325582,0.4922328020585285,8.25,2.720930232558139,2.3060646171320345,48.555,0.0709634988490628,1453.308155699722,0.9067169360984387,0.7439435846203774,0.1419106850322556
