sarcomere_area,cell_mask_area_ratio,domain_area_std,domain_oop_mean,sarcomere_length_mean,z_mask_intensity,myof_straightness_std,z_mask_area,z_straightness_std,myof_length_mean,myof_bending_std,sarcomere_oop,n_domains,myof_straightness_mean,z_intensity_mean,myof_bending_mean,z_lat_dist_mean,z_lat_length_groups_mean,z_length_max,sarcomere_area_ratio,z_length_std,myof_length_max,domain_slen_mean,z_mask_area_ratio,z_lat_alignment_std,n_zbands,cell_mask_area,cell_mask_intensity,z_oop,z_lat_alignment_mean,z_length_mean,z_lat_dist_std,myof_length_std,n_vectors,z_straightness_mean,n_mbands,z_intensity_std,sarcomere_length_std,z_lat_neighbors_mean,z_lat_neighbors_std,domain_area_mean,domain_oop_std
552.36083984375,0.20965641193221607,71.16582317025498,0.8382224440574646,1.48373445232229,1441.4869481765834,0.030763729993353417,117.225,0.13884368756902357,13.15398120880127,0.016925853859015967,0.35737916827201843,3.0,0.9535963101052898,1385.743992671448,0.02030459776347427,1.5934379911899574,5.461571579748311,7.5,0.27331437703568456,1.4973643511183243,35.16285705566406,1.4773707269097571,0.05800425290299596,0.6923069325731824,150.0,2020.9724999999999,705.0252836196435,0.34573624268150027,0.7793002492466619,1.84,0.7041487755457948,5.692133903503418,1384.0,0.7691243419777627,136.0,332.4896489807826,0.25479795073817013,1.0266666666666666,0.6923069325731824,162.0975,0.060749899595975876
