sarcomere_area,cell_mask_area_ratio,domain_area_std,domain_oop_mean,sarcomere_length_mean,z_mask_intensity,myof_straightness_std,z_mask_area,z_straightness_std,myof_length_mean,myof_bending_std,sarcomere_oop,n_domains,myof_straightness_mean,z_intensity_mean,myof_bending_mean,z_lat_dist_mean,z_lat_length_groups_mean,z_length_max,sarcomere_area_ratio,z_length_std,myof_length_max,domain_slen_mean,z_mask_area_ratio,z_lat_alignment_std,n_zbands,cell_mask_area,cell_mask_intensity,z_oop,z_lat_alignment_mean,z_length_mean,z_lat_dist_std,myof_length_std,n_vectors,z_straightness_mean,n_mbands,z_intensity_std,sarcomere_length_std,z_lat_neighbors_mean,z_lat_neighbors_std,domain_area_mean,domain_oop_std
225.67922973632812,0.15601024697845509,28.40625,0.9448782205581665,1.5587780682433008,1349.9630506868782,0.014109037273715378,47.497499999999995,0.08921163322664522,17.98965835571289,0.009379576384485498,0.9318140745162964,2.0,0.9754318479086024,1353.380586641325,0.011659795177280208,1.9123977698467673,3.997013154462153,2.55,0.21115296173384804,0.5779094132654601,30.03032112121582,1.5662395050680584,0.044440234095406504,0.5063696835418333,78.0,1068.795,674.8812050018946,0.7949615867459549,0.843181250297165,1.0423076923076924,0.6056180573790475,5.467382431030273,483.0,0.8295560658648521,76.0,298.4851745569013,0.16721771330427612,1.0,0.5063696835418333,95.97375,0.030025362968444824
