cell_mask_area,cell_mask_area_ratio,cell_mask_intensity,domain_area_mean,domain_area_std,domain_oop_mean,domain_oop_std,domain_slen_mean,myof_bending_mean,myof_bending_std,myof_length_max,myof_length_mean,myof_length_std,myof_straightness_mean,myof_straightness_std,n_domains,n_mbands,n_vectors,n_zbands,sarcomere_area,sarcomere_area_ratio,sarcomere_length_mean,sarcomere_length_std,sarcomere_oop,z_intensity_mean,z_intensity_std,z_lat_alignment_mean,z_lat_alignment_std,z_lat_dist_mean,z_lat_dist_std,z_lat_length_groups_mean,z_lat_neighbors_mean,z_lat_neighbors_std,z_length_max,z_length_mean,z_length_std,z_mask_area,z_mask_area_ratio,z_mask_intensity,z_oop,z_straightness_mean,z_straightness_std
1132.2224999999999,0.224920439104627,635.4645972854275,68.75999999999999,0.0,0.5244899988174438,0.0,1.4030994474803444,0.037579269285553885,0.023175666602631838,21.633590698242188,13.50601863861084,4.673194885253906,0.9074488557486659,0.0592822372466938,1.0,42.0,218.0,42.0,102.30026245117188,0.09035349717142337,1.403858362625854,0.2898347205549944,0.4182429313659668,1215.6159520483704,337.0282642806362,0.6993456186308756,0.5890150893739514,1.4675479670076674,0.6766113836846523,2.4819710927820378,0.7142857142857143,0.5890150893739514,3.15,1.0714285714285714,0.9027169873131188,23.1525,0.020448719222590967,1203.1584062196307,0.3082303230863268,0.8090407323739337,0.12678193507454186
