cell_mask_area,cell_mask_area_ratio,cell_mask_intensity,domain_area_mean,domain_area_std,domain_oop_mean,domain_oop_std,domain_slen_mean,myof_bending_mean,myof_bending_std,myof_length_max,myof_length_mean,myof_length_std,myof_straightness_mean,myof_straightness_std,n_domains,n_mbands,n_vectors,n_zbands,sarcomere_area,sarcomere_area_ratio,sarcomere_length_mean,sarcomere_length_std,sarcomere_oop,z_intensity_mean,z_intensity_std,z_lat_alignment_mean,z_lat_alignment_std,z_lat_dist_mean,z_lat_dist_std,z_lat_length_groups_mean,z_lat_neighbors_mean,z_lat_neighbors_std,z_length_max,z_length_mean,z_length_std,z_mask_area,z_mask_area_ratio,z_mask_intensity,z_oop,z_straightness_mean,z_straightness_std
1131.6599999999999,0.224808696274047,635.5126451407666,70.155,0.0,0.5181998610496521,0.0,1.4050774172793972,0.02788785025284139,0.01430271968476532,19.304956436157227,14.088982582092285,3.587979316711426,0.8960811603031904,0.056381115145229345,1.0,42.0,221.0,42.0,102.38484954833984,0.09047315408191493,1.4001453144012352,0.2933354885168445,0.42533597350120544,1215.6430740082658,337.05432141426803,0.6990578649682512,0.5890150893739514,1.4675479670076674,0.6766113836846523,2.50419331500426,0.7142857142857143,0.5890150893739514,3.15,1.0857142857142856,0.8951114398754595,23.1525,0.02045888341021155,1202.9912536443148,0.30660166279987405,0.8087856303331173,0.12665008878613365
