cell_mask_area,cell_mask_area_ratio,cell_mask_intensity,domain_area_mean,domain_area_std,domain_oop_mean,domain_oop_std,domain_slen_mean,myof_bending_mean,myof_bending_std,myof_length_max,myof_length_mean,myof_length_std,myof_straightness_mean,myof_straightness_std,n_domains,n_mbands,n_vectors,n_zbands,sarcomere_area,sarcomere_area_ratio,sarcomere_length_mean,sarcomere_length_std,sarcomere_oop,z_intensity_mean,z_intensity_std,z_lat_alignment_mean,z_lat_alignment_std,z_lat_dist_mean,z_lat_dist_std,z_lat_length_groups_mean,z_lat_neighbors_mean,z_lat_neighbors_std,z_length_max,z_length_mean,z_length_std,z_mask_area,z_mask_area_ratio,z_mask_intensity,z_oop,z_straightness_mean,z_straightness_std
467.46,0.1467231638418079,686.5854351174432,52.199999999999996,0.0,0.7773311734199524,0.0,1.4681563495654688,0.0448677975122633,0.043021926085218244,7.286527633666992,6.670546054840088,0.704217255115509,0.9513669475385065,0.02859387956647687,1.0,23.0,107.0,27.0,62.74562072753906,0.1342267161415716,1.4681563495654688,0.23622299805489397,0.7773311138153076,1332.7374097238342,346.19124391864665,0.7161969944054893,0.6928995160692484,1.6253400458988652,0.5868058995689321,3.215750818660317,1.037037037037037,0.6928995160692484,2.55,0.7055555555555556,0.5335647646019097,11.43,0.02445128994994224,1366.9409448818897,0.7470187627423759,0.855015068703064,0.09828341794311699
