cell_mask_area,cell_mask_area_ratio,cell_mask_intensity,domain_area_mean,domain_area_std,domain_oop_mean,domain_oop_std,domain_slen_mean,myof_bending_mean,myof_bending_std,myof_length_max,myof_length_mean,myof_length_std,myof_straightness_mean,myof_straightness_std,n_domains,n_mbands,n_vectors,n_zbands,sarcomere_area,sarcomere_area_ratio,sarcomere_length_mean,sarcomere_length_std,sarcomere_oop,z_intensity_mean,z_intensity_std,z_lat_alignment_mean,z_lat_alignment_std,z_lat_dist_mean,z_lat_dist_std,z_lat_length_groups_mean,z_lat_neighbors_mean,z_lat_neighbors_std,z_length_max,z_length_mean,z_length_std,z_mask_area,z_mask_area_ratio,z_mask_intensity,z_oop,z_straightness_mean,z_straightness_std
476.23499999999996,0.16697037825898314,768.6148067655674,20.4525,0.0,0.9668496251106262,0.0,1.6230099589963154,0.007379893902690151,0.0042876097249983135,10.37283706665039,8.200738906860352,2.132490873336792,0.9666932359386785,0.022784991256110523,1.0,12.0,42.0,10.0,27.042306900024414,0.05678353522950732,1.6144240535629066,0.20166395468316933,0.9179340600967407,1512.2574956882459,369.56789303755636,0.8701011056770163,0.6000000000000001,2.0337256702126876,0.5234117865676655,2.680817113475125,0.8,0.6000000000000001,1.65,0.7949999999999999,0.37976966703516485,5.3325,0.011197203061513748,1501.6877637130801,0.931324602785023,0.86896210222526,0.08113046752708708
