cell_mask_area,cell_mask_area_ratio,cell_mask_intensity,domain_area_mean,domain_area_std,domain_oop_mean,domain_oop_std,domain_slen_mean,myof_bending_mean,myof_bending_std,myof_length_max,myof_length_mean,myof_length_std,myof_straightness_mean,myof_straightness_std,n_domains,n_mbands,n_vectors,n_zbands,sarcomere_area,sarcomere_area_ratio,sarcomere_length_mean,sarcomere_length_std,sarcomere_oop,z_intensity_mean,z_intensity_std,z_lat_alignment_mean,z_lat_alignment_std,z_lat_dist_mean,z_lat_dist_std,z_lat_length_groups_mean,z_lat_neighbors_mean,z_lat_neighbors_std,z_length_max,z_length_mean,z_length_std,z_mask_area,z_mask_area_ratio,z_mask_intensity,z_oop,z_straightness_mean,z_straightness_std
912.1949999999999,0.24857142857142855,668.2509989640373,34.41375,0.28125,0.6692780256271362,0.16637757420539856,1.337760993605921,0.04023450211710406,0.033606651128289006,12.284347534179688,8.616793632507324,2.2957301139831543,0.9566602255599457,0.024183490195255626,2.0,40.0,176.0,33.0,80.670166015625,0.088435220556597,1.3306483201873858,0.30495044211019134,0.6746401786804199,1560.4261426100456,295.33059703007996,0.6691382733762512,0.6639061303092922,2.0967081753882817,0.6190232849093327,2.783833243079018,0.7272727272727273,0.6639061303092922,3.4499999999999997,1.009090909090909,0.830065216993707,19.732499999999998,0.021631887918701593,1507.6031927023946,0.43132806072991725,0.8118886265006348,0.1238719098912652
