cell_mask_area,cell_mask_area_ratio,cell_mask_intensity,domain_area_mean,domain_area_std,domain_oop_mean,domain_oop_std,domain_slen_mean,myof_bending_mean,myof_bending_std,myof_length_max,myof_length_mean,myof_length_std,myof_straightness_mean,myof_straightness_std,n_domains,n_mbands,n_vectors,n_zbands,sarcomere_area,sarcomere_area_ratio,sarcomere_length_mean,sarcomere_length_std,sarcomere_oop,z_intensity_mean,z_intensity_std,z_lat_alignment_mean,z_lat_alignment_std,z_lat_dist_mean,z_lat_dist_std,z_lat_length_groups_mean,z_lat_neighbors_mean,z_lat_neighbors_std,z_length_max,z_length_mean,z_length_std,z_mask_area,z_mask_area_ratio,z_mask_intensity,z_oop,z_straightness_mean,z_straightness_std
2264.67,0.30614156751101057,670.2136966975321,117.43312499999999,103.40281474914924,0.8296024799346924,0.10934286564588547,1.478261406334167,0.02257748067361755,0.020824141134834915,43.46280288696289,14.48636531829834,7.168577671051025,0.9427491034488724,0.048486411694387256,4.0,191.0,1396.0,203.0,542.8507690429688,0.2397041374871256,1.4464225127160653,0.22758183985955063,0.6417805552482605,1244.5081501610223,345.947730167637,0.7782110562982785,0.70037412479248,1.7448532888172241,0.6803129501789117,3.7879214169091084,0.916256157635468,0.70037412479248,6.75,1.2532019704433497,1.1822484604608827,115.695,0.05108691332512021,1294.9008168028004,0.5615423459372324,0.8334729792348589,0.116879712048167
