cell_mask_area,cell_mask_area_ratio,cell_mask_intensity,domain_area_mean,domain_area_std,domain_oop_mean,domain_oop_std,domain_slen_mean,myof_bending_mean,myof_bending_std,myof_length_max,myof_length_mean,myof_length_std,myof_straightness_mean,myof_straightness_std,n_domains,n_mbands,n_vectors,n_zbands,sarcomere_area,sarcomere_area_ratio,sarcomere_length_mean,sarcomere_length_std,sarcomere_oop,z_intensity_mean,z_intensity_std,z_lat_alignment_mean,z_lat_alignment_std,z_lat_dist_mean,z_lat_dist_std,z_lat_length_groups_mean,z_lat_neighbors_mean,z_lat_neighbors_std,z_length_max,z_length_mean,z_length_std,z_mask_area,z_mask_area_ratio,z_mask_intensity,z_oop,z_straightness_mean,z_straightness_std
1068.795,0.15601024697845509,674.8786787924719,95.99625,27.911250000000003,0.9448535442352295,0.03000086545944214,1.5724844332585488,0.014544892275621234,0.012687853572955357,28.45684814453125,15.987835884094238,6.347389221191406,0.9721170263908204,0.0153656149243911,2.0,76.0,482.0,79.0,225.76832580566406,0.21123632296713968,1.5623290122824594,0.16712324111005067,0.9317594766616821,1353.149186810422,296.59705234423615,0.8532491597545979,0.4902510564819516,1.9105150796381718,0.5986598942109668,3.9027522026472186,0.9873417721518988,0.4902510564819516,2.55,1.0329113924050632,0.5802054457149654,47.519999999999996,0.04446128584059618,1349.9460227272727,0.7865401814059008,0.8305628360322708,0.08909002183191453
