cell_mask_area,cell_mask_area_ratio,cell_mask_intensity,domain_area_mean,domain_area_std,domain_oop_mean,domain_oop_std,domain_slen_mean,myof_bending_mean,myof_bending_std,myof_length_max,myof_length_mean,myof_length_std,myof_straightness_mean,myof_straightness_std,n_domains,n_mbands,n_vectors,n_zbands,sarcomere_area,sarcomere_area_ratio,sarcomere_length_mean,sarcomere_length_std,sarcomere_oop,z_intensity_mean,z_intensity_std,z_lat_alignment_mean,z_lat_alignment_std,z_lat_dist_mean,z_lat_dist_std,z_lat_length_groups_mean,z_lat_neighbors_mean,z_lat_neighbors_std,z_length_max,z_length_mean,z_length_std,z_mask_area,z_mask_area_ratio,z_mask_intensity,z_oop,z_straightness_mean,z_straightness_std
732.4425,0.26272971598750633,604.5499953921297,32.0175,0.0,0.6407704949378967,0.0,1.456880745383954,0.016403864914910072,0.022199886999443908,9.569109916687012,7.061986446380615,1.0632342100143433,0.962993917039412,0.02310461130909354,1.0,35.0,123.0,43.0,80.04239654541016,0.1092814747170053,1.4942439498677749,0.2070455456617969,0.5086948871612549,1112.7032891955107,190.68316997507827,0.7190493590603019,0.5827890272624031,1.6149502482354208,0.6595913096185799,1.8154646122201625,0.5581395348837209,0.5827890272624031,2.25,0.8581395348837207,0.5578124041328185,20.9025,0.028538076367769484,1101.4693218514533,0.5277046902678485,0.8442263477301108,0.10767710633330428
