sarcomere_area,cell_mask_area_ratio,domain_area_std,domain_oop_mean,sarcomere_length_mean,z_mask_intensity,myof_straightness_std,z_mask_area,z_straightness_std,myof_length_mean,myof_bending_std,sarcomere_oop,n_domains,myof_straightness_mean,z_intensity_mean,myof_bending_mean,z_lat_dist_mean,z_lat_length_groups_mean,z_length_max,sarcomere_area_ratio,z_length_std,myof_length_max,domain_slen_mean,z_mask_area_ratio,z_lat_alignment_std,n_zbands,cell_mask_area,cell_mask_intensity,z_oop,z_lat_alignment_mean,z_length_mean,z_lat_dist_std,myof_length_std,n_vectors,z_straightness_mean,n_mbands,z_intensity_std,sarcomere_length_std,z_lat_neighbors_mean,z_lat_neighbors_std,domain_area_mean,domain_oop_std
244.50062561035156,0.12779029113158072,0.0,0.9311306476593018,1.6600273341825333,1453.308155699722,0.024517337179851488,48.555,0.1419106850322556,33.330894470214844,0.008972899957237445,0.9311306476593018,1.0,0.9500730054871724,1458.9173053511695,0.01166082191334242,1.2644348292885534,5.876010906520105,8.25,0.3573395090947445,2.3060646171320345,40.682289123535156,1.6600273341825333,0.0709634988490628,0.4922328020585285,43.0,684.225,682.7948372245971,0.9067169360984387,0.8039508834949507,2.720930232558139,0.3170909455427373,7.154016017913818,641.0,0.7439435846203774,39.0,243.3034610845898,0.17888598098150937,0.8837209302325582,0.4922328020585285,229.23,0.0
