sarcomere_area,cell_mask_area_ratio,domain_area_std,domain_oop_mean,sarcomere_length_mean,z_mask_intensity,myof_straightness_std,z_mask_area,z_straightness_std,myof_length_mean,myof_bending_std,sarcomere_oop,n_domains,myof_straightness_mean,z_intensity_mean,myof_bending_mean,z_lat_dist_mean,z_lat_length_groups_mean,z_length_max,sarcomere_area_ratio,z_length_std,myof_length_max,domain_slen_mean,z_mask_area_ratio,z_lat_alignment_std,n_zbands,cell_mask_area,cell_mask_intensity,z_oop,z_lat_alignment_mean,z_length_mean,z_lat_dist_std,myof_length_std,n_vectors,z_straightness_mean,n_mbands,z_intensity_std,sarcomere_length_std,z_lat_neighbors_mean,z_lat_neighbors_std,domain_area_mean,domain_oop_std
80.04241943359375,0.26272971598750633,0.0,0.6387313008308411,1.4927536411765001,1101.4693218514533,0.002872781951549719,20.9025,0.10767710633330428,5.937112331390381,0.008122693469222928,0.5073887705802917,1.0,0.9745222664876325,1112.7032891955107,0.012201730972526272,1.6149502482354208,1.8154646122201625,2.25,0.10928150596612533,0.5578124041328185,6.484947681427002,1.4614824150219667,0.028538076367769484,0.5827890272624031,43.0,732.4425,604.5499953921297,0.5277046902678485,0.7190540615903892,0.8581395348837207,0.6595913096185799,0.561465322971344,122.0,0.8442263477301108,35.0,190.68316997507827,0.20518120961625605,0.5581395348837209,0.5827890272624031,31.904999999999998,0.0
