cell_mask_area,cell_mask_area_ratio,cell_mask_intensity,domain_area_mean,domain_area_std,domain_oop_mean,domain_oop_std,domain_slen_mean,myof_bending_mean,myof_bending_std,myof_length_max,myof_length_mean,myof_length_std,myof_straightness_mean,myof_straightness_std,n_domains,n_mbands,n_vectors,n_zbands,sarcomere_area,sarcomere_area_ratio,sarcomere_length_mean,sarcomere_length_std,sarcomere_oop,z_intensity_mean,z_intensity_std,z_lat_alignment_mean,z_lat_alignment_std,z_lat_dist_mean,z_lat_dist_std,z_lat_length_groups_mean,z_lat_neighbors_mean,z_lat_neighbors_std,z_length_max,z_length_mean,z_length_std,z_mask_area,z_mask_area_ratio,z_mask_intensity,z_oop,z_straightness_mean,z_straightness_std
650.2049999999999,0.3436310882800609,676.3627932728908,29.857499999999998,0.0,0.8039440512657166,0.0,1.475154442314084,0.0522543075233765,0.02791518983906011,15.805267333984375,8.973073959350586,3.0744218826293945,0.9253361185997833,0.04722300352970691,1.0,30.0,121.0,25.0,70.86260986328125,0.10898502758865475,1.5021563834373588,0.2460864893117914,0.0665423721075058,1221.056802658455,245.263704978401,0.7879361363918396,0.6928203230275509,1.9029631990864009,0.7641865367322624,2.5886421327242672,0.8,0.6928203230275509,1.95,0.792,0.5205151294631117,13.95,0.021454771956536785,1187.5967741935483,0.2009365748420127,0.8654664385751211,0.0832109075851828
