cell_mask_area,cell_mask_area_ratio,cell_mask_intensity,domain_area_mean,domain_area_std,domain_oop_mean,domain_oop_std,domain_slen_mean,myof_bending_mean,myof_bending_std,myof_length_max,myof_length_mean,myof_length_std,myof_straightness_mean,myof_straightness_std,n_domains,n_mbands,n_vectors,n_zbands,sarcomere_area,sarcomere_area_ratio,sarcomere_length_mean,sarcomere_length_std,sarcomere_oop,z_intensity_mean,z_intensity_std,z_lat_alignment_mean,z_lat_alignment_std,z_lat_dist_mean,z_lat_dist_std,z_lat_length_groups_mean,z_lat_neighbors_mean,z_lat_neighbors_std,z_length_max,z_length_mean,z_length_std,z_mask_area,z_mask_area_ratio,z_mask_intensity,z_oop,z_straightness_mean,z_straightness_std
2021.2424999999998,0.20968442182904626,704.9975398795543,160.9575,70.96158362099877,0.8390505909919739,0.0605180487036705,1.4796982709502986,0.021032074244669133,0.020707988732335432,34.885841369628906,12.112710952758789,5.262771129608154,0.9537562075374715,0.03428601948940304,3.0,136.0,1382.0,150.0,552.327880859375,0.2732615610741289,1.4845014124639841,0.2538728832543815,0.3582838177680969,1385.670667181252,332.4473624636827,0.779178450914718,0.6923069325731824,1.5934379911899574,0.7041487755457948,5.461571579748311,1.0266666666666666,0.6923069325731824,7.5,1.84,1.4973643511183243,117.2475,0.058007636391971776,1441.4064478986759,0.34571138753942826,0.7691458366867574,0.138847732415773
