cell_mask_area,cell_mask_area_ratio,cell_mask_intensity,domain_area_mean,domain_area_std,domain_oop_mean,domain_oop_std,domain_slen_mean,myof_bending_mean,myof_bending_std,myof_length_max,myof_length_mean,myof_length_std,myof_straightness_mean,myof_straightness_std,n_domains,n_mbands,n_vectors,n_zbands,sarcomere_area,sarcomere_area_ratio,sarcomere_length_mean,sarcomere_length_std,sarcomere_oop,z_intensity_mean,z_intensity_std,z_lat_alignment_mean,z_lat_alignment_std,z_lat_dist_mean,z_lat_dist_std,z_lat_length_groups_mean,z_lat_neighbors_mean,z_lat_neighbors_std,z_length_max,z_length_mean,z_length_std,z_mask_area,z_mask_area_ratio,z_mask_intensity,z_oop,z_straightness_mean,z_straightness_std
959.7375,0.31059315246042496,884.7519399835893,,,,,,0.02644659470003144,0.040062112331552414,10.214580535888672,7.749231815338135,1.5082238912582397,0.9685175269462641,0.032532486852463204,0.0,38.0,127.0,34.0,81.66816711425781,0.08509427537660852,1.4382548130129538,0.18032563694317047,0.3206416666507721,1663.3226396914422,406.640978263221,0.6878582042070579,0.5359078575967234,1.5891804568659453,0.7889613558152809,1.920912392414148,0.6470588235294118,0.5359078575967234,2.25,0.7852941176470589,0.4702204445108551,17.91,0.018661352713632635,1612.6130653266332,0.28777002776071503,0.8466361262817355,0.10541665653128628
