cell_mask_area,cell_mask_area_ratio,cell_mask_intensity,domain_area_mean,domain_area_std,domain_oop_mean,domain_oop_std,domain_slen_mean,myof_bending_mean,myof_bending_std,myof_length_max,myof_length_mean,myof_length_std,myof_straightness_mean,myof_straightness_std,n_domains,n_mbands,n_vectors,n_zbands,sarcomere_area,sarcomere_area_ratio,sarcomere_length_mean,sarcomere_length_std,sarcomere_oop,z_intensity_mean,z_intensity_std,z_lat_alignment_mean,z_lat_alignment_std,z_lat_dist_mean,z_lat_dist_std,z_lat_length_groups_mean,z_lat_neighbors_mean,z_lat_neighbors_std,z_length_max,z_length_mean,z_length_std,z_mask_area,z_mask_area_ratio,z_mask_intensity,z_oop,z_straightness_mean,z_straightness_std
2020.9724999999999,0.20965641193221607,705.0252836196435,161.7675,71.00330370834867,0.8386408686637878,0.0605316199362278,1.4776841996603283,0.020368388329571302,0.01879263446888959,34.8851318359375,12.802949905395508,5.462245464324951,0.954373280436206,0.03296951965840475,3.0,136.0,1381.0,150.0,552.3609008789062,0.2733144072365687,1.4838072116695051,0.2533296540640593,0.357425719499588,1385.743992671448,332.4896489807826,0.7792976391993331,0.6923069325731824,1.5934379911899574,0.7041487755457948,5.461571579748311,1.0266666666666666,0.6923069325731824,7.5,1.84,1.4973643511183243,117.225,0.05800425290299596,1441.4869481765834,0.34573624268150027,0.7691243419777627,0.13884368756902357
