sarcomere_area,cell_mask_area_ratio,domain_area_std,domain_oop_mean,sarcomere_length_mean,z_mask_intensity,myof_straightness_std,z_mask_area,z_straightness_std,myof_length_mean,myof_bending_std,sarcomere_oop,n_domains,myof_straightness_mean,z_intensity_mean,myof_bending_mean,z_lat_dist_mean,z_lat_length_groups_mean,z_length_max,sarcomere_area_ratio,z_length_std,myof_length_max,domain_slen_mean,z_mask_area_ratio,z_lat_alignment_std,n_zbands,cell_mask_area,cell_mask_intensity,z_oop,z_lat_alignment_mean,z_length_mean,z_lat_dist_std,myof_length_std,n_vectors,z_straightness_mean,n_mbands,z_intensity_std,sarcomere_length_std,z_lat_neighbors_mean,z_lat_neighbors_std,domain_area_mean,domain_oop_std
70.86260986328125,0.3436310882800609,0.0,0.8039440512657166,1.5021563834373588,1187.5967741935483,0.04722300352970691,13.95,0.0832109075851828,8.973073959350586,0.02791518983906011,0.0665423721075058,1.0,0.9253361185997833,1221.056802658455,0.0522543075233765,1.9029631990864009,2.5886421327242672,1.95,0.10898502758865475,0.5205151294631117,15.805267333984375,1.475154442314084,0.021454771956536785,0.6928203230275509,25.0,650.2049999999999,676.3627932728908,0.2009365748420127,0.7879361363918396,0.792,0.7641865367322624,3.0744218826293945,121.0,0.8654664385751211,30.0,245.263704978401,0.2460864893117914,0.8,0.6928203230275509,29.857499999999998,0.0
