sarcomere_area,cell_mask_area_ratio,domain_area_std,domain_oop_mean,sarcomere_length_mean,z_mask_intensity,myof_straightness_std,z_mask_area,z_straightness_std,myof_length_mean,myof_bending_std,sarcomere_oop,n_domains,myof_straightness_mean,z_intensity_mean,myof_bending_mean,z_lat_dist_mean,z_lat_length_groups_mean,z_length_max,sarcomere_area_ratio,z_length_std,myof_length_max,domain_slen_mean,z_mask_area_ratio,z_lat_alignment_std,n_zbands,cell_mask_area,cell_mask_intensity,z_oop,z_lat_alignment_mean,z_length_mean,z_lat_dist_std,myof_length_std,n_vectors,z_straightness_mean,n_mbands,z_intensity_std,sarcomere_length_std,z_lat_neighbors_mean,z_lat_neighbors_std,domain_area_mean,domain_oop_std
543.2396240234375,0.3065065576562766,159.07557390278367,0.8148928284645081,1.4455879611174833,1294.4607614607614,0.04356899314690844,115.83,0.11671553640919348,14.606904983520508,0.021122226855064492,0.6423514485359192,3.0,0.9422306455308909,1244.5057466524515,0.0251722249486527,1.7464277355900468,3.787888903726131,6.75,0.2395901965816949,1.1821408492862695,44.511741638183594,1.481871794485776,0.05108561902115667,0.70037412479248,203.0,2267.37,670.0235680546183,0.5616623431234389,0.7790635306508294,1.252463054187192,0.6810735144635679,7.372776985168457,1393.0,0.8335711075228975,191.0,345.96574274408664,0.22792876864168676,0.916256157635468,0.70037412479248,155.2275,0.12111043184995651
