cell_mask_area,cell_mask_area_ratio,cell_mask_intensity,domain_area_mean,domain_area_std,domain_oop_mean,domain_oop_std,domain_slen_mean,myof_bending_mean,myof_bending_std,myof_length_max,myof_length_mean,myof_length_std,myof_straightness_mean,myof_straightness_std,n_domains,n_mbands,n_vectors,n_zbands,sarcomere_area,sarcomere_area_ratio,sarcomere_length_mean,sarcomere_length_std,sarcomere_oop,z_intensity_mean,z_intensity_std,z_lat_alignment_mean,z_lat_alignment_std,z_lat_dist_mean,z_lat_dist_std,z_lat_length_groups_mean,z_lat_neighbors_mean,z_lat_neighbors_std,z_length_max,z_length_mean,z_length_std,z_mask_area,z_mask_area_ratio,z_mask_intensity,z_oop,z_straightness_mean,z_straightness_std
2267.37,0.3065065576562766,670.0235680546183,155.2275,159.07557390278367,0.8148928284645081,0.12111043184995651,1.481871794485776,0.0251722249486527,0.021122226855064492,44.511741638183594,14.606904983520508,7.372776985168457,0.9422306455308909,0.04356899314690844,3.0,191.0,1393.0,203.0,543.2396240234375,0.2395901965816949,1.4455879611174833,0.22792876864168676,0.6423514485359192,1244.5057466524515,345.96574274408664,0.7790635306508294,0.70037412479248,1.7464277355900468,0.6810735144635679,3.787888903726131,0.916256157635468,0.70037412479248,6.75,1.252463054187192,1.1821408492862695,115.83,0.05108561902115667,1294.4607614607614,0.5616623431234389,0.8335711075228975,0.11671553640919348
