sarcomere_area,cell_mask_area_ratio,domain_area_std,domain_oop_mean,sarcomere_length_mean,z_mask_intensity,myof_straightness_std,z_mask_area,z_straightness_std,myof_length_mean,myof_bending_std,sarcomere_oop,n_domains,myof_straightness_mean,z_intensity_mean,myof_bending_mean,z_lat_dist_mean,z_lat_length_groups_mean,z_length_max,sarcomere_area_ratio,z_length_std,myof_length_max,domain_slen_mean,z_mask_area_ratio,z_lat_alignment_std,n_zbands,cell_mask_area,cell_mask_intensity,z_oop,z_lat_alignment_mean,z_length_mean,z_lat_dist_std,myof_length_std,n_vectors,z_straightness_mean,n_mbands,z_intensity_std,sarcomere_length_std,z_lat_neighbors_mean,z_lat_neighbors_std,domain_area_mean,domain_oop_std
62.745635986328125,0.1467231638418079,0.0,0.7773298025131226,1.4697762154548737,1366.9409448818897,0.03131147128513797,11.43,0.09828341794311699,6.726644515991211,0.045579216349470215,0.7773298025131226,1.0,0.9510196473910353,1332.7374097238342,0.049759940632726374,1.6253400458988652,3.215750818660317,2.55,0.13422674878348548,0.5335647646019097,7.24689245223999,1.4697762154548737,0.02445128994994224,0.6928995160692484,27.0,467.46,686.5854351174432,0.7470187627423759,0.7161963657528577,0.7055555555555556,0.5868058995689321,0.6579358577728271,107.0,0.855015068703064,23.0,346.19124391864665,0.24190207200332003,1.037037037037037,0.6928995160692484,52.0425,0.0
