sarcomere_area,cell_mask_area_ratio,domain_area_std,domain_oop_mean,sarcomere_length_mean,z_mask_intensity,myof_straightness_std,z_mask_area,z_straightness_std,myof_length_mean,myof_bending_std,sarcomere_oop,n_domains,myof_straightness_mean,z_intensity_mean,myof_bending_mean,z_lat_dist_mean,z_lat_length_groups_mean,z_length_max,sarcomere_area_ratio,z_length_std,myof_length_max,domain_slen_mean,z_mask_area_ratio,z_lat_alignment_std,n_zbands,cell_mask_area,cell_mask_intensity,z_oop,z_lat_alignment_mean,z_length_mean,z_lat_dist_std,myof_length_std,n_vectors,z_straightness_mean,n_mbands,z_intensity_std,sarcomere_length_std,z_lat_neighbors_mean,z_lat_neighbors_std,domain_area_mean,domain_oop_std
299.439453125,0.19120472120472118,0.0,0.9009485840797424,1.340084245268054,972.6193136472466,0.0292817384224695,56.385,0.11117480079693098,13.889605522155762,0.014073517423381575,0.895512044429779,1.0,0.9485228632154911,981.7875691554874,0.022755003336877907,1.8240659086269062,6.830128155663429,5.55,0.2832844491983416,0.970148058417363,31.163959503173828,1.3278276035162666,0.05334298303497308,0.7077358239060775,106.0,1057.0275,608.7268992528576,0.8403832446858553,0.8551455496384881,1.1150943396226414,0.6743234627489008,7.881844520568848,732.0,0.8166676704339639,115.0,203.5851802155393,0.2891944085344687,1.320754716981132,0.7077358239060775,236.0925,0.0
