cell_mask_area,cell_mask_area_ratio,cell_mask_intensity,domain_area_mean,domain_area_std,domain_oop_mean,domain_oop_std,domain_slen_mean,myof_bending_mean,myof_bending_std,myof_length_max,myof_length_mean,myof_length_std,myof_straightness_mean,myof_straightness_std,n_domains,n_mbands,n_vectors,n_zbands,sarcomere_area,sarcomere_area_ratio,sarcomere_length_mean,sarcomere_length_std,sarcomere_oop,z_intensity_mean,z_intensity_std,z_lat_alignment_mean,z_lat_alignment_std,z_lat_dist_mean,z_lat_dist_std,z_lat_length_groups_mean,z_lat_neighbors_mean,z_lat_neighbors_std,z_length_max,z_length_mean,z_length_std,z_mask_area,z_mask_area_ratio,z_mask_intensity,z_oop,z_straightness_mean,z_straightness_std
478.34999999999997,0.1460094638307224,706.0319849482596,28.755,0.0,0.8235529065132141,0.0,1.5402566038746381,0.029560979152141054,0.0037966155912336074,10.554840087890625,8.59183406829834,1.6708829402923584,0.9502555328456969,0.014304246426696622,1.0,18.0,56.0,14.0,28.493820190429688,0.05956688656931052,1.5326063801014518,0.29999463171846197,0.8205158114433289,1607.0948203174682,293.33929729115823,0.4995384439895707,0.45175395145262565,1.2846725768307476,0.19265609343866985,1.4391120961384578,0.2857142857142857,0.45175395145262565,2.6999999999999997,1.05,0.7103821908964618,7.92,0.016556914393226718,1636.46875,0.6503516912544615,0.818126460012098,0.10973119634814249
