cell_mask_area,cell_mask_area_ratio,cell_mask_intensity,domain_area_mean,domain_area_std,domain_oop_mean,domain_oop_std,domain_slen_mean,myof_bending_mean,myof_bending_std,myof_length_max,myof_length_mean,myof_length_std,myof_straightness_mean,myof_straightness_std,n_domains,n_mbands,n_vectors,n_zbands,sarcomere_area,sarcomere_area_ratio,sarcomere_length_mean,sarcomere_length_std,sarcomere_oop,z_intensity_mean,z_intensity_std,z_lat_alignment_mean,z_lat_alignment_std,z_lat_dist_mean,z_lat_dist_std,z_lat_length_groups_mean,z_lat_neighbors_mean,z_lat_neighbors_std,z_length_max,z_length_mean,z_length_std,z_mask_area,z_mask_area_ratio,z_mask_intensity,z_oop,z_straightness_mean,z_straightness_std
650.2049999999999,0.3436310882800609,676.3627932728908,29.857499999999998,0.0,0.8039443492889404,0.0,1.4692626515104827,0.0382714056914456,0.015417954192931805,11.089709281921387,8.173896789550781,1.9175021648406982,0.9373488041047685,0.01648309326013897,1.0,30.0,120.0,25.0,70.862548828125,0.10898493371801972,1.4953837732864372,0.24693905204345926,0.06177036464214325,1221.056802658455,245.263704978401,0.787936128522519,0.6928203230275509,1.9029631990864009,0.7641865367322624,2.5886421327242672,0.8,0.6928203230275509,1.95,0.792,0.5205151294631117,13.95,0.021454771956536785,1187.5967741935483,0.2009365748420127,0.8654664385751211,0.0832109075851828
