sarcomere_area,cell_mask_area_ratio,domain_area_std,domain_oop_mean,sarcomere_length_mean,z_mask_intensity,myof_straightness_std,z_mask_area,z_straightness_std,myof_length_mean,myof_bending_std,sarcomere_oop,n_domains,myof_straightness_mean,z_intensity_mean,myof_bending_mean,z_lat_dist_mean,z_lat_length_groups_mean,z_length_max,sarcomere_area_ratio,z_length_std,myof_length_max,domain_slen_mean,z_mask_area_ratio,z_lat_alignment_std,n_zbands,cell_mask_area,cell_mask_intensity,z_oop,z_lat_alignment_mean,z_length_mean,z_lat_dist_std,myof_length_std,n_vectors,z_straightness_mean,n_mbands,z_intensity_std,sarcomere_length_std,z_lat_neighbors_mean,z_lat_neighbors_std,domain_area_mean,domain_oop_std
37.88313293457031,0.16689002357970448,,,1.5528986190786802,1348.6652719665271,0.0,10.754999999999999,0.11881723188274779,11.068743705749512,0.0,0.13836920261383057,0.0,0.9472160356347439,1252.2750442205622,0.019152850634833178,2.2517114828008182,1.170228197706776,1.95,0.04278549494541609,0.5243879279330691,11.068742752075195,,0.012146777800365927,0.42418250299576343,17.0,885.42,685.1171732059362,0.09398756122145832,0.6794229526277111,0.7676470588235292,0.37221686987956804,9.5367431640625e-07,44.0,0.8479037956054579,18.0,215.09137481050206,0.38450565148960686,0.23529411764705882,0.42418250299576343,,
