cell_mask_area,cell_mask_area_ratio,cell_mask_intensity,domain_area_mean,domain_area_std,domain_oop_mean,domain_oop_std,domain_slen_mean,myof_bending_mean,myof_bending_std,myof_length_max,myof_length_mean,myof_length_std,myof_straightness_mean,myof_straightness_std,n_domains,n_mbands,n_vectors,n_zbands,sarcomere_area,sarcomere_area_ratio,sarcomere_length_mean,sarcomere_length_std,sarcomere_oop,z_intensity_mean,z_intensity_std,z_lat_alignment_mean,z_lat_alignment_std,z_lat_dist_mean,z_lat_dist_std,z_lat_length_groups_mean,z_lat_neighbors_mean,z_lat_neighbors_std,z_length_max,z_length_mean,z_length_std,z_mask_area,z_mask_area_ratio,z_mask_intensity,z_oop,z_straightness_mean,z_straightness_std
1204.0874999999999,0.31026785714285715,616.4465103242081,58.03875,34.97625,0.9426539540290833,0.02631610631942749,1.400580060354062,0.017968699287881612,0.006448376659198843,47.2613410949707,25.640474319458008,14.405335426330566,0.9418398599639066,0.02433388667451805,2.0,45.0,344.0,47.0,132.448486328125,0.10999905432796621,1.4201568151360262,0.20824404076247155,0.9134476184844971,1355.8209554925381,271.9692499903072,0.6995488545314458,0.5764347737933645,1.2569587273200769,0.37243604010318243,2.2850136310341473,0.5531914893617021,0.5764347737933645,3.3,1.3053191489361702,0.8512965107456897,32.9175,0.02733812949640288,1396.3424470266575,0.8047459364245351,0.7930605803639669,0.10157776328331147
