cell_mask_area,cell_mask_area_ratio,cell_mask_intensity,domain_area_mean,domain_area_std,domain_oop_mean,domain_oop_std,domain_slen_mean,myof_bending_mean,myof_bending_std,myof_length_max,myof_length_mean,myof_length_std,myof_straightness_mean,myof_straightness_std,n_domains,n_mbands,n_vectors,n_zbands,sarcomere_area,sarcomere_area_ratio,sarcomere_length_mean,sarcomere_length_std,sarcomere_oop,z_intensity_mean,z_intensity_std,z_lat_alignment_mean,z_lat_alignment_std,z_lat_dist_mean,z_lat_dist_std,z_lat_length_groups_mean,z_lat_neighbors_mean,z_lat_neighbors_std,z_length_max,z_length_mean,z_length_std,z_mask_area,z_mask_area_ratio,z_mask_intensity,z_oop,z_straightness_mean,z_straightness_std
2055.87,0.26143334554110964,731.4063608107516,152.59949999999998,66.36256876809395,0.8760669827461243,0.06873290985822678,1.438276295039327,0.018874842034718904,0.013229451885864569,31.240604400634766,13.57203197479248,6.731083869934082,0.9516702026874917,0.029153696220051605,5.0,245.0,2160.0,254.0,880.2946166992188,0.42818593427561996,1.4587699468907112,0.2188106958981091,0.7193405032157898,1284.6843872822874,416.37093406105157,0.831317997234854,0.6571855626729238,1.7525978853641866,0.6358207287874134,6.059643823818087,1.1574803149606299,0.6571855626729238,7.35,1.5383858267716535,1.3210936148989134,175.36499999999998,0.08529965416101212,1321.929561200924,0.6883014622912765,0.8036600191667911,0.12685081232879705
