cell_mask_area,cell_mask_area_ratio,cell_mask_intensity,domain_area_mean,domain_area_std,domain_oop_mean,domain_oop_std,domain_slen_mean,myof_bending_mean,myof_bending_std,myof_length_max,myof_length_mean,myof_length_std,myof_straightness_mean,myof_straightness_std,n_domains,n_mbands,n_vectors,n_zbands,sarcomere_area,sarcomere_area_ratio,sarcomere_length_mean,sarcomere_length_std,sarcomere_oop,z_intensity_mean,z_intensity_std,z_lat_alignment_mean,z_lat_alignment_std,z_lat_dist_mean,z_lat_dist_std,z_lat_length_groups_mean,z_lat_neighbors_mean,z_lat_neighbors_std,z_length_max,z_length_mean,z_length_std,z_mask_area,z_mask_area_ratio,z_mask_intensity,z_oop,z_straightness_mean,z_straightness_std
476.5275,0.17068826563507417,684.6679257755324,74.295,0.0,0.9241019487380981,0.0,1.3974061318160917,0.014435505339319718,0.007017513158802711,26.664709091186523,12.93652629852295,6.5317702293396,0.9662115347575766,0.017955999666643806,1.0,42.0,190.0,35.0,85.6508560180664,0.17973958694527895,1.3974061318160917,0.19986562411926076,0.9241019487380981,1390.6299247785278,357.3030210557663,0.8566232925967207,0.595219047314276,1.2602800178481866,0.7561046730529916,1.531141433033475,0.4,0.595219047314276,3.0,0.9728571428571428,0.7760102040145439,18.945,0.03975636243448699,1334.6128266033254,0.8750628030527271,0.842484778733817,0.1184641747973645
