cell_mask_area,cell_mask_area_ratio,cell_mask_intensity,domain_area_mean,domain_area_std,domain_oop_mean,domain_oop_std,domain_slen_mean,myof_bending_mean,myof_bending_std,myof_length_max,myof_length_mean,myof_length_std,myof_straightness_mean,myof_straightness_std,n_domains,n_mbands,n_vectors,n_zbands,sarcomere_area,sarcomere_area_ratio,sarcomere_length_mean,sarcomere_length_std,sarcomere_oop,z_intensity_mean,z_intensity_std,z_lat_alignment_mean,z_lat_alignment_std,z_lat_dist_mean,z_lat_dist_std,z_lat_length_groups_mean,z_lat_neighbors_mean,z_lat_neighbors_std,z_length_max,z_length_mean,z_length_std,z_mask_area,z_mask_area_ratio,z_mask_intensity,z_oop,z_straightness_mean,z_straightness_std
1204.0874999999999,0.31026785714285715,616.4465103242081,58.027499999999996,35.01,0.942654013633728,0.026316076517105103,1.404569591679374,0.017887439597152364,0.006344971888437351,47.46908950805664,25.75428009033203,14.848403930664062,0.9408472330677904,0.024766191399834808,2.0,45.0,344.0,47.0,132.44847106933594,0.10999904165547433,1.4253587189265113,0.2076998853995558,0.913447916507721,1355.8209554925381,271.9692499903072,0.6995381042198443,0.5764347737933645,1.2569587273200769,0.37243604010318243,2.2850136310341473,0.5531914893617021,0.5764347737933645,3.3,1.3053191489361702,0.8512965107456897,32.9175,0.02733812949640288,1396.3424470266575,0.8047459364245351,0.7930605803639669,0.10157776328331147
