sarcomere_area,cell_mask_area_ratio,domain_area_std,domain_oop_mean,sarcomere_length_mean,z_mask_intensity,myof_straightness_std,z_mask_area,z_straightness_std,myof_length_mean,myof_bending_std,sarcomere_oop,n_domains,myof_straightness_mean,z_intensity_mean,myof_bending_mean,z_lat_dist_mean,z_lat_length_groups_mean,z_length_max,sarcomere_area_ratio,z_length_std,myof_length_max,domain_slen_mean,z_mask_area_ratio,z_lat_alignment_std,n_zbands,cell_mask_area,cell_mask_intensity,z_oop,z_lat_alignment_mean,z_length_mean,z_lat_dist_std,myof_length_std,n_vectors,z_straightness_mean,n_mbands,z_intensity_std,sarcomere_length_std,z_lat_neighbors_mean,z_lat_neighbors_std,domain_area_mean,domain_oop_std
459.8436279296875,0.20302576976866818,46.95749999999998,0.9113311767578125,1.429797156026524,1729.5966438781852,0.01957388360275702,108.6075,0.10873881295046106,23.67589569091797,0.009938780729790828,0.9082831144332886,2.0,0.9560085332621466,1656.9477158558016,0.01581653605269201,1.8358937454568909,4.654455498026137,5.55,0.2884899647763756,0.96581337534382,37.8372688293457,1.4262616130826635,0.06813658371328149,0.6818968183655649,187.0,1593.9675,771.2871702214757,0.8236764073057091,0.8035023249690234,1.3572192513368981,0.7329065766720276,8.795989036560059,1451.0,0.835074058289896,183.0,420.5560239992111,0.1787682475982247,1.0160427807486632,0.6818968183655649,227.76749999999998,0.021654397249221802
