cell_mask_area,cell_mask_area_ratio,cell_mask_intensity,domain_area_mean,domain_area_std,domain_oop_mean,domain_oop_std,domain_slen_mean,myof_bending_mean,myof_bending_std,myof_length_max,myof_length_mean,myof_length_std,myof_straightness_mean,myof_straightness_std,n_domains,n_mbands,n_vectors,n_zbands,sarcomere_area,sarcomere_area_ratio,sarcomere_length_mean,sarcomere_length_std,sarcomere_oop,z_intensity_mean,z_intensity_std,z_lat_alignment_mean,z_lat_alignment_std,z_lat_dist_mean,z_lat_dist_std,z_lat_length_groups_mean,z_lat_neighbors_mean,z_lat_neighbors_std,z_length_max,z_length_mean,z_length_std,z_mask_area,z_mask_area_ratio,z_mask_intensity,z_oop,z_straightness_mean,z_straightness_std
1593.9675,0.20302576976866818,771.2871702214757,227.88,47.4525,0.9109883308410645,0.021996915340423584,1.4253929671683918,0.015911195656701335,0.010317601465550824,37.78215408325195,24.319005966186523,8.651638984680176,0.9542060645512839,0.02116379813504888,2.0,183.0,1452.0,187.0,459.8435974121094,0.2884899456307041,1.4290100301549558,0.17831267603585596,0.9078727960586548,1656.9477158558016,420.5560239992111,0.803502740493463,0.6818968183655649,1.8358937454568909,0.7329065766720276,4.654455498026137,1.0160427807486632,0.6818968183655649,5.55,1.3572192513368981,0.96581337534382,108.6075,0.06813658371328149,1729.5966438781852,0.8236764073057091,0.835074058289896,0.10873881295046106
