cell_mask_area,cell_mask_area_ratio,cell_mask_intensity,domain_area_mean,domain_area_std,domain_oop_mean,domain_oop_std,domain_slen_mean,myof_bending_mean,myof_bending_std,myof_length_max,myof_length_mean,myof_length_std,myof_straightness_mean,myof_straightness_std,n_domains,n_mbands,n_vectors,n_zbands,sarcomere_area,sarcomere_area_ratio,sarcomere_length_mean,sarcomere_length_std,sarcomere_oop,z_intensity_mean,z_intensity_std,z_lat_alignment_mean,z_lat_alignment_std,z_lat_dist_mean,z_lat_dist_std,z_lat_length_groups_mean,z_lat_neighbors_mean,z_lat_neighbors_std,z_length_max,z_length_mean,z_length_std,z_mask_area,z_mask_area_ratio,z_mask_intensity,z_oop,z_straightness_mean,z_straightness_std
684.0224999999999,0.12775247092045988,682.8203019637511,227.9475,0.0,0.9338495135307312,0.0,1.6652071315540715,0.012100507023622642,0.005256554235926871,40.74476623535156,32.10395431518555,7.890950679779053,0.9463988945716068,0.02511082529962553,1.0,39.0,638.0,43.0,244.48851013183594,0.3574275848116633,1.6652071315540715,0.1766709462413618,0.9338495135307312,1458.8506805868706,243.30906135312983,0.8040138593525804,0.4922328020585285,1.2644348292885534,0.3170909455427373,5.876010906520105,0.8837209302325582,0.4922328020585285,8.25,2.720930232558139,2.3060646171320345,48.5775,0.0710174007433966,1453.202408522464,0.9067418005251313,0.7441475829883903,0.14178047750867895
