cell_mask_area,cell_mask_area_ratio,cell_mask_intensity,domain_area_mean,domain_area_std,domain_oop_mean,domain_oop_std,domain_slen_mean,myof_bending_mean,myof_bending_std,myof_length_max,myof_length_mean,myof_length_std,myof_straightness_mean,myof_straightness_std,n_domains,n_mbands,n_vectors,n_zbands,sarcomere_area,sarcomere_area_ratio,sarcomere_length_mean,sarcomere_length_std,sarcomere_oop,z_intensity_mean,z_intensity_std,z_lat_alignment_mean,z_lat_alignment_std,z_lat_dist_mean,z_lat_dist_std,z_lat_length_groups_mean,z_lat_neighbors_mean,z_lat_neighbors_std,z_length_max,z_length_mean,z_length_std,z_mask_area,z_mask_area_ratio,z_mask_intensity,z_oop,z_straightness_mean,z_straightness_std
912.0825,0.24854077253218884,668.2684707797814,34.43625,0.05625000000000213,0.6633966565132141,0.1760922223329544,1.3476076030927522,0.02621527903231646,0.01575167938919821,12.266687393188477,8.94554615020752,2.144821882247925,0.9535150869702675,0.025426514594036668,2.0,40.0,178.0,33.0,80.82360076904297,0.08861435316327522,1.341896367538501,0.3182603645236301,0.6688066124916077,1560.4261426100456,295.33059703007996,0.7425757799500794,0.6816498108607268,2.0980824402620697,0.5350064411254992,2.5626775837673983,0.6666666666666666,0.6816498108607268,3.4499999999999997,1.009090909090909,0.830065216993707,19.755,0.021659224905641757,1507.1138952164008,0.43132806072991725,0.8118886265006348,0.1238719098912652
