sarcomere_area,cell_mask_area_ratio,domain_area_std,domain_oop_mean,sarcomere_length_mean,z_mask_intensity,myof_straightness_std,z_mask_area,z_straightness_std,myof_length_mean,myof_bending_std,sarcomere_oop,n_domains,myof_straightness_mean,z_intensity_mean,myof_bending_mean,z_lat_dist_mean,z_lat_length_groups_mean,z_length_max,sarcomere_area_ratio,z_length_std,myof_length_max,domain_slen_mean,z_mask_area_ratio,z_lat_alignment_std,n_zbands,cell_mask_area,cell_mask_intensity,z_oop,z_lat_alignment_mean,z_length_mean,z_lat_dist_std,myof_length_std,n_vectors,z_straightness_mean,n_mbands,z_intensity_std,sarcomere_length_std,z_lat_neighbors_mean,z_lat_neighbors_std,domain_area_mean,domain_oop_std
27.042327880859375,0.16697037825898314,0.0,0.9668496251106262,1.6144425698576204,1501.6877637130801,0.023709581790055733,5.3325,0.08113046752708708,8.341307640075684,0.004303181913570821,0.9179340600967407,1.0,0.9494692669763382,1512.2574956882459,0.015623018716402152,2.0337256702126876,2.680817113475125,1.65,0.05678357928514153,0.37976966703516485,10.476951599121094,1.6230294011057649,0.011197203061513748,0.6000000000000001,10.0,476.23499999999996,768.6148067655674,0.931324602785023,0.870101099807924,0.7949999999999999,0.5234117865676655,2.2862112522125244,42.0,0.86896210222526,12.0,369.56789303755636,0.19968928450381065,0.8,0.6000000000000001,20.384999999999998,0.0
