cell_mask_area,cell_mask_area_ratio,cell_mask_intensity,domain_area_mean,domain_area_std,domain_oop_mean,domain_oop_std,domain_slen_mean,myof_bending_mean,myof_bending_std,myof_length_max,myof_length_mean,myof_length_std,myof_straightness_mean,myof_straightness_std,n_domains,n_mbands,n_vectors,n_zbands,sarcomere_area,sarcomere_area_ratio,sarcomere_length_mean,sarcomere_length_std,sarcomere_oop,z_intensity_mean,z_intensity_std,z_lat_alignment_mean,z_lat_alignment_std,z_lat_dist_mean,z_lat_dist_std,z_lat_length_groups_mean,z_lat_neighbors_mean,z_lat_neighbors_std,z_length_max,z_length_mean,z_length_std,z_mask_area,z_mask_area_ratio,z_mask_intensity,z_oop,z_straightness_mean,z_straightness_std
476.79749999999996,0.1707849774339136,684.5815204567976,74.7,0.0,0.9239833950996399,0.0,1.3992802830902131,0.017550038345832547,0.009105572569005288,26.255279541015625,15.03410530090332,6.522078514099121,0.9650918215271229,0.01862000454480973,1.0,42.0,190.0,35.0,85.57495880126953,0.17947862310785928,1.3992802830902131,0.1952495589224342,0.9239833950996399,1390.4692654378682,357.3601937867885,0.8563097258628283,0.595219047314276,1.2602800178481866,0.7561046730529916,1.5364985758906176,0.4,0.595219047314276,3.0,0.9771428571428569,0.7776652655906153,18.967499999999998,0.03978103912038129,1334.3582443653618,0.8751003222602279,0.8418173705024489,0.11841775273539369
