cell_mask_area,cell_mask_area_ratio,cell_mask_intensity,domain_area_mean,domain_area_std,domain_oop_mean,domain_oop_std,domain_slen_mean,myof_bending_mean,myof_bending_std,myof_length_max,myof_length_mean,myof_length_std,myof_straightness_mean,myof_straightness_std,n_domains,n_mbands,n_vectors,n_zbands,sarcomere_area,sarcomere_area_ratio,sarcomere_length_mean,sarcomere_length_std,sarcomere_oop,z_intensity_mean,z_intensity_std,z_lat_alignment_mean,z_lat_alignment_std,z_lat_dist_mean,z_lat_dist_std,z_lat_length_groups_mean,z_lat_neighbors_mean,z_lat_neighbors_std,z_length_max,z_length_mean,z_length_std,z_mask_area,z_mask_area_ratio,z_mask_intensity,z_oop,z_straightness_mean,z_straightness_std
2055.87,0.26143334554110964,731.4063608107516,190.76624999999999,78.32421204319581,0.7940685749053955,0.22242367267608643,1.4338979322644223,0.019350365591006776,0.014587440725365325,30.18756103515625,13.682058334350586,6.677534103393555,0.9525190964336907,0.02915212061330455,4.0,245.0,2161.0,254.0,880.294677734375,0.42818596396385716,1.4589381670798618,0.218228251054212,0.7193517088890076,1284.6843872822874,416.37093406105157,0.8313176487349263,0.6571855626729238,1.7525978853641866,0.6358207287874134,6.059643823818087,1.1574803149606299,0.6571855626729238,7.35,1.5383858267716535,1.3210936148989134,175.36499999999998,0.08529965416101212,1321.929561200924,0.6883014622912765,0.8036600191667911,0.12685081232879705
