cell_mask_area,cell_mask_area_ratio,cell_mask_intensity,domain_area_mean,domain_area_std,domain_oop_mean,domain_oop_std,domain_slen_mean,myof_bending_mean,myof_bending_std,myof_length_max,myof_length_mean,myof_length_std,myof_straightness_mean,myof_straightness_std,n_domains,n_mbands,n_vectors,n_zbands,sarcomere_area,sarcomere_area_ratio,sarcomere_length_mean,sarcomere_length_std,sarcomere_oop,z_intensity_mean,z_intensity_std,z_lat_alignment_mean,z_lat_alignment_std,z_lat_dist_mean,z_lat_dist_std,z_lat_length_groups_mean,z_lat_neighbors_mean,z_lat_neighbors_std,z_length_max,z_length_mean,z_length_std,z_mask_area,z_mask_area_ratio,z_mask_intensity,z_oop,z_straightness_mean,z_straightness_std
617.175,0.12451994225688423,773.4252643091505,48.8925,0.0,0.924231231212616,0.0,1.3382370773811647,0.020382338373469398,0.0075464969885374565,30.365440368652344,18.774066925048828,7.807083606719971,0.9443167097833033,0.03341087689814423,1.0,62.0,180.0,43.0,114.68742370605469,0.1858264247677801,1.3624981805248426,0.19787333074297014,0.9328181147575378,1679.3492993514126,371.61621755945384,0.7697163246719405,0.5158389072748566,1.9927325727626284,0.5305816557805595,1.3291424447038445,0.32558139534883723,0.5158389072748566,2.1,0.7883720930232557,0.4831867578298591,25.2675,0.040940576011666056,1625.0899376669636,0.8724574951605644,0.8451579980679477,0.08431244697555665
