cell_mask_area,cell_mask_area_ratio,cell_mask_intensity,domain_area_mean,domain_area_std,domain_oop_mean,domain_oop_std,domain_slen_mean,myof_bending_mean,myof_bending_std,myof_length_max,myof_length_mean,myof_length_std,myof_straightness_mean,myof_straightness_std,n_domains,n_mbands,n_vectors,n_zbands,sarcomere_area,sarcomere_area_ratio,sarcomere_length_mean,sarcomere_length_std,sarcomere_oop,z_intensity_mean,z_intensity_std,z_lat_alignment_mean,z_lat_alignment_std,z_lat_dist_mean,z_lat_dist_std,z_lat_length_groups_mean,z_lat_neighbors_mean,z_lat_neighbors_std,z_length_max,z_length_mean,z_length_std,z_mask_area,z_mask_area_ratio,z_mask_intensity,z_oop,z_straightness_mean,z_straightness_std
3098.8575,0.27472762017226454,656.0203082910396,131.07,60.62954817990976,0.7046882510185242,0.06994213908910751,1.4971700618279202,0.024833313786209812,0.022974942287479764,40.26174545288086,18.274242401123047,11.536372184753418,0.9254770801513397,0.03987125500045658,3.0,184.0,947.0,183.0,483.1732482910156,0.15591980214999096,1.5047788228988157,0.22469699857437667,0.5205949544906616,1243.083018204248,297.59920257233995,0.7885291432783769,0.673263074590664,1.7671677895763094,0.6441024790233124,3.7214526995899777,0.9836065573770492,0.673263074590664,3.75,1.0221311475409838,0.8238018915800172,102.375,0.03303636904891561,1265.397802197802,0.32404711060521724,0.8428944110124208,0.10813089934766563
