cell_mask_area,cell_mask_area_ratio,cell_mask_intensity,domain_area_mean,domain_area_std,domain_oop_mean,domain_oop_std,domain_slen_mean,myof_bending_mean,myof_bending_std,myof_length_max,myof_length_mean,myof_length_std,myof_straightness_mean,myof_straightness_std,n_domains,n_mbands,n_vectors,n_zbands,sarcomere_area,sarcomere_area_ratio,sarcomere_length_mean,sarcomere_length_std,sarcomere_oop,z_intensity_mean,z_intensity_std,z_lat_alignment_mean,z_lat_alignment_std,z_lat_dist_mean,z_lat_dist_std,z_lat_length_groups_mean,z_lat_neighbors_mean,z_lat_neighbors_std,z_length_max,z_length_mean,z_length_std,z_mask_area,z_mask_area_ratio,z_mask_intensity,z_oop,z_straightness_mean,z_straightness_std
1209.7575,0.3117288961038961,615.9778674651739,58.15125,35.17875,0.9430747032165527,0.0259171724319458,1.4029773150166553,0.01766232281884498,0.005818342646552397,46.71016311645508,27.1959285736084,13.843331336975098,0.9440721622000666,0.023487956823130283,2.0,45.0,344.0,47.0,132.48353576660156,0.10951247317466646,1.4258294454733722,0.20600823883863703,0.9140733480453491,1355.8209554925381,271.9692499903072,0.7044008986516958,0.5764347737933645,1.2569587273200769,0.37243604010318243,2.2850136310341473,0.5531914893617021,0.5764347737933645,3.3,1.3053191489361702,0.8512965107456897,32.894999999999996,0.027191399929324678,1396.6511627906978,0.8047459364245351,0.7930605803639669,0.10157776328331147
