cell_mask_area,cell_mask_area_ratio,cell_mask_intensity,domain_area_mean,domain_area_std,domain_oop_mean,domain_oop_std,domain_slen_mean,myof_bending_mean,myof_bending_std,myof_length_max,myof_length_mean,myof_length_std,myof_straightness_mean,myof_straightness_std,n_domains,n_mbands,n_vectors,n_zbands,sarcomere_area,sarcomere_area_ratio,sarcomere_length_mean,sarcomere_length_std,sarcomere_oop,z_intensity_mean,z_intensity_std,z_lat_alignment_mean,z_lat_alignment_std,z_lat_dist_mean,z_lat_dist_std,z_lat_length_groups_mean,z_lat_neighbors_mean,z_lat_neighbors_std,z_length_max,z_length_mean,z_length_std,z_mask_area,z_mask_area_ratio,z_mask_intensity,z_oop,z_straightness_mean,z_straightness_std
1251.0225,0.1963755933544304,672.2899048578263,105.39,74.61,0.5946566462516785,0.3374268412590027,1.4663501497620417,0.027140267494066297,0.029766231175334747,13.529565811157227,8.672945976257324,2.1799864768981934,0.9615598902118822,0.021096127643956873,2.0,130.0,446.0,110.0,281.505859375,0.22502062063232275,1.5004900571332276,0.2701655708232475,0.2599741518497467,1223.0432661742573,250.18270397448515,0.7108810352961678,0.6653154350375267,1.8362157181627132,0.6200276488607436,2.97253393754054,0.8909090909090909,0.6653154350375267,3.4499999999999997,0.8304545454545451,0.5651265125674175,60.3225,0.04821855722019388,1213.923162998881,0.21328971864267465,0.8405189846623852,0.10501803086300358
