cell_mask_area,cell_mask_area_ratio,cell_mask_intensity,domain_area_mean,domain_area_std,domain_oop_mean,domain_oop_std,domain_slen_mean,myof_bending_mean,myof_bending_std,myof_length_max,myof_length_mean,myof_length_std,myof_straightness_mean,myof_straightness_std,n_domains,n_mbands,n_vectors,n_zbands,sarcomere_area,sarcomere_area_ratio,sarcomere_length_mean,sarcomere_length_std,sarcomere_oop,z_intensity_mean,z_intensity_std,z_lat_alignment_mean,z_lat_alignment_std,z_lat_dist_mean,z_lat_dist_std,z_lat_length_groups_mean,z_lat_neighbors_mean,z_lat_neighbors_std,z_length_max,z_length_mean,z_length_std,z_mask_area,z_mask_area_ratio,z_mask_intensity,z_oop,z_straightness_mean,z_straightness_std
3418.29,0.2772715243874618,603.9104157341828,115.45875000000001,85.32838047251629,0.7637706398963928,0.20352725684642792,1.536523695123489,0.0202883011887337,0.015123286695391197,33.1190071105957,13.126601219177246,7.3267388343811035,0.9501513247498082,0.04050049507148952,6.0,271.0,1721.0,262.0,852.6237182617188,0.2494298957261434,1.5306578109195168,0.1716401922578311,0.4255651831626892,1180.6623710042857,286.35611071497135,0.8414140346847183,0.6710614038423178,1.7180743046800457,0.6162424640571814,4.221813909367431,1.0076335877862594,0.6710614038423178,4.95,1.2291984732824426,0.9692389626481317,156.105,0.04566757062741897,1169.6441337561257,0.37503169337916253,0.7984985685712143,0.11285133680446077
