cell_mask_area,cell_mask_area_ratio,cell_mask_intensity,domain_area_mean,domain_area_std,domain_oop_mean,domain_oop_std,domain_slen_mean,myof_bending_mean,myof_bending_std,myof_length_max,myof_length_mean,myof_length_std,myof_straightness_mean,myof_straightness_std,n_domains,n_mbands,n_vectors,n_zbands,sarcomere_area,sarcomere_area_ratio,sarcomere_length_mean,sarcomere_length_std,sarcomere_oop,z_intensity_mean,z_intensity_std,z_lat_alignment_mean,z_lat_alignment_std,z_lat_dist_mean,z_lat_dist_std,z_lat_length_groups_mean,z_lat_neighbors_mean,z_lat_neighbors_std,z_length_max,z_length_mean,z_length_std,z_mask_area,z_mask_area_ratio,z_mask_intensity,z_oop,z_straightness_mean,z_straightness_std
1452.4199999999998,0.1056544233542235,618.8723044986987,44.1675,0.0,0.9210763573646545,0.0,1.551604793422625,0.012294386413719799,0.0069123749696400035,13.438741683959961,10.000483512878418,2.8599743843078613,0.9657671633841527,0.011836294364124955,1.0,59.0,203.0,47.0,132.82907104492188,0.09145362294991936,1.482188477294776,0.22617894932432142,0.8038884401321411,1097.7029911971697,179.52779201279512,0.7354770043319009,0.5016947286192169,1.498104904166682,0.5830672434612055,1.3496683582291695,0.2978723404255319,0.5016947286192169,4.05,0.925531914893617,0.759400123027235,32.9625,0.022694881645804934,1103.7815699658704,0.6527423515862356,0.8340144799083388,0.11366213763130577
