sarcomere_area,cell_mask_area_ratio,domain_area_std,domain_oop_mean,sarcomere_length_mean,z_mask_intensity,myof_straightness_std,z_mask_area,z_straightness_std,myof_length_mean,myof_bending_std,sarcomere_oop,n_domains,myof_straightness_mean,z_intensity_mean,myof_bending_mean,z_lat_dist_mean,z_lat_length_groups_mean,z_length_max,sarcomere_area_ratio,z_length_std,myof_length_max,domain_slen_mean,z_mask_area_ratio,z_lat_alignment_std,n_zbands,cell_mask_area,cell_mask_intensity,z_oop,z_lat_alignment_mean,z_length_mean,z_lat_dist_std,myof_length_std,n_vectors,z_straightness_mean,n_mbands,z_intensity_std,sarcomere_length_std,z_lat_neighbors_mean,z_lat_neighbors_std,domain_area_mean,domain_oop_std
157.91754150390625,0.16704014939309056,3.5437499999999993,0.719756007194519,1.5323047855522112,891.3328964613369,0.030082853623770212,34.335,0.08972393630586283,8.947918891906738,0.025435080642878024,0.6211090683937073,2.0,0.9009756761821729,902.8824499976972,0.06402882331600245,1.8199349132996425,1.2718349775221294,3.0,0.08916303420109777,0.48065968941052406,14.245038986206055,1.5354800693060402,0.01938614767010519,0.548669356064048,68.0,1771.11,563.4212231312566,0.49979119382612125,0.8002062415877208,0.6352941176470587,0.6769003281208913,3.081879138946533,191.0,0.8647955209333432,78.0,171.29968622836338,0.31745595982152164,0.4117647058823529,0.548669356064048,38.71124999999999,0.11858782172203064
