sarcomere_area,cell_mask_area_ratio,domain_area_std,domain_oop_mean,sarcomere_length_mean,z_mask_intensity,myof_straightness_std,z_mask_area,z_straightness_std,myof_length_mean,myof_bending_std,sarcomere_oop,n_domains,myof_straightness_mean,z_intensity_mean,myof_bending_mean,z_lat_dist_mean,z_lat_length_groups_mean,z_length_max,sarcomere_area_ratio,z_length_std,myof_length_max,domain_slen_mean,z_mask_area_ratio,z_lat_alignment_std,n_zbands,cell_mask_area,cell_mask_intensity,z_oop,z_lat_alignment_mean,z_length_mean,z_lat_dist_std,myof_length_std,n_vectors,z_straightness_mean,n_mbands,z_intensity_std,sarcomere_length_std,z_lat_neighbors_mean,z_lat_neighbors_std,domain_area_mean,domain_oop_std
286.5065612792969,0.1352751000842815,25.177499999999995,0.6614964604377747,1.5289869233857274,1079.463872255489,0.0403007463496451,56.3625,0.12175141407507994,16.5845890045166,0.014814869392469742,0.4969937205314636,2.0,0.9509062666769925,1083.5129165362448,0.01677887257337394,1.7821755220941198,5.320647709702188,7.05,0.30990350083347196,1.4394653257701542,32.456703186035156,1.5277355215482,0.06096522183552776,0.6503604093407792,73.0,924.5024999999999,626.5824673270218,0.5846494457798973,0.8382633433941844,1.6232876712328765,0.643720998754912,9.288602828979492,671.0,0.7821144111120181,81.0,200.9444416141998,0.20046925634182888,1.0410958904109588,0.6503604093407792,124.2675,0.28194186091423035
