cell_mask_area,cell_mask_area_ratio,cell_mask_intensity,domain_area_mean,domain_area_std,domain_oop_mean,domain_oop_std,domain_slen_mean,myof_bending_mean,myof_bending_std,myof_length_max,myof_length_mean,myof_length_std,myof_straightness_mean,myof_straightness_std,n_domains,n_mbands,n_vectors,n_zbands,sarcomere_area,sarcomere_area_ratio,sarcomere_length_mean,sarcomere_length_std,sarcomere_oop,z_intensity_mean,z_intensity_std,z_lat_alignment_mean,z_lat_alignment_std,z_lat_dist_mean,z_lat_dist_std,z_lat_length_groups_mean,z_lat_neighbors_mean,z_lat_neighbors_std,z_length_max,z_length_mean,z_length_std,z_mask_area,z_mask_area_ratio,z_mask_intensity,z_oop,z_straightness_mean,z_straightness_std
887.5799999999999,0.16984414018772065,783.1525045629689,,,,,,0.060061453764166384,0.008182522853110006,6.724031925201416,6.527243614196777,0.17933082580566406,0.9377885574425698,0.03544383369366507,0.0,21.0,60.0,19.0,27.129961013793945,0.030566214891946584,1.293434185238277,0.25838878680796734,0.7639250159263611,1774.0342068749965,285.53696760246294,0.6712032899997504,0.6781104593013224,1.7203023048842823,0.7717253266608651,1.3643936803158152,0.5263157894736842,0.6781104593013224,1.2,0.5526315789473684,0.24840209561924642,5.984999999999999,0.006743054147231799,1753.8383458646617,0.8552742260657821,0.909156494475054,0.08187902206852184
