cell_mask_area,cell_mask_area_ratio,cell_mask_intensity,domain_area_mean,domain_area_std,domain_oop_mean,domain_oop_std,domain_slen_mean,myof_bending_mean,myof_bending_std,myof_length_max,myof_length_mean,myof_length_std,myof_straightness_mean,myof_straightness_std,n_domains,n_mbands,n_vectors,n_zbands,sarcomere_area,sarcomere_area_ratio,sarcomere_length_mean,sarcomere_length_std,sarcomere_oop,z_intensity_mean,z_intensity_std,z_lat_alignment_mean,z_lat_alignment_std,z_lat_dist_mean,z_lat_dist_std,z_lat_length_groups_mean,z_lat_neighbors_mean,z_lat_neighbors_std,z_length_max,z_length_mean,z_length_std,z_mask_area,z_mask_area_ratio,z_mask_intensity,z_oop,z_straightness_mean,z_straightness_std
796.9499999999999,0.24834704079987097,634.6044889892715,28.5075,0.0,0.9039406776428223,0.0,1.5011271304908351,0.025514717910668165,0.01935357087226152,9.019143104553223,6.998103618621826,1.1758350133895874,0.9622688721893644,0.023600496532602065,1.0,32.0,96.0,33.0,67.26300048828125,0.0844005276219101,1.4623512017745695,0.2857784497551279,0.6810719966888428,1191.1593388276324,271.8141818877265,0.773599210719423,0.6569540420811757,1.8980413250241415,0.6095093342194191,1.4953732240077255,0.48484848484848486,0.6569540420811757,1.65,0.6727272727272727,0.3979285205134416,16.537499999999998,0.02075098814229249,1152.0761904761905,0.6096448582362404,0.8615528596008044,0.05826304206386135
