cell_mask_area,cell_mask_area_ratio,cell_mask_intensity,domain_area_mean,domain_area_std,domain_oop_mean,domain_oop_std,domain_slen_mean,myof_bending_mean,myof_bending_std,myof_length_max,myof_length_mean,myof_length_std,myof_straightness_mean,myof_straightness_std,n_domains,n_mbands,n_vectors,n_zbands,sarcomere_area,sarcomere_area_ratio,sarcomere_length_mean,sarcomere_length_std,sarcomere_oop,z_intensity_mean,z_intensity_std,z_lat_alignment_mean,z_lat_alignment_std,z_lat_dist_mean,z_lat_dist_std,z_lat_length_groups_mean,z_lat_neighbors_mean,z_lat_neighbors_std,z_length_max,z_length_mean,z_length_std,z_mask_area,z_mask_area_ratio,z_mask_intensity,z_oop,z_straightness_mean,z_straightness_std
1310.8274999999999,0.2197706439322494,649.8040646080434,45.376875,25.133096106963723,0.7768130302429199,0.08554769307374954,1.4217233408190024,0.021857031279021194,0.015814570717630302,21.428800582885742,10.499398231506348,4.698966979980469,0.9548240760866783,0.02082317313861313,4.0,77.0,477.0,75.0,214.61534118652344,0.16372508296211627,1.4153325652133835,0.2204503204335724,0.5334059000015259,1378.3911476379042,307.6528854517171,0.6629274435551604,0.5926962872238098,1.6197255757172533,0.7265640435415256,2.0994171052792545,0.4266666666666667,0.5926962872238098,4.5,1.3059999999999998,0.9281508498083703,53.302499999999995,0.04066324516383735,1413.486281131279,0.362469474378256,0.8033721180844189,0.13417280230833775
