sarcomere_area,cell_mask_area_ratio,domain_area_std,domain_oop_mean,sarcomere_length_mean,z_mask_intensity,myof_straightness_std,z_mask_area,z_straightness_std,myof_length_mean,myof_bending_std,sarcomere_oop,n_domains,myof_straightness_mean,z_intensity_mean,myof_bending_mean,z_lat_dist_mean,z_lat_length_groups_mean,z_length_max,sarcomere_area_ratio,z_length_std,myof_length_max,domain_slen_mean,z_mask_area_ratio,z_lat_alignment_std,n_zbands,cell_mask_area,cell_mask_intensity,z_oop,z_lat_alignment_mean,z_length_mean,z_lat_dist_std,myof_length_std,n_vectors,z_straightness_mean,n_mbands,z_intensity_std,sarcomere_length_std,z_lat_neighbors_mean,z_lat_neighbors_std,domain_area_mean,domain_oop_std
22.80820655822754,0.13487676343910387,,,1.2779142813089779,1573.3022222222223,0.012444880266823166,5.0625,0.08996764597252721,6.1979899406433105,0.0028295435975615882,0.6410186290740967,0.0,0.9546831474148374,1622.3546443268667,0.01665889108706511,2.4738633753705987,0.8904829219213248,1.5,0.06461202557553428,0.3815174380753199,6.2479472160339355,,0.014341258206386641,0.41573970964154905,9.0,353.0025,760.1980368410989,0.4352977735677962,0.5393413061751604,0.5166666666666667,0.0,0.03115793690085411,32.0,0.9219435697505873,15.0,145.526090674905,0.1929930295569385,0.2222222222222222,0.41573970964154905,,
