cell_mask_area,cell_mask_area_ratio,cell_mask_intensity,domain_area_mean,domain_area_std,domain_oop_mean,domain_oop_std,domain_slen_mean,myof_bending_mean,myof_bending_std,myof_length_max,myof_length_mean,myof_length_std,myof_straightness_mean,myof_straightness_std,n_domains,n_mbands,n_vectors,n_zbands,sarcomere_area,sarcomere_area_ratio,sarcomere_length_mean,sarcomere_length_std,sarcomere_oop,z_intensity_mean,z_intensity_std,z_lat_alignment_mean,z_lat_alignment_std,z_lat_dist_mean,z_lat_dist_std,z_lat_length_groups_mean,z_lat_neighbors_mean,z_lat_neighbors_std,z_length_max,z_length_mean,z_length_std,z_mask_area,z_mask_area_ratio,z_mask_intensity,z_oop,z_straightness_mean,z_straightness_std
1309.9275,0.21961975178241352,649.9028495851869,45.506249999999994,25.39589512229289,0.7745290994644165,0.0868004783987999,1.4209269380893699,0.02558112738463237,0.020838348696205,20.037574768066406,10.615180015563965,3.71484112739563,0.949420712909333,0.027012018536804846,4.0,77.0,479.0,75.0,214.28265380859375,0.16358359818279541,1.412291756610284,0.22975733706425708,0.5256866812705994,1378.5693213073719,307.85351712656535,0.6631867108814137,0.5926962872238098,1.6197255757172533,0.7265640435415256,2.1045018510419666,0.4266666666666667,0.5926962872238098,4.5,1.3099999999999998,0.9309135298189622,53.302499999999995,0.0406911832906783,1413.5808357956944,0.36256330158469896,0.8032884579537,0.13424772478145192
