cell_mask_area,cell_mask_area_ratio,cell_mask_intensity,domain_area_mean,domain_area_std,domain_oop_mean,domain_oop_std,domain_slen_mean,myof_bending_mean,myof_bending_std,myof_length_max,myof_length_mean,myof_length_std,myof_straightness_mean,myof_straightness_std,n_domains,n_mbands,n_vectors,n_zbands,sarcomere_area,sarcomere_area_ratio,sarcomere_length_mean,sarcomere_length_std,sarcomere_oop,z_intensity_mean,z_intensity_std,z_lat_alignment_mean,z_lat_alignment_std,z_lat_dist_mean,z_lat_dist_std,z_lat_length_groups_mean,z_lat_neighbors_mean,z_lat_neighbors_std,z_length_max,z_length_mean,z_length_std,z_mask_area,z_mask_area_ratio,z_mask_intensity,z_oop,z_straightness_mean,z_straightness_std
961.9425,0.15045396959459462,749.3009145557037,66.71249999999999,0.0,0.3756183087825775,0.0,1.3797207576367012,0.09834093310946485,0.06297086475728514,13.131677627563477,8.827666282653809,1.850522518157959,0.8988530005942554,0.049808698304277296,1.0,44.0,149.0,44.0,79.72769927978516,0.0828819802428785,1.3775574882612365,0.27631324538239865,0.36645063757896423,1502.0178880787926,295.05718661695516,0.6891121859060936,0.6248966856757963,1.6942369038768539,0.8485797719314595,2.7036200469464085,0.8636363636363636,0.6248966856757963,2.4,0.8045454545454546,0.484042891344514,19.5525,0.020326058990012396,1486.867663981588,0.300482077482494,0.8206413342057232,0.10774608880849018
