cell_mask_area,cell_mask_area_ratio,cell_mask_intensity,domain_area_mean,domain_area_std,domain_oop_mean,domain_oop_std,domain_slen_mean,myof_bending_mean,myof_bending_std,myof_length_max,myof_length_mean,myof_length_std,myof_straightness_mean,myof_straightness_std,n_domains,n_mbands,n_vectors,n_zbands,sarcomere_area,sarcomere_area_ratio,sarcomere_length_mean,sarcomere_length_std,sarcomere_oop,z_intensity_mean,z_intensity_std,z_lat_alignment_mean,z_lat_alignment_std,z_lat_dist_mean,z_lat_dist_std,z_lat_length_groups_mean,z_lat_neighbors_mean,z_lat_neighbors_std,z_length_max,z_length_mean,z_length_std,z_mask_area,z_mask_area_ratio,z_mask_intensity,z_oop,z_straightness_mean,z_straightness_std
1250.4824999999998,0.1962908284358047,672.3589254547744,106.48124999999999,0.34875000000000256,0.288529634475708,0.22538518905639648,1.5016235600158783,0.03584274729274756,0.03253430370871016,13.797406196594238,8.737839698791504,2.0638551712036133,0.9472621757775773,0.032350647122055175,2.0,130.0,449.0,110.0,281.3825378417969,0.22501917287270867,1.5033712323098105,0.27167583618891467,0.255588561296463,1222.9170134486862,250.25745052928735,0.711666290331009,0.6653154350375267,1.8362157181627132,0.6200276488607436,2.97253393754054,0.8909090909090909,0.6653154350375267,3.4499999999999997,0.8304545454545451,0.5651265125674175,60.3225,0.04823937959947461,1213.7057068258114,0.21325965096449426,0.8403522494552365,0.10523002542078878
