sarcomere_area,cell_mask_area_ratio,domain_area_std,domain_oop_mean,sarcomere_length_mean,z_mask_intensity,myof_straightness_std,z_mask_area,z_straightness_std,myof_length_mean,myof_bending_std,sarcomere_oop,n_domains,myof_straightness_mean,z_intensity_mean,myof_bending_mean,z_lat_dist_mean,z_lat_length_groups_mean,z_length_max,sarcomere_area_ratio,z_length_std,myof_length_max,domain_slen_mean,z_mask_area_ratio,z_lat_alignment_std,n_zbands,cell_mask_area,cell_mask_intensity,z_oop,z_lat_alignment_mean,z_length_mean,z_lat_dist_std,myof_length_std,n_vectors,z_straightness_mean,n_mbands,z_intensity_std,sarcomere_length_std,z_lat_neighbors_mean,z_lat_neighbors_std,domain_area_mean,domain_oop_std
67.16685485839844,0.2482769258815198,0.0,0.9039885401725769,1.4823569581951843,1151.291156462585,0.024122827404921537,16.537499999999998,0.05787792487445928,6.868858337402344,0.03115144182883581,0.6790469884872437,1.0,0.9215281707290032,1191.3524790207725,0.057868574150133016,1.8980413250241415,1.4893732240077253,1.65,0.08430368679079787,0.39615924671819863,8.96141242980957,1.5337109228710857,0.020756848347924312,0.6569540420811757,33.0,796.725,634.6409488844959,0.6126941118637531,0.7752801781883316,0.6681818181818182,0.6095093342194191,1.574336051940918,97.0,0.8628600491432881,32.0,271.95326539272247,0.3041644418272486,0.48484848484848486,0.6569540420811757,29.115,0.0
