cell_mask_area,cell_mask_area_ratio,cell_mask_intensity,domain_area_mean,domain_area_std,domain_oop_mean,domain_oop_std,domain_slen_mean,myof_bending_mean,myof_bending_std,myof_length_max,myof_length_mean,myof_length_std,myof_straightness_mean,myof_straightness_std,n_domains,n_mbands,n_vectors,n_zbands,sarcomere_area,sarcomere_area_ratio,sarcomere_length_mean,sarcomere_length_std,sarcomere_oop,z_intensity_mean,z_intensity_std,z_lat_alignment_mean,z_lat_alignment_std,z_lat_dist_mean,z_lat_dist_std,z_lat_length_groups_mean,z_lat_neighbors_mean,z_lat_neighbors_std,z_length_max,z_length_mean,z_length_std,z_mask_area,z_mask_area_ratio,z_mask_intensity,z_oop,z_straightness_mean,z_straightness_std
651.78,0.13734638142922168,678.3721692902513,22.2075,0.0,0.8561114072799683,0.0,1.4003335004696789,0.025183819231525708,0.01589535934843013,5.862087726593018,5.483569622039795,0.3706407845020294,0.963633458395137,0.011823255710454023,1.0,12.0,44.0,11.0,24.63813018798828,0.037801298272405234,1.4003335004696789,0.25742752416396186,0.8561114072799683,1312.1364362152997,185.03392940780174,0.7041187861222166,0.49792959773196915,2.0724846330922357,0.2912171794323701,2.1646817374095884,0.5454545454545454,0.49792959773196915,2.55,1.0090909090909088,0.6003098373560491,6.1875,0.009493233913283624,1311.3854545454546,0.7685600247950681,0.832126233414543,0.06547670923190281
