cell_mask_area,cell_mask_area_ratio,cell_mask_intensity,domain_area_mean,domain_area_std,domain_oop_mean,domain_oop_std,domain_slen_mean,myof_bending_mean,myof_bending_std,myof_length_max,myof_length_mean,myof_length_std,myof_straightness_mean,myof_straightness_std,n_domains,n_mbands,n_vectors,n_zbands,sarcomere_area,sarcomere_area_ratio,sarcomere_length_mean,sarcomere_length_std,sarcomere_oop,z_intensity_mean,z_intensity_std,z_lat_alignment_mean,z_lat_alignment_std,z_lat_dist_mean,z_lat_dist_std,z_lat_length_groups_mean,z_lat_neighbors_mean,z_lat_neighbors_std,z_length_max,z_length_mean,z_length_std,z_mask_area,z_mask_area_ratio,z_mask_intensity,z_oop,z_straightness_mean,z_straightness_std
1771.11,0.16704014939309056,563.4212231312566,38.71124999999999,3.5437499999999993,0.719756007194519,0.11858782172203064,1.5354800693060402,0.06402882331600245,0.025435080642878024,14.245038986206055,8.947918891906738,3.081879138946533,0.9009756761821729,0.030082853623770212,2.0,78.0,191.0,68.0,157.91754150390625,0.08916303420109777,1.5323047855522112,0.31745595982152164,0.6211090683937073,902.8824499976972,171.29968622836338,0.8002062415877208,0.548669356064048,1.8199349132996425,0.6769003281208913,1.2718349775221294,0.4117647058823529,0.548669356064048,3.0,0.6352941176470587,0.48065968941052406,34.335,0.01938614767010519,891.3328964613369,0.49979119382612125,0.8647955209333432,0.08972393630586283
