cell_mask_area,cell_mask_area_ratio,cell_mask_intensity,domain_area_mean,domain_area_std,domain_oop_mean,domain_oop_std,domain_slen_mean,myof_bending_mean,myof_bending_std,myof_length_max,myof_length_mean,myof_length_std,myof_straightness_mean,myof_straightness_std,n_domains,n_mbands,n_vectors,n_zbands,sarcomere_area,sarcomere_area_ratio,sarcomere_length_mean,sarcomere_length_std,sarcomere_oop,z_intensity_mean,z_intensity_std,z_lat_alignment_mean,z_lat_alignment_std,z_lat_dist_mean,z_lat_dist_std,z_lat_length_groups_mean,z_lat_neighbors_mean,z_lat_neighbors_std,z_length_max,z_length_mean,z_length_std,z_mask_area,z_mask_area_ratio,z_mask_intensity,z_oop,z_straightness_mean,z_straightness_std
1770.1875,0.16695314489432136,563.449291388624,38.801249999999996,3.4762500000000003,0.7195742130279541,0.11855164170265198,1.5668580918517363,0.05218468489260852,0.037310630979664985,12.486715316772461,8.723018646240234,2.3580870628356934,0.9232319015668587,0.04403575327518509,2.0,78.0,191.0,68.0,157.9705810546875,0.08923946251721215,1.5548564903397795,0.3253849623567302,0.6212961673736572,903.1089133771667,171.35775560683658,0.8088292796776074,0.548669356064048,1.809321231227957,0.6708999047754833,1.2718610599479885,0.4117647058823529,0.548669356064048,3.0,0.6374999999999998,0.47945856411777893,34.402499999999996,0.019434381951064506,891.0810987573577,0.499991297474177,0.8655308150509904,0.08939419032508268
