cell_mask_area,cell_mask_area_ratio,cell_mask_intensity,domain_area_mean,domain_area_std,domain_oop_mean,domain_oop_std,domain_slen_mean,myof_bending_mean,myof_bending_std,myof_length_max,myof_length_mean,myof_length_std,myof_straightness_mean,myof_straightness_std,n_domains,n_mbands,n_vectors,n_zbands,sarcomere_area,sarcomere_area_ratio,sarcomere_length_mean,sarcomere_length_std,sarcomere_oop,z_intensity_mean,z_intensity_std,z_lat_alignment_mean,z_lat_alignment_std,z_lat_dist_mean,z_lat_dist_std,z_lat_length_groups_mean,z_lat_neighbors_mean,z_lat_neighbors_std,z_length_max,z_length_mean,z_length_std,z_mask_area,z_mask_area_ratio,z_mask_intensity,z_oop,z_straightness_mean,z_straightness_std
1469.07,0.1517987919706502,625.0699932610427,25.83,0.9900000000000002,0.8980628252029419,0.04990449547767639,1.315216498564646,0.06665017733392602,0.08057328942643525,12.222701072692871,7.862673759460449,3.171720027923584,0.943473077931259,0.026635271560805873,2.0,50.0,133.0,33.0,80.24887084960938,0.054625627675746816,1.33551133384434,0.25356062463324563,0.7924510836601257,1179.7245893345203,281.9938684425625,0.6187510144711678,0.385694607919935,1.9850113975335475,0.5785583390306627,1.1085011397533546,0.18181818181818182,0.385694607919935,1.95,0.8272727272727273,0.48164662468907654,20.1375,0.01370765177969736,1166.8882681564246,0.7186603431850607,0.8371371260432624,0.09112199528568454
