cell_mask_area,cell_mask_area_ratio,cell_mask_intensity,domain_area_mean,domain_area_std,domain_oop_mean,domain_oop_std,domain_slen_mean,myof_bending_mean,myof_bending_std,myof_length_max,myof_length_mean,myof_length_std,myof_straightness_mean,myof_straightness_std,n_domains,n_mbands,n_vectors,n_zbands,sarcomere_area,sarcomere_area_ratio,sarcomere_length_mean,sarcomere_length_std,sarcomere_oop,z_intensity_mean,z_intensity_std,z_lat_alignment_mean,z_lat_alignment_std,z_lat_dist_mean,z_lat_dist_std,z_lat_length_groups_mean,z_lat_neighbors_mean,z_lat_neighbors_std,z_length_max,z_length_mean,z_length_std,z_mask_area,z_mask_area_ratio,z_mask_intensity,z_oop,z_straightness_mean,z_straightness_std
796.725,0.2482769258815198,634.6409488844959,29.115,0.0,0.9039868116378784,0.0,1.5387952404675804,0.05786857415013302,0.031151441828835814,9.053773880004883,6.923241138458252,1.5791687965393066,0.9215281707290032,0.024122827404921537,1.0,32.0,97.0,33.0,67.1668930053711,0.08430373467052131,1.4867036599104129,0.3015939818909165,0.6790508031845093,1191.3524790207725,271.95326539272247,0.7752801799208364,0.6569540420811757,1.8980413250241415,0.6095093342194191,1.4893732240077253,0.48484848484848486,0.6569540420811757,1.65,0.6681818181818182,0.39615924671819863,16.537499999999998,0.020756848347924312,1151.291156462585,0.6126941118637531,0.8628600491432881,0.05787792487445928
