sarcomere_area,cell_mask_area_ratio,domain_area_std,domain_oop_mean,sarcomere_length_mean,z_mask_intensity,myof_straightness_std,z_mask_area,z_straightness_std,myof_length_mean,myof_bending_std,sarcomere_oop,n_domains,myof_straightness_mean,z_intensity_mean,myof_bending_mean,z_lat_dist_mean,z_lat_length_groups_mean,z_length_max,sarcomere_area_ratio,z_length_std,myof_length_max,domain_slen_mean,z_mask_area_ratio,z_lat_alignment_std,n_zbands,cell_mask_area,cell_mask_intensity,z_oop,z_lat_alignment_mean,z_length_mean,z_lat_dist_std,myof_length_std,n_vectors,z_straightness_mean,n_mbands,z_intensity_std,sarcomere_length_std,z_lat_neighbors_mean,z_lat_neighbors_std,domain_area_mean,domain_oop_std
42.43741989135742,0.14044883795472599,0.0,0.746903121471405,1.2810309143961882,1753.8943089430895,0.020441985708430525,8.3025,0.08302425620750341,8.500743865966797,0.010222460678536192,0.746903121471405,1.0,0.9573514434544268,1843.9236642847548,0.024896672139109573,1.7881454628823805,2.5161090971617854,1.95,0.062383659149533525,0.4130523512800275,10.555451393127441,1.2810309143961882,0.012204802540186546,0.5593971487843205,21.0,680.265,747.9163193755375,0.6866860662667691,0.7584081549062457,0.6714285714285714,0.7500238686689575,1.5882360935211182,75.0,0.8913008337238028,24.0,396.9824815638127,0.20445795611327208,0.8571428571428571,0.5593971487843205,34.47,0.0
