cell_mask_area,cell_mask_area_ratio,cell_mask_intensity,domain_area_mean,domain_area_std,domain_oop_mean,domain_oop_std,domain_slen_mean,myof_bending_mean,myof_bending_std,myof_length_max,myof_length_mean,myof_length_std,myof_straightness_mean,myof_straightness_std,n_domains,n_mbands,n_vectors,n_zbands,sarcomere_area,sarcomere_area_ratio,sarcomere_length_mean,sarcomere_length_std,sarcomere_oop,z_intensity_mean,z_intensity_std,z_lat_alignment_mean,z_lat_alignment_std,z_lat_dist_mean,z_lat_dist_std,z_lat_length_groups_mean,z_lat_neighbors_mean,z_lat_neighbors_std,z_length_max,z_length_mean,z_length_std,z_mask_area,z_mask_area_ratio,z_mask_intensity,z_oop,z_straightness_mean,z_straightness_std
1451.2275,0.10556767647670191,618.9604489992092,44.235,0.0,0.9210436940193176,0.0,1.5551425480485725,0.012816186553684846,0.014488431755267622,12.775559425354004,8.582137107849121,2.4408466815948486,0.9704965054657534,0.017763772095258583,1.0,59.0,202.0,47.0,132.93142700195312,0.09159930266064634,1.4806930105002776,0.23655808303966172,0.8056718111038208,1097.7029911971697,179.52779201279512,0.7371829001557526,0.5016947286192169,1.498104904166682,0.5830672434612055,1.3496683582291695,0.2978723404255319,0.5016947286192169,4.05,0.925531914893617,0.759400123027235,32.985,0.022729034558675327,1103.931105047749,0.6527423515862356,0.8340144799083388,0.11366213763130577
