cell_mask_area,cell_mask_area_ratio,cell_mask_intensity,domain_area_mean,domain_area_std,domain_oop_mean,domain_oop_std,domain_slen_mean,myof_bending_mean,myof_bending_std,myof_length_max,myof_length_mean,myof_length_std,myof_straightness_mean,myof_straightness_std,n_domains,n_mbands,n_vectors,n_zbands,sarcomere_area,sarcomere_area_ratio,sarcomere_length_mean,sarcomere_length_std,sarcomere_oop,z_intensity_mean,z_intensity_std,z_lat_alignment_mean,z_lat_alignment_std,z_lat_dist_mean,z_lat_dist_std,z_lat_length_groups_mean,z_lat_neighbors_mean,z_lat_neighbors_std,z_length_max,z_length_mean,z_length_std,z_mask_area,z_mask_area_ratio,z_mask_intensity,z_oop,z_straightness_mean,z_straightness_std
924.5024999999999,0.1352751000842815,626.5824673270218,124.2675,25.177499999999995,0.6614964604377747,0.28194186091423035,1.5277355215482,0.01677887257337394,0.014814869392469742,32.456703186035156,16.5845890045166,9.288602828979492,0.9509062666769925,0.0403007463496451,2.0,81.0,671.0,73.0,286.5065612792969,0.30990350083347196,1.5289869233857274,0.20046925634182888,0.4969937205314636,1083.5129165362448,200.9444416141998,0.8382633433941844,0.6503604093407792,1.7821755220941198,0.643720998754912,5.320647709702188,1.0410958904109588,0.6503604093407792,7.05,1.6232876712328765,1.4394653257701542,56.3625,0.06096522183552776,1079.463872255489,0.5846494457798973,0.7821144111120181,0.12175141407507994
