cell_mask_area,cell_mask_area_ratio,cell_mask_intensity,domain_area_mean,domain_area_std,domain_oop_mean,domain_oop_std,domain_slen_mean,myof_bending_mean,myof_bending_std,myof_length_max,myof_length_mean,myof_length_std,myof_straightness_mean,myof_straightness_std,n_domains,n_mbands,n_vectors,n_zbands,sarcomere_area,sarcomere_area_ratio,sarcomere_length_mean,sarcomere_length_std,sarcomere_oop,z_intensity_mean,z_intensity_std,z_lat_alignment_mean,z_lat_alignment_std,z_lat_dist_mean,z_lat_dist_std,z_lat_length_groups_mean,z_lat_neighbors_mean,z_lat_neighbors_std,z_length_max,z_length_mean,z_length_std,z_mask_area,z_mask_area_ratio,z_mask_intensity,z_oop,z_straightness_mean,z_straightness_std
353.0025,0.13487676343910387,760.1980368410989,,,,,,0.01665889108706511,0.0028295435975615882,6.391279697418213,6.272855281829834,0.07789449393749237,0.9546831474148374,0.012444880266823166,0.0,15.0,32.0,9.0,22.80823516845703,0.06461210662376904,1.2683698669069408,0.19219618967314545,0.6410197019577026,1622.3546443268667,145.526090674905,0.5393413061751604,0.41573970964154905,2.4738633753705987,0.0,0.8904829219213248,0.2222222222222222,0.41573970964154905,1.5,0.5166666666666667,0.3815174380753199,5.0625,0.014341258206386641,1573.3022222222223,0.4352977735677962,0.9219435697505873,0.08996764597252721
