cell_mask_area,cell_mask_area_ratio,cell_mask_intensity,domain_area_mean,domain_area_std,domain_oop_mean,domain_oop_std,domain_slen_mean,myof_bending_mean,myof_bending_std,myof_length_max,myof_length_mean,myof_length_std,myof_straightness_mean,myof_straightness_std,n_domains,n_mbands,n_vectors,n_zbands,sarcomere_area,sarcomere_area_ratio,sarcomere_length_mean,sarcomere_length_std,sarcomere_oop,z_intensity_mean,z_intensity_std,z_lat_alignment_mean,z_lat_alignment_std,z_lat_dist_mean,z_lat_dist_std,z_lat_length_groups_mean,z_lat_neighbors_mean,z_lat_neighbors_std,z_length_max,z_length_mean,z_length_std,z_mask_area,z_mask_area_ratio,z_mask_intensity,z_oop,z_straightness_mean,z_straightness_std
887.9399999999999,0.16991302850254025,783.0416835597,,,,,,0.03242094945985714,0.030372314748948304,7.230868339538574,6.597218036651611,0.6213213205337524,0.9370892704534668,0.047402678781454856,0.0,21.0,58.0,19.0,27.023357391357422,0.030433765109531528,1.3209665509059805,0.26809933849304823,0.7623791694641113,1775.2599378691482,287.6480402553999,0.6693003705410503,0.6781104593013224,1.6797459459881678,0.7765008415554417,1.3499092664243457,0.5263157894736842,0.6781104593013224,1.2,0.5526315789473684,0.24840209561924642,5.9399999999999995,0.006689641191972431,1752.3257575757575,0.8567009734940272,0.909156494475054,0.08187902206852184
