cell_mask_area,cell_mask_area_ratio,cell_mask_intensity,domain_area_mean,domain_area_std,domain_oop_mean,domain_oop_std,domain_slen_mean,myof_bending_mean,myof_bending_std,myof_length_max,myof_length_mean,myof_length_std,myof_straightness_mean,myof_straightness_std,n_domains,n_mbands,n_vectors,n_zbands,sarcomere_area,sarcomere_area_ratio,sarcomere_length_mean,sarcomere_length_std,sarcomere_oop,z_intensity_mean,z_intensity_std,z_lat_alignment_mean,z_lat_alignment_std,z_lat_dist_mean,z_lat_dist_std,z_lat_length_groups_mean,z_lat_neighbors_mean,z_lat_neighbors_std,z_length_max,z_length_mean,z_length_std,z_mask_area,z_mask_area_ratio,z_mask_intensity,z_oop,z_straightness_mean,z_straightness_std
1598.76,0.1367118807118807,736.5815976131502,190.9125,39.712500000000006,0.6446773409843445,0.15426427125930786,1.4122774203192359,0.02567406423366714,0.02096005371178637,46.088905334472656,20.481218338012695,10.505513191223145,0.9212901320486574,0.05549494747632507,2.0,125.0,1236.0,141.0,415.34619140625,0.2597927089783645,1.4073739437892276,0.2571656889149999,0.6556237936019897,1550.7491527909337,358.9584090441263,0.8012547219140321,0.6890026207773499,1.513072656898874,0.7089200636772192,4.502111296194754,0.9787234042553191,0.6890026207773499,5.85,1.5585106382978722,1.0760111102871077,90.5175,0.056617315919837874,1583.5192642306736,0.5356110814483206,0.7925533820036615,0.12031767021031002
