sarcomere_area,cell_mask_area_ratio,domain_area_std,domain_oop_mean,sarcomere_length_mean,z_mask_intensity,myof_straightness_std,z_mask_area,z_straightness_std,myof_length_mean,myof_bending_std,sarcomere_oop,n_domains,myof_straightness_mean,z_intensity_mean,myof_bending_mean,z_lat_dist_mean,z_lat_length_groups_mean,z_length_max,sarcomere_area_ratio,z_length_std,myof_length_max,domain_slen_mean,z_mask_area_ratio,z_lat_alignment_std,n_zbands,cell_mask_area,cell_mask_intensity,z_oop,z_lat_alignment_mean,z_length_mean,z_lat_dist_std,myof_length_std,n_vectors,z_straightness_mean,n_mbands,z_intensity_std,sarcomere_length_std,z_lat_neighbors_mean,z_lat_neighbors_std,domain_area_mean,domain_oop_std
79.9930419921875,0.2301291556401543,,,1.4747843667357652,1130.3541944074568,0.035458059037849855,16.8975,0.08400664503372884,7.805160045623779,0.013734386016946933,0.5809846520423889,0.0,0.9501510717936529,1115.8048491433667,0.013909773074023865,0.8746427842267959,0.6169012583596116,1.2,0.04609181827422264,0.2788679740285275,8.93960952758789,,0.009736303057017658,0.2321153829895989,35.0,1735.5149999999999,663.8363108356886,0.3852187277177991,0.956465853972531,0.5742857142857142,0.0,1.0877387523651123,89.0,0.8726210835538566,43.0,193.08208286682503,0.2770896816855711,0.05714285714285714,0.2321153829895989,,
