sarcomere_area,cell_mask_area_ratio,domain_area_std,domain_oop_mean,sarcomere_length_mean,z_mask_intensity,myof_straightness_std,z_mask_area,z_straightness_std,myof_length_mean,myof_bending_std,sarcomere_oop,n_domains,myof_straightness_mean,z_intensity_mean,myof_bending_mean,z_lat_dist_mean,z_lat_length_groups_mean,z_length_max,sarcomere_area_ratio,z_length_std,myof_length_max,domain_slen_mean,z_mask_area_ratio,z_lat_alignment_std,n_zbands,cell_mask_area,cell_mask_intensity,z_oop,z_lat_alignment_mean,z_length_mean,z_lat_dist_std,myof_length_std,n_vectors,z_straightness_mean,n_mbands,z_intensity_std,sarcomere_length_std,z_lat_neighbors_mean,z_lat_neighbors_std,domain_area_mean,domain_oop_std
80.30691528320312,0.16655799463884663,8.46,0.8797628879547119,1.6663416117627918,1020.3924914675767,0.029444309921829337,19.7775,0.10423129610602198,6.732082366943359,0.020159434557734657,0.8308538794517517,2.0,0.9463946162526669,1031.8937748130825,0.06354999202676909,1.7548329737572697,1.3838694714149395,2.55,0.11089281783412129,0.56858921725495,7.7169189453125,1.6770586433884285,0.027310010563599083,0.4925123054167483,29.0,724.185,588.5365997638725,0.5755145106980042,0.8085484573646881,0.7344827586206896,0.7343781275434462,1.0119558572769165,98.0,0.8466012710773525,33.0,149.59824857437394,0.30990257625119105,0.41379310344827586,0.4925123054167483,30.78,0.0823698341846466
