cell_mask_area,cell_mask_area_ratio,cell_mask_intensity,domain_area_mean,domain_area_std,domain_oop_mean,domain_oop_std,domain_slen_mean,myof_bending_mean,myof_bending_std,myof_length_max,myof_length_mean,myof_length_std,myof_straightness_mean,myof_straightness_std,n_domains,n_mbands,n_vectors,n_zbands,sarcomere_area,sarcomere_area_ratio,sarcomere_length_mean,sarcomere_length_std,sarcomere_oop,z_intensity_mean,z_intensity_std,z_lat_alignment_mean,z_lat_alignment_std,z_lat_dist_mean,z_lat_dist_std,z_lat_length_groups_mean,z_lat_neighbors_mean,z_lat_neighbors_std,z_length_max,z_length_mean,z_length_std,z_mask_area,z_mask_area_ratio,z_mask_intensity,z_oop,z_straightness_mean,z_straightness_std
962.0775,0.15047508445945948,749.2645057180945,60.12,0.0,0.4398640990257263,0.0,1.4208776840764776,0.08253486943307477,0.05418258270997691,11.117197036743164,6.91417932510376,2.070017099380493,0.9226019824879416,0.040251505681883924,1.0,44.0,150.0,44.0,79.75634002685547,0.08290011982075818,1.3929834987250256,0.28388486329618245,0.36964017152786255,1501.3174834644672,293.9691830601405,0.6806608471574258,0.6331085580538236,1.7535953540252507,0.8666189095219761,2.9488294616877084,0.9090909090909091,0.6331085580538236,2.4,0.8113636363636363,0.48110474624503974,19.5975,0.020369980588881873,1487.1940298507463,0.29698434151441383,0.8181078828086353,0.10685372483172997
