cell_mask_area,cell_mask_area_ratio,cell_mask_intensity,domain_area_mean,domain_area_std,domain_oop_mean,domain_oop_std,domain_slen_mean,myof_bending_mean,myof_bending_std,myof_length_max,myof_length_mean,myof_length_std,myof_straightness_mean,myof_straightness_std,n_domains,n_mbands,n_vectors,n_zbands,sarcomere_area,sarcomere_area_ratio,sarcomere_length_mean,sarcomere_length_std,sarcomere_oop,z_intensity_mean,z_intensity_std,z_lat_alignment_mean,z_lat_alignment_std,z_lat_dist_mean,z_lat_dist_std,z_lat_length_groups_mean,z_lat_neighbors_mean,z_lat_neighbors_std,z_length_max,z_length_mean,z_length_std,z_mask_area,z_mask_area_ratio,z_mask_intensity,z_oop,z_straightness_mean,z_straightness_std
680.265,0.14044883795472599,747.9163193755375,34.335,0.0,0.746903121471405,0.0,1.2829444250091142,0.020098329650813002,0.01175728232697396,10.35383415222168,8.223871231079102,1.5079501867294312,0.9446002278423222,0.02649923076745741,1.0,24.0,75.0,21.0,42.43741989135742,0.062383659149533525,1.2829444250091142,0.2026332197427272,0.746903121471405,1843.9236642847548,396.9824815638127,0.7584081439445146,0.5593971487843205,1.7881454628823805,0.7500238686689575,2.5161090971617854,0.8571428571428571,0.5593971487843205,1.95,0.6714285714285714,0.4130523512800275,8.3025,0.012204802540186546,1753.8943089430895,0.6866860662667691,0.8913008337238028,0.08302425620750341
