cell_mask_area,cell_mask_area_ratio,cell_mask_intensity,domain_area_mean,domain_area_std,domain_oop_mean,domain_oop_std,domain_slen_mean,myof_bending_mean,myof_bending_std,myof_length_max,myof_length_mean,myof_length_std,myof_straightness_mean,myof_straightness_std,n_domains,n_mbands,n_vectors,n_zbands,sarcomere_area,sarcomere_area_ratio,sarcomere_length_mean,sarcomere_length_std,sarcomere_oop,z_intensity_mean,z_intensity_std,z_lat_alignment_mean,z_lat_alignment_std,z_lat_dist_mean,z_lat_dist_std,z_lat_length_groups_mean,z_lat_neighbors_mean,z_lat_neighbors_std,z_length_max,z_length_mean,z_length_std,z_mask_area,z_mask_area_ratio,z_mask_intensity,z_oop,z_straightness_mean,z_straightness_std
961.9425,0.15045396959459462,749.3009145557037,66.91499999999999,0.0,0.37561994791030884,0.0,1.3841735157748685,0.08415908055384269,0.061247448346887924,13.131677627563477,9.152713775634766,1.95633065700531,0.9021696496587278,0.05608298026819313,1.0,44.0,149.0,44.0,79.72766876220703,0.08288194851792809,1.3819803621165971,0.2767535990742308,0.3664522171020508,1502.0178880787926,295.05718661695516,0.6891133937697638,0.6248966856757963,1.6942369038768539,0.8485797719314595,2.7036200469464085,0.8636363636363636,0.6248966856757963,2.4,0.8045454545454546,0.484042891344514,19.5525,0.020326058990012396,1486.867663981588,0.300482077482494,0.8206413342057232,0.10774608880849018
