cell_mask_area,cell_mask_area_ratio,cell_mask_intensity,domain_area_mean,domain_area_std,domain_oop_mean,domain_oop_std,domain_slen_mean,myof_bending_mean,myof_bending_std,myof_length_max,myof_length_mean,myof_length_std,myof_straightness_mean,myof_straightness_std,n_domains,n_mbands,n_vectors,n_zbands,sarcomere_area,sarcomere_area_ratio,sarcomere_length_mean,sarcomere_length_std,sarcomere_oop,z_intensity_mean,z_intensity_std,z_lat_alignment_mean,z_lat_alignment_std,z_lat_dist_mean,z_lat_dist_std,z_lat_length_groups_mean,z_lat_neighbors_mean,z_lat_neighbors_std,z_length_max,z_length_mean,z_length_std,z_mask_area,z_mask_area_ratio,z_mask_intensity,z_oop,z_straightness_mean,z_straightness_std
1505.1599999999999,0.24268984632351873,649.5154867256637,62.82,0.0,0.9380016326904297,0.0,1.3979612234757122,0.025686732982588462,0.016687708278112015,16.531770706176758,12.156375885009766,3.6104393005371094,0.955059366326617,0.021290123797968602,1.0,28.0,157.0,32.0,77.59508514404297,0.05155271542164486,1.3979612234757122,0.16970327866055313,0.9380015134811401,1224.1963282646125,284.3750912049678,0.8688103275348811,0.6091746465505602,1.5190916498117544,0.4968506410101575,3.016845573363313,0.9375,0.6091746465505602,3.15,0.890625,0.6924184857259372,15.2325,0.010120186558239656,1202.8552437223043,0.8319339446896119,0.8518479954775953,0.09157826054522872
