cell_mask_area,cell_mask_area_ratio,cell_mask_intensity,domain_area_mean,domain_area_std,domain_oop_mean,domain_oop_std,domain_slen_mean,myof_bending_mean,myof_bending_std,myof_length_max,myof_length_mean,myof_length_std,myof_straightness_mean,myof_straightness_std,n_domains,n_mbands,n_vectors,n_zbands,sarcomere_area,sarcomere_area_ratio,sarcomere_length_mean,sarcomere_length_std,sarcomere_oop,z_intensity_mean,z_intensity_std,z_lat_alignment_mean,z_lat_alignment_std,z_lat_dist_mean,z_lat_dist_std,z_lat_length_groups_mean,z_lat_neighbors_mean,z_lat_neighbors_std,z_length_max,z_length_mean,z_length_std,z_mask_area,z_mask_area_ratio,z_mask_intensity,z_oop,z_straightness_mean,z_straightness_std
749.5425,0.18583103227066078,635.7191486806952,,,,,,0.013708247254031218,0.009015161800053191,8.767544746398926,8.338218688964844,0.42584967613220215,0.9719041557577424,0.006534505952294878,0.0,11.0,23.0,17.0,17.693408966064453,0.023605611377692997,1.3833285362689924,0.26694368257609563,0.9594449996948242,1085.1168309535522,207.90010849326447,0.6426629753173259,0.605625302411,1.5357627790630604,0.8205532806859652,1.0840808550963261,0.47058823529411764,0.605625302411,0.8999999999999999,0.46764705882352936,0.20504029479921618,5.8275,0.007774742592981718,1083.2046332046332,0.8674120285954883,0.8744074209244487,0.07529137230023152
