cell_mask_area,cell_mask_area_ratio,cell_mask_intensity,domain_area_mean,domain_area_std,domain_oop_mean,domain_oop_std,domain_slen_mean,myof_bending_mean,myof_bending_std,myof_length_max,myof_length_mean,myof_length_std,myof_straightness_mean,myof_straightness_std,n_domains,n_mbands,n_vectors,n_zbands,sarcomere_area,sarcomere_area_ratio,sarcomere_length_mean,sarcomere_length_std,sarcomere_oop,z_intensity_mean,z_intensity_std,z_lat_alignment_mean,z_lat_alignment_std,z_lat_dist_mean,z_lat_dist_std,z_lat_length_groups_mean,z_lat_neighbors_mean,z_lat_neighbors_std,z_length_max,z_length_mean,z_length_std,z_mask_area,z_mask_area_ratio,z_mask_intensity,z_oop,z_straightness_mean,z_straightness_std
1604.4075,0.18520625224017828,618.5359221394814,102.375,42.794999999999995,0.6854121685028076,0.06550970673561096,1.5150667728735525,0.01824912851155404,0.013143952758052808,22.277414321899414,11.478751182556152,3.8087351322174072,0.9460081402252253,0.03145307200627942,2.0,102.0,481.0,94.0,242.91094970703125,0.15140227760530367,1.541680158311357,0.24255006377560462,0.5477255582809448,1177.5642560974654,253.52384131655216,0.7760080795315467,0.7186955640023208,1.6498827773383427,0.6781301536230656,2.7642061703367324,0.8085106382978723,0.7186955640023208,6.3,0.979787234042553,0.928460151327448,50.4675,0.03145553732452634,1199.6950512706196,0.4119670503469392,0.8485046345414836,0.10454094196479606
