sarcomere_area,cell_mask_area_ratio,domain_area_std,domain_oop_mean,sarcomere_length_mean,z_mask_intensity,myof_straightness_std,z_mask_area,z_straightness_std,myof_length_mean,myof_bending_std,sarcomere_oop,n_domains,myof_straightness_mean,z_intensity_mean,myof_bending_mean,z_lat_dist_mean,z_lat_length_groups_mean,z_length_max,sarcomere_area_ratio,z_length_std,myof_length_max,domain_slen_mean,z_mask_area_ratio,z_lat_alignment_std,n_zbands,cell_mask_area,cell_mask_intensity,z_oop,z_lat_alignment_mean,z_length_mean,z_lat_dist_std,myof_length_std,n_vectors,z_straightness_mean,n_mbands,z_intensity_std,sarcomere_length_std,z_lat_neighbors_mean,z_lat_neighbors_std,domain_area_mean,domain_oop_std
714.3348999023438,0.26754018708063854,103.04140957644164,0.715185821056366,1.4818040998266517,1207.9967292132897,0.027253490922034163,130.7025,0.1207661635364421,13.606189727783203,0.014830702904471214,0.7822355628013611,3.0,0.9491389459009595,1201.0787501778354,0.02329190048699032,1.7642945476172274,4.831975411832112,5.3999999999999995,0.3268597849650215,1.0963794207422315,38.64997863769531,1.5530835241974472,0.05980582924092205,0.7065181522142825,208.0,2185.4474999999998,656.7540846897489,0.7006741367043505,0.7945621812146403,1.4387019230769231,0.6621779991204421,6.513908863067627,1480.0,0.7985244174771223,229.0,343.2774971514657,0.2611607277138174,1.0288461538461537,0.7065181522142825,195.14999999999998,0.13609246909618378
