cell_mask_area,cell_mask_area_ratio,cell_mask_intensity,domain_area_mean,domain_area_std,domain_oop_mean,domain_oop_std,domain_slen_mean,myof_bending_mean,myof_bending_std,myof_length_max,myof_length_mean,myof_length_std,myof_straightness_mean,myof_straightness_std,n_domains,n_mbands,n_vectors,n_zbands,sarcomere_area,sarcomere_area_ratio,sarcomere_length_mean,sarcomere_length_std,sarcomere_oop,z_intensity_mean,z_intensity_std,z_lat_alignment_mean,z_lat_alignment_std,z_lat_dist_mean,z_lat_dist_std,z_lat_length_groups_mean,z_lat_neighbors_mean,z_lat_neighbors_std,z_length_max,z_length_mean,z_length_std,z_mask_area,z_mask_area_ratio,z_mask_intensity,z_oop,z_straightness_mean,z_straightness_std
1949.6475,0.25244135503944626,602.5768081153132,136.074375,66.06968857234665,0.7881353497505188,0.1849852055311203,1.517541884502779,0.022081526363032174,0.016095703769181836,28.771324157714844,14.582639694213867,6.383688449859619,0.9422262185496479,0.035344713161152896,4.0,240.0,1239.0,209.0,657.6173095703125,0.33730061950701984,1.536493166310506,0.2327871358761005,0.6972476840019226,831.9709673780962,137.70087802840482,0.822310864268188,0.7565257560211434,1.8173155161620584,0.5767214904514029,4.557881805482423,1.0813397129186604,0.7565257560211434,6.45,1.1110047846889952,1.0748977674660147,132.885,0.06815847480121406,850.5152387402642,0.5796539879954744,0.8292986832052183,0.11260742750322104
