cell_mask_area,cell_mask_area_ratio,cell_mask_intensity,domain_area_mean,domain_area_std,domain_oop_mean,domain_oop_std,domain_slen_mean,myof_bending_mean,myof_bending_std,myof_length_max,myof_length_mean,myof_length_std,myof_straightness_mean,myof_straightness_std,n_domains,n_mbands,n_vectors,n_zbands,sarcomere_area,sarcomere_area_ratio,sarcomere_length_mean,sarcomere_length_std,sarcomere_oop,z_intensity_mean,z_intensity_std,z_lat_alignment_mean,z_lat_alignment_std,z_lat_dist_mean,z_lat_dist_std,z_lat_length_groups_mean,z_lat_neighbors_mean,z_lat_neighbors_std,z_length_max,z_length_mean,z_length_std,z_mask_area,z_mask_area_ratio,z_mask_intensity,z_oop,z_straightness_mean,z_straightness_std
2801.1375,0.2142048465577877,579.2051086389012,45.64125,10.20375,0.812795877456665,0.07781773805618286,1.462495678920222,0.010466123910392118,0.006694177780288405,30.124813079833984,15.384933471679688,6.8647027015686035,0.9614893596200121,0.027663527407006335,2.0,53.0,253.0,52.0,135.4055938720703,0.04833950274560614,1.48248526045824,0.17283491515090718,0.7524635791778564,1087.9031770981019,375.1747022995478,0.7370696309420646,0.6044705248269888,1.6108619656890342,0.5623856093911982,1.917723219332242,0.5,0.6044705248269888,4.95,1.035576923076923,0.8253983035283363,28.709999999999997,0.010249407606731193,1062.226489028213,0.6635867020769278,0.8299650178149172,0.08937410188654102
