cell_mask_area,cell_mask_area_ratio,cell_mask_intensity,domain_area_mean,domain_area_std,domain_oop_mean,domain_oop_std,domain_slen_mean,myof_bending_mean,myof_bending_std,myof_length_max,myof_length_mean,myof_length_std,myof_straightness_mean,myof_straightness_std,n_domains,n_mbands,n_vectors,n_zbands,sarcomere_area,sarcomere_area_ratio,sarcomere_length_mean,sarcomere_length_std,sarcomere_oop,z_intensity_mean,z_intensity_std,z_lat_alignment_mean,z_lat_alignment_std,z_lat_dist_mean,z_lat_dist_std,z_lat_length_groups_mean,z_lat_neighbors_mean,z_lat_neighbors_std,z_length_max,z_length_mean,z_length_std,z_mask_area,z_mask_area_ratio,z_mask_intensity,z_oop,z_straightness_mean,z_straightness_std
904.05,0.4132766937864497,640.1909905425584,20.0475,0.0,0.7859295606613159,0.0,1.5269521916931128,0.02116929651697099,0.01760491966902422,10.733392715454102,8.268440246582031,2.0486364364624023,0.9638429551748668,0.026045771568474506,1.0,22.0,52.0,20.0,43.8564567565918,0.04851109646213351,1.5529208244266663,0.17686136337548972,0.7848699688911438,1372.398385666383,302.6318610864585,0.7843848006838955,0.45825756949558394,1.3080104559837606,0.3861458882820815,0.8220018451736049,0.3,0.45825756949558394,1.2,0.5025000000000001,0.3010294836058422,9.6975,0.010726729716276756,1333.6264501160092,0.7600767854949178,0.8686251956578651,0.07181851379841794
