cell_mask_area,cell_mask_area_ratio,cell_mask_intensity,domain_area_mean,domain_area_std,domain_oop_mean,domain_oop_std,domain_slen_mean,myof_bending_mean,myof_bending_std,myof_length_max,myof_length_mean,myof_length_std,myof_straightness_mean,myof_straightness_std,n_domains,n_mbands,n_vectors,n_zbands,sarcomere_area,sarcomere_area_ratio,sarcomere_length_mean,sarcomere_length_std,sarcomere_oop,z_intensity_mean,z_intensity_std,z_lat_alignment_mean,z_lat_alignment_std,z_lat_dist_mean,z_lat_dist_std,z_lat_length_groups_mean,z_lat_neighbors_mean,z_lat_neighbors_std,z_length_max,z_length_mean,z_length_std,z_mask_area,z_mask_area_ratio,z_mask_intensity,z_oop,z_straightness_mean,z_straightness_std
975.3075,0.1512810042822293,606.8125360463239,72.14625,20.41875,0.8023931980133057,0.12182146310806274,1.3442682823296521,0.026424294974148704,0.022221258826126997,28.19085121154785,12.81607723236084,6.458126068115234,0.9454302854578555,0.03873585392328174,2.0,73.0,475.0,66.0,184.72396850585938,0.18940074643726146,1.3482198792423943,0.22014236064367987,0.7796383500099182,1045.7375403181788,197.44820606750775,0.7661338357051442,0.5571144336621283,1.3184670211735914,0.4060541936678906,2.3645701910194092,0.5151515151515151,0.5571144336621283,7.05,1.415909090909091,1.3414193944235102,41.94,0.04300182250213394,1060.614270386266,0.6461215816458739,0.8110271918644804,0.13693015123372657
