cell_mask_area,cell_mask_area_ratio,cell_mask_intensity,domain_area_mean,domain_area_std,domain_oop_mean,domain_oop_std,domain_slen_mean,myof_bending_mean,myof_bending_std,myof_length_max,myof_length_mean,myof_length_std,myof_straightness_mean,myof_straightness_std,n_domains,n_mbands,n_vectors,n_zbands,sarcomere_area,sarcomere_area_ratio,sarcomere_length_mean,sarcomere_length_std,sarcomere_oop,z_intensity_mean,z_intensity_std,z_lat_alignment_mean,z_lat_alignment_std,z_lat_dist_mean,z_lat_dist_std,z_lat_length_groups_mean,z_lat_neighbors_mean,z_lat_neighbors_std,z_length_max,z_length_mean,z_length_std,z_mask_area,z_mask_area_ratio,z_mask_intensity,z_oop,z_straightness_mean,z_straightness_std
1026.6525,0.2321247793418154,628.8889741173376,36.72,10.44,0.9003944993019104,0.0403483510017395,1.399744396880781,0.01918177566033082,0.012040356404593845,21.69320297241211,14.331698417663574,5.0195841789245605,0.9632272151850435,0.025651855744093895,2.0,50.0,260.0,53.0,116.24785614013672,0.11322999373218955,1.423811608386771,0.2685139111193028,0.7900734543800354,1180.0046910037356,301.8153091113948,0.7808721723402678,0.5900564441929015,1.7762652702611625,0.7600208481772328,1.7805268070374798,0.37735849056603776,0.5900564441929015,3.15,1.109433962264151,0.6485147474919049,28.619999999999997,0.027877008043130466,1202.5801886792453,0.7349988532202665,0.8112619931697451,0.09182231506895358
