cell_mask_area,cell_mask_area_ratio,cell_mask_intensity,domain_area_mean,domain_area_std,domain_oop_mean,domain_oop_std,domain_slen_mean,myof_bending_mean,myof_bending_std,myof_length_max,myof_length_mean,myof_length_std,myof_straightness_mean,myof_straightness_std,n_domains,n_mbands,n_vectors,n_zbands,sarcomere_area,sarcomere_area_ratio,sarcomere_length_mean,sarcomere_length_std,sarcomere_oop,z_intensity_mean,z_intensity_std,z_lat_alignment_mean,z_lat_alignment_std,z_lat_dist_mean,z_lat_dist_std,z_lat_length_groups_mean,z_lat_neighbors_mean,z_lat_neighbors_std,z_length_max,z_length_mean,z_length_std,z_mask_area,z_mask_area_ratio,z_mask_intensity,z_oop,z_straightness_mean,z_straightness_std
1033.8975,0.44346970091780313,701.819916867968,49.46625,9.55125,0.7632567286491394,0.03278470039367676,1.3704605024075631,0.03757905063351744,0.03200909653114009,13.720316886901855,9.981847763061523,2.293072462081909,0.9297389865544118,0.047107463092924816,2.0,53.0,268.0,48.0,143.695556640625,0.13898433514020975,1.3774576165599692,0.23808541042994522,0.7691566944122314,1415.571086249843,405.31012776076903,0.8288241583276574,0.6614378277661477,1.951236347191244,0.8269986199503435,3.0157418083147465,0.75,0.6614378277661477,3.9,1.153125,0.9135214745012838,26.842499999999998,0.025962438249439616,1463.5465213746857,0.660221557643706,0.7871910094983035,0.13368915395075234
