cell_mask_area,cell_mask_area_ratio,cell_mask_intensity,domain_area_mean,domain_area_std,domain_oop_mean,domain_oop_std,domain_slen_mean,myof_bending_mean,myof_bending_std,myof_length_max,myof_length_mean,myof_length_std,myof_straightness_mean,myof_straightness_std,n_domains,n_mbands,n_vectors,n_zbands,sarcomere_area,sarcomere_area_ratio,sarcomere_length_mean,sarcomere_length_std,sarcomere_oop,z_intensity_mean,z_intensity_std,z_lat_alignment_mean,z_lat_alignment_std,z_lat_dist_mean,z_lat_dist_std,z_lat_length_groups_mean,z_lat_neighbors_mean,z_lat_neighbors_std,z_length_max,z_length_mean,z_length_std,z_mask_area,z_mask_area_ratio,z_mask_intensity,z_oop,z_straightness_mean,z_straightness_std
750.15,0.1859816472819569,635.6196460707858,,,,,,0.016562352601087002,0.006161056452997405,9.933147430419922,9.488348960876465,0.3554028868675232,0.9562256809338522,0.009143968871595298,0.0,11.0,23.0,17.0,17.715351104736328,0.02361574499065031,1.3625454862974342,0.22818741035572712,0.9598305821418762,1085.1168309535522,207.90010849326447,0.6431374963133765,0.605625302411,1.5357627790630604,0.8205532806859652,1.0840808550963261,0.47058823529411764,0.605625302411,0.8999999999999999,0.46764705882352936,0.20504029479921618,5.85,0.007798440311937612,1083.073076923077,0.8674120285954883,0.8744074209244487,0.07529137230023152
