cell_mask_area,cell_mask_area_ratio,cell_mask_intensity,domain_area_mean,domain_area_std,domain_oop_mean,domain_oop_std,domain_slen_mean,myof_bending_mean,myof_bending_std,myof_length_max,myof_length_mean,myof_length_std,myof_straightness_mean,myof_straightness_std,n_domains,n_mbands,n_vectors,n_zbands,sarcomere_area,sarcomere_area_ratio,sarcomere_length_mean,sarcomere_length_std,sarcomere_oop,z_intensity_mean,z_intensity_std,z_lat_alignment_mean,z_lat_alignment_std,z_lat_dist_mean,z_lat_dist_std,z_lat_length_groups_mean,z_lat_neighbors_mean,z_lat_neighbors_std,z_length_max,z_length_mean,z_length_std,z_mask_area,z_mask_area_ratio,z_mask_intensity,z_oop,z_straightness_mean,z_straightness_std
554.1975,0.20758326591154264,748.9082457066298,44.302499999999995,0.0,0.754414975643158,0.0,1.5740043662181646,0.01889261343021153,0.016969140462768293,15.53555965423584,10.781636238098145,3.601289987564087,0.9376927230407994,0.058224487119799495,1.0,33.0,123.0,25.0,70.33892822265625,0.12692032754145635,1.5410303068492395,0.2204020611876887,0.8010846972465515,1363.4261130493915,158.30963973646772,0.4288575013683494,0.5122499389946279,2.0993688465491607,0.507592795593912,1.5203684790748857,0.24,0.5122499389946279,2.6999999999999997,1.0859999999999999,0.698787521353952,17.64,0.03182980796557184,1380.4744897959183,0.5843036543662022,0.8458974475040253,0.11616396711737845
