cell_mask_area,cell_mask_area_ratio,cell_mask_intensity,domain_area_mean,domain_area_std,domain_oop_mean,domain_oop_std,domain_slen_mean,myof_bending_mean,myof_bending_std,myof_length_max,myof_length_mean,myof_length_std,myof_straightness_mean,myof_straightness_std,n_domains,n_mbands,n_vectors,n_zbands,sarcomere_area,sarcomere_area_ratio,sarcomere_length_mean,sarcomere_length_std,sarcomere_oop,z_intensity_mean,z_intensity_std,z_lat_alignment_mean,z_lat_alignment_std,z_lat_dist_mean,z_lat_dist_std,z_lat_length_groups_mean,z_lat_neighbors_mean,z_lat_neighbors_std,z_length_max,z_length_mean,z_length_std,z_mask_area,z_mask_area_ratio,z_mask_intensity,z_oop,z_straightness_mean,z_straightness_std
423.15749999999997,0.20973569755771163,645.9505503270059,62.46,0.0,0.8981521725654602,0.0,1.4020056176832423,0.014552581622840725,0.006904418142541874,27.098735809326172,15.484319686889648,5.042152404785156,0.9676549800569474,0.018350056417631804,1.0,28.0,166.0,31.0,76.12860107421875,0.17990606588378738,1.4017674657182033,0.2742466548665959,0.8913958072662354,1193.155808974822,277.5529195530522,0.7967014319528841,0.5587260669577024,1.1092155395130634,0.32182209111761434,1.692271199024643,0.45161290322580644,0.5587260669577024,4.8,1.0596774193548388,1.077588358388896,16.695,0.039453395012495354,1262.964959568733,0.8030931335505636,0.8309405510731951,0.1150972480416093
