sarcomere_area,cell_mask_area_ratio,domain_area_std,domain_oop_mean,sarcomere_length_mean,z_mask_intensity,myof_straightness_std,z_mask_area,z_straightness_std,myof_length_mean,myof_bending_std,sarcomere_oop,n_domains,myof_straightness_mean,z_intensity_mean,myof_bending_mean,z_lat_dist_mean,z_lat_length_groups_mean,z_length_max,sarcomere_area_ratio,z_length_std,myof_length_max,domain_slen_mean,z_mask_area_ratio,z_lat_alignment_std,n_zbands,cell_mask_area,cell_mask_intensity,z_oop,z_lat_alignment_mean,z_length_mean,z_lat_dist_std,myof_length_std,n_vectors,z_straightness_mean,n_mbands,z_intensity_std,sarcomere_length_std,z_lat_neighbors_mean,z_lat_neighbors_std,domain_area_mean,domain_oop_std
183.56434631347656,0.15022067109052212,42.975,0.9085255861282349,1.5079715313091384,1489.9127358490566,0.040869489376410696,38.16,0.10374047021079888,14.375800132751465,0.010925287484264672,0.8675203323364258,2.0,0.9281819562288277,1335.9574556393604,0.02040703013136076,1.6832625785292765,3.500369295203509,6.3,0.21249193602412017,1.094035786762807,24.01074981689453,1.4923144510877404,0.044173568786789595,0.6533754087179268,71.0,863.865,699.964968484659,0.793871174996414,0.8157430068582386,1.1640845070422536,0.6777621018638993,6.272417068481445,400.0,0.8408895187153117,61.0,365.7253403162419,0.16555198363275725,0.9014084507042254,0.6533754087179268,77.75999999999999,0.05504143238067627
