sarcomere_area,cell_mask_area_ratio,domain_area_std,domain_oop_mean,sarcomere_length_mean,z_mask_intensity,myof_straightness_std,z_mask_area,z_straightness_std,myof_length_mean,myof_bending_std,sarcomere_oop,n_domains,myof_straightness_mean,z_intensity_mean,myof_bending_mean,z_lat_dist_mean,z_lat_length_groups_mean,z_length_max,sarcomere_area_ratio,z_length_std,myof_length_max,domain_slen_mean,z_mask_area_ratio,z_lat_alignment_std,n_zbands,cell_mask_area,cell_mask_intensity,z_oop,z_lat_alignment_mean,z_length_mean,z_lat_dist_std,myof_length_std,n_vectors,z_straightness_mean,n_mbands,z_intensity_std,sarcomere_length_std,z_lat_neighbors_mean,z_lat_neighbors_std,domain_area_mean,domain_oop_std
239.55348205566406,0.29959017246042147,11.880340904199677,0.6670919060707092,1.524494824979187,1077.6769874476988,0.03766829344694047,53.775,0.08515024292969796,10.349550247192383,0.02700871664417552,0.27796679735183716,5.0,0.9463159596436616,1086.879744425664,0.03457766909893416,1.810434155570586,1.7886285213733026,2.1,0.14786225157553198,0.48920444361669585,17.516714096069336,1.5396729989928193,0.03319213943476147,0.5826715823167509,108.0,1620.1125,625.8607735573919,0.18343235487299067,0.797835344314823,0.7888888888888888,0.7855432313650347,2.5440592765808105,408.0,0.8511549150913005,108.0,220.5882137515506,0.258603523198842,0.5555555555555556,0.5826715823167509,38.092499999999994,0.16690127551555634
