cell_mask_area,cell_mask_area_ratio,cell_mask_intensity,domain_area_mean,domain_area_std,domain_oop_mean,domain_oop_std,domain_slen_mean,myof_bending_mean,myof_bending_std,myof_length_max,myof_length_mean,myof_length_std,myof_straightness_mean,myof_straightness_std,n_domains,n_mbands,n_vectors,n_zbands,sarcomere_area,sarcomere_area_ratio,sarcomere_length_mean,sarcomere_length_std,sarcomere_oop,z_intensity_mean,z_intensity_std,z_lat_alignment_mean,z_lat_alignment_std,z_lat_dist_mean,z_lat_dist_std,z_lat_length_groups_mean,z_lat_neighbors_mean,z_lat_neighbors_std,z_length_max,z_length_mean,z_length_std,z_mask_area,z_mask_area_ratio,z_mask_intensity,z_oop,z_straightness_mean,z_straightness_std
1026.6299999999999,0.23211969212142175,628.8911194880336,36.75375,10.541250000000002,0.9011157751083374,0.03962704539299011,1.40862219321899,0.02399775966598835,0.02434680201349863,20.74714469909668,12.663678169250488,5.424780368804932,0.9627880972891483,0.024045635473723504,2.0,50.0,260.0,53.0,116.2477798461914,0.11323240100736529,1.428197204678546,0.2674595640831743,0.7890826463699341,1180.0046910037356,301.8153091113948,0.7808745064286319,0.5900564441929015,1.7762652702611625,0.7600208481772328,1.7805268070374798,0.37735849056603776,0.5900564441929015,3.15,1.109433962264151,0.6485147474919049,28.619999999999997,0.027877619005873586,1202.5801886792453,0.7349988532202665,0.8112619931697451,0.09182231506895358
