cell_mask_area,cell_mask_area_ratio,cell_mask_intensity,domain_area_mean,domain_area_std,domain_oop_mean,domain_oop_std,domain_slen_mean,myof_bending_mean,myof_bending_std,myof_length_max,myof_length_mean,myof_length_std,myof_straightness_mean,myof_straightness_std,n_domains,n_mbands,n_vectors,n_zbands,sarcomere_area,sarcomere_area_ratio,sarcomere_length_mean,sarcomere_length_std,sarcomere_oop,z_intensity_mean,z_intensity_std,z_lat_alignment_mean,z_lat_alignment_std,z_lat_dist_mean,z_lat_dist_std,z_lat_length_groups_mean,z_lat_neighbors_mean,z_lat_neighbors_std,z_length_max,z_length_mean,z_length_std,z_mask_area,z_mask_area_ratio,z_mask_intensity,z_oop,z_straightness_mean,z_straightness_std
320.805,0.43049516908212565,765.2745125543554,41.85,0.0,0.6214876174926758,0.0,1.4393612418762722,0.05445672106060675,0.025429790245314592,10.35920238494873,8.586165428161621,1.211911678314209,0.9350199680717887,0.011096824117726207,1.0,25.0,84.0,21.0,48.95162582397461,0.1525899715527333,1.4407126027767174,0.21530014538588382,0.607161819934845,1557.181115637968,260.7267627558688,0.6702553285805704,0.4856209060564557,1.2546573749169123,0.6501614196233135,1.2746252646863323,0.38095238095238093,0.4856209060564557,1.5,0.7928571428571428,0.28961621332447557,10.9575,0.03415626315051199,1505.1457905544148,0.598117974044355,0.8581366982566594,0.07824302539988044
