cell_mask_area,cell_mask_area_ratio,cell_mask_intensity,domain_area_mean,domain_area_std,domain_oop_mean,domain_oop_std,domain_slen_mean,myof_bending_mean,myof_bending_std,myof_length_max,myof_length_mean,myof_length_std,myof_straightness_mean,myof_straightness_std,n_domains,n_mbands,n_vectors,n_zbands,sarcomere_area,sarcomere_area_ratio,sarcomere_length_mean,sarcomere_length_std,sarcomere_oop,z_intensity_mean,z_intensity_std,z_lat_alignment_mean,z_lat_alignment_std,z_lat_dist_mean,z_lat_dist_std,z_lat_length_groups_mean,z_lat_neighbors_mean,z_lat_neighbors_std,z_length_max,z_length_mean,z_length_std,z_mask_area,z_mask_area_ratio,z_mask_intensity,z_oop,z_straightness_mean,z_straightness_std
1620.6074999999998,0.29968170754540346,625.8090438307856,38.23650000000001,11.11419470767001,0.6664348244667053,0.1618262082338333,1.5399565990406319,0.03426770983596503,0.02520005871844341,16.47685432434082,9.242522239685059,2.625025987625122,0.9495210460982642,0.034070891800169194,5.0,108.0,410.0,107.0,239.62388610839844,0.1478605313799908,1.5266078208669662,0.25141693133170007,0.276584655046463,1086.9391584225755,221.47975862955542,0.8060895459165767,0.5694035967001053,1.8271912186359796,0.7707469247218163,1.7184981534406005,0.5233644859813084,0.5694035967001053,2.1,0.7906542056074766,0.4894270368006571,53.775,0.033182001193996696,1077.7589958158997,0.18833094586593643,0.8502671954388301,0.0853473748548009
