cell_mask_area,cell_mask_area_ratio,cell_mask_intensity,domain_area_mean,domain_area_std,domain_oop_mean,domain_oop_std,domain_slen_mean,myof_bending_mean,myof_bending_std,myof_length_max,myof_length_mean,myof_length_std,myof_straightness_mean,myof_straightness_std,n_domains,n_mbands,n_vectors,n_zbands,sarcomere_area,sarcomere_area_ratio,sarcomere_length_mean,sarcomere_length_std,sarcomere_oop,z_intensity_mean,z_intensity_std,z_lat_alignment_mean,z_lat_alignment_std,z_lat_dist_mean,z_lat_dist_std,z_lat_length_groups_mean,z_lat_neighbors_mean,z_lat_neighbors_std,z_length_max,z_length_mean,z_length_std,z_mask_area,z_mask_area_ratio,z_mask_intensity,z_oop,z_straightness_mean,z_straightness_std
320.53499999999997,0.4301328502415459,765.4824512143759,42.12,0.0,0.619071364402771,0.0,1.448447406097996,0.04705722890317414,0.02486964140840769,10.355443000793457,9.485912322998047,0.8532058000564575,0.9364594341021416,0.017766511135813963,1.0,25.0,85.0,21.0,48.938743591308594,0.15267831466550796,1.4496857689125737,0.23501311452576987,0.6049784421920776,1557.3568010636536,260.5517124586851,0.6677171371643122,0.4856209060564557,1.2546573749169123,0.6501614196233135,1.2658017352745676,0.38095238095238093,0.4856209060564557,1.5,0.7857142857142856,0.29965967090575757,10.98,0.03425522953811597,1504.8073770491803,0.598663599401602,0.8584419485619096,0.07848290998778228
