cell_mask_area,cell_mask_area_ratio,cell_mask_intensity,domain_area_mean,domain_area_std,domain_oop_mean,domain_oop_std,domain_slen_mean,myof_bending_mean,myof_bending_std,myof_length_max,myof_length_mean,myof_length_std,myof_straightness_mean,myof_straightness_std,n_domains,n_mbands,n_vectors,n_zbands,sarcomere_area,sarcomere_area_ratio,sarcomere_length_mean,sarcomere_length_std,sarcomere_oop,z_intensity_mean,z_intensity_std,z_lat_alignment_mean,z_lat_alignment_std,z_lat_dist_mean,z_lat_dist_std,z_lat_length_groups_mean,z_lat_neighbors_mean,z_lat_neighbors_std,z_length_max,z_length_mean,z_length_std,z_mask_area,z_mask_area_ratio,z_mask_intensity,z_oop,z_straightness_mean,z_straightness_std
1271.2949999999998,0.281474175035868,635.0698736327918,78.3675,49.905,0.5506044626235962,0.10764956474304199,1.5313743134983522,0.030746816661742834,0.022037552390636445,18.102176666259766,10.347491264343262,3.7934908866882324,0.9524051150757123,0.025629758052440835,2.0,90.0,345.0,81.0,215.04989624023438,0.16915813893725248,1.4953724753326043,0.2267157484433093,0.5844506621360779,1217.5983820678887,265.23871825364915,0.7201688229122054,0.7310059922512326,1.9776463674291545,0.6500581202323198,2.230643363924836,0.691358024691358,0.7310059922512326,3.15,0.7759259259259259,0.6122772263610977,46.08,0.03624650454851156,1239.6533203125,0.35296673741885326,0.8489141628754634,0.10210095321997718
