cell_mask_area,cell_mask_area_ratio,cell_mask_intensity,domain_area_mean,domain_area_std,domain_oop_mean,domain_oop_std,domain_slen_mean,myof_bending_mean,myof_bending_std,myof_length_max,myof_length_mean,myof_length_std,myof_straightness_mean,myof_straightness_std,n_domains,n_mbands,n_vectors,n_zbands,sarcomere_area,sarcomere_area_ratio,sarcomere_length_mean,sarcomere_length_std,sarcomere_oop,z_intensity_mean,z_intensity_std,z_lat_alignment_mean,z_lat_alignment_std,z_lat_dist_mean,z_lat_dist_std,z_lat_length_groups_mean,z_lat_neighbors_mean,z_lat_neighbors_std,z_length_max,z_length_mean,z_length_std,z_mask_area,z_mask_area_ratio,z_mask_intensity,z_oop,z_straightness_mean,z_straightness_std
1126.3725,0.19609463747111128,729.0677972873095,46.69875,3.2962500000000006,0.8624037504196167,0.055223822593688965,1.428615251345148,0.02482064620637398,0.016378023678345302,17.09919548034668,11.00246524810791,3.928142547607422,0.9441329412858076,0.025863890873455718,2.0,54.0,220.0,51.0,134.81289672851562,0.11968766702712968,1.4344508340886513,0.22219924601084703,0.7451788187026978,1279.3985197524332,245.2192776962201,0.7761880070939015,0.6763995415945231,1.7668076804799446,0.6178777979004055,2.365756781416443,0.6666666666666666,0.6763995415945231,6.0,0.9882352941176472,0.9112901991076275,27.09,0.024050658196999662,1300.2117940199334,0.47118366258986794,0.8536865803112289,0.10258408856690275
