cell_mask_area,cell_mask_area_ratio,cell_mask_intensity,domain_area_mean,domain_area_std,domain_oop_mean,domain_oop_std,domain_slen_mean,myof_bending_mean,myof_bending_std,myof_length_max,myof_length_mean,myof_length_std,myof_straightness_mean,myof_straightness_std,n_domains,n_mbands,n_vectors,n_zbands,sarcomere_area,sarcomere_area_ratio,sarcomere_length_mean,sarcomere_length_std,sarcomere_oop,z_intensity_mean,z_intensity_std,z_lat_alignment_mean,z_lat_alignment_std,z_lat_dist_mean,z_lat_dist_std,z_lat_length_groups_mean,z_lat_neighbors_mean,z_lat_neighbors_std,z_length_max,z_length_mean,z_length_std,z_mask_area,z_mask_area_ratio,z_mask_intensity,z_oop,z_straightness_mean,z_straightness_std
1505.9025,0.24280956596189288,649.4422447668425,62.504999999999995,0.0,0.9397019147872925,0.0,1.4041612260704517,0.022806983051309872,0.017909551050745005,16.791767120361328,12.403682708740234,3.4149081707000732,0.9642342663907115,0.017680484552439955,1.0,29.0,154.0,32.0,77.6487045288086,0.0515629029959168,1.4041612260704517,0.18453321545631288,0.9397019147872925,1223.8855643757236,284.6204203295326,0.8705626473951945,0.6091746465505602,1.5136091729713328,0.4893743674295171,3.02083162321,0.9375,0.6091746465505602,3.15,0.8953125,0.6889030427743442,15.209999999999999,0.010100255494628636,1202.2026627218936,0.838503112903536,0.8518479954775953,0.09157826054522872
