cell_mask_area,cell_mask_area_ratio,cell_mask_intensity,domain_area_mean,domain_area_std,domain_oop_mean,domain_oop_std,domain_slen_mean,myof_bending_mean,myof_bending_std,myof_length_max,myof_length_mean,myof_length_std,myof_straightness_mean,myof_straightness_std,n_domains,n_mbands,n_vectors,n_zbands,sarcomere_area,sarcomere_area_ratio,sarcomere_length_mean,sarcomere_length_std,sarcomere_oop,z_intensity_mean,z_intensity_std,z_lat_alignment_mean,z_lat_alignment_std,z_lat_dist_mean,z_lat_dist_std,z_lat_length_groups_mean,z_lat_neighbors_mean,z_lat_neighbors_std,z_length_max,z_length_mean,z_length_std,z_mask_area,z_mask_area_ratio,z_mask_intensity,z_oop,z_straightness_mean,z_straightness_std
1024.6275,0.1353393961008084,633.7231164496366,35.448750000000004,4.30875,0.877530038356781,0.07187086343765259,1.5062308415326129,0.021234153649839927,0.016665623739076058,19.272666931152344,11.776375770568848,5.01328706741333,0.9664316328799223,0.022131391187183293,2.0,48.0,201.0,48.0,97.12133026123047,0.09478696429798192,1.4591434731181234,0.2573791824528207,0.8626713156700134,1311.7223170753994,246.68064976049075,0.6766388263589433,0.4982608642958916,1.7145623042359504,0.8779126666973488,1.6975725769350123,0.4583333333333333,0.4982608642958916,3.0,0.9156249999999999,0.6895919876093399,25.2225,0.024616262983376883,1306.3916146297947,0.7786107125337769,0.8510240424850072,0.10440328825295758
