cell_mask_area,cell_mask_area_ratio,cell_mask_intensity,domain_area_mean,domain_area_std,domain_oop_mean,domain_oop_std,domain_slen_mean,myof_bending_mean,myof_bending_std,myof_length_max,myof_length_mean,myof_length_std,myof_straightness_mean,myof_straightness_std,n_domains,n_mbands,n_vectors,n_zbands,sarcomere_area,sarcomere_area_ratio,sarcomere_length_mean,sarcomere_length_std,sarcomere_oop,z_intensity_mean,z_intensity_std,z_lat_alignment_mean,z_lat_alignment_std,z_lat_dist_mean,z_lat_dist_std,z_lat_length_groups_mean,z_lat_neighbors_mean,z_lat_neighbors_std,z_length_max,z_length_mean,z_length_std,z_mask_area,z_mask_area_ratio,z_mask_intensity,z_oop,z_straightness_mean,z_straightness_std
1053.36,0.16479864826809348,738.9573863636364,,,,,,0.00917310467549654,0.007921183823875546,14.475269317626953,8.976248741149902,3.628990411758423,0.9710481615846633,0.020074533108525354,0.0,24.0,77.0,25.0,35.672767639160156,0.03386569419681795,1.3866322084317542,0.2508523107760669,0.927207350730896,1811.9085247712471,619.6143076025697,0.9011071122043571,0.36660605559646714,0.8782290095603471,0.07045428849017121,0.8133242617008998,0.16,0.36660605559646714,1.95,0.6779999999999999,0.509328970312901,9.315,0.00884313055365687,1711.1859903381642,0.8225051438434788,0.8899742246058036,0.08340613266649251
