sarcomere_area,cell_mask_area_ratio,domain_area_std,domain_oop_mean,sarcomere_length_mean,z_mask_intensity,myof_straightness_std,z_mask_area,z_straightness_std,myof_length_mean,myof_bending_std,sarcomere_oop,n_domains,myof_straightness_mean,z_intensity_mean,myof_bending_mean,z_lat_dist_mean,z_lat_length_groups_mean,z_length_max,sarcomere_area_ratio,z_length_std,myof_length_max,domain_slen_mean,z_mask_area_ratio,z_lat_alignment_std,n_zbands,cell_mask_area,cell_mask_intensity,z_oop,z_lat_alignment_mean,z_length_mean,z_lat_dist_std,myof_length_std,n_vectors,z_straightness_mean,n_mbands,z_intensity_std,sarcomere_length_std,z_lat_neighbors_mean,z_lat_neighbors_std,domain_area_mean,domain_oop_std
48.938743591308594,0.4301328502415459,0.0,0.619071364402771,1.4496857689125737,1504.8073770491803,0.017766511135813963,10.98,0.07848290998778228,9.485912322998047,0.02486964140840769,0.6049784421920776,1.0,0.9364594341021416,1557.3568010636536,0.04705722890317414,1.2546573749169123,1.2658017352745676,1.5,0.15267831466550796,0.29965967090575757,10.355443000793457,1.448447406097996,0.03425522953811597,0.4856209060564557,21.0,320.53499999999997,765.4824512143759,0.598663599401602,0.6677171371643122,0.7857142857142856,0.6501614196233135,0.8532058000564575,85.0,0.8584419485619096,25.0,260.5517124586851,0.23501311452576987,0.38095238095238093,0.4856209060564557,42.12,0.0
