cell_mask_area,cell_mask_area_ratio,cell_mask_intensity,domain_area_mean,domain_area_std,domain_oop_mean,domain_oop_std,domain_slen_mean,myof_bending_mean,myof_bending_std,myof_length_max,myof_length_mean,myof_length_std,myof_straightness_mean,myof_straightness_std,n_domains,n_mbands,n_vectors,n_zbands,sarcomere_area,sarcomere_area_ratio,sarcomere_length_mean,sarcomere_length_std,sarcomere_oop,z_intensity_mean,z_intensity_std,z_lat_alignment_mean,z_lat_alignment_std,z_lat_dist_mean,z_lat_dist_std,z_lat_length_groups_mean,z_lat_neighbors_mean,z_lat_neighbors_std,z_length_max,z_length_mean,z_length_std,z_mask_area,z_mask_area_ratio,z_mask_intensity,z_oop,z_straightness_mean,z_straightness_std
1034.955,0.44392329444010153,701.6358102526196,49.5,10.5075,0.7614356875419617,0.03499990701675415,1.3639081482392634,0.043610018292364355,0.034499601271993315,13.654108047485352,10.735419273376465,1.136224389076233,0.9325533235444325,0.042813958253467795,2.0,53.0,267.0,48.0,143.716796875,0.13886284608992663,1.374675482753902,0.22771226342598247,0.7663382887840271,1415.360937891257,405.20726465297554,0.8286707485777006,0.6614378277661477,1.951236347191244,0.8269986199503435,3.0157418083147465,0.75,0.6614378277661477,3.9,1.153125,0.9135214745012838,26.8875,0.02597939040827862,1463.6108786610878,0.6601724672420032,0.7876644943467882,0.13351623840525115
