cell_mask_area,cell_mask_area_ratio,cell_mask_intensity,domain_area_mean,domain_area_std,domain_oop_mean,domain_oop_std,domain_slen_mean,myof_bending_mean,myof_bending_std,myof_length_max,myof_length_mean,myof_length_std,myof_straightness_mean,myof_straightness_std,n_domains,n_mbands,n_vectors,n_zbands,sarcomere_area,sarcomere_area_ratio,sarcomere_length_mean,sarcomere_length_std,sarcomere_oop,z_intensity_mean,z_intensity_std,z_lat_alignment_mean,z_lat_alignment_std,z_lat_dist_mean,z_lat_dist_std,z_lat_length_groups_mean,z_lat_neighbors_mean,z_lat_neighbors_std,z_length_max,z_length_mean,z_length_std,z_mask_area,z_mask_area_ratio,z_mask_intensity,z_oop,z_straightness_mean,z_straightness_std
2184.8624999999997,0.26746857199519625,656.786612429844,196.0275,104.01190743131286,0.7149894833564758,0.13556964695453644,1.553647866141426,0.02352702027266484,0.018826480612193178,39.2370491027832,12.630480766296387,5.9293107986450195,0.9514646262808548,0.024623383053240615,3.0,229.0,1483.0,208.0,714.2778930664062,0.32692121040404437,1.4823173660658429,0.25910281516181205,0.782439112663269,1200.9924333167148,343.28934819272456,0.7951785937146592,0.7065181522142825,1.7639912278838468,0.6542052282419634,4.830168924589818,1.0288461538461537,0.7065181522142825,5.3999999999999995,1.4379807692307691,1.0979656711458663,130.76999999999998,0.05985273672828382,1207.843599449415,0.7006852118655132,0.7988821879411913,0.11999814857452173
