sarcomere_area,cell_mask_area_ratio,domain_area_std,domain_oop_mean,sarcomere_length_mean,z_mask_intensity,myof_straightness_std,z_mask_area,z_straightness_std,myof_length_mean,myof_bending_std,sarcomere_oop,n_domains,myof_straightness_mean,z_intensity_mean,myof_bending_mean,z_lat_dist_mean,z_lat_length_groups_mean,z_length_max,sarcomere_area_ratio,z_length_std,myof_length_max,domain_slen_mean,z_mask_area_ratio,z_lat_alignment_std,n_zbands,cell_mask_area,cell_mask_intensity,z_oop,z_lat_alignment_mean,z_length_mean,z_lat_dist_std,myof_length_std,n_vectors,z_straightness_mean,n_mbands,z_intensity_std,sarcomere_length_std,z_lat_neighbors_mean,z_lat_neighbors_std,domain_area_mean,domain_oop_std
37.58830642700195,0.23713375709297252,0.0,0.8878617286682129,1.5154992286711382,952.6548672566372,0.0,10.17,0.10058579591972182,6.094427585601807,0.0,0.8567190170288086,1.0,0.959849435382685,957.6915035950361,0.0986031230725813,1.1255687160388013,1.0393669594341144,2.6999999999999997,0.02402380529998479,0.6004880827293744,6.094427108764648,1.480973867698868,0.006499949668531327,0.4330127018922193,24.0,1564.6275,585.027524123154,0.7752141744827178,0.6622828192217187,0.7687499999999999,0.33629609791783804,4.76837158203125e-07,73.0,0.9006245520301398,20.0,200.3654201754309,0.25648582897535205,0.25,0.4330127018922193,21.689999999999998,0.0
