cell_mask_area,cell_mask_area_ratio,cell_mask_intensity,domain_area_mean,domain_area_std,domain_oop_mean,domain_oop_std,domain_slen_mean,myof_bending_mean,myof_bending_std,myof_length_max,myof_length_mean,myof_length_std,myof_straightness_mean,myof_straightness_std,n_domains,n_mbands,n_vectors,n_zbands,sarcomere_area,sarcomere_area_ratio,sarcomere_length_mean,sarcomere_length_std,sarcomere_oop,z_intensity_mean,z_intensity_std,z_lat_alignment_mean,z_lat_alignment_std,z_lat_dist_mean,z_lat_dist_std,z_lat_length_groups_mean,z_lat_neighbors_mean,z_lat_neighbors_std,z_length_max,z_length_mean,z_length_std,z_mask_area,z_mask_area_ratio,z_mask_intensity,z_oop,z_straightness_mean,z_straightness_std
2185.4474999999998,0.26754018708063854,656.7540846897489,194.64,103.19178728222512,0.7161049842834473,0.13354919850826263,1.5519935169037613,0.023445909762752137,0.01553863422435378,38.324623107910156,13.585695266723633,6.2521185874938965,0.9483427891114871,0.02905553094115449,3.0,229.0,1479.0,208.0,714.3348999023438,0.3268597849650215,1.4825265828946734,0.26220910823227805,0.782177209854126,1201.0787501778354,343.2774971514657,0.7945584925093725,0.7065181522142825,1.7642945476172274,0.6621779991204421,4.831975411832112,1.0288461538461537,0.7065181522142825,5.3999999999999995,1.4387019230769231,1.0963794207422315,130.7025,0.05980582924092205,1207.9967292132897,0.7006741367043505,0.7985244174771223,0.1207661635364421
