cell_mask_area,cell_mask_area_ratio,cell_mask_intensity,domain_area_mean,domain_area_std,domain_oop_mean,domain_oop_std,domain_slen_mean,myof_bending_mean,myof_bending_std,myof_length_max,myof_length_mean,myof_length_std,myof_straightness_mean,myof_straightness_std,n_domains,n_mbands,n_vectors,n_zbands,sarcomere_area,sarcomere_area_ratio,sarcomere_length_mean,sarcomere_length_std,sarcomere_oop,z_intensity_mean,z_intensity_std,z_lat_alignment_mean,z_lat_alignment_std,z_lat_dist_mean,z_lat_dist_std,z_lat_length_groups_mean,z_lat_neighbors_mean,z_lat_neighbors_std,z_length_max,z_length_mean,z_length_std,z_mask_area,z_mask_area_ratio,z_mask_intensity,z_oop,z_straightness_mean,z_straightness_std
1024.5149999999999,0.13532453637660485,633.7328589625334,33.9975,2.317499999999999,0.921411395072937,0.027958989143371582,1.5083529776589042,0.020745208995723425,0.015782534921254074,19.153247833251953,11.072912216186523,4.916672229766846,0.9676437029406292,0.019871298907319927,2.0,48.0,197.0,49.0,97.11521911621094,0.0947914077550948,1.4637555639156936,0.2633866099846674,0.8753577470779419,1311.3542231409158,244.15373639560127,0.67892936610012,0.499895865874118,1.8354725319587715,0.8918607427310908,1.787180280635277,0.4897959183673469,0.499895865874118,3.0,0.8999999999999999,0.6897204402613321,25.2225,0.024618966047349238,1306.1757359500446,0.7810801298762431,0.8539837034716405,0.10541387849047176
