cell_mask_area,cell_mask_area_ratio,cell_mask_intensity,domain_area_mean,domain_area_std,domain_oop_mean,domain_oop_std,domain_slen_mean,myof_bending_mean,myof_bending_std,myof_length_max,myof_length_mean,myof_length_std,myof_straightness_mean,myof_straightness_std,n_domains,n_mbands,n_vectors,n_zbands,sarcomere_area,sarcomere_area_ratio,sarcomere_length_mean,sarcomere_length_std,sarcomere_oop,z_intensity_mean,z_intensity_std,z_lat_alignment_mean,z_lat_alignment_std,z_lat_dist_mean,z_lat_dist_std,z_lat_length_groups_mean,z_lat_neighbors_mean,z_lat_neighbors_std,z_length_max,z_length_mean,z_length_std,z_mask_area,z_mask_area_ratio,z_mask_intensity,z_oop,z_straightness_mean,z_straightness_std
1620.1125,0.29959017246042147,625.8607735573919,38.092499999999994,11.880340904199677,0.6670919060707092,0.16690127551555634,1.5396729989928193,0.03457766909893416,0.02700871664417552,17.516714096069336,10.349550247192383,2.5440592765808105,0.9463159596436616,0.03766829344694047,5.0,108.0,408.0,108.0,239.55348205566406,0.14786225157553198,1.524494824979187,0.258603523198842,0.27796679735183716,1086.879744425664,220.5882137515506,0.797835344314823,0.5826715823167509,1.810434155570586,0.7855432313650347,1.7886285213733026,0.5555555555555556,0.5826715823167509,2.1,0.7888888888888888,0.48920444361669585,53.775,0.03319213943476147,1077.6769874476988,0.18343235487299067,0.8511549150913005,0.08515024292969796
