cell_mask_area,cell_mask_area_ratio,cell_mask_intensity,domain_area_mean,domain_area_std,domain_oop_mean,domain_oop_std,domain_slen_mean,myof_bending_mean,myof_bending_std,myof_length_max,myof_length_mean,myof_length_std,myof_straightness_mean,myof_straightness_std,n_domains,n_mbands,n_vectors,n_zbands,sarcomere_area,sarcomere_area_ratio,sarcomere_length_mean,sarcomere_length_std,sarcomere_oop,z_intensity_mean,z_intensity_std,z_lat_alignment_mean,z_lat_alignment_std,z_lat_dist_mean,z_lat_dist_std,z_lat_length_groups_mean,z_lat_neighbors_mean,z_lat_neighbors_std,z_length_max,z_length_mean,z_length_std,z_mask_area,z_mask_area_ratio,z_mask_intensity,z_oop,z_straightness_mean,z_straightness_std
1054.7325,0.16501337651365813,738.6727179640335,,,,,,0.010173229802027605,0.004849872958026148,6.687150478363037,6.098024845123291,0.4628739356994629,0.9736889921372637,0.006249284816594949,0.0,24.0,76.0,24.0,35.580501556396484,0.03373414733725991,1.4090710197441518,0.28046645728412994,0.9275336861610413,1851.9047133033826,599.9385453384104,0.8997530944697287,0.372677996249965,0.8782290095603471,0.07045428849017121,0.8366571826873043,0.16666666666666666,0.372677996249965,1.95,0.69375,0.513832110226677,9.2475,0.008767625914627642,1716.7639902676399,0.8277680683635957,0.885389817297712,0.08198183232166541
