cell_mask_area,cell_mask_area_ratio,cell_mask_intensity,domain_area_mean,domain_area_std,domain_oop_mean,domain_oop_std,domain_slen_mean,myof_bending_mean,myof_bending_std,myof_length_max,myof_length_mean,myof_length_std,myof_straightness_mean,myof_straightness_std,n_domains,n_mbands,n_vectors,n_zbands,sarcomere_area,sarcomere_area_ratio,sarcomere_length_mean,sarcomere_length_std,sarcomere_oop,z_intensity_mean,z_intensity_std,z_lat_alignment_mean,z_lat_alignment_std,z_lat_dist_mean,z_lat_dist_std,z_lat_length_groups_mean,z_lat_neighbors_mean,z_lat_neighbors_std,z_length_max,z_length_mean,z_length_std,z_mask_area,z_mask_area_ratio,z_mask_intensity,z_oop,z_straightness_mean,z_straightness_std
1125.6975,0.1959771240549963,729.1960184685495,47.4075,3.5549999999999997,0.8632060885429382,0.05503040552139282,1.4238161111799057,0.02247449835905769,0.01227743099044695,17.090024948120117,10.450570106506348,4.270279884338379,0.9539557916800024,0.020062447674844764,2.0,54.0,224.0,51.0,134.96812438964844,0.11989732977966855,1.4288892218937508,0.22466731082810518,0.7474843263626099,1279.4977041320674,245.0356118515141,0.796295800275848,0.6763995415945231,1.7215853823951812,0.6040035113403519,2.351969161785826,0.6666666666666666,0.6763995415945231,6.0,0.9941176470588236,0.9097320796516989,27.1575,0.024125042473666328,1299.4747307373655,0.472189234108373,0.8527987638843486,0.1024670735028234
