cell_mask_area,cell_mask_area_ratio,cell_mask_intensity,domain_area_mean,domain_area_std,domain_oop_mean,domain_oop_std,domain_slen_mean,myof_bending_mean,myof_bending_std,myof_length_max,myof_length_mean,myof_length_std,myof_straightness_mean,myof_straightness_std,n_domains,n_mbands,n_vectors,n_zbands,sarcomere_area,sarcomere_area_ratio,sarcomere_length_mean,sarcomere_length_std,sarcomere_oop,z_intensity_mean,z_intensity_std,z_lat_alignment_mean,z_lat_alignment_std,z_lat_dist_mean,z_lat_dist_std,z_lat_length_groups_mean,z_lat_neighbors_mean,z_lat_neighbors_std,z_length_max,z_length_mean,z_length_std,z_mask_area,z_mask_area_ratio,z_mask_intensity,z_oop,z_straightness_mean,z_straightness_std
1604.4075,0.18520625224017828,618.5359221394814,101.95875,42.40125,0.6875966787338257,0.06332078576087952,1.5169354381319562,0.025280517427533716,0.029792887282813218,21.627944946289062,10.663334846496582,4.150649547576904,0.9532127376447893,0.02690929623736216,2.0,102.0,480.0,94.0,242.9110870361328,0.15140236320020495,1.544601757509938,0.24413223711814092,0.549648106098175,1177.5642560974654,253.52384131655216,0.7760057301097582,0.7186955640023208,1.6498827773383427,0.6781301536230656,2.7642061703367324,0.8085106382978723,0.7186955640023208,6.3,0.979787234042553,0.928460151327448,50.4675,0.03145553732452634,1199.6950512706196,0.4119670503469392,0.8485046345414836,0.10454094196479606
