cell_mask_area,cell_mask_area_ratio,cell_mask_intensity,domain_area_mean,domain_area_std,domain_oop_mean,domain_oop_std,domain_slen_mean,myof_bending_mean,myof_bending_std,myof_length_max,myof_length_mean,myof_length_std,myof_straightness_mean,myof_straightness_std,n_domains,n_mbands,n_vectors,n_zbands,sarcomere_area,sarcomere_area_ratio,sarcomere_length_mean,sarcomere_length_std,sarcomere_oop,z_intensity_mean,z_intensity_std,z_lat_alignment_mean,z_lat_alignment_std,z_lat_dist_mean,z_lat_dist_std,z_lat_length_groups_mean,z_lat_neighbors_mean,z_lat_neighbors_std,z_length_max,z_length_mean,z_length_std,z_mask_area,z_mask_area_ratio,z_mask_intensity,z_oop,z_straightness_mean,z_straightness_std
1026.585,0.23210951768063448,628.8944023144699,36.551249999999996,10.563749999999997,0.9030019044876099,0.03829452395439148,1.399908170819229,0.017204874094576723,0.00913202600048222,20.411863327026367,13.579800605773926,4.680998802185059,0.9604714457621545,0.025099389895824477,2.0,50.0,260.0,53.0,116.21589660644531,0.11320630693653747,1.4228382694422699,0.27013877818265125,0.7937577366828918,1180.076537829649,302.1634649786898,0.7801109451077484,0.5900564441929015,1.7762652702611625,0.7600208481772328,1.7805268070374798,0.37735849056603776,0.5900564441929015,3.15,1.109433962264151,0.6485147474919049,28.619999999999997,0.02787884101170385,1202.1399371069183,0.734786379812698,0.8104312073632014,0.09195574813998826
