sarcomere_area,cell_mask_area_ratio,domain_area_std,domain_oop_mean,sarcomere_length_mean,z_mask_intensity,myof_straightness_std,z_mask_area,z_straightness_std,myof_length_mean,myof_bending_std,sarcomere_oop,n_domains,myof_straightness_mean,z_intensity_mean,myof_bending_mean,z_lat_dist_mean,z_lat_length_groups_mean,z_length_max,sarcomere_area_ratio,z_length_std,myof_length_max,domain_slen_mean,z_mask_area_ratio,z_lat_alignment_std,n_zbands,cell_mask_area,cell_mask_intensity,z_oop,z_lat_alignment_mean,z_length_mean,z_lat_dist_std,myof_length_std,n_vectors,z_straightness_mean,n_mbands,z_intensity_std,sarcomere_length_std,z_lat_neighbors_mean,z_lat_neighbors_std,domain_area_mean,domain_oop_std
95.00474548339844,0.33991246843299233,0.0,0.929921567440033,1.4819480004812957,1368.0935175345378,0.028443081883316398,21.1725,0.12354335264502644,9.607486724853516,0.02262751767328954,0.8831201791763306,1.0,0.9422705750394957,1328.6690199101263,0.02893526370595664,1.6281287993942397,1.8044851823716592,5.1,0.06646256367120754,0.983515249548145,13.115715980529785,1.4974814757651176,0.014811666745368402,0.7043392293490403,32.0,1429.4475,648.385402401977,0.6050492865722374,0.7968988002269396,0.8390624999999999,0.7065384721181643,1.6602565050125122,143.0,0.851354227179683,45.0,359.5977676391217,0.28441722914962725,0.5625,0.7043392293490403,52.7175,0.0
