sarcomere_area,cell_mask_area_ratio,domain_area_std,domain_oop_mean,sarcomere_length_mean,z_mask_intensity,myof_straightness_std,z_mask_area,z_straightness_std,myof_length_mean,myof_bending_std,sarcomere_oop,n_domains,myof_straightness_mean,z_intensity_mean,myof_bending_mean,z_lat_dist_mean,z_lat_length_groups_mean,z_length_max,sarcomere_area_ratio,z_length_std,myof_length_max,domain_slen_mean,z_mask_area_ratio,z_lat_alignment_std,n_zbands,cell_mask_area,cell_mask_intensity,z_oop,z_lat_alignment_mean,z_length_mean,z_lat_dist_std,myof_length_std,n_vectors,z_straightness_mean,n_mbands,z_intensity_std,sarcomere_length_std,z_lat_neighbors_mean,z_lat_neighbors_std,domain_area_mean,domain_oop_std
43.8564567565918,0.4132766937864497,0.0,0.7859295606613159,1.5529208244266663,1333.6264501160092,0.026045771568474506,9.6975,0.07181851379841794,8.268440246582031,0.01760491966902422,0.7848699688911438,1.0,0.9638429551748668,1372.398385666383,0.02116929651697099,1.3080104559837606,0.8220018451736049,1.2,0.04851109646213351,0.3010294836058422,10.733392715454102,1.5269521916931128,0.010726729716276756,0.45825756949558394,20.0,904.05,640.1909905425584,0.7600767854949178,0.7843848006838955,0.5025000000000001,0.3861458882820815,2.0486364364624023,52.0,0.8686251956578651,22.0,302.6318610864585,0.17686136337548972,0.3,0.45825756949558394,20.0475,0.0
