sarcomere_area,cell_mask_area_ratio,domain_area_std,domain_oop_mean,sarcomere_length_mean,z_mask_intensity,myof_straightness_std,z_mask_area,z_straightness_std,myof_length_mean,myof_bending_std,sarcomere_oop,n_domains,myof_straightness_mean,z_intensity_mean,myof_bending_mean,z_lat_dist_mean,z_lat_length_groups_mean,z_length_max,sarcomere_area_ratio,z_length_std,myof_length_max,domain_slen_mean,z_mask_area_ratio,z_lat_alignment_std,n_zbands,cell_mask_area,cell_mask_intensity,z_oop,z_lat_alignment_mean,z_length_mean,z_lat_dist_std,myof_length_std,n_vectors,z_straightness_mean,n_mbands,z_intensity_std,sarcomere_length_std,z_lat_neighbors_mean,z_lat_neighbors_std,domain_area_mean,domain_oop_std
135.40560913085938,0.2142048465577877,9.978750000000002,0.8127956390380859,1.4830256491368705,1062.226489028213,0.028505589985787637,28.709999999999997,0.08937410188654102,15.652382850646973,0.006307913870956414,0.7524625658988953,2.0,0.9589911676155859,1087.9031770981019,0.009706352669854161,1.6108619656890342,1.917723219332242,4.95,0.04833950819296068,0.8253983035283363,30.13347625732422,1.4650620472057776,0.010249407606731193,0.6044705248269888,52.0,2801.1375,579.2051086389012,0.6635867020769278,0.7370706672896227,1.035576923076923,0.5623856093911982,6.647757530212402,253.0,0.8299650178149172,53.0,375.1747022995478,0.17206747405776154,0.5,0.6044705248269888,45.48375,0.07781738042831421
