cell_mask_area,cell_mask_area_ratio,cell_mask_intensity,domain_area_mean,domain_area_std,domain_oop_mean,domain_oop_std,domain_slen_mean,myof_bending_mean,myof_bending_std,myof_length_max,myof_length_mean,myof_length_std,myof_straightness_mean,myof_straightness_std,n_domains,n_mbands,n_vectors,n_zbands,sarcomere_area,sarcomere_area_ratio,sarcomere_length_mean,sarcomere_length_std,sarcomere_oop,z_intensity_mean,z_intensity_std,z_lat_alignment_mean,z_lat_alignment_std,z_lat_dist_mean,z_lat_dist_std,z_lat_length_groups_mean,z_lat_neighbors_mean,z_lat_neighbors_std,z_length_max,z_length_mean,z_length_std,z_mask_area,z_mask_area_ratio,z_mask_intensity,z_oop,z_straightness_mean,z_straightness_std
519.66,0.20869250926176922,590.1526238309664,,,,,,0.004503074084542201,0.004090432942539184,9.204800605773926,8.514902114868164,0.6366679072380066,0.9892003046458492,0.0046458492003048635,0.0,12.0,33.0,12.0,20.871341705322266,0.04016345630859074,1.6854807187497283,0.26998356094396436,0.6546415686607361,1254.119567345968,216.28039120887584,0.967305742990139,0.372677996249965,0.8077747210701759,0.0,0.7416158837336524,0.16666666666666666,0.372677996249965,1.5,0.6124999999999999,0.36464880364537056,5.58,0.010737790093522688,1271.3951612903227,0.5544586474703623,0.93665634331269,0.060299319869797016
