cell_mask_area,cell_mask_area_ratio,cell_mask_intensity,domain_area_mean,domain_area_std,domain_oop_mean,domain_oop_std,domain_slen_mean,myof_bending_mean,myof_bending_std,myof_length_max,myof_length_mean,myof_length_std,myof_straightness_mean,myof_straightness_std,n_domains,n_mbands,n_vectors,n_zbands,sarcomere_area,sarcomere_area_ratio,sarcomere_length_mean,sarcomere_length_std,sarcomere_oop,z_intensity_mean,z_intensity_std,z_lat_alignment_mean,z_lat_alignment_std,z_lat_dist_mean,z_lat_dist_std,z_lat_length_groups_mean,z_lat_neighbors_mean,z_lat_neighbors_std,z_length_max,z_length_mean,z_length_std,z_mask_area,z_mask_area_ratio,z_mask_intensity,z_oop,z_straightness_mean,z_straightness_std
1094.5349999999999,0.27841624504933493,542.3842042511203,34.155,7.177499999999998,0.8479616641998291,0.05942291021347046,1.370967054074298,0.04975677058630105,0.034192211719012156,15.506461143493652,9.173484802246094,3.028848886489868,0.9413165638311133,0.02511446024683329,2.0,51.0,201.0,49.0,101.68151092529297,0.09289927770723913,1.381316146275513,0.24377281053755992,0.51861971616745,739.2537678906693,85.21159041469791,0.7252267675160501,0.5736109927573549,2.2419989982174617,0.7398000597158224,1.7661049731682128,0.4489795918367347,0.5736109927573549,2.25,0.8663265306122448,0.5242475419250852,22.8375,0.02086502487357645,754.0128078817734,0.46134176549978917,0.8391093510353935,0.10967339284762921
