cell_mask_area,cell_mask_area_ratio,cell_mask_intensity,domain_area_mean,domain_area_std,domain_oop_mean,domain_oop_std,domain_slen_mean,myof_bending_mean,myof_bending_std,myof_length_max,myof_length_mean,myof_length_std,myof_straightness_mean,myof_straightness_std,n_domains,n_mbands,n_vectors,n_zbands,sarcomere_area,sarcomere_area_ratio,sarcomere_length_mean,sarcomere_length_std,sarcomere_oop,z_intensity_mean,z_intensity_std,z_lat_alignment_mean,z_lat_alignment_std,z_lat_dist_mean,z_lat_dist_std,z_lat_length_groups_mean,z_lat_neighbors_mean,z_lat_neighbors_std,z_length_max,z_length_mean,z_length_std,z_mask_area,z_mask_area_ratio,z_mask_intensity,z_oop,z_straightness_mean,z_straightness_std
2180.61,0.27339403992191647,580.2888687110487,125.6325,86.29029037209226,0.7242382168769836,0.18298806250095367,1.5892540048860901,0.020753372162099132,0.014127238820208813,38.25313186645508,15.607276916503906,9.168866157531738,0.9430225005698826,0.03748657117853121,3.0,172.0,869.0,170.0,443.017578125,0.2031622243890471,1.5731787262359636,0.24533954103996858,0.6662462949752808,878.0300646374259,160.42765483987552,0.7747867154206145,0.7352705878588115,1.7563965544161544,0.682024450098097,3.939234942580789,1.0235294117647058,0.7352705878588115,4.2,1.0244117647058821,0.7657222318387915,92.42999999999999,0.04238722192414049,876.0214216163583,0.49416618204443824,0.8517169424537968,0.09428653990665775
