cell_mask_area,cell_mask_area_ratio,cell_mask_intensity,domain_area_mean,domain_area_std,domain_oop_mean,domain_oop_std,domain_slen_mean,myof_bending_mean,myof_bending_std,myof_length_max,myof_length_mean,myof_length_std,myof_straightness_mean,myof_straightness_std,n_domains,n_mbands,n_vectors,n_zbands,sarcomere_area,sarcomere_area_ratio,sarcomere_length_mean,sarcomere_length_std,sarcomere_oop,z_intensity_mean,z_intensity_std,z_lat_alignment_mean,z_lat_alignment_std,z_lat_dist_mean,z_lat_dist_std,z_lat_length_groups_mean,z_lat_neighbors_mean,z_lat_neighbors_std,z_length_max,z_length_mean,z_length_std,z_mask_area,z_mask_area_ratio,z_mask_intensity,z_oop,z_straightness_mean,z_straightness_std
1278.0225,0.13875087328457597,619.1159310575518,34.869375,8.912164154787263,0.8319346904754639,0.039896007627248764,1.6232081942551595,0.02388122371217821,0.020515846116172128,19.674135208129883,10.835739135742188,4.379762649536133,0.9511102327167489,0.025644766356487304,4.0,80.0,279.0,68.0,172.60084533691406,0.13505305684126379,1.5805011771189041,0.3002327863910884,0.5900370478630066,1251.3456159950472,312.64847519510096,0.6135938181309593,0.43921130950200227,1.7512788535037298,0.5403248547857429,1.115720524172559,0.20588235294117646,0.43921130950200227,2.55,0.8205882352941175,0.5502162204746025,42.3,0.03309800883787257,1252.1058510638297,0.37018484465067475,0.8596000361915539,0.0884009990132149
