sarcomere_area,cell_mask_area_ratio,domain_area_std,domain_oop_mean,sarcomere_length_mean,z_mask_intensity,myof_straightness_std,z_mask_area,z_straightness_std,myof_length_mean,myof_bending_std,sarcomere_oop,n_domains,myof_straightness_mean,z_intensity_mean,myof_bending_mean,z_lat_dist_mean,z_lat_length_groups_mean,z_length_max,sarcomere_area_ratio,z_length_std,myof_length_max,domain_slen_mean,z_mask_area_ratio,z_lat_alignment_std,n_zbands,cell_mask_area,cell_mask_intensity,z_oop,z_lat_alignment_mean,z_length_mean,z_lat_dist_std,myof_length_std,n_vectors,z_straightness_mean,n_mbands,z_intensity_std,sarcomere_length_std,z_lat_neighbors_mean,z_lat_neighbors_std,domain_area_mean,domain_oop_std
184.67108154296875,0.1512600642857891,20.756249999999998,0.8075700998306274,1.3459441859388004,1060.5252145922748,0.034152446562056266,41.94,0.13660740373108832,13.779147148132324,0.011543927366886217,0.7848090529441833,2.0,0.9441082603731622,1042.9459077265944,0.024921352859873017,1.2877106826105542,2.386301883407959,7.05,0.1893727330733473,1.338229297257505,28.7098388671875,1.3373518897612182,0.04300777554740315,0.58151521608293,67.0,975.1725,606.8284995731525,0.6494413295334164,0.7678062853073586,1.3992537313432833,0.4144890805445406,6.399229049682617,474.0,0.812335356798208,73.0,197.42824552811283,0.21133659092330231,0.5373134328358209,0.58151521608293,71.71875,0.11864712834358215
