sarcomere_area,cell_mask_area_ratio,domain_area_std,domain_oop_mean,sarcomere_length_mean,z_mask_intensity,myof_straightness_std,z_mask_area,z_straightness_std,myof_length_mean,myof_bending_std,sarcomere_oop,n_domains,myof_straightness_mean,z_intensity_mean,myof_bending_mean,z_lat_dist_mean,z_lat_length_groups_mean,z_length_max,sarcomere_area_ratio,z_length_std,myof_length_max,domain_slen_mean,z_mask_area_ratio,z_lat_alignment_std,n_zbands,cell_mask_area,cell_mask_intensity,z_oop,z_lat_alignment_mean,z_length_mean,z_lat_dist_std,myof_length_std,n_vectors,z_straightness_mean,n_mbands,z_intensity_std,sarcomere_length_std,z_lat_neighbors_mean,z_lat_neighbors_std,domain_area_mean,domain_oop_std
76.12860107421875,0.20973569755771163,0.0,0.8981521725654602,1.4017674657182033,1262.964959568733,0.018350056417631804,16.695,0.1150972480416093,15.484319686889648,0.006904418142541874,0.8913958072662354,1.0,0.9676549800569474,1193.155808974822,0.014552581622840725,1.1092155395130634,1.692271199024643,4.8,0.17990606588378738,1.077588358388896,27.098735809326172,1.4020056176832423,0.039453395012495354,0.5587260669577024,31.0,423.15749999999997,645.9505503270059,0.8030931335505636,0.7967014319528841,1.0596774193548388,0.32182209111761434,5.042152404785156,166.0,0.8309405510731951,28.0,277.5529195530522,0.2742466548665959,0.45161290322580644,0.5587260669577024,62.46,0.0
