sarcomere_area,cell_mask_area_ratio,domain_area_std,domain_oop_mean,sarcomere_length_mean,z_mask_intensity,myof_straightness_std,z_mask_area,z_straightness_std,myof_length_mean,myof_bending_std,sarcomere_oop,n_domains,myof_straightness_mean,z_intensity_mean,myof_bending_mean,z_lat_dist_mean,z_lat_length_groups_mean,z_length_max,sarcomere_area_ratio,z_length_std,myof_length_max,domain_slen_mean,z_mask_area_ratio,z_lat_alignment_std,n_zbands,cell_mask_area,cell_mask_intensity,z_oop,z_lat_alignment_mean,z_length_mean,z_lat_dist_std,myof_length_std,n_vectors,z_straightness_mean,n_mbands,z_intensity_std,sarcomere_length_std,z_lat_neighbors_mean,z_lat_neighbors_std,domain_area_mean,domain_oop_std
38.9451904296875,0.18510033999502445,0.0,0.8275548815727234,1.4355626169216675,1432.0352644836273,0.015493477658971659,8.9325,0.058415286985987545,5.752834320068359,0.024443946243314987,0.8275550603866577,1.0,0.9598922487229409,1515.3105437436964,0.033846148317871305,1.673230153858064,2.492422615393548,1.5,0.0969310271843286,0.36491542212699424,6.133596420288086,1.4355626169216675,0.02223217785742286,0.7423074889580902,14.0,401.78249999999997,748.4885479083832,0.5796126693864849,0.6168625997842473,0.7071428571428571,0.8647547931177488,0.30992329120635986,48.0,0.8643988339000538,15.0,343.60101505295165,0.18444856093594425,0.8571428571428571,0.7423074889580902,25.965,0.0
