cell_mask_area,cell_mask_area_ratio,cell_mask_intensity,domain_area_mean,domain_area_std,domain_oop_mean,domain_oop_std,domain_slen_mean,myof_bending_mean,myof_bending_std,myof_length_max,myof_length_mean,myof_length_std,myof_straightness_mean,myof_straightness_std,n_domains,n_mbands,n_vectors,n_zbands,sarcomere_area,sarcomere_area_ratio,sarcomere_length_mean,sarcomere_length_std,sarcomere_oop,z_intensity_mean,z_intensity_std,z_lat_alignment_mean,z_lat_alignment_std,z_lat_dist_mean,z_lat_dist_std,z_lat_length_groups_mean,z_lat_neighbors_mean,z_lat_neighbors_std,z_length_max,z_length_mean,z_length_std,z_mask_area,z_mask_area_ratio,z_mask_intensity,z_oop,z_straightness_mean,z_straightness_std
1505.1599999999999,0.24268984632351873,649.5154867256637,63.044999999999995,0.0,0.9380010962486267,0.0,1.3974791518141552,0.025770021002052546,0.016688792160158707,16.55168342590332,11.98546028137207,3.8510632514953613,0.9482907548741943,0.02716979965511482,1.0,28.0,157.0,32.0,77.59504699707031,0.05155269007751356,1.3974791518141552,0.1714364508835359,0.9380010962486267,1224.1963282646125,284.3750912049678,0.8688141535148837,0.6091746465505602,1.5190916498117544,0.4968506410101575,3.016845573363313,0.9375,0.6091746465505602,3.15,0.890625,0.6924184857259372,15.2325,0.010120186558239656,1202.8552437223043,0.8319339446896119,0.8518479954775953,0.09157826054522872
