cell_mask_area,cell_mask_area_ratio,cell_mask_intensity,domain_area_mean,domain_area_std,domain_oop_mean,domain_oop_std,domain_slen_mean,myof_bending_mean,myof_bending_std,myof_length_max,myof_length_mean,myof_length_std,myof_straightness_mean,myof_straightness_std,n_domains,n_mbands,n_vectors,n_zbands,sarcomere_area,sarcomere_area_ratio,sarcomere_length_mean,sarcomere_length_std,sarcomere_oop,z_intensity_mean,z_intensity_std,z_lat_alignment_mean,z_lat_alignment_std,z_lat_dist_mean,z_lat_dist_std,z_lat_length_groups_mean,z_lat_neighbors_mean,z_lat_neighbors_std,z_length_max,z_length_mean,z_length_std,z_mask_area,z_mask_area_ratio,z_mask_intensity,z_oop,z_straightness_mean,z_straightness_std
1949.7375,0.2524530082854579,602.5729617448503,136.074375,66.4392966919569,0.7889959812164307,0.1842433214187622,1.5154289222810076,0.02345939576200886,0.016937744235175616,28.815553665161133,15.094629287719727,6.040632724761963,0.93633375547827,0.037565003447848404,4.0,240.0,1237.0,209.0,657.2974853515625,0.3371210151887434,1.533579004045419,0.2303766647951401,0.6976242661476135,831.2249558782959,138.22869823658846,0.8276894423686696,0.755435573435045,1.8262097224972895,0.5759067422527377,4.635662193312537,1.0909090909090908,0.755435573435045,6.45,1.1110047846889952,1.0748977674660147,132.7725,0.06809762852691709,850.6393831553974,0.5804437600637288,0.8284964883240761,0.11266639658372563
