cell_mask_area,cell_mask_area_ratio,cell_mask_intensity,domain_area_mean,domain_area_std,domain_oop_mean,domain_oop_std,domain_slen_mean,myof_bending_mean,myof_bending_std,myof_length_max,myof_length_mean,myof_length_std,myof_straightness_mean,myof_straightness_std,n_domains,n_mbands,n_vectors,n_zbands,sarcomere_area,sarcomere_area_ratio,sarcomere_length_mean,sarcomere_length_std,sarcomere_oop,z_intensity_mean,z_intensity_std,z_lat_alignment_mean,z_lat_alignment_std,z_lat_dist_mean,z_lat_dist_std,z_lat_length_groups_mean,z_lat_neighbors_mean,z_lat_neighbors_std,z_length_max,z_length_mean,z_length_std,z_mask_area,z_mask_area_ratio,z_mask_intensity,z_oop,z_straightness_mean,z_straightness_std
2181.375,0.2734899518183767,580.2640123775142,125.4825,87.6864019532105,0.7340590357780457,0.16852489113807678,1.5808420853660456,0.019143295574376506,0.011451846364964945,37.96918487548828,15.486472129821777,8.664334297180176,0.9446113352179036,0.035705226325834345,3.0,172.0,870.0,170.0,443.04644775390625,0.20310421076335167,1.5679570300216474,0.24554264485236332,0.6635032296180725,878.0019085467009,160.42227437720604,0.7744772221768923,0.7352705878588115,1.7563965544161544,0.682024450098097,3.941042171496451,1.0235294117647058,0.7352705878588115,4.2,1.0252941176470587,0.7680810132444196,92.4075,0.04236204228984013,875.9379108838568,0.4942017859303751,0.8517903586152361,0.09438970084250652
