cell_mask_area,cell_mask_area_ratio,cell_mask_intensity,domain_area_mean,domain_area_std,domain_oop_mean,domain_oop_std,domain_slen_mean,myof_bending_mean,myof_bending_std,myof_length_max,myof_length_mean,myof_length_std,myof_straightness_mean,myof_straightness_std,n_domains,n_mbands,n_vectors,n_zbands,sarcomere_area,sarcomere_area_ratio,sarcomere_length_mean,sarcomere_length_std,sarcomere_oop,z_intensity_mean,z_intensity_std,z_lat_alignment_mean,z_lat_alignment_std,z_lat_dist_mean,z_lat_dist_std,z_lat_length_groups_mean,z_lat_neighbors_mean,z_lat_neighbors_std,z_length_max,z_length_mean,z_length_std,z_mask_area,z_mask_area_ratio,z_mask_intensity,z_oop,z_straightness_mean,z_straightness_std
2801.1375,0.2142048465577877,579.2051086389012,45.48375,9.978750000000002,0.8127956390380859,0.07781738042831421,1.4650620472057776,0.009706352669854161,0.006307913870956414,30.13347625732422,15.652382850646973,6.647757530212402,0.9589911676155859,0.028505589985787637,2.0,53.0,253.0,52.0,135.40560913085938,0.04833950819296068,1.4830256491368705,0.17206747405776154,0.7524625658988953,1087.9031770981019,375.1747022995478,0.7370706672896227,0.6044705248269888,1.6108619656890342,0.5623856093911982,1.917723219332242,0.5,0.6044705248269888,4.95,1.035576923076923,0.8253983035283363,28.709999999999997,0.010249407606731193,1062.226489028213,0.6635867020769278,0.8299650178149172,0.08937410188654102
