cell_mask_area,cell_mask_area_ratio,cell_mask_intensity,domain_area_mean,domain_area_std,domain_oop_mean,domain_oop_std,domain_slen_mean,myof_bending_mean,myof_bending_std,myof_length_max,myof_length_mean,myof_length_std,myof_straightness_mean,myof_straightness_std,n_domains,n_mbands,n_vectors,n_zbands,sarcomere_area,sarcomere_area_ratio,sarcomere_length_mean,sarcomere_length_std,sarcomere_oop,z_intensity_mean,z_intensity_std,z_lat_alignment_mean,z_lat_alignment_std,z_lat_dist_mean,z_lat_dist_std,z_lat_length_groups_mean,z_lat_neighbors_mean,z_lat_neighbors_std,z_length_max,z_length_mean,z_length_std,z_mask_area,z_mask_area_ratio,z_mask_intensity,z_oop,z_straightness_mean,z_straightness_std
422.685,0.1806971644030626,600.1964760992229,,,,,,0.05451000427512285,0.038219180272608386,7.253305912017822,6.563449382781982,0.48466944694519043,0.9445500191777956,0.020180271278636086,0.0,16.0,31.0,9.0,24.30830955505371,0.05750927890758771,1.4223015497211975,0.29756185401581897,0.5953961610794067,895.8949346405229,200.69659484251176,0.4428638883400964,0.4969039949999533,2.1535099804332827,0.14104880068347025,1.3652885658380807,0.4444444444444444,0.4969039949999533,1.95,0.5833333333333334,0.5022173057773122,5.7375,0.013573938038965186,987.5137254901961,0.2502422435700656,0.8734755984755984,0.0797949982687645
