cell_mask_area,cell_mask_area_ratio,cell_mask_intensity,domain_area_mean,domain_area_std,domain_oop_mean,domain_oop_std,domain_slen_mean,myof_bending_mean,myof_bending_std,myof_length_max,myof_length_mean,myof_length_std,myof_straightness_mean,myof_straightness_std,n_domains,n_mbands,n_vectors,n_zbands,sarcomere_area,sarcomere_area_ratio,sarcomere_length_mean,sarcomere_length_std,sarcomere_oop,z_intensity_mean,z_intensity_std,z_lat_alignment_mean,z_lat_alignment_std,z_lat_dist_mean,z_lat_dist_std,z_lat_length_groups_mean,z_lat_neighbors_mean,z_lat_neighbors_std,z_length_max,z_length_mean,z_length_std,z_mask_area,z_mask_area_ratio,z_mask_intensity,z_oop,z_straightness_mean,z_straightness_std
401.78249999999997,0.18510033999502445,748.4885479083832,26.0325,0.0,0.8275550603866577,0.0,1.4357727377083325,0.033846148317871305,0.024443946243314987,6.133596420288086,5.751145839691162,0.3101160228252411,0.9598922487229409,0.015493477658971659,1.0,15.0,48.0,14.0,38.945194244384766,0.09693103667876218,1.4357727377083325,0.19182033450962854,0.8275551199913025,1515.3105437436964,343.60101505295165,0.6168533721378092,0.7423074889580902,1.673230153858064,0.8647547931177488,2.492422615393548,0.8571428571428571,0.7423074889580902,1.5,0.7071428571428571,0.36491542212699424,8.9325,0.02223217785742286,1432.0352644836273,0.5796126693864849,0.8643988339000538,0.058415286985987545
