cell_mask_area,cell_mask_area_ratio,cell_mask_intensity,domain_area_mean,domain_area_std,domain_oop_mean,domain_oop_std,domain_slen_mean,myof_bending_mean,myof_bending_std,myof_length_max,myof_length_mean,myof_length_std,myof_straightness_mean,myof_straightness_std,n_domains,n_mbands,n_vectors,n_zbands,sarcomere_area,sarcomere_area_ratio,sarcomere_length_mean,sarcomere_length_std,sarcomere_oop,z_intensity_mean,z_intensity_std,z_lat_alignment_mean,z_lat_alignment_std,z_lat_dist_mean,z_lat_dist_std,z_lat_length_groups_mean,z_lat_neighbors_mean,z_lat_neighbors_std,z_length_max,z_length_mean,z_length_std,z_mask_area,z_mask_area_ratio,z_mask_intensity,z_oop,z_straightness_mean,z_straightness_std
1277.1,0.1386507203681719,619.1983791402396,42.7275,11.212377089627337,0.8482227325439453,0.027283191680908203,1.6260986961242303,0.030695781909380344,0.02408389592943053,18.446096420288086,9.983733177185059,4.118172645568848,0.9483146100148497,0.030387711250461122,3.0,80.0,282.0,69.0,172.53468322753906,0.13509880450046127,1.5789871140032241,0.29698708109379895,0.5916159152984619,1252.9118285996738,310.68219293443957,0.6121708204825961,0.43671070067592366,1.7512788535037298,0.5403248547857429,1.1001443866859046,0.2028985507246377,0.43671070067592366,2.55,0.8108695652173912,0.5496948801359142,42.345,0.033157152924594785,1251.9256110520723,0.35018185865159346,0.8587017609948508,0.08964199601193801
