cell_mask_area,cell_mask_area_ratio,cell_mask_intensity,domain_area_mean,domain_area_std,domain_oop_mean,domain_oop_std,domain_slen_mean,myof_bending_mean,myof_bending_std,myof_length_max,myof_length_mean,myof_length_std,myof_straightness_mean,myof_straightness_std,n_domains,n_mbands,n_vectors,n_zbands,sarcomere_area,sarcomere_area_ratio,sarcomere_length_mean,sarcomere_length_std,sarcomere_oop,z_intensity_mean,z_intensity_std,z_lat_alignment_mean,z_lat_alignment_std,z_lat_dist_mean,z_lat_dist_std,z_lat_length_groups_mean,z_lat_neighbors_mean,z_lat_neighbors_std,z_length_max,z_length_mean,z_length_std,z_mask_area,z_mask_area_ratio,z_mask_intensity,z_oop,z_straightness_mean,z_straightness_std
693.63,0.12975621253956496,575.36051641365,21.5775,0.0,0.8588852882385254,0.0,1.5655378361988679,0.03582454693629463,0.02687678087117047,9.424322128295898,7.144749164581299,1.8140627145767212,0.9356151823857389,0.02650374562953113,1.0,24.0,59.0,20.0,45.527008056640625,0.06563586934913516,1.4421286568766951,0.22668247851908938,0.8445391058921814,1105.8150226301045,237.41715508737116,0.4860365038696231,0.5567764362830022,1.6742231425077252,0.3898421078995395,1.0983923192660692,0.3,0.5567764362830022,2.1,0.6824999999999999,0.48715372317164946,11.9925,0.017289477098741405,1093.0262664165102,0.551011798931273,0.8689400034150377,0.10913454038205947
