cell_mask_area,cell_mask_area_ratio,cell_mask_intensity,domain_area_mean,domain_area_std,domain_oop_mean,domain_oop_std,domain_slen_mean,myof_bending_mean,myof_bending_std,myof_length_max,myof_length_mean,myof_length_std,myof_straightness_mean,myof_straightness_std,n_domains,n_mbands,n_vectors,n_zbands,sarcomere_area,sarcomere_area_ratio,sarcomere_length_mean,sarcomere_length_std,sarcomere_oop,z_intensity_mean,z_intensity_std,z_lat_alignment_mean,z_lat_alignment_std,z_lat_dist_mean,z_lat_dist_std,z_lat_length_groups_mean,z_lat_neighbors_mean,z_lat_neighbors_std,z_length_max,z_length_mean,z_length_std,z_mask_area,z_mask_area_ratio,z_mask_intensity,z_oop,z_straightness_mean,z_straightness_std
552.915,0.13857857428846945,738.7415154228046,26.842499999999998,0.0,0.9157371520996094,0.0,1.6755556726595728,0.029666062420390753,0.02307774710099368,14.444754600524902,13.059328079223633,0.8802974820137024,0.9527238637815467,0.020402525836946253,1.0,21.0,63.0,16.0,34.72953796386719,0.06281171240401724,1.6177960993778817,0.3343716878514298,0.7796759605407715,1259.8811407864791,167.04403319312212,0.7357723442956533,0.5,2.2270543808288688,0.5575426305054619,1.7298514602762898,0.5,0.5,1.5,0.740625,0.38046794789443167,9.09,0.01644013998535037,1299.6782178217823,0.5758787582854256,0.8852661370140452,0.07195129019267177
