sarcomere_area,cell_mask_area_ratio,domain_area_std,domain_oop_mean,sarcomere_length_mean,z_mask_intensity,myof_straightness_std,z_mask_area,z_straightness_std,myof_length_mean,myof_bending_std,sarcomere_oop,n_domains,myof_straightness_mean,z_intensity_mean,myof_bending_mean,z_lat_dist_mean,z_lat_length_groups_mean,z_length_max,sarcomere_area_ratio,z_length_std,myof_length_max,domain_slen_mean,z_mask_area_ratio,z_lat_alignment_std,n_zbands,cell_mask_area,cell_mask_intensity,z_oop,z_lat_alignment_mean,z_length_mean,z_lat_dist_std,myof_length_std,n_vectors,z_straightness_mean,n_mbands,z_intensity_std,sarcomere_length_std,z_lat_neighbors_mean,z_lat_neighbors_std,domain_area_mean,domain_oop_std
107.30604553222656,0.14870247734213837,20.84625,0.9168314933776855,1.5436117512337908,1127.690408357075,0.027446855381341853,23.6925,0.11884464387609942,16.51226806640625,0.011386337347892656,0.9113544225692749,2.0,0.9578983320999553,1069.0342910804175,0.018206138836476145,1.597057044869551,3.075734478898544,4.5,0.19868178550283574,1.1262544026958725,30.15523338317871,1.5199262349074514,0.043867688718546904,0.6363159271805738,35.0,540.09,598.8351108148642,0.9017990059757194,0.7803236824229848,1.607142857142857,0.7265107613391757,7.3746232986450195,293.0,0.7738130047557027,32.0,178.39239397293343,0.2570274053773195,0.6285714285714286,0.6363159271805738,52.03125,0.005218684673309326
