sarcomere_area,cell_mask_area_ratio,domain_area_std,domain_oop_mean,sarcomere_length_mean,z_mask_intensity,myof_straightness_std,z_mask_area,z_straightness_std,myof_length_mean,myof_bending_std,sarcomere_oop,n_domains,myof_straightness_mean,z_intensity_mean,myof_bending_mean,z_lat_dist_mean,z_lat_length_groups_mean,z_length_max,sarcomere_area_ratio,z_length_std,myof_length_max,domain_slen_mean,z_mask_area_ratio,z_lat_alignment_std,n_zbands,cell_mask_area,cell_mask_intensity,z_oop,z_lat_alignment_mean,z_length_mean,z_lat_dist_std,myof_length_std,n_vectors,z_straightness_mean,n_mbands,z_intensity_std,sarcomere_length_std,z_lat_neighbors_mean,z_lat_neighbors_std,domain_area_mean,domain_oop_std
65.26909637451172,0.16649537512846865,0.0,0.6464871168136597,1.543949836521487,1479.163297045101,0.02723336588595114,14.4675,0.13015221170406666,10.095120429992676,0.02237938757645479,0.3627653121948242,1.0,0.9539690194134861,1468.5159486184425,0.029002433153436397,1.7588442325623965,2.820948870044045,2.85,0.10471622004750836,0.6674217879602038,14.545462608337402,1.5438158898065362,0.023211320482275647,0.6982226459074686,29.0,623.295,699.7504151324814,0.030362886400508236,0.7026973584842583,0.925862068965517,0.6201547916302805,3.4691600799560547,127.0,0.83799063625755,29.0,357.301622806959,0.23950725653062854,0.8275862068965517,0.6982226459074686,47.8575,0.0
