cell_mask_area,cell_mask_area_ratio,cell_mask_intensity,domain_area_mean,domain_area_std,domain_oop_mean,domain_oop_std,domain_slen_mean,myof_bending_mean,myof_bending_std,myof_length_max,myof_length_mean,myof_length_std,myof_straightness_mean,myof_straightness_std,n_domains,n_mbands,n_vectors,n_zbands,sarcomere_area,sarcomere_area_ratio,sarcomere_length_mean,sarcomere_length_std,sarcomere_oop,z_intensity_mean,z_intensity_std,z_lat_alignment_mean,z_lat_alignment_std,z_lat_dist_mean,z_lat_dist_std,z_lat_length_groups_mean,z_lat_neighbors_mean,z_lat_neighbors_std,z_length_max,z_length_mean,z_length_std,z_mask_area,z_mask_area_ratio,z_mask_intensity,z_oop,z_straightness_mean,z_straightness_std
747.6975,0.19305981595092025,747.4582167253468,35.3925,0.0,0.8127083778381348,0.0,1.4035792369920397,0.05604929563022417,0.03413043266435725,6.217268466949463,5.573535919189453,0.4662611186504364,0.955258620689655,0.024462412624089137,1.0,26.0,86.0,30.0,51.573978424072266,0.06897706415237749,1.4428376510210228,0.3658005737971353,0.7290515899658203,1876.82010567556,616.6158937824448,0.7934281840800437,0.7023769168568492,1.6998041964640815,0.8031442545913511,2.249869464309388,0.8,0.7023769168568492,2.1,0.67,0.38871583451153624,10.4175,0.013932773614998045,2037.77969762419,0.6450310998878969,0.8495091235709358,0.08184237310087339
