cell_mask_area,cell_mask_area_ratio,cell_mask_intensity,domain_area_mean,domain_area_std,domain_oop_mean,domain_oop_std,domain_slen_mean,myof_bending_mean,myof_bending_std,myof_length_max,myof_length_mean,myof_length_std,myof_straightness_mean,myof_straightness_std,n_domains,n_mbands,n_vectors,n_zbands,sarcomere_area,sarcomere_area_ratio,sarcomere_length_mean,sarcomere_length_std,sarcomere_oop,z_intensity_mean,z_intensity_std,z_lat_alignment_mean,z_lat_alignment_std,z_lat_dist_mean,z_lat_dist_std,z_lat_length_groups_mean,z_lat_neighbors_mean,z_lat_neighbors_std,z_length_max,z_length_mean,z_length_std,z_mask_area,z_mask_area_ratio,z_mask_intensity,z_oop,z_straightness_mean,z_straightness_std
1132.245,0.231465552928622,648.4429672906482,256.7025,0.0,0.8332384824752808,0.0,1.496220693145823,0.0203063451104453,0.019519344206160198,37.11219787597656,15.253196716308594,8.382526397705078,0.94628836963111,0.025921644028274633,1.0,114.0,717.0,98.0,328.0599365234375,0.28974288826485217,1.4904803348587445,0.2007267725172342,0.7563355565071106,1224.9424073532434,316.59565138751447,0.7984879952958072,0.6152985074155646,1.5735091274002908,0.5929325644522943,2.8999407836517817,0.7346938775510204,0.6152985074155646,5.1,1.2566326530612242,0.9667861168161608,62.37,0.0550852509836652,1249.4256854256855,0.6447725890611277,0.8162010936428351,0.12565339958437913
