cell_mask_area,cell_mask_area_ratio,cell_mask_intensity,domain_area_mean,domain_area_std,domain_oop_mean,domain_oop_std,domain_slen_mean,myof_bending_mean,myof_bending_std,myof_length_max,myof_length_mean,myof_length_std,myof_straightness_mean,myof_straightness_std,n_domains,n_mbands,n_vectors,n_zbands,sarcomere_area,sarcomere_area_ratio,sarcomere_length_mean,sarcomere_length_std,sarcomere_oop,z_intensity_mean,z_intensity_std,z_lat_alignment_mean,z_lat_alignment_std,z_lat_dist_mean,z_lat_dist_std,z_lat_length_groups_mean,z_lat_neighbors_mean,z_lat_neighbors_std,z_length_max,z_length_mean,z_length_std,z_mask_area,z_mask_area_ratio,z_mask_intensity,z_oop,z_straightness_mean,z_straightness_std
1107.5175,0.237768149124968,700.0831928163664,22.77,0.17999999999999972,0.7628664970397949,0.07039785385131836,1.4278159926650378,0.033617003590249446,0.02989598023947139,8.318415641784668,6.492945671081543,1.22347891330719,0.9531766621593221,0.02973992223616964,2.0,48.0,123.0,33.0,91.15095520019531,0.08230204506944162,1.435089059133112,0.27582108082603657,0.43184319138526917,1390.4781619516457,312.0743690206182,0.8048870493647327,0.459568208730397,1.9264027513139204,0.7109658499043083,1.1261433484489145,0.30303030303030304,0.459568208730397,2.1,0.6636363636363636,0.4982199719961733,21.375,0.019299920768746318,1355.0042105263158,0.2532205254683172,0.8632632607512991,0.10020707486193087
