sarcomere_area,cell_mask_area_ratio,domain_area_std,domain_oop_mean,sarcomere_length_mean,z_mask_intensity,myof_straightness_std,z_mask_area,z_straightness_std,myof_length_mean,myof_bending_std,sarcomere_oop,n_domains,myof_straightness_mean,z_intensity_mean,myof_bending_mean,z_lat_dist_mean,z_lat_length_groups_mean,z_length_max,sarcomere_area_ratio,z_length_std,myof_length_max,domain_slen_mean,z_mask_area_ratio,z_lat_alignment_std,n_zbands,cell_mask_area,cell_mask_intensity,z_oop,z_lat_alignment_mean,z_length_mean,z_lat_dist_std,myof_length_std,n_vectors,z_straightness_mean,n_mbands,z_intensity_std,sarcomere_length_std,z_lat_neighbors_mean,z_lat_neighbors_std,domain_area_mean,domain_oop_std
225.51959228515625,0.17630313765182187,15.87881607677348,0.7171744704246521,1.4655712455938268,1456.1489252814738,0.028767927315579072,43.964999999999996,0.11037702722648002,11.378726959228516,0.02011088452867695,0.24064218997955322,3.0,0.9544708521111775,1451.5745635810106,0.020567479773892765,1.7412534810136098,3.265805809223035,4.6499999999999995,0.2397582344325174,1.0698744692543105,14.925195693969727,1.531050317754689,0.046740820476019615,0.6565073421974564,69.0,940.6125,727.4226527927282,0.0713108004257483,0.758826686849317,1.3065217391304347,0.6394291580709477,2.3038220405578613,464.0,0.8075977672926616,77.0,501.8426622213752,0.2424182285328023,0.782608695652174,0.6565073421974564,62.1,0.052935462445020676
