cell_mask_area,cell_mask_area_ratio,cell_mask_intensity,domain_area_mean,domain_area_std,domain_oop_mean,domain_oop_std,domain_slen_mean,myof_bending_mean,myof_bending_std,myof_length_max,myof_length_mean,myof_length_std,myof_straightness_mean,myof_straightness_std,n_domains,n_mbands,n_vectors,n_zbands,sarcomere_area,sarcomere_area_ratio,sarcomere_length_mean,sarcomere_length_std,sarcomere_oop,z_intensity_mean,z_intensity_std,z_lat_alignment_mean,z_lat_alignment_std,z_lat_dist_mean,z_lat_dist_std,z_lat_length_groups_mean,z_lat_neighbors_mean,z_lat_neighbors_std,z_length_max,z_length_mean,z_length_std,z_mask_area,z_mask_area_ratio,z_mask_intensity,z_oop,z_straightness_mean,z_straightness_std
623.295,0.16649537512846865,699.7504151324814,47.8125,0.0,0.6464871168136597,0.0,1.540937676259105,0.029714082485826698,0.021755784098161864,14.395462036132812,9.992461204528809,3.442244052886963,0.9559484219832163,0.028824331795712418,1.0,29.0,127.0,29.0,65.26910400390625,0.10471623228793149,1.5403699086158669,0.23941418547962148,0.36276528239250183,1468.5159486184425,357.301622806959,0.7026966962076543,0.6982226459074686,1.7588442325623965,0.6201547916302805,2.820948870044045,0.8275862068965517,0.6982226459074686,2.85,0.925862068965517,0.6674217879602038,14.4675,0.023211320482275647,1479.163297045101,0.030362886400508236,0.83799063625755,0.13015221170406666
