sarcomere_area,cell_mask_area_ratio,domain_area_std,domain_oop_mean,sarcomere_length_mean,z_mask_intensity,myof_straightness_std,z_mask_area,z_straightness_std,myof_length_mean,myof_bending_std,sarcomere_oop,n_domains,myof_straightness_mean,z_intensity_mean,myof_bending_mean,z_lat_dist_mean,z_lat_length_groups_mean,z_length_max,sarcomere_area_ratio,z_length_std,myof_length_max,domain_slen_mean,z_mask_area_ratio,z_lat_alignment_std,n_zbands,cell_mask_area,cell_mask_intensity,z_oop,z_lat_alignment_mean,z_length_mean,z_lat_dist_std,myof_length_std,n_vectors,z_straightness_mean,n_mbands,z_intensity_std,sarcomere_length_std,z_lat_neighbors_mean,z_lat_neighbors_std,domain_area_mean,domain_oop_std
226.44483947753906,0.23614625442301684,0.0,0.9281032681465149,1.55606505105233,1345.099297893681,0.016382955428141895,44.864999999999995,0.10764019884028281,17.163803100585938,0.00942524883266872,0.9035057425498962,1.0,0.9632928329058388,1318.3302028879566,0.01732483874668434,1.7792564510894413,3.4367028532624633,3.5999999999999996,0.21481782471484792,0.9825625054664142,36.346832275390625,1.55775444559172,0.042561366061899676,0.6487668591258342,64.0,1054.125,690.1179295624333,0.7941855500340497,0.8882432034963144,1.39921875,0.5943454225083321,8.679789543151855,495.0,0.8007256766649823,66.0,289.0150765064743,0.2286398499325492,0.78125,0.6487668591258342,166.8375,0.0
