sarcomere_area,cell_mask_area_ratio,domain_area_std,domain_oop_mean,sarcomere_length_mean,z_mask_intensity,myof_straightness_std,z_mask_area,z_straightness_std,myof_length_mean,myof_bending_std,sarcomere_oop,n_domains,myof_straightness_mean,z_intensity_mean,myof_bending_mean,z_lat_dist_mean,z_lat_length_groups_mean,z_length_max,sarcomere_area_ratio,z_length_std,myof_length_max,domain_slen_mean,z_mask_area_ratio,z_lat_alignment_std,n_zbands,cell_mask_area,cell_mask_intensity,z_oop,z_lat_alignment_mean,z_length_mean,z_lat_dist_std,myof_length_std,n_vectors,z_straightness_mean,n_mbands,z_intensity_std,sarcomere_length_std,z_lat_neighbors_mean,z_lat_neighbors_std,domain_area_mean,domain_oop_std
51.573978424072266,0.19305981595092025,0.0,0.8127083778381348,1.4428376510210228,2037.77969762419,0.024462412624089137,10.4175,0.08184237310087339,5.573535919189453,0.03413043266435725,0.7290515899658203,1.0,0.955258620689655,1876.82010567556,0.05604929563022417,1.6998041964640815,2.249869464309388,2.1,0.06897706415237749,0.38871583451153624,6.217268466949463,1.4035792369920397,0.013932773614998045,0.7023769168568492,30.0,747.6975,747.4582167253468,0.6450310998878969,0.7934281840800437,0.67,0.8031442545913511,0.4662611186504364,86.0,0.8495091235709358,26.0,616.6158937824448,0.3658005737971353,0.8,0.7023769168568492,35.3925,0.0
