cell_mask_area,cell_mask_area_ratio,cell_mask_intensity,domain_area_mean,domain_area_std,domain_oop_mean,domain_oop_std,domain_slen_mean,myof_bending_mean,myof_bending_std,myof_length_max,myof_length_mean,myof_length_std,myof_straightness_mean,myof_straightness_std,n_domains,n_mbands,n_vectors,n_zbands,sarcomere_area,sarcomere_area_ratio,sarcomere_length_mean,sarcomere_length_std,sarcomere_oop,z_intensity_mean,z_intensity_std,z_lat_alignment_mean,z_lat_alignment_std,z_lat_dist_mean,z_lat_dist_std,z_lat_length_groups_mean,z_lat_neighbors_mean,z_lat_neighbors_std,z_length_max,z_length_mean,z_length_std,z_mask_area,z_mask_area_ratio,z_mask_intensity,z_oop,z_straightness_mean,z_straightness_std
1843.7624999999998,0.1541435061087441,540.4947098663738,27.7425,0.0,0.8727439641952515,0.0,1.7121559830926003,0.02307069587182156,0.01844543067577958,10.674616813659668,8.216979026794434,1.5573557615280151,0.9614268915236667,0.019787043877192254,1.0,28.0,81.0,33.0,54.99917984008789,0.029829861405733057,1.6562983172481884,0.2948548809295896,0.8136565685272217,840.7207958888763,112.81742119663373,0.6092555144020398,0.459568208730397,1.0626792646688517,0.29276745113292696,0.977264154405152,0.30303030303030304,0.459568208730397,1.65,0.6681818181818181,0.41793470959900336,15.254999999999999,0.008273842211239247,846.622418879056,0.7592213614838041,0.8859710703817583,0.09721181902897065
