cell_mask_area,cell_mask_area_ratio,cell_mask_intensity,domain_area_mean,domain_area_std,domain_oop_mean,domain_oop_std,domain_slen_mean,myof_bending_mean,myof_bending_std,myof_length_max,myof_length_mean,myof_length_std,myof_straightness_mean,myof_straightness_std,n_domains,n_mbands,n_vectors,n_zbands,sarcomere_area,sarcomere_area_ratio,sarcomere_length_mean,sarcomere_length_std,sarcomere_oop,z_intensity_mean,z_intensity_std,z_lat_alignment_mean,z_lat_alignment_std,z_lat_dist_mean,z_lat_dist_std,z_lat_length_groups_mean,z_lat_neighbors_mean,z_lat_neighbors_std,z_length_max,z_length_mean,z_length_std,z_mask_area,z_mask_area_ratio,z_mask_intensity,z_oop,z_straightness_mean,z_straightness_std
521.8199999999999,0.19598431584640344,793.1964470507071,,,,,,0.0628376576878917,0.05928321329332543,7.796964168548584,7.593198776245117,0.1890331208705902,0.9477661384188378,0.022645449462684996,0.0,19.0,32.0,17.0,31.715614318847656,0.060778840057582426,1.390944079881477,0.1997331275608351,0.28695836663246155,1632.310938294541,294.88088642006437,0.8744956163633463,0.32218973970892123,2.1053503271427316,0.0,0.7315843954464207,0.11764705882352941,0.32218973970892123,1.65,0.5647058823529412,0.3657243842834595,8.8875,0.017031735081062437,1602.7974683544303,0.34645661613271517,0.8795586887464505,0.09304030022335455
