cell_mask_area,cell_mask_area_ratio,cell_mask_intensity,domain_area_mean,domain_area_std,domain_oop_mean,domain_oop_std,domain_slen_mean,myof_bending_mean,myof_bending_std,myof_length_max,myof_length_mean,myof_length_std,myof_straightness_mean,myof_straightness_std,n_domains,n_mbands,n_vectors,n_zbands,sarcomere_area,sarcomere_area_ratio,sarcomere_length_mean,sarcomere_length_std,sarcomere_oop,z_intensity_mean,z_intensity_std,z_lat_alignment_mean,z_lat_alignment_std,z_lat_dist_mean,z_lat_dist_std,z_lat_length_groups_mean,z_lat_neighbors_mean,z_lat_neighbors_std,z_length_max,z_length_mean,z_length_std,z_mask_area,z_mask_area_ratio,z_mask_intensity,z_oop,z_straightness_mean,z_straightness_std
1054.485,0.23622690202324667,690.055327956301,166.4325,0.0,0.9265168905258179,0.0,1.5517132246214758,0.020609699247966594,0.011835937890216395,36.32152557373047,17.593061447143555,8.68818187713623,0.9630354161373277,0.01775137045866557,1.0,66.0,496.0,64.0,226.48219299316406,0.21477990961764662,1.5489675165825618,0.24068563726998235,0.9047884941101074,1318.3131722298126,289.04223434962876,0.8884091124338912,0.6487668591258342,1.7792564510894413,0.5943454225083321,3.4367028532624633,0.78125,0.6487668591258342,3.5999999999999996,1.39921875,0.9825625054664142,44.887499999999996,0.042568173089233136,1344.8370927318297,0.7943619348331772,0.8003327849821971,0.10795302421075322
