cell_mask_area,cell_mask_area_ratio,cell_mask_intensity,domain_area_mean,domain_area_std,domain_oop_mean,domain_oop_std,domain_slen_mean,myof_bending_mean,myof_bending_std,myof_length_max,myof_length_mean,myof_length_std,myof_straightness_mean,myof_straightness_std,n_domains,n_mbands,n_vectors,n_zbands,sarcomere_area,sarcomere_area_ratio,sarcomere_length_mean,sarcomere_length_std,sarcomere_oop,z_intensity_mean,z_intensity_std,z_lat_alignment_mean,z_lat_alignment_std,z_lat_dist_mean,z_lat_dist_std,z_lat_length_groups_mean,z_lat_neighbors_mean,z_lat_neighbors_std,z_length_max,z_length_mean,z_length_std,z_mask_area,z_mask_area_ratio,z_mask_intensity,z_oop,z_straightness_mean,z_straightness_std
450.2475,0.1689547450185748,594.3772924891309,63.675,0.0,0.9717692732810974,0.0,1.5039170327933382,0.013338604127201939,0.006805829663957283,24.120349884033203,14.710721015930176,6.773299694061279,0.964240580590374,0.014721197580283882,1.0,29.0,210.0,27.0,78.38349914550781,0.17408980426433865,1.4726004124521643,0.20019814246263198,0.9633896350860596,900.8256438802817,195.8049406205661,0.8806413030172967,0.4969039949999533,1.4133199587022656,0.6285114910117612,2.3895199882006475,0.4444444444444444,0.4969039949999533,3.75,1.5444444444444443,1.215740388141327,17.955,0.03987806706311528,983.8157894736842,0.9349537985427079,0.801218633052482,0.10824283940029643
