cell_mask_area,cell_mask_area_ratio,cell_mask_intensity,domain_area_mean,domain_area_std,domain_oop_mean,domain_oop_std,domain_slen_mean,myof_bending_mean,myof_bending_std,myof_length_max,myof_length_mean,myof_length_std,myof_straightness_mean,myof_straightness_std,n_domains,n_mbands,n_vectors,n_zbands,sarcomere_area,sarcomere_area_ratio,sarcomere_length_mean,sarcomere_length_std,sarcomere_oop,z_intensity_mean,z_intensity_std,z_lat_alignment_mean,z_lat_alignment_std,z_lat_dist_mean,z_lat_dist_std,z_lat_length_groups_mean,z_lat_neighbors_mean,z_lat_neighbors_std,z_length_max,z_length_mean,z_length_std,z_mask_area,z_mask_area_ratio,z_mask_intensity,z_oop,z_straightness_mean,z_straightness_std
906.8625,0.13218221172766628,616.692048132986,20.6325,0.0,0.8372931480407715,0.0,1.4097627992570483,0.012635416942674333,0.005401973514079201,13.008187294006348,9.86467170715332,2.7062671184539795,0.9625464637158693,0.0237422715600819,1.0,27.0,74.0,22.0,44.318931579589844,0.04887061884198525,1.4645360209220681,0.18864553959668767,0.829362154006958,1393.4250749605337,320.9398153624128,0.6798808869262413,0.5677270907634906,1.6839060685031093,0.6225635328690575,1.3158680152229132,0.36363636363636365,0.5677270907634906,2.4,0.7704545454545453,0.5280020426331639,11.0475,0.012182111400570649,1391.5050916496946,0.7329319457649976,0.8410914681961562,0.0747736259349936
