cell_mask_area,cell_mask_area_ratio,cell_mask_intensity,domain_area_mean,domain_area_std,domain_oop_mean,domain_oop_std,domain_slen_mean,myof_bending_mean,myof_bending_std,myof_length_max,myof_length_mean,myof_length_std,myof_straightness_mean,myof_straightness_std,n_domains,n_mbands,n_vectors,n_zbands,sarcomere_area,sarcomere_area_ratio,sarcomere_length_mean,sarcomere_length_std,sarcomere_oop,z_intensity_mean,z_intensity_std,z_lat_alignment_mean,z_lat_alignment_std,z_lat_dist_mean,z_lat_dist_std,z_lat_length_groups_mean,z_lat_neighbors_mean,z_lat_neighbors_std,z_length_max,z_length_mean,z_length_std,z_mask_area,z_mask_area_ratio,z_mask_intensity,z_oop,z_straightness_mean,z_straightness_std
450.2475,0.1689547450185748,594.3772924891309,63.607499999999995,0.0,0.9717695116996765,0.0,1.50543456330022,0.012914970286800484,0.00694462691861139,24.110397338867188,14.629908561706543,6.744748115539551,0.9634538647547808,0.01646958233392593,1.0,29.0,210.0,27.0,78.38350677490234,0.17408982120922903,1.4742604899812983,0.19916533816081716,0.9633899331092834,900.8256438802817,195.8049406205661,0.8806411681218614,0.4969039949999533,1.4133199587022656,0.6285114910117612,2.3895199882006475,0.4444444444444444,0.4969039949999533,3.75,1.5444444444444443,1.215740388141327,17.955,0.03987806706311528,983.8157894736842,0.9349537985427079,0.801218633052482,0.10824283940029643
