sarcomere_area,cell_mask_area_ratio,domain_area_std,domain_oop_mean,sarcomere_length_mean,z_mask_intensity,myof_straightness_std,z_mask_area,z_straightness_std,myof_length_mean,myof_bending_std,sarcomere_oop,n_domains,myof_straightness_mean,z_intensity_mean,myof_bending_mean,z_lat_dist_mean,z_lat_length_groups_mean,z_length_max,sarcomere_area_ratio,z_length_std,myof_length_max,domain_slen_mean,z_mask_area_ratio,z_lat_alignment_std,n_zbands,cell_mask_area,cell_mask_intensity,z_oop,z_lat_alignment_mean,z_length_mean,z_lat_dist_std,myof_length_std,n_vectors,z_straightness_mean,n_mbands,z_intensity_std,sarcomere_length_std,z_lat_neighbors_mean,z_lat_neighbors_std,domain_area_mean,domain_oop_std
53.96773147583008,0.11642272733003038,0.0,0.8314697742462158,1.637028223927056,1731.752491694352,0.022847887843722662,13.545,0.1201105165476548,9.070334434509277,0.030559318918040642,0.8314697742462158,1.0,0.954372158316336,1628.8334703418552,0.04192375120828955,1.5314292707426427,3.9535245554588188,4.05,0.12986279606768955,0.9645188261910718,12.052816390991211,1.637028223927056,0.03259339469409854,0.5948093198253477,31.0,415.575,789.8646995127233,0.809011377329782,0.835870754870865,1.1225806451612905,0.852041306928635,1.7723883390426636,149.0,0.83196225361327,29.0,340.5339197997651,0.44429970075573205,1.032258064516129,0.5948093198253477,52.47,0.0
