sarcomere_area,cell_mask_area_ratio,domain_area_std,domain_oop_mean,sarcomere_length_mean,z_mask_intensity,myof_straightness_std,z_mask_area,z_straightness_std,myof_length_mean,myof_bending_std,sarcomere_oop,n_domains,myof_straightness_mean,z_intensity_mean,myof_bending_mean,z_lat_dist_mean,z_lat_length_groups_mean,z_length_max,sarcomere_area_ratio,z_length_std,myof_length_max,domain_slen_mean,z_mask_area_ratio,z_lat_alignment_std,n_zbands,cell_mask_area,cell_mask_intensity,z_oop,z_lat_alignment_mean,z_length_mean,z_lat_dist_std,myof_length_std,n_vectors,z_straightness_mean,n_mbands,z_intensity_std,sarcomere_length_std,z_lat_neighbors_mean,z_lat_neighbors_std,domain_area_mean,domain_oop_std
261.0759582519531,0.2591346153846154,56.17125,0.801110029220581,1.5198246718281474,1427.0818403908795,0.039074985500550934,55.26,0.11637278017666433,15.035015106201172,0.025260929649713073,0.7016936540603638,2.0,0.9492320351512171,1400.7243961821268,0.027429076674100068,1.6234774541585717,4.2162213975843175,4.35,0.21745049609844322,0.9975047361226547,30.34266471862793,1.5388219566234231,0.04602612394820187,0.6873184954334898,91.0,1200.6225,713.6434099810723,0.6460613845159489,0.7630075455714026,1.264285714285714,0.6800537697504867,6.029799938201904,654.0,0.8275056184400627,94.0,318.9229403373073,0.1940409234564125,1.010989010989011,0.6873184954334898,122.52374999999999,0.031429290771484375
