cell_mask_area,cell_mask_area_ratio,cell_mask_intensity,domain_area_mean,domain_area_std,domain_oop_mean,domain_oop_std,domain_slen_mean,myof_bending_mean,myof_bending_std,myof_length_max,myof_length_mean,myof_length_std,myof_straightness_mean,myof_straightness_std,n_domains,n_mbands,n_vectors,n_zbands,sarcomere_area,sarcomere_area_ratio,sarcomere_length_mean,sarcomere_length_std,sarcomere_oop,z_intensity_mean,z_intensity_std,z_lat_alignment_mean,z_lat_alignment_std,z_lat_dist_mean,z_lat_dist_std,z_lat_length_groups_mean,z_lat_neighbors_mean,z_lat_neighbors_std,z_length_max,z_length_mean,z_length_std,z_mask_area,z_mask_area_ratio,z_mask_intensity,z_oop,z_straightness_mean,z_straightness_std
2862.4275,0.39170099696415484,646.3397841517383,130.95,65.76263418537917,0.636040985584259,0.11301769316196442,1.6644303366344313,0.022313704745959614,0.022356683262776594,30.373735427856445,12.830024719238281,5.238653182983398,0.9450282237183985,0.03723764639854721,5.0,261.0,1427.0,272.0,750.4781494140625,0.26218241314900115,1.6432915057785449,0.2437107739064946,0.39259475469589233,1056.631873547539,204.82638999754417,0.7580661203025838,0.6741889270394171,1.8088216093307516,0.6512878288435839,3.77521723987467,0.9632352941176471,0.6741889270394171,4.5,1.085845588235294,0.8442016884980088,163.35,0.057066947547143115,1077.1833333333334,0.3356731345535508,0.8489821229285999,0.10718990483241077
