sarcomere_area,cell_mask_area_ratio,domain_area_std,domain_oop_mean,sarcomere_length_mean,z_mask_intensity,myof_straightness_std,z_mask_area,z_straightness_std,myof_length_mean,myof_bending_std,sarcomere_oop,n_domains,myof_straightness_mean,z_intensity_mean,myof_bending_mean,z_lat_dist_mean,z_lat_length_groups_mean,z_length_max,sarcomere_area_ratio,z_length_std,myof_length_max,domain_slen_mean,z_mask_area_ratio,z_lat_alignment_std,n_zbands,cell_mask_area,cell_mask_intensity,z_oop,z_lat_alignment_mean,z_length_mean,z_lat_dist_std,myof_length_std,n_vectors,z_straightness_mean,n_mbands,z_intensity_std,sarcomere_length_std,z_lat_neighbors_mean,z_lat_neighbors_std,domain_area_mean,domain_oop_std
307.50201416015625,0.1417235597077494,9.765,0.7139953374862671,1.6852236309449857,1136.559202059202,0.01974077692707427,69.92999999999999,0.11580524048854797,10.907166481018066,0.01612295405970454,0.450026273727417,2.0,0.9695143578199215,1133.6871440252287,0.01613333301808432,1.677338243555265,2.320745171961768,5.7,0.18047163776800965,0.8851350405254931,21.602296829223633,1.7108771200091586,0.04104162264948236,0.6805818317794907,103.0,1703.8799999999999,630.5850015846187,0.3866763180168539,0.7217365917980274,1.0398058252427183,0.6802005442097939,3.901951551437378,528.0,0.8615537492774884,124.0,203.91957574225378,0.27909380623802765,0.6407766990291263,0.6805818317794907,98.7525,0.006317436695098877
