cell_mask_area,cell_mask_area_ratio,cell_mask_intensity,domain_area_mean,domain_area_std,domain_oop_mean,domain_oop_std,domain_slen_mean,myof_bending_mean,myof_bending_std,myof_length_max,myof_length_mean,myof_length_std,myof_straightness_mean,myof_straightness_std,n_domains,n_mbands,n_vectors,n_zbands,sarcomere_area,sarcomere_area_ratio,sarcomere_length_mean,sarcomere_length_std,sarcomere_oop,z_intensity_mean,z_intensity_std,z_lat_alignment_mean,z_lat_alignment_std,z_lat_dist_mean,z_lat_dist_std,z_lat_length_groups_mean,z_lat_neighbors_mean,z_lat_neighbors_std,z_length_max,z_length_mean,z_length_std,z_mask_area,z_mask_area_ratio,z_mask_intensity,z_oop,z_straightness_mean,z_straightness_std
540.09,0.14870247734213837,598.8351108148642,51.76125,20.666249999999998,0.9164658784866333,0.004852980375289917,1.510256450652483,0.024014283143065033,0.022149822154005586,30.01944351196289,14.531304359436035,7.497331619262695,0.9492761625443901,0.03353826026198463,2.0,32.0,292.0,35.0,107.30604553222656,0.19868178550283574,1.536836616009335,0.25135620660315866,0.9110510945320129,1069.0342910804175,178.39239397293343,0.7803306835404229,0.6363159271805738,1.597057044869551,0.7265107613391757,3.075734478898544,0.6285714285714286,0.6363159271805738,4.5,1.607142857142857,1.1262544026958725,23.6925,0.043867688718546904,1127.690408357075,0.9017990059757193,0.7738130047557027,0.11884464387609942
