cell_mask_area,cell_mask_area_ratio,cell_mask_intensity,domain_area_mean,domain_area_std,domain_oop_mean,domain_oop_std,domain_slen_mean,myof_bending_mean,myof_bending_std,myof_length_max,myof_length_mean,myof_length_std,myof_straightness_mean,myof_straightness_std,n_domains,n_mbands,n_vectors,n_zbands,sarcomere_area,sarcomere_area_ratio,sarcomere_length_mean,sarcomere_length_std,sarcomere_oop,z_intensity_mean,z_intensity_std,z_lat_alignment_mean,z_lat_alignment_std,z_lat_dist_mean,z_lat_dist_std,z_lat_length_groups_mean,z_lat_neighbors_mean,z_lat_neighbors_std,z_length_max,z_length_mean,z_length_std,z_mask_area,z_mask_area_ratio,z_mask_intensity,z_oop,z_straightness_mean,z_straightness_std
693.5174999999999,0.17190741773563858,629.1927456769296,42.254999999999995,0.0,0.753356397151947,0.0,1.4736858318806954,0.035435562870694694,0.02279626792510339,18.249292373657227,10.129328727722168,4.761828899383545,0.9493129332963244,0.016367761010414424,1.0,38.0,164.0,36.0,87.99324798583984,0.12687963603779262,1.496249562563289,0.27447086852484315,0.3258831202983856,1284.4552631045526,312.4614658757761,0.8704465175077434,0.31426968052735443,1.0562071897723635,0.14379281022763224,1.0680121876336683,0.1111111111111111,0.31426968052735443,2.85,0.9499999999999998,0.5787918451395113,22.5,0.03244330532394641,1288.477,0.13063017950956463,0.8546635771050572,0.10200402870189797
