cell_mask_area,cell_mask_area_ratio,cell_mask_intensity,domain_area_mean,domain_area_std,domain_oop_mean,domain_oop_std,domain_slen_mean,myof_bending_mean,myof_bending_std,myof_length_max,myof_length_mean,myof_length_std,myof_straightness_mean,myof_straightness_std,n_domains,n_mbands,n_vectors,n_zbands,sarcomere_area,sarcomere_area_ratio,sarcomere_length_mean,sarcomere_length_std,sarcomere_oop,z_intensity_mean,z_intensity_std,z_lat_alignment_mean,z_lat_alignment_std,z_lat_dist_mean,z_lat_dist_std,z_lat_length_groups_mean,z_lat_neighbors_mean,z_lat_neighbors_std,z_length_max,z_length_mean,z_length_std,z_mask_area,z_mask_area_ratio,z_mask_intensity,z_oop,z_straightness_mean,z_straightness_std
1132.695,0.23155754670984238,648.3894759842676,256.59,0.0,0.8333359360694885,0.0,1.503056880615593,0.019255413136371247,0.017498077407360636,32.338409423828125,16.040023803710938,8.085576057434082,0.9458238713944856,0.03267932011024109,1.0,114.0,716.0,99.0,328.2310485839844,0.2897788447763823,1.4962946321459591,0.19642493038676495,0.7537598609924316,1219.940754077268,318.7943168544116,0.8010517794935333,0.6251211493642749,1.583840251566791,0.5881407288874854,2.9363240210963104,0.7474747474747475,0.6251211493642749,5.1,1.2469696969696968,0.9666357931803912,62.415,0.05510309483135355,1249.1622206200432,0.6480128458386094,0.8163019964968518,0.1250692489013442
