cell_mask_area,cell_mask_area_ratio,cell_mask_intensity,domain_area_mean,domain_area_std,domain_oop_mean,domain_oop_std,domain_slen_mean,myof_bending_mean,myof_bending_std,myof_length_max,myof_length_mean,myof_length_std,myof_straightness_mean,myof_straightness_std,n_domains,n_mbands,n_vectors,n_zbands,sarcomere_area,sarcomere_area_ratio,sarcomere_length_mean,sarcomere_length_std,sarcomere_oop,z_intensity_mean,z_intensity_std,z_lat_alignment_mean,z_lat_alignment_std,z_lat_dist_mean,z_lat_dist_std,z_lat_length_groups_mean,z_lat_neighbors_mean,z_lat_neighbors_std,z_length_max,z_length_mean,z_length_std,z_mask_area,z_mask_area_ratio,z_mask_intensity,z_oop,z_straightness_mean,z_straightness_std
1008.855,0.2572372723830505,724.6638788527588,,,,,,0.018864201033352283,0.016590900290185024,8.771218299865723,7.326258659362793,1.0364100933074951,0.975278936934468,0.0127784460516398,0.0,32.0,67.0,18.0,46.257503509521484,0.04585148857816186,1.4406079637714377,0.299101626157389,0.739289402961731,1422.7597135061487,174.6348402364411,0.8519913814275178,0.41573970964154905,1.6895729800522457,0.7291043444373174,0.9986966225065308,0.2222222222222222,0.41573970964154905,2.1,0.7,0.4663689526544407,11.8575,0.011753423435478834,1456.6280834914612,0.34710521540922373,0.8617988855415756,0.08255319933004865
