cell_mask_area,cell_mask_area_ratio,cell_mask_intensity,domain_area_mean,domain_area_std,domain_oop_mean,domain_oop_std,domain_slen_mean,myof_bending_mean,myof_bending_std,myof_length_max,myof_length_mean,myof_length_std,myof_straightness_mean,myof_straightness_std,n_domains,n_mbands,n_vectors,n_zbands,sarcomere_area,sarcomere_area_ratio,sarcomere_length_mean,sarcomere_length_std,sarcomere_oop,z_intensity_mean,z_intensity_std,z_lat_alignment_mean,z_lat_alignment_std,z_lat_dist_mean,z_lat_dist_std,z_lat_length_groups_mean,z_lat_neighbors_mean,z_lat_neighbors_std,z_length_max,z_length_mean,z_length_std,z_mask_area,z_mask_area_ratio,z_mask_intensity,z_oop,z_straightness_mean,z_straightness_std
415.575,0.11642272733003038,789.8646995127233,52.83,0.0,0.8314692378044128,0.0,1.6485340131113482,0.053956740878935275,0.037501505789277315,12.336555480957031,9.01563835144043,1.7833821773529053,0.9357595941084564,0.03415430240489008,1.0,29.0,149.0,31.0,53.96771240234375,0.1298627501710732,1.6485340131113482,0.4456649422211504,0.8314691185951233,1628.8334703418552,340.5339197997651,0.8358636973476345,0.5948093198253477,1.5314292707426427,0.852041306928635,3.9535245554588188,1.032258064516129,0.5948093198253477,4.05,1.1225806451612905,0.9645188261910718,13.545,0.03259339469409854,1731.752491694352,0.809011377329782,0.83196225361327,0.1201105165476548
