cell_mask_area,cell_mask_area_ratio,cell_mask_intensity,domain_area_mean,domain_area_std,domain_oop_mean,domain_oop_std,domain_slen_mean,myof_bending_mean,myof_bending_std,myof_length_max,myof_length_mean,myof_length_std,myof_straightness_mean,myof_straightness_std,n_domains,n_mbands,n_vectors,n_zbands,sarcomere_area,sarcomere_area_ratio,sarcomere_length_mean,sarcomere_length_std,sarcomere_oop,z_intensity_mean,z_intensity_std,z_lat_alignment_mean,z_lat_alignment_std,z_lat_dist_mean,z_lat_dist_std,z_lat_length_groups_mean,z_lat_neighbors_mean,z_lat_neighbors_std,z_length_max,z_length_mean,z_length_std,z_mask_area,z_mask_area_ratio,z_mask_intensity,z_oop,z_straightness_mean,z_straightness_std
1132.245,0.231465552928622,648.4429672906482,256.65749999999997,0.0,0.8330027461051941,0.0,1.4973503919434967,0.01940056527729753,0.014448461361926141,36.92055130004883,16.81118392944336,8.784954071044922,0.9461554307336315,0.02644610426355328,1.0,114.0,716.0,98.0,328.0599365234375,0.28974288826485217,1.4919713547466797,0.19892996927538942,0.7560017704963684,1224.9424073532434,316.59565138751447,0.7984875101888519,0.6152985074155646,1.5735091274002908,0.5929325644522943,2.8999407836517817,0.7346938775510204,0.6152985074155646,5.1,1.2566326530612242,0.9667861168161608,62.37,0.0550852509836652,1249.4256854256855,0.6447725890611277,0.8162010936428351,0.12565339958437913
