cell_mask_area,cell_mask_area_ratio,cell_mask_intensity,domain_area_mean,domain_area_std,domain_oop_mean,domain_oop_std,domain_slen_mean,myof_bending_mean,myof_bending_std,myof_length_max,myof_length_mean,myof_length_std,myof_straightness_mean,myof_straightness_std,n_domains,n_mbands,n_vectors,n_zbands,sarcomere_area,sarcomere_area_ratio,sarcomere_length_mean,sarcomere_length_std,sarcomere_oop,z_intensity_mean,z_intensity_std,z_lat_alignment_mean,z_lat_alignment_std,z_lat_dist_mean,z_lat_dist_std,z_lat_length_groups_mean,z_lat_neighbors_mean,z_lat_neighbors_std,z_length_max,z_length_mean,z_length_std,z_mask_area,z_mask_area_ratio,z_mask_intensity,z_oop,z_straightness_mean,z_straightness_std
1704.9375,0.14181151934363398,630.5057736720554,99.46125,8.448749999999997,0.7135049700737,0.00784224271774292,1.7058347556283393,0.01812252545217983,0.015931076153189883,21.752607345581055,11.804401397705078,4.0098090171813965,0.9580230988058289,0.0242978618055755,2.0,124.0,530.0,104.0,307.72674560546875,0.18049151104100222,1.6810114454816152,0.27736316809193257,0.45039916038513184,1131.1965793511915,204.59605840630292,0.7215180258280527,0.6801822763010535,1.6871576450029289,0.6933771038770287,2.294735243452066,0.6346153846153846,0.6801822763010535,5.7,1.03125,0.8848942651960872,69.9525,0.041029363246453315,1136.4293985204247,0.39154455789658293,0.8617338173640589,0.11526627236746016
