cell_mask_area,cell_mask_area_ratio,cell_mask_intensity,domain_area_mean,domain_area_std,domain_oop_mean,domain_oop_std,domain_slen_mean,myof_bending_mean,myof_bending_std,myof_length_max,myof_length_mean,myof_length_std,myof_straightness_mean,myof_straightness_std,n_domains,n_mbands,n_vectors,n_zbands,sarcomere_area,sarcomere_area_ratio,sarcomere_length_mean,sarcomere_length_std,sarcomere_oop,z_intensity_mean,z_intensity_std,z_lat_alignment_mean,z_lat_alignment_std,z_lat_dist_mean,z_lat_dist_std,z_lat_length_groups_mean,z_lat_neighbors_mean,z_lat_neighbors_std,z_length_max,z_length_mean,z_length_std,z_mask_area,z_mask_area_ratio,z_mask_intensity,z_oop,z_straightness_mean,z_straightness_std
694.62,0.1299414101959728,575.2837522674268,22.095,0.0,0.8595553040504456,0.0,1.5626826318623888,0.06889172128480262,0.055262539854059295,11.230005264282227,8.335989952087402,2.88885235786438,0.9661903451847293,0.012091984528992017,1.0,24.0,58.0,20.0,45.524967193603516,0.06553938440241214,1.4750173075821205,0.22113737882477336,0.8438878059387207,1106.0718161083655,237.64931744024958,0.4498066503870327,0.5830951894845301,1.8603366880031857,0.46679482352457574,1.3369591720007963,0.4,0.5830951894845301,2.1,0.6975,0.507068782316561,12.014999999999999,0.01729722726094843,1092.9868913857679,0.5513808025103686,0.8685951758288308,0.10936247962425116
