cell_mask_area,cell_mask_area_ratio,cell_mask_intensity,domain_area_mean,domain_area_std,domain_oop_mean,domain_oop_std,domain_slen_mean,myof_bending_mean,myof_bending_std,myof_length_max,myof_length_mean,myof_length_std,myof_straightness_mean,myof_straightness_std,n_domains,n_mbands,n_vectors,n_zbands,sarcomere_area,sarcomere_area_ratio,sarcomere_length_mean,sarcomere_length_std,sarcomere_oop,z_intensity_mean,z_intensity_std,z_lat_alignment_mean,z_lat_alignment_std,z_lat_dist_mean,z_lat_dist_std,z_lat_length_groups_mean,z_lat_neighbors_mean,z_lat_neighbors_std,z_length_max,z_length_mean,z_length_std,z_mask_area,z_mask_area_ratio,z_mask_intensity,z_oop,z_straightness_mean,z_straightness_std
891.3824999999999,0.15129712162353112,696.2260393265517,22.7025,0.0,0.9571049213409424,0.0,1.4309033278582157,0.011318928464054176,0.004694555303452581,15.64873218536377,11.94987964630127,2.6073272228240967,0.9771542462480305,0.005420068809460289,1.0,21.0,63.0,21.0,25.97618293762207,0.029141454917077765,1.4471038023187381,0.19906980680047423,0.9580865502357483,1710.998718209854,277.09047407042976,0.6106330790080039,0.45175395145262565,1.5141762127920744,0.6944569076729323,1.0856960354653458,0.2857142857142857,0.45175395145262565,1.7999999999999998,0.7142857142857142,0.42148909976948373,8.4375,0.009465633440189818,1680.576,0.9034474885467354,0.9135478884911289,0.10605558846323929
