sarcomere_area,cell_mask_area_ratio,domain_area_std,domain_oop_mean,sarcomere_length_mean,z_mask_intensity,myof_straightness_std,z_mask_area,z_straightness_std,myof_length_mean,myof_bending_std,sarcomere_oop,n_domains,myof_straightness_mean,z_intensity_mean,myof_bending_mean,z_lat_dist_mean,z_lat_length_groups_mean,z_length_max,sarcomere_area_ratio,z_length_std,myof_length_max,domain_slen_mean,z_mask_area_ratio,z_lat_alignment_std,n_zbands,cell_mask_area,cell_mask_intensity,z_oop,z_lat_alignment_mean,z_length_mean,z_lat_dist_std,myof_length_std,n_vectors,z_straightness_mean,n_mbands,z_intensity_std,sarcomere_length_std,z_lat_neighbors_mean,z_lat_neighbors_std,domain_area_mean,domain_oop_std
106.63616180419922,0.25461789810616164,3.3187499999999996,0.8176330327987671,1.6453232862582812,1507.6268788682582,0.017015504880601655,25.447499999999998,0.1072589839391328,10.412795066833496,0.031866077194575675,0.6634244322776794,2.0,0.9597750167513389,1471.1811684472784,0.022330998516197943,1.7205715059671025,1.6588190682578938,2.4,0.10343711056713417,0.6840232537234016,11.604601860046387,1.687262121253404,0.02468408302232698,0.5907880084379907,38.0,1030.9275,693.6195028263384,0.3501986692409554,0.6737177376303429,0.9473684210526314,0.5445261176969362,0.8943912386894226,148.0,0.8412262111036928,40.0,367.15793139897164,0.27913336738746264,0.42105263157894735,0.5907880084379907,27.978749999999998,0.16032081842422485
