sarcomere_area,cell_mask_area_ratio,domain_area_std,domain_oop_mean,sarcomere_length_mean,z_mask_intensity,myof_straightness_std,z_mask_area,z_straightness_std,myof_length_mean,myof_bending_std,sarcomere_oop,n_domains,myof_straightness_mean,z_intensity_mean,myof_bending_mean,z_lat_dist_mean,z_lat_length_groups_mean,z_length_max,sarcomere_area_ratio,z_length_std,myof_length_max,domain_slen_mean,z_mask_area_ratio,z_lat_alignment_std,n_zbands,cell_mask_area,cell_mask_intensity,z_oop,z_lat_alignment_mean,z_length_mean,z_lat_dist_std,myof_length_std,n_vectors,z_straightness_mean,n_mbands,z_intensity_std,sarcomere_length_std,z_lat_neighbors_mean,z_lat_neighbors_std,domain_area_mean,domain_oop_std
133.442138671875,0.2034305672719738,5.486258971284531,0.9428874850273132,1.4188738181662266,1578.877458396369,0.03607404276013679,29.744999999999997,0.0829442373153847,21.115455627441406,0.005504682984049765,0.8654677867889404,3.0,0.9349027662299195,1622.2005971563842,0.014518861020644286,1.6852907020798016,1.210234884249576,2.1,0.08629323883642766,0.49587584851740574,25.31621742248535,1.4095066511222811,0.01923524618787103,0.41032590332414487,56.0,1546.3799999999999,648.4639157257595,0.77873955715348,0.8960947934717263,0.9,0.6835899717545374,2.6433582305908203,266.0,0.8556900447335146,58.0,396.6091182441689,0.1487904700370557,0.21428571428571427,0.41032590332414487,34.4775,0.028750170022249222
