cell_mask_area,cell_mask_area_ratio,cell_mask_intensity,domain_area_mean,domain_area_std,domain_oop_mean,domain_oop_std,domain_slen_mean,myof_bending_mean,myof_bending_std,myof_length_max,myof_length_mean,myof_length_std,myof_straightness_mean,myof_straightness_std,n_domains,n_mbands,n_vectors,n_zbands,sarcomere_area,sarcomere_area_ratio,sarcomere_length_mean,sarcomere_length_std,sarcomere_oop,z_intensity_mean,z_intensity_std,z_lat_alignment_mean,z_lat_alignment_std,z_lat_dist_mean,z_lat_dist_std,z_lat_length_groups_mean,z_lat_neighbors_mean,z_lat_neighbors_std,z_length_max,z_length_mean,z_length_std,z_mask_area,z_mask_area_ratio,z_mask_intensity,z_oop,z_straightness_mean,z_straightness_std
1546.3799999999999,0.2034305672719738,648.4639157257595,34.4775,5.486258971284531,0.9428874850273132,0.028750170022249222,1.4095066511222811,0.014518861020644286,0.005504682984049765,25.31621742248535,21.115455627441406,2.6433582305908203,0.9349027662299195,0.03607404276013679,3.0,58.0,266.0,56.0,133.442138671875,0.08629323883642766,1.4188738181662266,0.1487904700370557,0.8654677867889404,1622.2005971563842,396.6091182441689,0.8960947934717263,0.41032590332414487,1.6852907020798016,0.6835899717545374,1.210234884249576,0.21428571428571427,0.41032590332414487,2.1,0.9,0.49587584851740574,29.744999999999997,0.01923524618787103,1578.877458396369,0.77873955715348,0.8556900447335146,0.0829442373153847
