cell_mask_area,cell_mask_area_ratio,cell_mask_intensity,domain_area_mean,domain_area_std,domain_oop_mean,domain_oop_std,domain_slen_mean,myof_bending_mean,myof_bending_std,myof_length_max,myof_length_mean,myof_length_std,myof_straightness_mean,myof_straightness_std,n_domains,n_mbands,n_vectors,n_zbands,sarcomere_area,sarcomere_area_ratio,sarcomere_length_mean,sarcomere_length_std,sarcomere_oop,z_intensity_mean,z_intensity_std,z_lat_alignment_mean,z_lat_alignment_std,z_lat_dist_mean,z_lat_dist_std,z_lat_length_groups_mean,z_lat_neighbors_mean,z_lat_neighbors_std,z_length_max,z_length_mean,z_length_std,z_mask_area,z_mask_area_ratio,z_mask_intensity,z_oop,z_straightness_mean,z_straightness_std
1058.085,0.12152269021352911,607.5538850848467,53.152499999999996,15.130379621807245,0.9555118680000305,0.027307670563459396,1.3959108591572005,0.024005598442676215,0.013397085939210076,23.439327239990234,12.993026733398438,6.365227699279785,0.9537285876949869,0.02169879906202649,3.0,80.0,460.0,80.0,188.96234130859375,0.17858899928511768,1.3895049875924008,0.26970310003019754,0.9318203330039978,1071.0716860253694,156.21157960872026,0.8675167481988202,0.4898979485566356,1.6241971533808255,0.7036395433385053,1.9904242883452063,0.4,0.4898979485566356,3.4499999999999997,1.2674999999999998,0.7732278124847812,46.6425,0.04408199719304214,1083.3892908827786,0.8525035273839301,0.8317753755660074,0.10154671472060128
