cell_mask_area,cell_mask_area_ratio,cell_mask_intensity,domain_area_mean,domain_area_std,domain_oop_mean,domain_oop_std,domain_slen_mean,myof_bending_mean,myof_bending_std,myof_length_max,myof_length_mean,myof_length_std,myof_straightness_mean,myof_straightness_std,n_domains,n_mbands,n_vectors,n_zbands,sarcomere_area,sarcomere_area_ratio,sarcomere_length_mean,sarcomere_length_std,sarcomere_oop,z_intensity_mean,z_intensity_std,z_lat_alignment_mean,z_lat_alignment_std,z_lat_dist_mean,z_lat_dist_std,z_lat_length_groups_mean,z_lat_neighbors_mean,z_lat_neighbors_std,z_length_max,z_length_mean,z_length_std,z_mask_area,z_mask_area_ratio,z_mask_intensity,z_oop,z_straightness_mean,z_straightness_std
664.425,0.26522840359984906,661.0990856755842,38.43,0.0,0.717778205871582,0.0,1.4612975979514082,0.02044483992189124,0.013138390537524426,14.843252182006836,10.79814624786377,2.6973319053649902,0.9601489105544166,0.024470485664179337,1.0,26.0,133.0,25.0,69.21997833251953,0.10418027366899128,1.4625826936775101,0.2156099001823722,0.698221743106842,1579.018418495635,294.54130352680795,0.7418249216246731,0.36660605559646714,1.6108999209972987,0.4015612587525167,1.281382601825852,0.16,0.36660605559646714,2.4,1.05,0.6854195795277517,15.975,0.024043345750084662,1567.7802816901408,0.4297354343837722,0.8432746689129366,0.09488574163410553
