sarcomere_area,cell_mask_area_ratio,domain_area_std,domain_oop_mean,sarcomere_length_mean,z_mask_intensity,myof_straightness_std,z_mask_area,z_straightness_std,myof_length_mean,myof_bending_std,sarcomere_oop,n_domains,myof_straightness_mean,z_intensity_mean,myof_bending_mean,z_lat_dist_mean,z_lat_length_groups_mean,z_length_max,sarcomere_area_ratio,z_length_std,myof_length_max,domain_slen_mean,z_mask_area_ratio,z_lat_alignment_std,n_zbands,cell_mask_area,cell_mask_intensity,z_oop,z_lat_alignment_mean,z_length_mean,z_lat_dist_std,myof_length_std,n_vectors,z_straightness_mean,n_mbands,z_intensity_std,sarcomere_length_std,z_lat_neighbors_mean,z_lat_neighbors_std,domain_area_mean,domain_oop_std
574.3597412109375,0.30802554874554006,91.33319980981723,0.882753849029541,1.5384380291156057,1095.5293994120118,0.042819709085602405,107.145,0.12618137062637722,16.31426239013672,0.01209430810233882,0.6538520455360413,3.0,0.9329942983592313,1095.5319531547107,0.01896949709272955,1.7566693429536229,7.186909540988613,5.85,0.42791215504777474,1.2404964171438568,36.461700439453125,1.5556980590620164,0.0798256642360238,0.6868253967168653,156.0,1342.2375,686.5773195876288,0.47928776957422514,0.8496177267445095,1.453846153846154,0.6339067908824509,8.287840843200684,1346.0,0.807318534841347,153.0,224.083710666247,0.177115999530698,1.2820512820512822,0.6868253967168653,165.315,0.060637835413217545
