sarcomere_area,cell_mask_area_ratio,domain_area_std,domain_oop_mean,sarcomere_length_mean,z_mask_intensity,myof_straightness_std,z_mask_area,z_straightness_std,myof_length_mean,myof_bending_std,sarcomere_oop,n_domains,myof_straightness_mean,z_intensity_mean,myof_bending_mean,z_lat_dist_mean,z_lat_length_groups_mean,z_length_max,sarcomere_area_ratio,z_length_std,myof_length_max,domain_slen_mean,z_mask_area_ratio,z_lat_alignment_std,n_zbands,cell_mask_area,cell_mask_intensity,z_oop,z_lat_alignment_mean,z_length_mean,z_lat_dist_std,myof_length_std,n_vectors,z_straightness_mean,n_mbands,z_intensity_std,sarcomere_length_std,z_lat_neighbors_mean,z_lat_neighbors_std,domain_area_mean,domain_oop_std
130.33229064941406,0.21886284725772218,31.972499999999997,0.8092170357704163,1.4356588968122672,1586.6125690607735,0.033049779519685143,32.58,0.13109057173616612,13.917058944702148,0.02159059084797336,0.5517975091934204,2.0,0.9383352392239647,1604.8984199727902,0.025428117091745004,1.769192142607461,2.110713246692718,5.55,0.10823749931956331,1.3857018228822973,20.564849853515625,1.5119194193694776,0.02705682306556795,0.53547557073415,41.0,1204.1325,716.1775697441934,0.17747875289918796,0.6083927354998271,1.3536585365853657,0.8114164544400266,4.041853904724121,307.0,0.8172682928554659,53.0,257.3401102428994,0.26113496483985754,0.3902439024390244,0.53547557073415,54.5175,0.030589938163757324
