sarcomere_area,cell_mask_area_ratio,domain_area_std,domain_oop_mean,sarcomere_length_mean,z_mask_intensity,myof_straightness_std,z_mask_area,z_straightness_std,myof_length_mean,myof_bending_std,sarcomere_oop,n_domains,myof_straightness_mean,z_intensity_mean,myof_bending_mean,z_lat_dist_mean,z_lat_length_groups_mean,z_length_max,sarcomere_area_ratio,z_length_std,myof_length_max,domain_slen_mean,z_mask_area_ratio,z_lat_alignment_std,n_zbands,cell_mask_area,cell_mask_intensity,z_oop,z_lat_alignment_mean,z_length_mean,z_lat_dist_std,myof_length_std,n_vectors,z_straightness_mean,n_mbands,z_intensity_std,sarcomere_length_std,z_lat_neighbors_mean,z_lat_neighbors_std,domain_area_mean,domain_oop_std
231.21234130859375,0.24356660771646158,22.753632951684878,0.8636111617088318,1.4729208977707984,1036.4962995211145,0.020533249607444445,51.6825,0.10401954097161155,9.866827964782715,0.022338673454885945,0.48190006613731384,3.0,0.9577400047205479,1042.7239613215895,0.025974391058035205,1.7596993209428344,2.7969130044807544,4.5,0.12689368079523503,0.8317924716024464,16.299625396728516,1.4652591536801312,0.028364327875330317,0.6753301527157877,87.0,1822.095,624.6378207502902,0.2223347763975096,0.7407707662313526,0.9637931034482755,0.6708957870013657,3.5400750637054443,455.0,0.8439002617902224,94.0,142.85591588457154,0.21157067093626186,0.8045977011494253,0.6753301527157877,62.80500000000001,0.08511403203010559
