cell_mask_area,cell_mask_area_ratio,cell_mask_intensity,domain_area_mean,domain_area_std,domain_oop_mean,domain_oop_std,domain_slen_mean,myof_bending_mean,myof_bending_std,myof_length_max,myof_length_mean,myof_length_std,myof_straightness_mean,myof_straightness_std,n_domains,n_mbands,n_vectors,n_zbands,sarcomere_area,sarcomere_area_ratio,sarcomere_length_mean,sarcomere_length_std,sarcomere_oop,z_intensity_mean,z_intensity_std,z_lat_alignment_mean,z_lat_alignment_std,z_lat_dist_mean,z_lat_dist_std,z_lat_length_groups_mean,z_lat_neighbors_mean,z_lat_neighbors_std,z_length_max,z_length_mean,z_length_std,z_mask_area,z_mask_area_ratio,z_mask_intensity,z_oop,z_straightness_mean,z_straightness_std
1204.335,0.21889965361131675,716.1424354519299,54.6075,32.0625,0.8098916411399841,0.02978271245956421,1.508502099367964,0.028463739994293528,0.040079519473709045,19.961605072021484,13.981036186218262,3.5629255771636963,0.9480404950230756,0.035055432304337095,2.0,53.0,309.0,41.0,130.29727172851562,0.10819022259463988,1.4310057187035508,0.24481263307923098,0.5545653700828552,1605.1220595297434,257.2367286085703,0.6081916871277702,0.53547557073415,1.769192142607461,0.8114164544400266,2.1016223376018086,0.3902439024390244,0.53547557073415,5.55,1.3463414634146338,1.3904460700245225,32.5575,0.027033591151963528,1586.2287491361437,0.18227197753386973,0.8167387678233734,0.13128891528820225
