cell_mask_area,cell_mask_area_ratio,cell_mask_intensity,domain_area_mean,domain_area_std,domain_oop_mean,domain_oop_std,domain_slen_mean,myof_bending_mean,myof_bending_std,myof_length_max,myof_length_mean,myof_length_std,myof_straightness_mean,myof_straightness_std,n_domains,n_mbands,n_vectors,n_zbands,sarcomere_area,sarcomere_area_ratio,sarcomere_length_mean,sarcomere_length_std,sarcomere_oop,z_intensity_mean,z_intensity_std,z_lat_alignment_mean,z_lat_alignment_std,z_lat_dist_mean,z_lat_dist_std,z_lat_length_groups_mean,z_lat_neighbors_mean,z_lat_neighbors_std,z_length_max,z_length_mean,z_length_std,z_mask_area,z_mask_area_ratio,z_mask_intensity,z_oop,z_straightness_mean,z_straightness_std
484.22249999999997,0.1129924815188172,706.5875191673249,21.7575,0.0,0.9670087695121765,0.0,1.3525734378514538,0.056013229996431886,0.049139849880158924,11.263016700744629,6.832345962524414,2.0547378063201904,0.9550852153946724,0.016918591850198478,1.0,26.0,92.0,29.0,49.69823455810547,0.10263512033849206,1.4077273881828198,0.3401440847782009,0.9612328410148621,1580.5169584099335,345.0397513854955,0.7874714879076116,0.44694763437295587,1.3159834743268637,0.34469188458476063,1.1585573558922981,0.27586206896551724,0.44694763437295587,2.25,0.8172413793103448,0.5234625866927483,13.68,0.028251475303192233,1595.8519736842106,0.827384558856111,0.8255396074513721,0.08237753283316462
