sarcomere_area,cell_mask_area_ratio,domain_area_std,domain_oop_mean,sarcomere_length_mean,z_mask_intensity,myof_straightness_std,z_mask_area,z_straightness_std,myof_length_mean,myof_bending_std,sarcomere_oop,n_domains,myof_straightness_mean,z_intensity_mean,myof_bending_mean,z_lat_dist_mean,z_lat_length_groups_mean,z_length_max,sarcomere_area_ratio,z_length_std,myof_length_max,domain_slen_mean,z_mask_area_ratio,z_lat_alignment_std,n_zbands,cell_mask_area,cell_mask_intensity,z_oop,z_lat_alignment_mean,z_length_mean,z_lat_dist_std,myof_length_std,n_vectors,z_straightness_mean,n_mbands,z_intensity_std,sarcomere_length_std,z_lat_neighbors_mean,z_lat_neighbors_std,domain_area_mean,domain_oop_std
125.41626739501953,0.26632107709740455,7.188749999999999,0.8127618432044983,1.4146632664955436,1070.5937777777779,0.030698351511948448,25.3125,0.10139850716845253,11.026936531066895,0.01879094764466494,0.7106950283050537,2.0,0.9409840134318161,988.8390886223204,0.025542434412484667,1.7156276386836282,1.9309752736143282,3.4499999999999997,0.09337090570316485,0.7660904139906264,16.8957462310791,1.4287408434067461,0.018844852423866798,0.5764347737933645,47.0,1343.205,569.5409561459345,0.6565703155137748,0.8623800413999206,0.9223404255319146,0.7742779996677249,3.273219347000122,224.0,0.8304789153189007,54.0,310.8736969460114,0.24748608379176718,0.5531914893617021,0.5764347737933645,45.46125,0.05816340446472168
