cell_mask_area,cell_mask_area_ratio,cell_mask_intensity,domain_area_mean,domain_area_std,domain_oop_mean,domain_oop_std,domain_slen_mean,myof_bending_mean,myof_bending_std,myof_length_max,myof_length_mean,myof_length_std,myof_straightness_mean,myof_straightness_std,n_domains,n_mbands,n_vectors,n_zbands,sarcomere_area,sarcomere_area_ratio,sarcomere_length_mean,sarcomere_length_std,sarcomere_oop,z_intensity_mean,z_intensity_std,z_lat_alignment_mean,z_lat_alignment_std,z_lat_dist_mean,z_lat_dist_std,z_lat_length_groups_mean,z_lat_neighbors_mean,z_lat_neighbors_std,z_length_max,z_length_mean,z_length_std,z_mask_area,z_mask_area_ratio,z_mask_intensity,z_oop,z_straightness_mean,z_straightness_std
1343.205,0.26632107709740455,569.5409561459345,45.46125,7.188749999999999,0.8127618432044983,0.05816340446472168,1.4287408434067461,0.025542434412484667,0.01879094764466494,16.8957462310791,11.026936531066895,3.273219347000122,0.9409840134318161,0.030698351511948448,2.0,54.0,224.0,47.0,125.41626739501953,0.09337090570316485,1.4146632664955436,0.24748608379176718,0.7106950283050537,988.8390886223204,310.8736969460114,0.8623800413999206,0.5764347737933645,1.7156276386836282,0.7742779996677249,1.9309752736143282,0.5531914893617021,0.5764347737933645,3.4499999999999997,0.9223404255319146,0.7660904139906264,25.3125,0.018844852423866798,1070.5937777777779,0.6565703155137748,0.8304789153189007,0.10139850716845253
