cell_mask_area,cell_mask_area_ratio,cell_mask_intensity,domain_area_mean,domain_area_std,domain_oop_mean,domain_oop_std,domain_slen_mean,myof_bending_mean,myof_bending_std,myof_length_max,myof_length_mean,myof_length_std,myof_straightness_mean,myof_straightness_std,n_domains,n_mbands,n_vectors,n_zbands,sarcomere_area,sarcomere_area_ratio,sarcomere_length_mean,sarcomere_length_std,sarcomere_oop,z_intensity_mean,z_intensity_std,z_lat_alignment_mean,z_lat_alignment_std,z_lat_dist_mean,z_lat_dist_std,z_lat_length_groups_mean,z_lat_neighbors_mean,z_lat_neighbors_std,z_length_max,z_length_mean,z_length_std,z_mask_area,z_mask_area_ratio,z_mask_intensity,z_oop,z_straightness_mean,z_straightness_std
567.855,0.11269781731147073,739.0265076471986,45.652499999999996,7.515000000000001,0.6473073959350586,0.26577436923980713,1.4918005166105932,0.03173753480587895,0.01934927447794895,25.41019058227539,11.86473274230957,5.949149131774902,0.9388952079408585,0.029167237182196097,2.0,38.0,252.0,34.0,105.3077163696289,0.18544825064431747,1.4915449714244133,0.22790937167287134,0.4772515892982483,1510.7497434161162,402.97655993204665,0.8237649704066661,0.5549400665915649,1.4950094624280992,0.6458592782103881,2.3696182961317223,0.47058823529411764,0.5549400665915649,5.55,1.4602941176470585,1.249869370336986,23.04,0.04057373801410571,1579.92578125,0.2836076693338402,0.7876847228876226,0.14256677701166015
