cell_mask_area,cell_mask_area_ratio,cell_mask_intensity,domain_area_mean,domain_area_std,domain_oop_mean,domain_oop_std,domain_slen_mean,myof_bending_mean,myof_bending_std,myof_length_max,myof_length_mean,myof_length_std,myof_straightness_mean,myof_straightness_std,n_domains,n_mbands,n_vectors,n_zbands,sarcomere_area,sarcomere_area_ratio,sarcomere_length_mean,sarcomere_length_std,sarcomere_oop,z_intensity_mean,z_intensity_std,z_lat_alignment_mean,z_lat_alignment_std,z_lat_dist_mean,z_lat_dist_std,z_lat_length_groups_mean,z_lat_neighbors_mean,z_lat_neighbors_std,z_length_max,z_length_mean,z_length_std,z_mask_area,z_mask_area_ratio,z_mask_intensity,z_oop,z_straightness_mean,z_straightness_std
1204.1325,0.21886284725772218,716.1775697441934,54.46125,31.91625,0.8092168569564819,0.030590087175369263,1.5118737864217668,0.025140104791683878,0.026561661301846305,20.44818878173828,14.136712074279785,3.7226803302764893,0.944773279045081,0.03195015502425622,2.0,53.0,307.0,41.0,130.33230590820312,0.1082375119915816,1.4356365011265846,0.25971387924745215,0.5517971515655518,1604.8984199727902,257.3401102428994,0.6083927094221966,0.53547557073415,1.769192142607461,0.8114164544400266,2.110713246692718,0.3902439024390244,0.53547557073415,5.55,1.3536585365853657,1.3857018228822973,32.58,0.02705682306556795,1586.6125690607735,0.17747875289918796,0.8172682928554659,0.13109057173616612
