cell_mask_area,cell_mask_area_ratio,cell_mask_intensity,domain_area_mean,domain_area_std,domain_oop_mean,domain_oop_std,domain_slen_mean,myof_bending_mean,myof_bending_std,myof_length_max,myof_length_mean,myof_length_std,myof_straightness_mean,myof_straightness_std,n_domains,n_mbands,n_vectors,n_zbands,sarcomere_area,sarcomere_area_ratio,sarcomere_length_mean,sarcomere_length_std,sarcomere_oop,z_intensity_mean,z_intensity_std,z_lat_alignment_mean,z_lat_alignment_std,z_lat_dist_mean,z_lat_dist_std,z_lat_length_groups_mean,z_lat_neighbors_mean,z_lat_neighbors_std,z_length_max,z_length_mean,z_length_std,z_mask_area,z_mask_area_ratio,z_mask_intensity,z_oop,z_straightness_mean,z_straightness_std
664.2225,0.20098720043572985,664.0169370956269,37.192499999999995,0.0,0.49628517031669617,0.0,1.4128225866014041,0.03015463551979422,0.01885287641344812,12.147250175476074,8.775832176208496,2.837231397628784,0.9469292494536475,0.02774036509380761,1.0,29.0,73.0,30.0,54.97983932495117,0.08277322632845345,1.407954402205635,0.1961937151746171,0.48958346247673035,1336.0425387049597,231.93021076600076,0.7239392631692976,0.5537749241945383,1.914710253852802,0.7633050791072619,1.2036775634632004,0.4,0.5537749241945383,1.5,0.58,0.30430248109405883,14.535,0.021882727549879747,1371.0835913312694,0.4059531170002969,0.8462508693301894,0.07687737119302834
