cell_mask_area,cell_mask_area_ratio,cell_mask_intensity,domain_area_mean,domain_area_std,domain_oop_mean,domain_oop_std,domain_slen_mean,myof_bending_mean,myof_bending_std,myof_length_max,myof_length_mean,myof_length_std,myof_straightness_mean,myof_straightness_std,n_domains,n_mbands,n_vectors,n_zbands,sarcomere_area,sarcomere_area_ratio,sarcomere_length_mean,sarcomere_length_std,sarcomere_oop,z_intensity_mean,z_intensity_std,z_lat_alignment_mean,z_lat_alignment_std,z_lat_dist_mean,z_lat_dist_std,z_lat_length_groups_mean,z_lat_neighbors_mean,z_lat_neighbors_std,z_length_max,z_length_mean,z_length_std,z_mask_area,z_mask_area_ratio,z_mask_intensity,z_oop,z_straightness_mean,z_straightness_std
354.555,0.17015073640564937,782.7274400304607,59.332499999999996,0.0,0.8536825776100159,0.0,1.342416644209906,0.02033774806722362,0.01639163858985577,13.47765064239502,8.471736907958984,2.1541969776153564,0.9657169206737576,0.020260605105100853,1.0,26.0,150.0,27.0,72.94517517089844,0.20573726268392334,1.342416644209906,0.2775338159925954,0.8536824584007263,1585.473756778921,276.3978006475367,0.898479491665361,0.7370277311900888,1.7114433786213799,0.7346506392653834,3.6591547028971037,0.8888888888888888,0.7370277311900888,4.05,1.272222222222222,0.9689946425465678,14.805,0.041756568092397514,1659.2857142857142,0.6888759844107663,0.7801855556685169,0.11909207201526621
