sarcomere_area,cell_mask_area_ratio,domain_area_std,domain_oop_mean,sarcomere_length_mean,z_mask_intensity,myof_straightness_std,z_mask_area,z_straightness_std,myof_length_mean,myof_bending_std,sarcomere_oop,n_domains,myof_straightness_mean,z_intensity_mean,myof_bending_mean,z_lat_dist_mean,z_lat_length_groups_mean,z_length_max,sarcomere_area_ratio,z_length_std,myof_length_max,domain_slen_mean,z_mask_area_ratio,z_lat_alignment_std,n_zbands,cell_mask_area,cell_mask_intensity,z_oop,z_lat_alignment_mean,z_length_mean,z_lat_dist_std,myof_length_std,n_vectors,z_straightness_mean,n_mbands,z_intensity_std,sarcomere_length_std,z_lat_neighbors_mean,z_lat_neighbors_std,domain_area_mean,domain_oop_std
48.22920608520508,0.18497779127595762,0.0,0.8303545713424683,1.462011871234356,1322.3588110403398,0.020641718396377556,10.5975,0.09346724438642064,8.207999229431152,0.012464203257531833,0.8038680553436279,1.0,0.9551274077578608,1305.5985100563878,0.02654513076594026,1.6879379608444354,2.596423360519652,3.4499999999999997,0.05499025834924472,0.7628491171327421,9.610830307006836,1.4646568745491473,0.012083119548486404,0.7499055118106486,21.0,877.05,672.7292201128784,0.7282371732780717,0.7568626864775336,0.9642857142857143,0.5002403825565562,1.0975542068481445,96.0,0.8536032352055947,23.0,225.51556561046328,0.18123812910406173,0.7619047619047619,0.7499055118106486,41.7375,0.0
