cell_mask_area,cell_mask_area_ratio,cell_mask_intensity,domain_area_mean,domain_area_std,domain_oop_mean,domain_oop_std,domain_slen_mean,myof_bending_mean,myof_bending_std,myof_length_max,myof_length_mean,myof_length_std,myof_straightness_mean,myof_straightness_std,n_domains,n_mbands,n_vectors,n_zbands,sarcomere_area,sarcomere_area_ratio,sarcomere_length_mean,sarcomere_length_std,sarcomere_oop,z_intensity_mean,z_intensity_std,z_lat_alignment_mean,z_lat_alignment_std,z_lat_dist_mean,z_lat_dist_std,z_lat_length_groups_mean,z_lat_neighbors_mean,z_lat_neighbors_std,z_length_max,z_length_mean,z_length_std,z_mask_area,z_mask_area_ratio,z_mask_intensity,z_oop,z_straightness_mean,z_straightness_std
1111.6125,0.1161443052734522,692.5134095739297,76.51124999999999,0.48374999999999346,0.5222607851028442,0.3112623393535614,1.390430638169247,0.03822969205205206,0.04300958051180919,25.653060913085938,13.081019401550293,5.120821952819824,0.9287363607173502,0.03749841505723015,2.0,73.0,450.0,83.0,169.09596252441406,0.1521177231494015,1.3916375364501772,0.28021686930900025,0.4110874533653259,1659.7385016197804,401.77843937104666,0.6794591672912844,0.6537185525903872,1.459072492969855,0.590283869393047,2.464131524002329,0.6987951807228916,0.6537185525903872,3.75,1.0933734939759034,0.8766643752128349,41.6025,0.03742536180548527,1692.1135749053542,0.38859673045537607,0.8222331564573251,0.11727414887811867
