cell_mask_area,cell_mask_area_ratio,cell_mask_intensity,domain_area_mean,domain_area_std,domain_oop_mean,domain_oop_std,domain_slen_mean,myof_bending_mean,myof_bending_std,myof_length_max,myof_length_mean,myof_length_std,myof_straightness_mean,myof_straightness_std,n_domains,n_mbands,n_vectors,n_zbands,sarcomere_area,sarcomere_area_ratio,sarcomere_length_mean,sarcomere_length_std,sarcomere_oop,z_intensity_mean,z_intensity_std,z_lat_alignment_mean,z_lat_alignment_std,z_lat_dist_mean,z_lat_dist_std,z_lat_length_groups_mean,z_lat_neighbors_mean,z_lat_neighbors_std,z_length_max,z_length_mean,z_length_std,z_mask_area,z_mask_area_ratio,z_mask_intensity,z_oop,z_straightness_mean,z_straightness_std
1733.04,0.19207213677259763,609.243508516826,180.65249999999997,18.855000000000004,0.21267744898796082,0.16882234811782837,1.6456371979506619,0.024369819879609518,0.01630619174207514,32.489219665527344,13.06826114654541,5.023662090301514,0.9498822026986962,0.04065853671187021,2.0,124.0,876.0,128.0,415.02984619140625,0.23948082340361806,1.643411668827513,0.25825614339916864,0.21217793226242065,929.9524594878808,172.3153173718863,0.7496075246889564,0.6846531968814576,1.634367543190792,0.6832932084870266,4.2687425431907915,1.0,0.6846531968814576,5.7,1.3171875,1.0053458185339759,85.545,0.04936123805567096,955.0975802209364,0.21278761831579812,0.8181336778504549,0.11028698083821989
