cell_mask_area,cell_mask_area_ratio,cell_mask_intensity,domain_area_mean,domain_area_std,domain_oop_mean,domain_oop_std,domain_slen_mean,myof_bending_mean,myof_bending_std,myof_length_max,myof_length_mean,myof_length_std,myof_straightness_mean,myof_straightness_std,n_domains,n_mbands,n_vectors,n_zbands,sarcomere_area,sarcomere_area_ratio,sarcomere_length_mean,sarcomere_length_std,sarcomere_oop,z_intensity_mean,z_intensity_std,z_lat_alignment_mean,z_lat_alignment_std,z_lat_dist_mean,z_lat_dist_std,z_lat_length_groups_mean,z_lat_neighbors_mean,z_lat_neighbors_std,z_length_max,z_length_mean,z_length_std,z_mask_area,z_mask_area_ratio,z_mask_intensity,z_oop,z_straightness_mean,z_straightness_std
1560.4424999999999,0.2021128402401352,804.603420183698,60.81,30.16207220997921,0.7508852481842041,0.11097033321857452,1.4945539886056578,0.024350063181980155,0.02568260528531033,15.655806541442871,9.255204200744629,2.5476062297821045,0.9616089649986203,0.0257797334498287,3.0,82.0,458.0,86.0,233.0853729248047,0.14937133084032556,1.4941373430278848,0.2410174180078052,0.39016103744506836,1567.9293307040343,360.26133823364086,0.7444992727689637,0.681597715802458,1.546408502983139,0.6720539086912315,3.5556626619384515,0.9767441860465116,0.681597715802458,3.3,1.063953488372093,0.7839839804215382,46.957499999999996,0.030092425706169885,1587.302827024437,0.24262733563465727,0.8218159713986257,0.11386309109804182
