cell_mask_area,cell_mask_area_ratio,cell_mask_intensity,domain_area_mean,domain_area_std,domain_oop_mean,domain_oop_std,domain_slen_mean,myof_bending_mean,myof_bending_std,myof_length_max,myof_length_mean,myof_length_std,myof_straightness_mean,myof_straightness_std,n_domains,n_mbands,n_vectors,n_zbands,sarcomere_area,sarcomere_area_ratio,sarcomere_length_mean,sarcomere_length_std,sarcomere_oop,z_intensity_mean,z_intensity_std,z_lat_alignment_mean,z_lat_alignment_std,z_lat_dist_mean,z_lat_dist_std,z_lat_length_groups_mean,z_lat_neighbors_mean,z_lat_neighbors_std,z_length_max,z_length_mean,z_length_std,z_mask_area,z_mask_area_ratio,z_mask_intensity,z_oop,z_straightness_mean,z_straightness_std
2075.58,0.3247002837009243,711.4451261815974,131.6025,49.398635988253766,0.8291190266609192,0.068758524954319,1.4733361924458712,0.0217664280125412,0.019700477863997652,26.406858444213867,13.400551795959473,6.018278121948242,0.9480890150984305,0.03433489386275922,3.0,156.0,1114.0,151.0,493.7366943359375,0.23787890340817386,1.490454464640504,0.2265928491193452,0.6107981204986572,1307.992847619534,363.7265449494049,0.8127587139387822,0.685422465321092,1.7760349167397365,0.5990945336385262,4.608847143094051,1.0198675496688743,0.685422465321092,6.6,1.3529801324503312,1.2063742375108082,97.965,0.047198855259734634,1337.5838309600367,0.40713015555054777,0.8069614340600987,0.12268523851230163
