cell_mask_area,cell_mask_area_ratio,cell_mask_intensity,domain_area_mean,domain_area_std,domain_oop_mean,domain_oop_std,domain_slen_mean,myof_bending_mean,myof_bending_std,myof_length_max,myof_length_mean,myof_length_std,myof_straightness_mean,myof_straightness_std,n_domains,n_mbands,n_vectors,n_zbands,sarcomere_area,sarcomere_area_ratio,sarcomere_length_mean,sarcomere_length_std,sarcomere_oop,z_intensity_mean,z_intensity_std,z_lat_alignment_mean,z_lat_alignment_std,z_lat_dist_mean,z_lat_dist_std,z_lat_length_groups_mean,z_lat_neighbors_mean,z_lat_neighbors_std,z_length_max,z_length_mean,z_length_std,z_mask_area,z_mask_area_ratio,z_mask_intensity,z_oop,z_straightness_mean,z_straightness_std
1054.845,0.1534157100409702,666.9498954822747,64.3425,34.43688193637745,0.917991578578949,0.04486032947897911,1.524683162577663,0.030138637303536712,0.040717087841592906,23.535564422607422,11.724780082702637,4.2638020515441895,0.9539005225943108,0.03148407833628232,3.0,88.0,431.0,78.0,231.1050262451172,0.21908908535862348,1.575911388168064,0.2312321418033977,0.7910914421081543,1264.755180353285,274.79948876048655,0.8083169986066817,0.667159581090138,1.6987971041645473,0.5333019590506929,2.796015111257467,0.7948717948717948,0.667159581090138,5.3999999999999995,1.0096153846153844,0.9192408271094424,47.7225,0.045241243974233174,1258.074021687883,0.7472518341493399,0.8370690050562254,0.09623628789270472
