cell_mask_area,cell_mask_area_ratio,cell_mask_intensity,domain_area_mean,domain_area_std,domain_oop_mean,domain_oop_std,domain_slen_mean,myof_bending_mean,myof_bending_std,myof_length_max,myof_length_mean,myof_length_std,myof_straightness_mean,myof_straightness_std,n_domains,n_mbands,n_vectors,n_zbands,sarcomere_area,sarcomere_area_ratio,sarcomere_length_mean,sarcomere_length_std,sarcomere_oop,z_intensity_mean,z_intensity_std,z_lat_alignment_mean,z_lat_alignment_std,z_lat_dist_mean,z_lat_dist_std,z_lat_length_groups_mean,z_lat_neighbors_mean,z_lat_neighbors_std,z_length_max,z_length_mean,z_length_std,z_mask_area,z_mask_area_ratio,z_mask_intensity,z_oop,z_straightness_mean,z_straightness_std
770.2425,0.16713047044349405,690.5671136038326,26.369999999999997,0.0,0.8887159824371338,0.0,1.389322192112495,0.02000243423762047,0.0,5.237608909606934,5.237608909606934,0.0,0.9590443686006823,0.0,1.0,29.0,92.0,23.0,55.651039123535156,0.07225132230892889,1.385748278521843,0.3273006554079617,0.5141696333885193,1870.2636764044614,553.4370673606974,0.8530843457119827,0.48804226784007926,1.1650066347135872,0.6605535327622953,1.5878154026871945,0.6086956521739131,0.48804226784007926,2.1,0.75,0.46180176435914294,11.1375,0.014459731837700465,1754.2545454545455,0.4215967788502525,0.8236345373930485,0.10739619819522933
