sarcomere_area,cell_mask_area_ratio,domain_area_std,domain_oop_mean,sarcomere_length_mean,z_mask_intensity,myof_straightness_std,z_mask_area,z_straightness_std,myof_length_mean,myof_bending_std,sarcomere_oop,n_domains,myof_straightness_mean,z_intensity_mean,myof_bending_mean,z_lat_dist_mean,z_lat_length_groups_mean,z_length_max,sarcomere_area_ratio,z_length_std,myof_length_max,domain_slen_mean,z_mask_area_ratio,z_lat_alignment_std,n_zbands,cell_mask_area,cell_mask_intensity,z_oop,z_lat_alignment_mean,z_length_mean,z_lat_dist_std,myof_length_std,n_vectors,z_straightness_mean,n_mbands,z_intensity_std,sarcomere_length_std,z_lat_neighbors_mean,z_lat_neighbors_std,domain_area_mean,domain_oop_std
55.651039123535156,0.16713047044349405,0.0,0.8887159824371338,1.385748278521843,1754.2545454545455,0.0,11.1375,0.10739619819522933,5.237608909606934,0.0,0.5141696333885193,1.0,0.9590443686006823,1870.2636764044614,0.02000243423762047,1.1650066347135872,1.5878154026871945,2.1,0.07225132230892889,0.46180176435914294,5.237608909606934,1.389322192112495,0.014459731837700465,0.48804226784007926,23.0,770.2425,690.5671136038326,0.4215967788502525,0.8530843457119827,0.75,0.6605535327622953,0.0,92.0,0.8236345373930485,29.0,553.4370673606974,0.3273006554079617,0.6086956521739131,0.48804226784007926,26.369999999999997,0.0
