cell_mask_area,cell_mask_area_ratio,cell_mask_intensity,domain_area_mean,domain_area_std,domain_oop_mean,domain_oop_std,domain_slen_mean,myof_bending_mean,myof_bending_std,myof_length_max,myof_length_mean,myof_length_std,myof_straightness_mean,myof_straightness_std,n_domains,n_mbands,n_vectors,n_zbands,sarcomere_area,sarcomere_area_ratio,sarcomere_length_mean,sarcomere_length_std,sarcomere_oop,z_intensity_mean,z_intensity_std,z_lat_alignment_mean,z_lat_alignment_std,z_lat_dist_mean,z_lat_dist_std,z_lat_length_groups_mean,z_lat_neighbors_mean,z_lat_neighbors_std,z_length_max,z_length_mean,z_length_std,z_mask_area,z_mask_area_ratio,z_mask_intensity,z_oop,z_straightness_mean,z_straightness_std
2075.58,0.3247002837009243,711.4451261815974,131.3175,50.07735903080353,0.8382511138916016,0.05495943874120712,1.476549359041367,0.021345492722667544,0.017111760434409908,26.558692932128906,13.256378173828125,5.876621723175049,0.9463267392301726,0.03326407908084445,3.0,156.0,1115.0,151.0,493.7367248535156,0.23787891811133063,1.4912051931962718,0.22815953594657745,0.6079913973808289,1307.992847619534,363.7265449494049,0.8127655814724939,0.685422465321092,1.7760349167397365,0.5990945336385262,4.608847143094051,1.0198675496688743,0.685422465321092,6.6,1.3529801324503312,1.2063742375108082,97.965,0.047198855259734634,1337.5838309600367,0.40713015555054777,0.8069614340600987,0.12268523851230163
