cell_mask_area,cell_mask_area_ratio,cell_mask_intensity,domain_area_mean,domain_area_std,domain_oop_mean,domain_oop_std,domain_slen_mean,myof_bending_mean,myof_bending_std,myof_length_max,myof_length_mean,myof_length_std,myof_straightness_mean,myof_straightness_std,n_domains,n_mbands,n_vectors,n_zbands,sarcomere_area,sarcomere_area_ratio,sarcomere_length_mean,sarcomere_length_std,sarcomere_oop,z_intensity_mean,z_intensity_std,z_lat_alignment_mean,z_lat_alignment_std,z_lat_dist_mean,z_lat_dist_std,z_lat_length_groups_mean,z_lat_neighbors_mean,z_lat_neighbors_std,z_length_max,z_length_mean,z_length_std,z_mask_area,z_mask_area_ratio,z_mask_intensity,z_oop,z_straightness_mean,z_straightness_std
877.05,0.18497779127595762,672.7292201128784,41.9175,0.0,0.8303526639938354,0.0,1.4688651755458573,0.02617438499550121,0.012314701659918558,9.812243461608887,8.265266418457031,1.1117879152297974,0.9506820596776386,0.02507888767728022,1.0,23.0,96.0,21.0,48.22919845581055,0.05499024965031703,1.4667818711460026,0.18667518229824237,0.8038661479949951,1305.5985100563878,225.51556561046328,0.7568661687068019,0.7499055118106486,1.6879379608444354,0.5002403825565562,2.596423360519652,0.7619047619047619,0.7499055118106486,3.4499999999999997,0.9642857142857143,0.7628491171327421,10.5975,0.012083119548486404,1322.3588110403398,0.7282371732780717,0.8536032352055947,0.09346724438642064
