cell_mask_area,cell_mask_area_ratio,cell_mask_intensity,domain_area_mean,domain_area_std,domain_oop_mean,domain_oop_std,domain_slen_mean,myof_bending_mean,myof_bending_std,myof_length_max,myof_length_mean,myof_length_std,myof_straightness_mean,myof_straightness_std,n_domains,n_mbands,n_vectors,n_zbands,sarcomere_area,sarcomere_area_ratio,sarcomere_length_mean,sarcomere_length_std,sarcomere_oop,z_intensity_mean,z_intensity_std,z_lat_alignment_mean,z_lat_alignment_std,z_lat_dist_mean,z_lat_dist_std,z_lat_length_groups_mean,z_lat_neighbors_mean,z_lat_neighbors_std,z_length_max,z_length_mean,z_length_std,z_mask_area,z_mask_area_ratio,z_mask_intensity,z_oop,z_straightness_mean,z_straightness_std
2666.79,0.2518936012853536,572.8590243326246,37.629,6.336354748591654,0.7311630845069885,0.18002143502235413,1.5585784778717326,0.020890317556138183,0.012105017543121011,20.376968383789062,10.464686393737793,4.0314531326293945,0.9449198358620077,0.02820532596660235,5.0,133.0,450.0,132.0,260.52325439453125,0.09769170215672447,1.4977823018471923,0.24090846559926074,0.22697687149047852,1076.191124525047,209.85420281355962,0.7233699920014266,0.5241526460172699,1.6583237999347396,0.7168670342418944,1.2647666149614478,0.3560606060606061,0.5241526460172699,2.4,0.7261363636363636,0.46263679013538994,64.3275,0.02412169687151969,1060.1308149702693,0.26694462174775435,0.8756133439431932,0.08089994895966073
