cell_mask_area,cell_mask_area_ratio,cell_mask_intensity,domain_area_mean,domain_area_std,domain_oop_mean,domain_oop_std,domain_slen_mean,myof_bending_mean,myof_bending_std,myof_length_max,myof_length_mean,myof_length_std,myof_straightness_mean,myof_straightness_std,n_domains,n_mbands,n_vectors,n_zbands,sarcomere_area,sarcomere_area_ratio,sarcomere_length_mean,sarcomere_length_std,sarcomere_oop,z_intensity_mean,z_intensity_std,z_lat_alignment_mean,z_lat_alignment_std,z_lat_dist_mean,z_lat_dist_std,z_lat_length_groups_mean,z_lat_neighbors_mean,z_lat_neighbors_std,z_length_max,z_length_mean,z_length_std,z_mask_area,z_mask_area_ratio,z_mask_intensity,z_oop,z_straightness_mean,z_straightness_std
927.2249999999999,0.20126590933510455,745.6271778694492,216.98999999999998,0.0,0.322386234998703,0.0,1.3816434373109898,0.03740887240716991,0.029789738287047902,21.00201988220215,12.620197296142578,3.4424097537994385,0.9440727456151526,0.03599604362787641,1.0,89.0,623.0,93.0,241.14639282226562,0.2600732215182568,1.3828659577066322,0.26911185724513803,0.32455122470855713,1845.0394871588796,400.01362748331013,0.7728506103085566,0.7069023618878968,1.6609198944231347,0.6478387950018456,4.526651040026901,1.075268817204301,0.7069023618878968,5.85,1.2,0.9896235843540095,50.6025,0.05457413249211357,1801.76345042241,0.3458203144739474,0.8270774880276817,0.1382740892522014
