cell_mask_area,cell_mask_area_ratio,cell_mask_intensity,domain_area_mean,domain_area_std,domain_oop_mean,domain_oop_std,domain_slen_mean,myof_bending_mean,myof_bending_std,myof_length_max,myof_length_mean,myof_length_std,myof_straightness_mean,myof_straightness_std,n_domains,n_mbands,n_vectors,n_zbands,sarcomere_area,sarcomere_area_ratio,sarcomere_length_mean,sarcomere_length_std,sarcomere_oop,z_intensity_mean,z_intensity_std,z_lat_alignment_mean,z_lat_alignment_std,z_lat_dist_mean,z_lat_dist_std,z_lat_length_groups_mean,z_lat_neighbors_mean,z_lat_neighbors_std,z_length_max,z_length_mean,z_length_std,z_mask_area,z_mask_area_ratio,z_mask_intensity,z_oop,z_straightness_mean,z_straightness_std
924.5925,0.18136039049880395,742.272163142141,,,,,,0.05323337605567099,0.03554732848303408,13.001683235168457,8.42806625366211,3.4940719604492188,0.9352990156913054,0.03571111045933538,0.0,26.0,55.0,18.0,38.88742446899414,0.042058987574519736,1.3107101147789784,0.2151856670830583,0.7632191777229309,1619.8967176121193,312.3709094107454,0.6383360672648529,0.4714045207910317,1.2328683842328099,0.4359306678351274,1.0765736768465621,0.3333333333333333,0.4714045207910317,1.65,0.6916666666666668,0.3909568035246634,8.865,0.009588007689874188,1621.0888324873097,0.6204166466246888,0.8525648405739121,0.07993525591484174
