cell_mask_area,cell_mask_area_ratio,cell_mask_intensity,domain_area_mean,domain_area_std,domain_oop_mean,domain_oop_std,domain_slen_mean,myof_bending_mean,myof_bending_std,myof_length_max,myof_length_mean,myof_length_std,myof_straightness_mean,myof_straightness_std,n_domains,n_mbands,n_vectors,n_zbands,sarcomere_area,sarcomere_area_ratio,sarcomere_length_mean,sarcomere_length_std,sarcomere_oop,z_intensity_mean,z_intensity_std,z_lat_alignment_mean,z_lat_alignment_std,z_lat_dist_mean,z_lat_dist_std,z_lat_length_groups_mean,z_lat_neighbors_mean,z_lat_neighbors_std,z_length_max,z_length_mean,z_length_std,z_mask_area,z_mask_area_ratio,z_mask_intensity,z_oop,z_straightness_mean,z_straightness_std
1120.0725,0.1472740935340339,711.191076916896,107.36999999999999,40.43249999999999,0.92768394947052,0.02387496829032898,1.3308945585148337,0.024272827779436405,0.016010564573956682,47.12176513671875,17.864246368408203,11.959487915039062,0.9614343306737818,0.020399767531320275,2.0,89.0,678.0,83.0,255.8191680908203,0.22839518699978825,1.322930026742959,0.23435307987167972,0.9077542424201965,1526.3789712578496,435.9710628175268,0.8558784596246698,0.5810677374355419,1.6715211104043461,0.7153270952146974,4.227093067064366,0.891566265060241,0.5810677374355419,5.3999999999999995,1.5975903614457834,1.1013929738284445,52.515,0.046885357867459475,1563.582262210797,0.7774970314982397,0.7916781218489629,0.0928014976632412
