sarcomere_area,cell_mask_area_ratio,domain_area_std,domain_oop_mean,sarcomere_length_mean,z_mask_intensity,myof_straightness_std,z_mask_area,z_straightness_std,myof_length_mean,myof_bending_std,sarcomere_oop,n_domains,myof_straightness_mean,z_intensity_mean,myof_bending_mean,z_lat_dist_mean,z_lat_length_groups_mean,z_length_max,sarcomere_area_ratio,z_length_std,myof_length_max,domain_slen_mean,z_mask_area_ratio,z_lat_alignment_std,n_zbands,cell_mask_area,cell_mask_intensity,z_oop,z_lat_alignment_mean,z_length_mean,z_lat_dist_std,myof_length_std,n_vectors,z_straightness_mean,n_mbands,z_intensity_std,sarcomere_length_std,z_lat_neighbors_mean,z_lat_neighbors_std,domain_area_mean,domain_oop_std
26.021669387817383,0.15109853388785138,0.0,0.9571545124053955,1.4345482762454338,1680.0186170212767,0.005744947238899112,8.459999999999999,0.10605558846323929,15.143115043640137,0.004429680094477313,0.9581413269042969,1.0,0.9734510529195622,1710.998718209854,0.01015226588874955,1.5141762127920744,1.0856960354653458,1.7999999999999998,0.029230851496488068,0.42148909976948373,15.754034042358398,1.4078668602945312,0.009503348919499556,0.45175395145262565,21.0,890.2125,696.4538860103627,0.9034474885467354,0.5868462965231175,0.7142857142857142,0.6944569076729323,0.7731207013130188,63.0,0.9135478884911289,21.0,277.09047407042976,0.19423679522518292,0.2857142857142857,0.45175395145262565,22.59,0.0
