cell_mask_area,cell_mask_area_ratio,cell_mask_intensity,domain_area_mean,domain_area_std,domain_oop_mean,domain_oop_std,domain_slen_mean,myof_bending_mean,myof_bending_std,myof_length_max,myof_length_mean,myof_length_std,myof_straightness_mean,myof_straightness_std,n_domains,n_mbands,n_vectors,n_zbands,sarcomere_area,sarcomere_area_ratio,sarcomere_length_mean,sarcomere_length_std,sarcomere_oop,z_intensity_mean,z_intensity_std,z_lat_alignment_mean,z_lat_alignment_std,z_lat_dist_mean,z_lat_dist_std,z_lat_length_groups_mean,z_lat_neighbors_mean,z_lat_neighbors_std,z_length_max,z_length_mean,z_length_std,z_mask_area,z_mask_area_ratio,z_mask_intensity,z_oop,z_straightness_mean,z_straightness_std
2105.73,0.31624512139490096,627.3382698636577,182.12625,43.41374999999999,0.3973628282546997,0.13453297317028046,1.4823918909066482,0.031702625903969855,0.021721582005287326,37.04205322265625,14.148871421813965,6.61231803894043,0.925326685059239,0.06325988956619853,2.0,172.0,946.0,164.0,445.1300964355469,0.21138992009210433,1.4707658625103124,0.30398174940647316,0.31103548407554626,1285.8726214206956,331.7896852927895,0.7182036026662669,0.7346485600892212,2.0354577855866034,0.7141750005797528,3.298718264271159,0.8170731707317073,0.7346485600892212,4.6499999999999995,1.1195121951219513,0.8088593330011011,95.625,0.04541180493225627,1279.3703529411764,0.2659427039747502,0.8263691719523192,0.12054881864858238
