sarcomere_area,cell_mask_area_ratio,domain_area_std,domain_oop_mean,sarcomere_length_mean,z_mask_intensity,myof_straightness_std,z_mask_area,z_straightness_std,myof_length_mean,myof_bending_std,sarcomere_oop,n_domains,myof_straightness_mean,z_intensity_mean,myof_bending_mean,z_lat_dist_mean,z_lat_length_groups_mean,z_length_max,sarcomere_area_ratio,z_length_std,myof_length_max,domain_slen_mean,z_mask_area_ratio,z_lat_alignment_std,n_zbands,cell_mask_area,cell_mask_intensity,z_oop,z_lat_alignment_mean,z_length_mean,z_lat_dist_std,myof_length_std,n_vectors,z_straightness_mean,n_mbands,z_intensity_std,sarcomere_length_std,z_lat_neighbors_mean,z_lat_neighbors_std,domain_area_mean,domain_oop_std
54.97983932495117,0.20098720043572985,0.0,0.49628517031669617,1.407954402205635,1371.0835913312694,0.02774036509380761,14.535,0.07687737119302834,8.775832176208496,0.01885287641344812,0.48958346247673035,1.0,0.9469292494536475,1336.0425387049597,0.03015463551979422,1.914710253852802,1.2036775634632004,1.5,0.08277322632845345,0.30430248109405883,12.147250175476074,1.4128225866014041,0.021882727549879747,0.5537749241945383,30.0,664.2225,664.0169370956269,0.4059531170002969,0.7239392631692976,0.58,0.7633050791072619,2.837231397628784,73.0,0.8462508693301894,29.0,231.93021076600076,0.1961937151746171,0.4,0.5537749241945383,37.192499999999995,0.0
