cell_mask_area,cell_mask_area_ratio,cell_mask_intensity,domain_area_mean,domain_area_std,domain_oop_mean,domain_oop_std,domain_slen_mean,myof_bending_mean,myof_bending_std,myof_length_max,myof_length_mean,myof_length_std,myof_straightness_mean,myof_straightness_std,n_domains,n_mbands,n_vectors,n_zbands,sarcomere_area,sarcomere_area_ratio,sarcomere_length_mean,sarcomere_length_std,sarcomere_oop,z_intensity_mean,z_intensity_std,z_lat_alignment_mean,z_lat_alignment_std,z_lat_dist_mean,z_lat_dist_std,z_lat_length_groups_mean,z_lat_neighbors_mean,z_lat_neighbors_std,z_length_max,z_length_mean,z_length_std,z_mask_area,z_mask_area_ratio,z_mask_intensity,z_oop,z_straightness_mean,z_straightness_std
1109.8799999999999,0.11596328894907094,692.7879500486539,76.08375,0.2362499999999983,0.522689938545227,0.307531476020813,1.3741712591024842,0.03858860123799254,0.02242146089397626,24.687480926513672,11.684464454650879,5.535961151123047,0.9282620857909234,0.04090760040290513,2.0,73.0,449.0,83.0,169.1077880859375,0.15236583061766815,1.3765885272755571,0.2777256418628372,0.4118273854255676,1659.761106324313,401.74468353924084,0.6787170815126452,0.6537185525903872,1.459072492969855,0.590283869393047,2.464131524002329,0.6987951807228916,0.6537185525903872,3.75,1.0933734939759034,0.8766643752128349,41.6475,0.03752432695426533,1691.344678552134,0.3885993755286621,0.8229025005001631,0.11717701083409919
