sarcomere_area,cell_mask_area_ratio,domain_area_std,domain_oop_mean,sarcomere_length_mean,z_mask_intensity,myof_straightness_std,z_mask_area,z_straightness_std,myof_length_mean,myof_bending_std,sarcomere_oop,n_domains,myof_straightness_mean,z_intensity_mean,myof_bending_mean,z_lat_dist_mean,z_lat_length_groups_mean,z_length_max,sarcomere_area_ratio,z_length_std,myof_length_max,domain_slen_mean,z_mask_area_ratio,z_lat_alignment_std,n_zbands,cell_mask_area,cell_mask_intensity,z_oop,z_lat_alignment_mean,z_length_mean,z_lat_dist_std,myof_length_std,n_vectors,z_straightness_mean,n_mbands,z_intensity_std,sarcomere_length_std,z_lat_neighbors_mean,z_lat_neighbors_std,domain_area_mean,domain_oop_std
255.8191680908203,0.1472740935340339,40.43249999999999,0.92768394947052,1.322930026742959,1563.582262210797,0.020399767531320275,52.515,0.0928014976632412,17.864246368408203,0.016010564573956682,0.9077542424201965,2.0,0.9614343306737818,1526.3789712578496,0.024272827779436405,1.6715211104043461,4.227093067064366,5.3999999999999995,0.22839518699978825,1.1013929738284445,47.12176513671875,1.3308945585148337,0.046885357867459475,0.5810677374355419,83.0,1120.0725,711.191076916896,0.7774970314982397,0.8558784596246698,1.5975903614457834,0.7153270952146974,11.959487915039062,678.0,0.7916781218489629,89.0,435.9710628175268,0.23435307987167972,0.891566265060241,0.5810677374355419,107.36999999999999,0.02387496829032898
