sarcomere_area,cell_mask_area_ratio,domain_area_std,domain_oop_mean,sarcomere_length_mean,z_mask_intensity,myof_straightness_std,z_mask_area,z_straightness_std,myof_length_mean,myof_bending_std,sarcomere_oop,n_domains,myof_straightness_mean,z_intensity_mean,myof_bending_mean,z_lat_dist_mean,z_lat_length_groups_mean,z_length_max,sarcomere_area_ratio,z_length_std,myof_length_max,domain_slen_mean,z_mask_area_ratio,z_lat_alignment_std,n_zbands,cell_mask_area,cell_mask_intensity,z_oop,z_lat_alignment_mean,z_length_mean,z_lat_dist_std,myof_length_std,n_vectors,z_straightness_mean,n_mbands,z_intensity_std,sarcomere_length_std,z_lat_neighbors_mean,z_lat_neighbors_std,domain_area_mean,domain_oop_std
621.063232421875,0.19646536641550666,76.84829030659611,0.7512266635894775,1.5210341735049093,1422.1819389110226,0.020612712170417054,118.5975,0.11483144755491481,14.464930534362793,0.024420084111000752,0.6962217688560486,4.0,0.9593810273868917,1394.185780146148,0.018507433663634644,1.9894968260390997,4.132707686456036,6.8999999999999995,0.3076481836100523,1.0195655392807705,35.31782913208008,1.4973675328945677,0.05874813312231114,0.6781419786518724,216.0,2018.745,642.942321838568,0.6253497146135683,0.782305873268351,1.2416666666666667,0.6855586149079216,6.744615077972412,1402.0,0.8306443147979485,227.0,466.0252629912655,0.22793396492273382,0.9444444444444444,0.6781419786518724,139.798125,0.10913927853107452
