cell_mask_area,cell_mask_area_ratio,cell_mask_intensity,domain_area_mean,domain_area_std,domain_oop_mean,domain_oop_std,domain_slen_mean,myof_bending_mean,myof_bending_std,myof_length_max,myof_length_mean,myof_length_std,myof_straightness_mean,myof_straightness_std,n_domains,n_mbands,n_vectors,n_zbands,sarcomere_area,sarcomere_area_ratio,sarcomere_length_mean,sarcomere_length_std,sarcomere_oop,z_intensity_mean,z_intensity_std,z_lat_alignment_mean,z_lat_alignment_std,z_lat_dist_mean,z_lat_dist_std,z_lat_length_groups_mean,z_lat_neighbors_mean,z_lat_neighbors_std,z_length_max,z_length_mean,z_length_std,z_mask_area,z_mask_area_ratio,z_mask_intensity,z_oop,z_straightness_mean,z_straightness_std
1641.6899999999998,0.27515518112635473,671.8420042760814,49.095,12.39833708607731,0.7412847876548767,0.05010412633419037,1.4086371782553213,0.033860239801924895,0.030536920455957392,12.562728881835938,9.012812614440918,2.0242762565612793,0.9443168747811188,0.03410529735851232,3.0,92.0,464.0,86.0,223.2578887939453,0.13599272018099967,1.4491320147336002,0.2626337287910869,0.12611962854862213,1273.2590398672533,273.1129263778949,0.8012121050872885,0.5846420972082109,1.5946505612961246,0.7088473653459914,2.0309547155442806,0.46511627906976744,0.5846420972082109,4.8,1.1877906976744186,0.925005846823496,52.0875,0.03172797543994299,1347.8626349892008,0.07837876030696407,0.8116587648117781,0.11570681955641932
