sarcomere_area,cell_mask_area_ratio,domain_area_std,domain_oop_mean,sarcomere_length_mean,z_mask_intensity,myof_straightness_std,z_mask_area,z_straightness_std,myof_length_mean,myof_bending_std,sarcomere_oop,n_domains,myof_straightness_mean,z_intensity_mean,myof_bending_mean,z_lat_dist_mean,z_lat_length_groups_mean,z_length_max,sarcomere_area_ratio,z_length_std,myof_length_max,domain_slen_mean,z_mask_area_ratio,z_lat_alignment_std,n_zbands,cell_mask_area,cell_mask_intensity,z_oop,z_lat_alignment_mean,z_length_mean,z_lat_dist_std,myof_length_std,n_vectors,z_straightness_mean,n_mbands,z_intensity_std,sarcomere_length_std,z_lat_neighbors_mean,z_lat_neighbors_std,domain_area_mean,domain_oop_std
493.7366943359375,0.3247002837009243,49.398635988253766,0.8291190266609192,1.490454464640504,1337.5838309600367,0.03433489386275922,97.965,0.12268523851230163,13.400551795959473,0.019700477863997652,0.6107981204986572,3.0,0.9480890150984305,1307.992847619534,0.0217664280125412,1.7760349167397365,4.608847143094051,6.6,0.23787890340817386,1.2063742375108082,26.406858444213867,1.4733361924458712,0.047198855259734634,0.685422465321092,151.0,2075.58,711.4451261815974,0.40713015555054777,0.8127587139387822,1.3529801324503312,0.5990945336385262,6.018278121948242,1114.0,0.8069614340600987,156.0,363.7265449494049,0.2265928491193452,1.0198675496688743,0.685422465321092,131.6025,0.068758524954319
