cell_mask_area,cell_mask_area_ratio,cell_mask_intensity,domain_area_mean,domain_area_std,domain_oop_mean,domain_oop_std,domain_slen_mean,myof_bending_mean,myof_bending_std,myof_length_max,myof_length_mean,myof_length_std,myof_straightness_mean,myof_straightness_std,n_domains,n_mbands,n_vectors,n_zbands,sarcomere_area,sarcomere_area_ratio,sarcomere_length_mean,sarcomere_length_std,sarcomere_oop,z_intensity_mean,z_intensity_std,z_lat_alignment_mean,z_lat_alignment_std,z_lat_dist_mean,z_lat_dist_std,z_lat_length_groups_mean,z_lat_neighbors_mean,z_lat_neighbors_std,z_length_max,z_length_mean,z_length_std,z_mask_area,z_mask_area_ratio,z_mask_intensity,z_oop,z_straightness_mean,z_straightness_std
406.755,0.11947183377831823,773.2924549175793,72.74249999999999,0.0,0.7322493195533752,0.0,1.3664918442307759,0.02540476980876057,0.01127377150853428,20.93764305114746,12.435009956359863,5.534748554229736,0.9516563130837588,0.026906814867200604,1.0,25.0,224.0,28.0,78.07210540771484,0.19193889542283402,1.3664918442307759,0.2713147278840232,0.7322493195533752,1744.674721030533,237.91164080671655,0.800538609466941,0.5890150893739514,1.397803062483818,0.8598817351885432,2.8932239236021213,0.7142857142857143,0.5890150893739514,3.3,1.3607142857142855,0.8578791480465423,19.1925,0.047184423055647746,1740.134818288394,0.5499047326665212,0.7925100349634031,0.14070686784481845
