cell_mask_area,cell_mask_area_ratio,cell_mask_intensity,domain_area_mean,domain_area_std,domain_oop_mean,domain_oop_std,domain_slen_mean,myof_bending_mean,myof_bending_std,myof_length_max,myof_length_mean,myof_length_std,myof_straightness_mean,myof_straightness_std,n_domains,n_mbands,n_vectors,n_zbands,sarcomere_area,sarcomere_area_ratio,sarcomere_length_mean,sarcomere_length_std,sarcomere_oop,z_intensity_mean,z_intensity_std,z_lat_alignment_mean,z_lat_alignment_std,z_lat_dist_mean,z_lat_dist_std,z_lat_length_groups_mean,z_lat_neighbors_mean,z_lat_neighbors_std,z_length_max,z_length_mean,z_length_std,z_mask_area,z_mask_area_ratio,z_mask_intensity,z_oop,z_straightness_mean,z_straightness_std
1821.1725,0.24344329351186825,624.6873648707083,62.4375,22.560511131177858,0.8650361895561218,0.08994582295417786,1.4554801400785726,0.028581227764068337,0.024207098013654164,15.872003555297852,9.400891304016113,3.4896080493927,0.9562194746410805,0.024157023170282677,3.0,94.0,454.0,87.0,231.2390594482422,0.12697262859407454,1.4691573126677233,0.21053632009806764,0.4792204797267914,1042.7239613215895,142.85591588457154,0.7367857743827548,0.6753301527157877,1.7596993209428344,0.6708957870013657,2.7969130044807544,0.8045977011494253,0.6753301527157877,4.5,0.9637931034482755,0.8317924716024464,51.637499999999996,0.028353986236888597,1036.0840958605665,0.2223347763975096,0.8439002617902224,0.10401954097161155
