cell_mask_area,cell_mask_area_ratio,cell_mask_intensity,domain_area_mean,domain_area_std,domain_oop_mean,domain_oop_std,domain_slen_mean,myof_bending_mean,myof_bending_std,myof_length_max,myof_length_mean,myof_length_std,myof_straightness_mean,myof_straightness_std,n_domains,n_mbands,n_vectors,n_zbands,sarcomere_area,sarcomere_area_ratio,sarcomere_length_mean,sarcomere_length_std,sarcomere_oop,z_intensity_mean,z_intensity_std,z_lat_alignment_mean,z_lat_alignment_std,z_lat_dist_mean,z_lat_dist_std,z_lat_length_groups_mean,z_lat_neighbors_mean,z_lat_neighbors_std,z_length_max,z_length_mean,z_length_std,z_mask_area,z_mask_area_ratio,z_mask_intensity,z_oop,z_straightness_mean,z_straightness_std
1138.4099999999999,0.20837177121771217,733.721242785991,156.52125,23.051249999999996,0.7285749912261963,0.051448285579681396,1.3682943272110712,0.04483581215813853,0.09739504957458595,32.30155563354492,14.585817337036133,8.037801742553711,0.8319383296973468,0.4812827612044877,2.0,128.0,863.0,117.0,364.753662109375,0.3204062351080674,1.3753621897006398,0.21730688098807333,0.7081518769264221,1511.9948349591446,332.33548301972763,0.7381974729304309,0.6812989874659704,1.728299475934223,0.6503698343907808,3.9694947888960006,0.9230769230769231,0.6812989874659704,4.6499999999999995,1.3397435897435894,0.9822905914487078,73.575,0.06462961498932723,1516.9152905198778,0.6674077507790865,0.7949378196319468,0.11882423649687607
