cell_mask_area,cell_mask_area_ratio,cell_mask_intensity,domain_area_mean,domain_area_std,domain_oop_mean,domain_oop_std,domain_slen_mean,myof_bending_mean,myof_bending_std,myof_length_max,myof_length_mean,myof_length_std,myof_straightness_mean,myof_straightness_std,n_domains,n_mbands,n_vectors,n_zbands,sarcomere_area,sarcomere_area_ratio,sarcomere_length_mean,sarcomere_length_std,sarcomere_oop,z_intensity_mean,z_intensity_std,z_lat_alignment_mean,z_lat_alignment_std,z_lat_dist_mean,z_lat_dist_std,z_lat_length_groups_mean,z_lat_neighbors_mean,z_lat_neighbors_std,z_length_max,z_length_mean,z_length_std,z_mask_area,z_mask_area_ratio,z_mask_intensity,z_oop,z_straightness_mean,z_straightness_std
354.53249999999997,0.170139938668855,782.7500158659643,59.692499999999995,0.0,0.860058605670929,0.0,1.3463076272675163,0.01712893013715058,0.008791200213053902,11.491084098815918,7.9141058921813965,2.0390512943267822,0.9600698824814223,0.025443094517726857,1.0,26.0,151.0,27.0,72.90406799316406,0.20563437200585016,1.3463076272675163,0.27453293043429067,0.860058605670929,1584.8385475001428,275.6838510377024,0.8923325934334873,0.7370277311900888,1.7114433786213799,0.7346506392653834,3.6591547028971037,0.8888888888888888,0.7370277311900888,4.05,1.272222222222222,0.9689946425465678,14.805,0.04175921812527766,1659.0425531914893,0.6889246262606388,0.7813805540857375,0.11804019455586703
