sarcomere_area,cell_mask_area_ratio,domain_area_std,domain_oop_mean,sarcomere_length_mean,z_mask_intensity,myof_straightness_std,z_mask_area,z_straightness_std,myof_length_mean,myof_bending_std,sarcomere_oop,n_domains,myof_straightness_mean,z_intensity_mean,myof_bending_mean,z_lat_dist_mean,z_lat_length_groups_mean,z_length_max,sarcomere_area_ratio,z_length_std,myof_length_max,domain_slen_mean,z_mask_area_ratio,z_lat_alignment_std,n_zbands,cell_mask_area,cell_mask_intensity,z_oop,z_lat_alignment_mean,z_length_mean,z_lat_dist_std,myof_length_std,n_vectors,z_straightness_mean,n_mbands,z_intensity_std,sarcomere_length_std,z_lat_neighbors_mean,z_lat_neighbors_std,domain_area_mean,domain_oop_std
260.52325439453125,0.2518936012853536,6.354965578191591,0.7311628460884094,1.4941668432884176,1060.1308149702693,0.02742614516896167,64.3275,0.08089994895966073,10.655263900756836,0.016490622418044512,0.2244882881641388,5.0,0.9454773136062529,1076.191124525047,0.022976204886915184,1.6583237999347396,1.2667274076911217,2.4,0.09769170215672447,0.46263679013538994,20.153799057006836,1.5565441634661905,0.02412169687151969,0.5241526460172699,132.0,2666.79,572.8590243326246,0.26694462174775435,0.7233712173206964,0.7261363636363636,0.7168670342418944,4.4024529457092285,451.0,0.8756133439431932,133.0,209.85420281355962,0.2406252521470698,0.3560606060606061,0.5241526460172699,37.6425,0.1800219714641571
