cell_mask_area,cell_mask_area_ratio,cell_mask_intensity,domain_area_mean,domain_area_std,domain_oop_mean,domain_oop_std,domain_slen_mean,myof_bending_mean,myof_bending_std,myof_length_max,myof_length_mean,myof_length_std,myof_straightness_mean,myof_straightness_std,n_domains,n_mbands,n_vectors,n_zbands,sarcomere_area,sarcomere_area_ratio,sarcomere_length_mean,sarcomere_length_std,sarcomere_oop,z_intensity_mean,z_intensity_std,z_lat_alignment_mean,z_lat_alignment_std,z_lat_dist_mean,z_lat_dist_std,z_lat_length_groups_mean,z_lat_neighbors_mean,z_lat_neighbors_std,z_length_max,z_length_mean,z_length_std,z_mask_area,z_mask_area_ratio,z_mask_intensity,z_oop,z_straightness_mean,z_straightness_std
664.8974999999999,0.2654170184483285,660.9928598016987,38.385,0.0,0.7176759243011475,0.0,1.454559684164441,0.025470663744913385,0.029583402721469008,15.330289840698242,11.29918384552002,2.6015732288360596,0.9569913271255298,0.029372234115616375,1.0,25.0,136.0,25.0,69.20849609375,0.10408897024541378,1.4598226194942692,0.22224904027193332,0.6954359412193298,1546.7155613527775,315.00592567615746,0.7352039012816268,0.36660605559646714,1.6108999209972987,0.4015612587525167,1.281382601825852,0.16,0.36660605559646714,2.4,1.05,0.6854195795277517,15.975,0.02402625968664343,1566.8267605633803,0.44505713101130184,0.8482746689129367,0.09960199433909372
