sarcomere_area,cell_mask_area_ratio,domain_area_std,domain_oop_mean,sarcomere_length_mean,z_mask_intensity,myof_straightness_std,z_mask_area,z_straightness_std,myof_length_mean,myof_bending_std,sarcomere_oop,n_domains,myof_straightness_mean,z_intensity_mean,myof_bending_mean,z_lat_dist_mean,z_lat_length_groups_mean,z_length_max,sarcomere_area_ratio,z_length_std,myof_length_max,domain_slen_mean,z_mask_area_ratio,z_lat_alignment_std,n_zbands,cell_mask_area,cell_mask_intensity,z_oop,z_lat_alignment_mean,z_length_mean,z_lat_dist_std,myof_length_std,n_vectors,z_straightness_mean,n_mbands,z_intensity_std,sarcomere_length_std,z_lat_neighbors_mean,z_lat_neighbors_std,domain_area_mean,domain_oop_std
87.87738800048828,0.2095309381237525,0.0,0.8865568041801453,1.543303061210059,1480.7116182572613,0.015889182862674132,21.689999999999998,0.10184986073090381,8.155391693115234,0.02417979163143097,0.8644474744796753,1.0,0.9663077679958914,1480.916224806681,0.02907981037830992,2.021465562566932,3.1000235398153198,3.3,0.10334899020694319,0.7947309118325663,15.990713119506836,1.5609222517846324,0.025508719007171016,0.6712803318663652,36.0,850.2975,637.3220078854754,0.7280555508413469,0.798944918760596,1.1083333333333334,0.7839450468615821,3.8430447578430176,180.0,0.8100395707617981,40.0,265.73546315953024,0.38187025726908097,0.7777777777777778,0.6712803318663652,68.49,0.0
