cell_mask_area,cell_mask_area_ratio,cell_mask_intensity,domain_area_mean,domain_area_std,domain_oop_mean,domain_oop_std,domain_slen_mean,myof_bending_mean,myof_bending_std,myof_length_max,myof_length_mean,myof_length_std,myof_straightness_mean,myof_straightness_std,n_domains,n_mbands,n_vectors,n_zbands,sarcomere_area,sarcomere_area_ratio,sarcomere_length_mean,sarcomere_length_std,sarcomere_oop,z_intensity_mean,z_intensity_std,z_lat_alignment_mean,z_lat_alignment_std,z_lat_dist_mean,z_lat_dist_std,z_lat_length_groups_mean,z_lat_neighbors_mean,z_lat_neighbors_std,z_length_max,z_length_mean,z_length_std,z_mask_area,z_mask_area_ratio,z_mask_intensity,z_oop,z_straightness_mean,z_straightness_std
2667.3075,0.25194248212661413,572.8458248627127,37.4985,7.200149060957002,0.7348906993865967,0.18373821675777435,1.5540834688780623,0.019616743968117235,0.013312149406229273,20.699819564819336,10.739351272583008,4.585090637207031,0.9475891863778685,0.0346465717696912,5.0,132.0,448.0,131.0,260.6365661621094,0.09771523011955291,1.4964807077428295,0.23357067949824944,0.22539857029914856,1078.2836206515358,209.21420709100047,0.7250266115391789,0.5252219057028876,1.6583237999347396,0.7168670342418944,1.2771641124358986,0.35877862595419846,0.5252219057028876,2.4,0.7305343511450381,0.46460902545034843,64.35,0.024125452352231604,1060.1856643356643,0.2681397668229378,0.8750235994296083,0.08049061174244786
