cell_mask_area,cell_mask_area_ratio,cell_mask_intensity,domain_area_mean,domain_area_std,domain_oop_mean,domain_oop_std,domain_slen_mean,myof_bending_mean,myof_bending_std,myof_length_max,myof_length_mean,myof_length_std,myof_straightness_mean,myof_straightness_std,n_domains,n_mbands,n_vectors,n_zbands,sarcomere_area,sarcomere_area_ratio,sarcomere_length_mean,sarcomere_length_std,sarcomere_oop,z_intensity_mean,z_intensity_std,z_lat_alignment_mean,z_lat_alignment_std,z_lat_dist_mean,z_lat_dist_std,z_lat_length_groups_mean,z_lat_neighbors_mean,z_lat_neighbors_std,z_length_max,z_length_mean,z_length_std,z_mask_area,z_mask_area_ratio,z_mask_intensity,z_oop,z_straightness_mean,z_straightness_std
851.8275,0.20990796185406965,637.09926305502,69.32249999999999,0.0,0.8862963914871216,0.0,1.5992067104832748,0.02473583129219549,0.016374156036697278,18.110177993774414,9.394376754760742,4.253561019897461,0.9621416569568886,0.012200240101753461,1.0,40.0,177.0,35.0,87.91690826416016,0.10320975580638117,1.5870453002987586,0.4030657544346106,0.8656420707702637,1493.9446248805223,258.19641851504747,0.8001405759178308,0.6676183683170241,2.021465562566932,0.7839450468615821,3.2405008512350966,0.8,0.6676183683170241,3.3,1.1357142857142857,0.8004080591951143,21.6225,0.025383660424205604,1481.2174817898024,0.7215619603371047,0.8062506051162744,0.09676867406613573
