cell_mask_area,cell_mask_area_ratio,cell_mask_intensity,domain_area_mean,domain_area_std,domain_oop_mean,domain_oop_std,domain_slen_mean,myof_bending_mean,myof_bending_std,myof_length_max,myof_length_mean,myof_length_std,myof_straightness_mean,myof_straightness_std,n_domains,n_mbands,n_vectors,n_zbands,sarcomere_area,sarcomere_area_ratio,sarcomere_length_mean,sarcomere_length_std,sarcomere_oop,z_intensity_mean,z_intensity_std,z_lat_alignment_mean,z_lat_alignment_std,z_lat_dist_mean,z_lat_dist_std,z_lat_length_groups_mean,z_lat_neighbors_mean,z_lat_neighbors_std,z_length_max,z_length_mean,z_length_std,z_mask_area,z_mask_area_ratio,z_mask_intensity,z_oop,z_straightness_mean,z_straightness_std
1138.4099999999999,0.20837177121771217,733.721242785991,156.52125,21.543750000000003,0.7294516563415527,0.052378445863723755,1.367458515872753,0.02817628217654958,0.0307641625685221,32.20561981201172,14.861021041870117,7.465958118438721,0.9157251798478083,0.23761483418221258,2.0,128.0,861.0,117.0,364.7536315917969,0.3204062083008731,1.374043893197069,0.2170658634733647,0.7085755467414856,1511.9948349591446,332.33548301972763,0.7381966958711823,0.6812989874659704,1.728299475934223,0.6503698343907808,3.9694947888960006,0.9230769230769231,0.6812989874659704,4.6499999999999995,1.3397435897435894,0.9822905914487078,73.575,0.06462961498932723,1516.9152905198778,0.6674077507790865,0.7949378196319468,0.11882423649687607
