cell_mask_area,cell_mask_area_ratio,cell_mask_intensity,domain_area_mean,domain_area_std,domain_oop_mean,domain_oop_std,domain_slen_mean,myof_bending_mean,myof_bending_std,myof_length_max,myof_length_mean,myof_length_std,myof_straightness_mean,myof_straightness_std,n_domains,n_mbands,n_vectors,n_zbands,sarcomere_area,sarcomere_area_ratio,sarcomere_length_mean,sarcomere_length_std,sarcomere_oop,z_intensity_mean,z_intensity_std,z_lat_alignment_mean,z_lat_alignment_std,z_lat_dist_mean,z_lat_dist_std,z_lat_length_groups_mean,z_lat_neighbors_mean,z_lat_neighbors_std,z_length_max,z_length_mean,z_length_std,z_mask_area,z_mask_area_ratio,z_mask_intensity,z_oop,z_straightness_mean,z_straightness_std
927.2249999999999,0.19784725289497435,726.1851492356225,38.35124999999999,11.756249999999998,0.9586391448974609,0.003928452730178833,1.4165508589626208,0.019615737185724985,0.020149236451426283,14.007156372070312,10.375354766845703,2.459413528442383,0.9478241561412319,0.027848735318306252,2.0,48.0,210.0,41.0,113.06587982177734,0.12194006829170628,1.4098401738496267,0.254082008830118,0.8542952537536621,1832.30445747559,858.8500671954415,0.6488656977315004,0.5298917312780593,1.7839994654762814,0.49248168988567714,2.1568568946854163,0.6341463414634146,0.5298917312780593,2.6999999999999997,0.9073170731707317,0.5925925857073611,22.3875,0.02414462509099733,1866.5819095477386,0.6171651607517159,0.8343304183806542,0.09020238741373639
