sarcomere_area,cell_mask_area_ratio,domain_area_std,domain_oop_mean,sarcomere_length_mean,z_mask_intensity,myof_straightness_std,z_mask_area,z_straightness_std,myof_length_mean,myof_bending_std,sarcomere_oop,n_domains,myof_straightness_mean,z_intensity_mean,myof_bending_mean,z_lat_dist_mean,z_lat_length_groups_mean,z_length_max,sarcomere_area_ratio,z_length_std,myof_length_max,domain_slen_mean,z_mask_area_ratio,z_lat_alignment_std,n_zbands,cell_mask_area,cell_mask_intensity,z_oop,z_lat_alignment_mean,z_length_mean,z_lat_dist_std,myof_length_std,n_vectors,z_straightness_mean,n_mbands,z_intensity_std,sarcomere_length_std,z_lat_neighbors_mean,z_lat_neighbors_std,domain_area_mean,domain_oop_std
187.76605224609375,0.1161455192810176,13.272571811823058,0.9533255100250244,1.4823210512631202,1799.6037834997373,0.021930931859494015,42.817499999999995,0.08323580442027997,11.317583084106445,0.010844637425594524,0.7415345907211304,3.0,0.960139434345391,1719.2374722072802,0.015146783808829146,1.4819455204015244,1.6661365397020675,3.4499999999999997,0.17192331845084813,0.7416182027119818,19.622888565063477,1.4471197235666693,0.039204779563246805,0.4496092053105675,64.0,1092.1499999999999,680.3704161516275,0.7019087927450497,0.822160164533364,1.2234374999999997,0.6215605156071786,3.9589102268218994,363.0,0.8242935799440927,79.0,580.9614266717881,0.2779808856154517,0.28125,0.4496092053105675,36.427499999999995,0.027941619977355003
