sarcomere_area,cell_mask_area_ratio,domain_area_std,domain_oop_mean,sarcomere_length_mean,z_mask_intensity,myof_straightness_std,z_mask_area,z_straightness_std,myof_length_mean,myof_bending_std,sarcomere_oop,n_domains,myof_straightness_mean,z_intensity_mean,myof_bending_mean,z_lat_dist_mean,z_lat_length_groups_mean,z_length_max,sarcomere_area_ratio,z_length_std,myof_length_max,domain_slen_mean,z_mask_area_ratio,z_lat_alignment_std,n_zbands,cell_mask_area,cell_mask_intensity,z_oop,z_lat_alignment_mean,z_length_mean,z_lat_dist_std,myof_length_std,n_vectors,z_straightness_mean,n_mbands,z_intensity_std,sarcomere_length_std,z_lat_neighbors_mean,z_lat_neighbors_std,domain_area_mean,domain_oop_std
49.698265075683594,0.1129924815188172,0.0,0.9666774868965149,1.4047412957006535,1595.8519736842106,0.019870982271169835,13.68,0.08237753283316462,6.693892002105713,0.02371894852563354,0.9609893560409546,1.0,0.9586548729791268,1580.5169584099335,0.03443835958113494,1.3159834743268637,1.1585573558922981,2.25,0.10263518336236667,0.5234625866927483,11.370187759399414,1.351230997940425,0.028251475303192233,0.44694763437295587,29.0,484.22249999999997,706.5875191673249,0.827384558856111,0.7874717640518392,0.8172413793103448,0.34469188458476063,2.1919314861297607,93.0,0.8255396074513721,26.0,345.0397513854955,0.340294665898838,0.27586206896551724,0.44694763437295587,21.9375,0.0
