sarcomere_area,cell_mask_area_ratio,domain_area_std,domain_oop_mean,sarcomere_length_mean,z_mask_intensity,myof_straightness_std,z_mask_area,z_straightness_std,myof_length_mean,myof_bending_std,sarcomere_oop,n_domains,myof_straightness_mean,z_intensity_mean,myof_bending_mean,z_lat_dist_mean,z_lat_length_groups_mean,z_length_max,sarcomere_area_ratio,z_length_std,myof_length_max,domain_slen_mean,z_mask_area_ratio,z_lat_alignment_std,n_zbands,cell_mask_area,cell_mask_intensity,z_oop,z_lat_alignment_mean,z_length_mean,z_lat_dist_std,myof_length_std,n_vectors,z_straightness_mean,n_mbands,z_intensity_std,sarcomere_length_std,z_lat_neighbors_mean,z_lat_neighbors_std,domain_area_mean,domain_oop_std
111.17416381835938,0.16782171662073794,0.0,0.5193613171577454,1.4997342912607963,1203.6432584269662,0.02749554380023635,24.029999999999998,0.12219596985440538,11.213537216186523,0.02457123651594333,0.5193613171577454,1.0,0.9337635450187348,1197.8301802388207,0.02894176430405352,1.338924718941207,4.139224659770934,4.35,0.1856639216729658,0.9424850456237964,19.611108779907227,1.4997342912607963,0.04013076316086123,0.7174532939675888,42.0,598.7925,623.7402397324615,0.4094122656649361,0.799392421458401,1.139285714285714,0.47992090522197467,3.7165656089782715,216.0,0.8272178790067163,39.0,229.6417963418531,0.2734795714782402,1.0952380952380953,0.7174532939675888,94.455,0.0
