sarcomere_area,cell_mask_area_ratio,domain_area_std,domain_oop_mean,sarcomere_length_mean,z_mask_intensity,myof_straightness_std,z_mask_area,z_straightness_std,myof_length_mean,myof_bending_std,sarcomere_oop,n_domains,myof_straightness_mean,z_intensity_mean,myof_bending_mean,z_lat_dist_mean,z_lat_length_groups_mean,z_length_max,sarcomere_area_ratio,z_length_std,myof_length_max,domain_slen_mean,z_mask_area_ratio,z_lat_alignment_std,n_zbands,cell_mask_area,cell_mask_intensity,z_oop,z_lat_alignment_mean,z_length_mean,z_lat_dist_std,myof_length_std,n_vectors,z_straightness_mean,n_mbands,z_intensity_std,sarcomere_length_std,z_lat_neighbors_mean,z_lat_neighbors_std,domain_area_mean,domain_oop_std
155.83013916015625,0.20731175582760353,12.825000000000003,0.6562982797622681,1.4643831459234946,1018.9807242990654,0.04313628390010287,38.519999999999996,0.09076048369882955,8.332022666931152,0.02026519401299854,0.5991908311843872,2.0,0.9430363214354622,1033.4871652456004,0.028632048218862012,1.596316826069747,1.6336740573851087,1.95,0.1600708152327088,0.4472395871005788,15.383621215820312,1.4685434776047916,0.039568262185961586,0.6294392517362558,68.0,973.5074999999999,603.0766635079852,0.4063043049761743,0.7012235801367372,0.7786764705882351,0.7692675677594958,3.1363656520843506,261.0,0.8408248026684637,79.0,147.80278478882613,0.2520199549018136,0.5294117647058824,0.6294392517362558,57.375,0.05286911129951477
