cell_mask_area,cell_mask_area_ratio,cell_mask_intensity,domain_area_mean,domain_area_std,domain_oop_mean,domain_oop_std,domain_slen_mean,myof_bending_mean,myof_bending_std,myof_length_max,myof_length_mean,myof_length_std,myof_straightness_mean,myof_straightness_std,n_domains,n_mbands,n_vectors,n_zbands,sarcomere_area,sarcomere_area_ratio,sarcomere_length_mean,sarcomere_length_std,sarcomere_oop,z_intensity_mean,z_intensity_std,z_lat_alignment_mean,z_lat_alignment_std,z_lat_dist_mean,z_lat_dist_std,z_lat_length_groups_mean,z_lat_neighbors_mean,z_lat_neighbors_std,z_length_max,z_length_mean,z_length_std,z_mask_area,z_mask_area_ratio,z_mask_intensity,z_oop,z_straightness_mean,z_straightness_std
924.8175,0.1814045246312593,742.209327786293,,,,,,0.049070770660969244,0.036987075751542524,13.071348190307617,8.753911972045898,4.149531364440918,0.9419943999022214,0.03697550324163331,0.0,26.0,57.0,18.0,38.89319610595703,0.04205499582994162,1.293086021880048,0.2125580342984086,0.7667258977890015,1617.8758842787859,312.39726309874095,0.6401670792148951,0.4714045207910317,1.2328683842328099,0.4359306678351274,1.0765736768465621,0.3333333333333333,0.4714045207910317,1.65,0.6916666666666668,0.3909568035246634,8.8875,0.009610004135951146,1619.6455696202531,0.6200626792118136,0.8527690889399252,0.08015641003030413
