cell_mask_area,cell_mask_area_ratio,cell_mask_intensity,domain_area_mean,domain_area_std,domain_oop_mean,domain_oop_std,domain_slen_mean,myof_bending_mean,myof_bending_std,myof_length_max,myof_length_mean,myof_length_std,myof_straightness_mean,myof_straightness_std,n_domains,n_mbands,n_vectors,n_zbands,sarcomere_area,sarcomere_area_ratio,sarcomere_length_mean,sarcomere_length_std,sarcomere_oop,z_intensity_mean,z_intensity_std,z_lat_alignment_mean,z_lat_alignment_std,z_lat_dist_mean,z_lat_dist_std,z_lat_length_groups_mean,z_lat_neighbors_mean,z_lat_neighbors_std,z_length_max,z_length_mean,z_length_std,z_mask_area,z_mask_area_ratio,z_mask_intensity,z_oop,z_straightness_mean,z_straightness_std
973.5074999999999,0.20731175582760353,603.0766635079852,57.18375,12.656250000000004,0.6562981009483337,0.05286896228790283,1.4665098312669103,0.028304498925033457,0.01980768076752646,15.249141693115234,8.312088966369629,3.109081506729126,0.9430363214354622,0.04313628390010287,2.0,79.0,261.0,68.0,155.83004760742188,0.16007072118850846,1.467010372703445,0.2538932508923082,0.5991906523704529,1033.4871652456004,147.80278478882613,0.7012226364922213,0.6294392517362558,1.596316826069747,0.7692675677594958,1.6336740573851087,0.5294117647058824,0.6294392517362558,1.95,0.7786764705882351,0.4472395871005788,38.519999999999996,0.039568262185961586,1018.9807242990654,0.4063043049761743,0.8408248026684637,0.09076048369882955
