sarcomere_area,cell_mask_area_ratio,domain_area_std,domain_oop_mean,sarcomere_length_mean,z_mask_intensity,myof_straightness_std,z_mask_area,z_straightness_std,myof_length_mean,myof_bending_std,sarcomere_oop,n_domains,myof_straightness_mean,z_intensity_mean,myof_bending_mean,z_lat_dist_mean,z_lat_length_groups_mean,z_length_max,sarcomere_area_ratio,z_length_std,myof_length_max,domain_slen_mean,z_mask_area_ratio,z_lat_alignment_std,n_zbands,cell_mask_area,cell_mask_intensity,z_oop,z_lat_alignment_mean,z_length_mean,z_lat_dist_std,myof_length_std,n_vectors,z_straightness_mean,n_mbands,z_intensity_std,sarcomere_length_std,z_lat_neighbors_mean,z_lat_neighbors_std,domain_area_mean,domain_oop_std
231.1050262451172,0.1534157100409702,34.43688193637745,0.917991578578949,1.575911388168064,1258.074021687883,0.03148407833628232,47.7225,0.09623628789270472,11.724780082702637,0.040717087841592906,0.7910914421081543,3.0,0.9539005225943108,1264.755180353285,0.030138637303536712,1.6987971041645473,2.796015111257467,5.3999999999999995,0.21908908535862348,0.9192408271094424,23.535564422607422,1.524683162577663,0.045241243974233174,0.667159581090138,78.0,1054.845,666.9498954822747,0.7472518341493399,0.8083169986066817,1.0096153846153844,0.5333019590506929,4.2638020515441895,431.0,0.8370690050562254,88.0,274.79948876048655,0.2312321418033977,0.7948717948717948,0.667159581090138,64.3425,0.04486032947897911
