cell_mask_area,cell_mask_area_ratio,cell_mask_intensity,domain_area_mean,domain_area_std,domain_oop_mean,domain_oop_std,domain_slen_mean,myof_bending_mean,myof_bending_std,myof_length_max,myof_length_mean,myof_length_std,myof_straightness_mean,myof_straightness_std,n_domains,n_mbands,n_vectors,n_zbands,sarcomere_area,sarcomere_area_ratio,sarcomere_length_mean,sarcomere_length_std,sarcomere_oop,z_intensity_mean,z_intensity_std,z_lat_alignment_mean,z_lat_alignment_std,z_lat_dist_mean,z_lat_dist_std,z_lat_length_groups_mean,z_lat_neighbors_mean,z_lat_neighbors_std,z_length_max,z_length_mean,z_length_std,z_mask_area,z_mask_area_ratio,z_mask_intensity,z_oop,z_straightness_mean,z_straightness_std
1092.1499999999999,0.1161455192810176,680.3704161516275,36.427499999999995,13.272571811823058,0.9533255100250244,0.027941619977355003,1.4471197235666693,0.015146783808829146,0.010844637425594524,19.622888565063477,11.317583084106445,3.9589102268218994,0.960139434345391,0.021930931859494015,3.0,79.0,363.0,64.0,187.76605224609375,0.17192331845084813,1.4823210512631202,0.2779808856154517,0.7415345907211304,1719.2374722072802,580.9614266717881,0.822160164533364,0.4496092053105675,1.4819455204015244,0.6215605156071786,1.6661365397020675,0.28125,0.4496092053105675,3.4499999999999997,1.2234374999999997,0.7416182027119818,42.817499999999995,0.039204779563246805,1799.6037834997373,0.7019087927450497,0.8242935799440927,0.08323580442027997
