cell_mask_area,cell_mask_area_ratio,cell_mask_intensity,domain_area_mean,domain_area_std,domain_oop_mean,domain_oop_std,domain_slen_mean,myof_bending_mean,myof_bending_std,myof_length_max,myof_length_mean,myof_length_std,myof_straightness_mean,myof_straightness_std,n_domains,n_mbands,n_vectors,n_zbands,sarcomere_area,sarcomere_area_ratio,sarcomere_length_mean,sarcomere_length_std,sarcomere_oop,z_intensity_mean,z_intensity_std,z_lat_alignment_mean,z_lat_alignment_std,z_lat_dist_mean,z_lat_dist_std,z_lat_length_groups_mean,z_lat_neighbors_mean,z_lat_neighbors_std,z_length_max,z_length_mean,z_length_std,z_mask_area,z_mask_area_ratio,z_mask_intensity,z_oop,z_straightness_mean,z_straightness_std
1121.22,0.14742497396572946,710.9901067587093,107.65124999999999,40.39874999999999,0.9264129400253296,0.02414068579673767,1.3296086757881462,0.023286585185594382,0.013342005910609842,47.933807373046875,22.656784057617188,12.567146301269531,0.9560262701782756,0.030317983655960445,2.0,89.0,683.0,80.0,255.91012573242188,0.22824256232712747,1.320486049553018,0.23140420664682704,0.9023038744926453,1541.7459604577969,435.28662361928326,0.858552868061081,0.5994789404140899,1.6771790103920239,0.6866059349856913,4.2278058969715735,0.875,0.5994789404140899,5.3999999999999995,1.6443750000000001,1.0944460285345277,52.5375,0.046857441001765934,1563.3019271948608,0.8134376832146053,0.7882410514182991,0.0906222941040061
