cell_mask_area,cell_mask_area_ratio,cell_mask_intensity,domain_area_mean,domain_area_std,domain_oop_mean,domain_oop_std,domain_slen_mean,myof_bending_mean,myof_bending_std,myof_length_max,myof_length_mean,myof_length_std,myof_straightness_mean,myof_straightness_std,n_domains,n_mbands,n_vectors,n_zbands,sarcomere_area,sarcomere_area_ratio,sarcomere_length_mean,sarcomere_length_std,sarcomere_oop,z_intensity_mean,z_intensity_std,z_lat_alignment_mean,z_lat_alignment_std,z_lat_dist_mean,z_lat_dist_std,z_lat_length_groups_mean,z_lat_neighbors_mean,z_lat_neighbors_std,z_length_max,z_length_mean,z_length_std,z_mask_area,z_mask_area_ratio,z_mask_intensity,z_oop,z_straightness_mean,z_straightness_std
850.2975,0.2095309381237525,637.3220078854754,68.49,0.0,0.8865568041801453,0.0,1.5609222517846324,0.02907981037830992,0.02417979163143097,15.990713119506836,8.155391693115234,3.8430447578430176,0.9663077679958914,0.015889182862674132,1.0,40.0,180.0,36.0,87.87738800048828,0.10334899020694319,1.543303061210059,0.38187025726908097,0.8644474744796753,1480.916224806681,265.73546315953024,0.798944918760596,0.6712803318663652,2.021465562566932,0.7839450468615821,3.1000235398153198,0.7777777777777778,0.6712803318663652,3.3,1.1083333333333334,0.7947309118325663,21.689999999999998,0.025508719007171016,1480.7116182572613,0.7280555508413469,0.8100395707617981,0.10184986073090381
