cell_mask_area,cell_mask_area_ratio,cell_mask_intensity,domain_area_mean,domain_area_std,domain_oop_mean,domain_oop_std,domain_slen_mean,myof_bending_mean,myof_bending_std,myof_length_max,myof_length_mean,myof_length_std,myof_straightness_mean,myof_straightness_std,n_domains,n_mbands,n_vectors,n_zbands,sarcomere_area,sarcomere_area_ratio,sarcomere_length_mean,sarcomere_length_std,sarcomere_oop,z_intensity_mean,z_intensity_std,z_lat_alignment_mean,z_lat_alignment_std,z_lat_dist_mean,z_lat_dist_std,z_lat_length_groups_mean,z_lat_neighbors_mean,z_lat_neighbors_std,z_length_max,z_length_mean,z_length_std,z_mask_area,z_mask_area_ratio,z_mask_intensity,z_oop,z_straightness_mean,z_straightness_std
2666.79,0.2518936012853536,572.8590243326246,37.6425,6.354965578191591,0.7311628460884094,0.1800219714641571,1.5565441634661905,0.022976204886915184,0.016490622418044512,20.153799057006836,10.655263900756836,4.4024529457092285,0.9454773136062529,0.02742614516896167,5.0,133.0,451.0,132.0,260.52325439453125,0.09769170215672447,1.4941668432884176,0.2406252521470698,0.2244882881641388,1076.191124525047,209.85420281355962,0.7233712173206964,0.5241526460172699,1.6583237999347396,0.7168670342418944,1.2667274076911217,0.3560606060606061,0.5241526460172699,2.4,0.7261363636363636,0.46263679013538994,64.3275,0.02412169687151969,1060.1308149702693,0.26694462174775435,0.8756133439431932,0.08089994895966073
