cell_mask_area,cell_mask_area_ratio,cell_mask_intensity,domain_area_mean,domain_area_std,domain_oop_mean,domain_oop_std,domain_slen_mean,myof_bending_mean,myof_bending_std,myof_length_max,myof_length_mean,myof_length_std,myof_straightness_mean,myof_straightness_std,n_domains,n_mbands,n_vectors,n_zbands,sarcomere_area,sarcomere_area_ratio,sarcomere_length_mean,sarcomere_length_std,sarcomere_oop,z_intensity_mean,z_intensity_std,z_lat_alignment_mean,z_lat_alignment_std,z_lat_dist_mean,z_lat_dist_std,z_lat_length_groups_mean,z_lat_neighbors_mean,z_lat_neighbors_std,z_length_max,z_length_mean,z_length_std,z_mask_area,z_mask_area_ratio,z_mask_intensity,z_oop,z_straightness_mean,z_straightness_std
598.5,0.16773973855302407,623.7852631578947,95.80499999999999,0.0,0.5245646834373474,0.0,1.506147068073204,0.043930269327384405,0.05187241025717404,21.312171936035156,9.381659507751465,4.299771308898926,0.9487802004404771,0.02676732038417698,1.0,39.0,219.0,42.0,111.19438934326172,0.18578845337220004,1.506147068073204,0.2689589612726559,0.5245646834373474,1197.8301802388207,229.6417963418531,0.7973799876335004,0.7174532939675888,1.338924718941207,0.47992090522197467,4.139224659770934,1.0952380952380953,0.7174532939675888,4.35,1.139285714285714,0.9424850456237964,24.029999999999998,0.04015037593984962,1203.6432584269662,0.4094122656649361,0.8272178790067163,0.12219596985440538
