cell_mask_area,cell_mask_area_ratio,cell_mask_intensity,domain_area_mean,domain_area_std,domain_oop_mean,domain_oop_std,domain_slen_mean,myof_bending_mean,myof_bending_std,myof_length_max,myof_length_mean,myof_length_std,myof_straightness_mean,myof_straightness_std,n_domains,n_mbands,n_vectors,n_zbands,sarcomere_area,sarcomere_area_ratio,sarcomere_length_mean,sarcomere_length_std,sarcomere_oop,z_intensity_mean,z_intensity_std,z_lat_alignment_mean,z_lat_alignment_std,z_lat_dist_mean,z_lat_dist_std,z_lat_length_groups_mean,z_lat_neighbors_mean,z_lat_neighbors_std,z_length_max,z_length_mean,z_length_std,z_mask_area,z_mask_area_ratio,z_mask_intensity,z_oop,z_straightness_mean,z_straightness_std
439.2675,0.09441526661443674,654.1572504225785,115.1325,0.0,0.8612602949142456,0.0,1.4375196980344227,0.017772843430892596,0.016464848897009582,31.343080520629883,16.200551986694336,9.585286140441895,0.9478042888304299,0.019837098630332135,1.0,40.0,327.0,38.0,134.29444885253906,0.30572361682241245,1.4375196980344227,0.1838835903297021,0.8612602353096008,1180.272316376459,280.8867153446629,0.8686339315231704,0.44659375653887207,1.3859465673860403,0.5242970593742617,3.8290996021696513,0.8947368421052632,0.44659375653887207,3.9,1.4960526315789473,0.9790826519427152,25.5825,0.058239000153664906,1209.6710642040457,0.8858438084988195,0.8085309494621945,0.1207584432460014
