cell_mask_area,cell_mask_area_ratio,cell_mask_intensity,domain_area_mean,domain_area_std,domain_oop_mean,domain_oop_std,domain_slen_mean,myof_bending_mean,myof_bending_std,myof_length_max,myof_length_mean,myof_length_std,myof_straightness_mean,myof_straightness_std,n_domains,n_mbands,n_vectors,n_zbands,sarcomere_area,sarcomere_area_ratio,sarcomere_length_mean,sarcomere_length_std,sarcomere_oop,z_intensity_mean,z_intensity_std,z_lat_alignment_mean,z_lat_alignment_std,z_lat_dist_mean,z_lat_dist_std,z_lat_length_groups_mean,z_lat_neighbors_mean,z_lat_neighbors_std,z_length_max,z_length_mean,z_length_std,z_mask_area,z_mask_area_ratio,z_mask_intensity,z_oop,z_straightness_mean,z_straightness_std
2018.745,0.19646536641550666,642.942321838568,139.775625,76.8693975473782,0.7516635656356812,0.10985448211431503,1.4962976994704522,0.017774859628639207,0.024250268009897005,35.14842987060547,14.476768493652344,6.776012897491455,0.9599335407839682,0.020898613386059143,4.0,227.0,1401.0,216.0,621.063232421875,0.3076481836100523,1.5214146399240227,0.22731150628897065,0.6967036128044128,1394.185780146148,466.0252629912655,0.7823087583910708,0.6781419786518724,1.9894968260390997,0.6855586149079216,4.132707686456036,0.9444444444444444,0.6781419786518724,6.8999999999999995,1.2416666666666667,1.0195655392807705,118.5975,0.05874813312231114,1422.1819389110226,0.6253497146135683,0.8306443147979485,0.11483144755491481
