cell_mask_area,cell_mask_area_ratio,cell_mask_intensity,domain_area_mean,domain_area_std,domain_oop_mean,domain_oop_std,domain_slen_mean,myof_bending_mean,myof_bending_std,myof_length_max,myof_length_mean,myof_length_std,myof_straightness_mean,myof_straightness_std,n_domains,n_mbands,n_vectors,n_zbands,sarcomere_area,sarcomere_area_ratio,sarcomere_length_mean,sarcomere_length_std,sarcomere_oop,z_intensity_mean,z_intensity_std,z_lat_alignment_mean,z_lat_alignment_std,z_lat_dist_mean,z_lat_dist_std,z_lat_length_groups_mean,z_lat_neighbors_mean,z_lat_neighbors_std,z_length_max,z_length_mean,z_length_std,z_mask_area,z_mask_area_ratio,z_mask_intensity,z_oop,z_straightness_mean,z_straightness_std
850.2975,0.2095309381237525,637.3220078854754,68.58,0.0,0.8865078091621399,0.0,1.573134442161163,0.029405118399980678,0.02347484532593741,15.990713119506836,8.541760444641113,3.396886110305786,0.9635676533658788,0.018178838117758434,1.0,40.0,180.0,36.0,87.87736511230469,0.10334896328908963,1.5555208061083994,0.37993697060395953,0.8643833994865417,1480.916224806681,265.73546315953024,0.7989421699897452,0.6712803318663652,2.021465562566932,0.7839450468615821,3.1000235398153198,0.7777777777777778,0.6712803318663652,3.3,1.1083333333333334,0.7947309118325663,21.689999999999998,0.025508719007171016,1480.7116182572613,0.7280555508413469,0.8100395707617981,0.10184986073090381
