cell_mask_area,cell_mask_area_ratio,cell_mask_intensity,domain_area_mean,domain_area_std,domain_oop_mean,domain_oop_std,domain_slen_mean,myof_bending_mean,myof_bending_std,myof_length_max,myof_length_mean,myof_length_std,myof_straightness_mean,myof_straightness_std,n_domains,n_mbands,n_vectors,n_zbands,sarcomere_area,sarcomere_area_ratio,sarcomere_length_mean,sarcomere_length_std,sarcomere_oop,z_intensity_mean,z_intensity_std,z_lat_alignment_mean,z_lat_alignment_std,z_lat_dist_mean,z_lat_dist_std,z_lat_length_groups_mean,z_lat_neighbors_mean,z_lat_neighbors_std,z_length_max,z_length_mean,z_length_std,z_mask_area,z_mask_area_ratio,z_mask_intensity,z_oop,z_straightness_mean,z_straightness_std
567.5625,0.1126397670846283,739.1172249752229,45.74249999999999,7.559999999999999,0.6470575332641602,0.265995055437088,1.4923832823401653,0.02563781794751781,0.01846266006339919,25.19910430908203,11.916086196899414,5.877405643463135,0.9409679799130723,0.043357752152777346,2.0,38.0,253.0,34.0,105.33099365234375,0.18558483629969166,1.4931370154369086,0.21656587826046597,0.4729618728160858,1529.389544791212,406.84427881903764,0.8115200188568055,0.548669356064048,1.3660206925906637,0.6410830425257881,2.5941752885794434,0.5882352941176471,0.548669356064048,5.55,1.429411764705882,1.0951844893642095,22.994999999999997,0.04051536174430129,1580.4510763209394,0.33448559143053946,0.7904881008474463,0.1348213858848456
