cell_mask_area,cell_mask_area_ratio,cell_mask_intensity,domain_area_mean,domain_area_std,domain_oop_mean,domain_oop_std,domain_slen_mean,myof_bending_mean,myof_bending_std,myof_length_max,myof_length_mean,myof_length_std,myof_straightness_mean,myof_straightness_std,n_domains,n_mbands,n_vectors,n_zbands,sarcomere_area,sarcomere_area_ratio,sarcomere_length_mean,sarcomere_length_std,sarcomere_oop,z_intensity_mean,z_intensity_std,z_lat_alignment_mean,z_lat_alignment_std,z_lat_dist_mean,z_lat_dist_std,z_lat_length_groups_mean,z_lat_neighbors_mean,z_lat_neighbors_std,z_length_max,z_length_mean,z_length_std,z_mask_area,z_mask_area_ratio,z_mask_intensity,z_oop,z_straightness_mean,z_straightness_std
1641.6899999999998,0.27515518112635473,671.8420042760814,49.10999999999999,12.414758857907794,0.7412548065185547,0.05013309046626091,1.4074116411171722,0.030506867209476582,0.026417682340116256,12.52437686920166,8.40385627746582,1.9647042751312256,0.9441526701308818,0.04186855166054866,3.0,92.0,465.0,86.0,223.25784301757812,0.13599269229731445,1.4463843088889556,0.2631552003096038,0.12499366700649261,1273.2590398672533,273.1129263778949,0.8012181402593479,0.5846420972082109,1.5946505612961246,0.7088473653459914,2.0309547155442806,0.46511627906976744,0.5846420972082109,4.8,1.1877906976744186,0.925005846823496,52.0875,0.03172797543994299,1347.8626349892008,0.07837876030696407,0.8116587648117781,0.11570681955641932
