sarcomere_area,cell_mask_area_ratio,domain_area_std,domain_oop_mean,sarcomere_length_mean,z_mask_intensity,myof_straightness_std,z_mask_area,z_straightness_std,myof_length_mean,myof_bending_std,sarcomere_oop,n_domains,myof_straightness_mean,z_intensity_mean,myof_bending_mean,z_lat_dist_mean,z_lat_length_groups_mean,z_length_max,sarcomere_area_ratio,z_length_std,myof_length_max,domain_slen_mean,z_mask_area_ratio,z_lat_alignment_std,n_zbands,cell_mask_area,cell_mask_intensity,z_oop,z_lat_alignment_mean,z_length_mean,z_lat_dist_std,myof_length_std,n_vectors,z_straightness_mean,n_mbands,z_intensity_std,sarcomere_length_std,z_lat_neighbors_mean,z_lat_neighbors_std,domain_area_mean,domain_oop_std
78.07210540771484,0.11947183377831823,0.0,0.7322493195533752,1.3664918442307759,1740.134818288394,0.026906814867200604,19.1925,0.14070686784481845,12.435009956359863,0.01127377150853428,0.7322493195533752,1.0,0.9516563130837588,1744.674721030533,0.02540476980876057,1.397803062483818,2.8932239236021213,3.3,0.19193889542283402,0.8578791480465423,20.93764305114746,1.3664918442307759,0.047184423055647746,0.5890150893739514,28.0,406.755,773.2924549175793,0.5499047326665212,0.800538609466941,1.3607142857142855,0.8598817351885432,5.534748554229736,224.0,0.7925100349634031,25.0,237.91164080671655,0.2713147278840232,0.7142857142857143,0.5890150893739514,72.74249999999999,0.0
