cell_mask_area,cell_mask_area_ratio,cell_mask_intensity,domain_area_mean,domain_area_std,domain_oop_mean,domain_oop_std,domain_slen_mean,myof_bending_mean,myof_bending_std,myof_length_max,myof_length_mean,myof_length_std,myof_straightness_mean,myof_straightness_std,n_domains,n_mbands,n_vectors,n_zbands,sarcomere_area,sarcomere_area_ratio,sarcomere_length_mean,sarcomere_length_std,sarcomere_oop,z_intensity_mean,z_intensity_std,z_lat_alignment_mean,z_lat_alignment_std,z_lat_dist_mean,z_lat_dist_std,z_lat_length_groups_mean,z_lat_neighbors_mean,z_lat_neighbors_std,z_length_max,z_length_mean,z_length_std,z_mask_area,z_mask_area_ratio,z_mask_intensity,z_oop,z_straightness_mean,z_straightness_std
1030.9275,0.25461789810616164,693.6195028263384,27.978749999999998,3.3187499999999996,0.8176330327987671,0.16032081842422485,1.687262121253404,0.022330998516197943,0.031866077194575675,11.604601860046387,10.412795066833496,0.8943912386894226,0.9597750167513389,0.017015504880601655,2.0,40.0,148.0,38.0,106.63616180419922,0.10343711056713417,1.6453232862582812,0.27913336738746264,0.6634244322776794,1471.1811684472784,367.15793139897164,0.6737177376303429,0.5907880084379907,1.7205715059671025,0.5445261176969362,1.6588190682578938,0.42105263157894735,0.5907880084379907,2.4,0.9473684210526314,0.6840232537234016,25.447499999999998,0.02468408302232698,1507.6268788682582,0.3501986692409554,0.8412262111036928,0.1072589839391328
