sarcomere_area,cell_mask_area_ratio,domain_area_std,domain_oop_mean,sarcomere_length_mean,z_mask_intensity,myof_straightness_std,z_mask_area,z_straightness_std,myof_length_mean,myof_bending_std,sarcomere_oop,n_domains,myof_straightness_mean,z_intensity_mean,myof_bending_mean,z_lat_dist_mean,z_lat_length_groups_mean,z_length_max,sarcomere_area_ratio,z_length_std,myof_length_max,domain_slen_mean,z_mask_area_ratio,z_lat_alignment_std,n_zbands,cell_mask_area,cell_mask_intensity,z_oop,z_lat_alignment_mean,z_length_mean,z_lat_dist_std,myof_length_std,n_vectors,z_straightness_mean,n_mbands,z_intensity_std,sarcomere_length_std,z_lat_neighbors_mean,z_lat_neighbors_std,domain_area_mean,domain_oop_std
343.9953308105469,0.20444106720702462,0.0,0.8903748989105225,1.6225074188670594,1748.5783664459161,0.022441854705731068,71.3475,0.09466885290746693,28.026058197021484,0.008454673564156754,0.8580085635185242,1.0,0.9613225503411312,1667.496555004538,0.014106809887850064,1.5183452845030008,4.559759702361321,5.85,0.3156992105673916,1.0885491273083916,50.055301666259766,1.625870884556737,0.06547864871561906,0.6748795027954474,103.0,1089.6299999999999,703.9922152473775,0.7893200698717916,0.8849970330426867,1.6092233009708738,0.5774318981728523,12.863509178161621,922.0,0.8186723853813063,92.0,357.61764609181597,0.20828175147139585,0.970873786407767,0.6748795027954474,326.295,0.0
