sarcomere_area,cell_mask_area_ratio,domain_area_std,domain_oop_mean,sarcomere_length_mean,z_mask_intensity,myof_straightness_std,z_mask_area,z_straightness_std,myof_length_mean,myof_bending_std,sarcomere_oop,n_domains,myof_straightness_mean,z_intensity_mean,myof_bending_mean,z_lat_dist_mean,z_lat_length_groups_mean,z_length_max,sarcomere_area_ratio,z_length_std,myof_length_max,domain_slen_mean,z_mask_area_ratio,z_lat_alignment_std,n_zbands,cell_mask_area,cell_mask_intensity,z_oop,z_lat_alignment_mean,z_length_mean,z_lat_dist_std,myof_length_std,n_vectors,z_straightness_mean,n_mbands,z_intensity_std,sarcomere_length_std,z_lat_neighbors_mean,z_lat_neighbors_std,domain_area_mean,domain_oop_std
372.55731201171875,0.12571004832909594,13.5,0.926042377948761,1.5557644087837428,1733.24115252114,0.01935843655674238,71.8425,0.10954172132913713,22.185701370239258,0.011202199130050793,0.9292958974838257,2.0,0.965267024412035,1686.0274762996191,0.014570375494626026,1.599684033413753,5.245253781260819,6.8999999999999995,0.37711760667038036,1.2883320112850472,56.81838607788086,1.5528689216593232,0.07272188944815178,0.5600084530215783,104.0,987.9074999999999,848.370669824857,0.8383433627562393,0.8468857146806554,1.4278846153846154,0.5470711611025317,17.34998321533203,766.0,0.8148722486931497,111.0,333.87757448610427,0.1592181029650692,1.1153846153846154,0.5600084530215783,156.285,0.03175771236419678
