cell_mask_area,cell_mask_area_ratio,cell_mask_intensity,domain_area_mean,domain_area_std,domain_oop_mean,domain_oop_std,domain_slen_mean,myof_bending_mean,myof_bending_std,myof_length_max,myof_length_mean,myof_length_std,myof_straightness_mean,myof_straightness_std,n_domains,n_mbands,n_vectors,n_zbands,sarcomere_area,sarcomere_area_ratio,sarcomere_length_mean,sarcomere_length_std,sarcomere_oop,z_intensity_mean,z_intensity_std,z_lat_alignment_mean,z_lat_alignment_std,z_lat_dist_mean,z_lat_dist_std,z_lat_length_groups_mean,z_lat_neighbors_mean,z_lat_neighbors_std,z_length_max,z_length_mean,z_length_std,z_mask_area,z_mask_area_ratio,z_mask_intensity,z_oop,z_straightness_mean,z_straightness_std
987.75,0.1256900066423876,848.4219362186789,154.58625,13.758750000000006,0.9269958734512329,0.031211495399475098,1.553975096391337,0.014553469255268603,0.010983088238983228,56.15602111816406,26.289039611816406,16.565107345581055,0.965819641955284,0.022852695265293283,2.0,111.0,757.0,104.0,372.4346618652344,0.37705356807414264,1.5563035856698835,0.15248035833567417,0.930224597454071,1685.9854868655061,333.83796173768286,0.8464091918824465,0.5600084530215783,1.599684033413753,0.5470711611025317,5.245253781260819,1.1153846153846154,0.5600084530215783,6.8999999999999995,1.4278846153846154,1.2883320112850472,71.865,0.07275626423690204,1733.224483406387,0.8383420371206627,0.8149544314676402,0.10940155535460275
