cell_mask_area,cell_mask_area_ratio,cell_mask_intensity,domain_area_mean,domain_area_std,domain_oop_mean,domain_oop_std,domain_slen_mean,myof_bending_mean,myof_bending_std,myof_length_max,myof_length_mean,myof_length_std,myof_straightness_mean,myof_straightness_std,n_domains,n_mbands,n_vectors,n_zbands,sarcomere_area,sarcomere_area_ratio,sarcomere_length_mean,sarcomere_length_std,sarcomere_oop,z_intensity_mean,z_intensity_std,z_lat_alignment_mean,z_lat_alignment_std,z_lat_dist_mean,z_lat_dist_std,z_lat_length_groups_mean,z_lat_neighbors_mean,z_lat_neighbors_std,z_length_max,z_length_mean,z_length_std,z_mask_area,z_mask_area_ratio,z_mask_intensity,z_oop,z_straightness_mean,z_straightness_std
1648.08,0.25465961596629016,679.0420762341633,198.02999999999997,51.80704138917799,0.6203818917274475,0.2819628119468689,1.5026340107749727,0.029528366468270503,0.019321369962173273,38.32232666015625,18.870405197143555,8.360628128051758,0.9062528670971794,0.07292931612635921,3.0,148.0,1698.0,159.0,657.526611328125,0.39896522700847353,1.5012994196504617,0.18714316157203045,0.2628017067909241,1287.6021870337017,271.64716586376164,0.8374766895418204,0.6621419968931751,1.5044682982982762,0.5332364361728271,6.978000308308277,1.1823899371069182,0.6621419968931751,9.15,1.9632075471698112,1.478753648567126,125.61749999999999,0.07622051114023591,1282.1866380082392,0.33879914326665483,0.7475954985078427,0.14156933651635925
