cell_mask_area,cell_mask_area_ratio,cell_mask_intensity,domain_area_mean,domain_area_std,domain_oop_mean,domain_oop_std,domain_slen_mean,myof_bending_mean,myof_bending_std,myof_length_max,myof_length_mean,myof_length_std,myof_straightness_mean,myof_straightness_std,n_domains,n_mbands,n_vectors,n_zbands,sarcomere_area,sarcomere_area_ratio,sarcomere_length_mean,sarcomere_length_std,sarcomere_oop,z_intensity_mean,z_intensity_std,z_lat_alignment_mean,z_lat_alignment_std,z_lat_dist_mean,z_lat_dist_std,z_lat_length_groups_mean,z_lat_neighbors_mean,z_lat_neighbors_std,z_length_max,z_length_mean,z_length_std,z_mask_area,z_mask_area_ratio,z_mask_intensity,z_oop,z_straightness_mean,z_straightness_std
1201.59,0.22896194543053625,612.063366039997,29.339999999999996,3.3524999999999974,0.8529715538024902,0.049761831760406494,1.5980384414761235,0.018374425855554183,0.015219245050868566,16.684083938598633,9.523219108581543,3.3398280143737793,0.9713537344493872,0.014533056706423266,2.0,56.0,130.0,47.0,105.39083862304688,0.08770948378652192,1.5522018949536687,0.28448318341278866,0.40747761726379395,1139.1799093391737,264.47630593600786,0.7298923500316068,0.5564551842817881,2.059253618282674,0.5693522947962211,1.1916417678528566,0.3404255319148936,0.5564551842817881,2.4,0.6382978723404253,0.4413727095311596,27.18,0.02262002846228747,1138.9693708609273,0.13090708427831194,0.8917934307972547,0.08187379338022667
