sarcomere_area,cell_mask_area_ratio,domain_area_std,domain_oop_mean,sarcomere_length_mean,z_mask_intensity,myof_straightness_std,z_mask_area,z_straightness_std,myof_length_mean,myof_bending_std,sarcomere_oop,n_domains,myof_straightness_mean,z_intensity_mean,myof_bending_mean,z_lat_dist_mean,z_lat_length_groups_mean,z_length_max,sarcomere_area_ratio,z_length_std,myof_length_max,domain_slen_mean,z_mask_area_ratio,z_lat_alignment_std,n_zbands,cell_mask_area,cell_mask_intensity,z_oop,z_lat_alignment_mean,z_length_mean,z_lat_dist_std,myof_length_std,n_vectors,z_straightness_mean,n_mbands,z_intensity_std,sarcomere_length_std,z_lat_neighbors_mean,z_lat_neighbors_std,domain_area_mean,domain_oop_std
78.78814697265625,0.20623027843033684,0.0,0.6257008910179138,1.4232029030403708,1379.849686847599,0.03617727821306337,21.555,0.11003395707262009,10.10741138458252,0.023571610563369656,0.6175195574760437,1.0,0.9511309649008708,1375.5629418355963,0.023712024862110652,1.7269188329223468,1.8430756498767038,3.15,0.11801346120945486,0.7687498496656416,17.718568801879883,1.4239269578372853,0.03228633054731733,0.5925241029892996,39.0,667.62,681.072762200054,0.609363808053487,0.7747994551242513,1.019230769230769,0.7143187975253924,3.9317643642425537,195.0,0.8399093399611838,36.0,246.97859350646374,0.2603544670025972,0.46153846153846156,0.5925241029892996,78.975,0.0
