cell_mask_area,cell_mask_area_ratio,cell_mask_intensity,domain_area_mean,domain_area_std,domain_oop_mean,domain_oop_std,domain_slen_mean,myof_bending_mean,myof_bending_std,myof_length_max,myof_length_mean,myof_length_std,myof_straightness_mean,myof_straightness_std,n_domains,n_mbands,n_vectors,n_zbands,sarcomere_area,sarcomere_area_ratio,sarcomere_length_mean,sarcomere_length_std,sarcomere_oop,z_intensity_mean,z_intensity_std,z_lat_alignment_mean,z_lat_alignment_std,z_lat_dist_mean,z_lat_dist_std,z_lat_length_groups_mean,z_lat_neighbors_mean,z_lat_neighbors_std,z_length_max,z_length_mean,z_length_std,z_mask_area,z_mask_area_ratio,z_mask_intensity,z_oop,z_straightness_mean,z_straightness_std
1140.6825,0.17338709677419353,658.6848925971951,38.519999999999996,6.84,0.8935849666595459,0.010541558265686035,1.4415410946660723,0.056973991500035105,0.046433484498694666,8.010489463806152,7.10269832611084,0.7418802380561829,0.9507871796667483,0.035150078107599514,2.0,64.0,164.0,50.0,117.89559936523438,0.10335531523034182,1.4395894027226679,0.294527329775047,0.7922016978263855,1305.4879633144315,265.5305030044922,0.8510341560795702,0.5291502622129182,2.0027786895237862,0.6611561999931507,1.4756946723809468,0.4,0.5291502622129182,2.25,0.78,0.48,30.015,0.026313194074600078,1309.3815592203898,0.4782373319028214,0.8409860507286908,0.09921079628445975
