sarcomere_area,cell_mask_area_ratio,domain_area_std,domain_oop_mean,sarcomere_length_mean,z_mask_intensity,myof_straightness_std,z_mask_area,z_straightness_std,myof_length_mean,myof_bending_std,sarcomere_oop,n_domains,myof_straightness_mean,z_intensity_mean,myof_bending_mean,z_lat_dist_mean,z_lat_length_groups_mean,z_length_max,sarcomere_area_ratio,z_length_std,myof_length_max,domain_slen_mean,z_mask_area_ratio,z_lat_alignment_std,n_zbands,cell_mask_area,cell_mask_intensity,z_oop,z_lat_alignment_mean,z_length_mean,z_lat_dist_std,myof_length_std,n_vectors,z_straightness_mean,n_mbands,z_intensity_std,sarcomere_length_std,z_lat_neighbors_mean,z_lat_neighbors_std,domain_area_mean,domain_oop_std
657.526611328125,0.25465961596629016,51.80704138917799,0.6203818917274475,1.5012994196504617,1282.1866380082392,0.07292931612635921,125.61749999999999,0.14156933651635925,18.870405197143555,0.019321369962173273,0.2628017067909241,3.0,0.9062528670971794,1287.6021870337017,0.029528366468270503,1.5044682982982762,6.978000308308277,9.15,0.39896522700847353,1.478753648567126,38.32232666015625,1.5026340107749727,0.07622051114023591,0.6621419968931751,159.0,1648.08,679.0420762341633,0.33879914326665483,0.8374766895418204,1.9632075471698112,0.5332364361728271,8.360628128051758,1698.0,0.7475954985078427,148.0,271.64716586376164,0.18714316157203045,1.1823899371069182,0.6621419968931751,198.02999999999997,0.2819628119468689
