sarcomere_area,cell_mask_area_ratio,domain_area_std,domain_oop_mean,sarcomere_length_mean,z_mask_intensity,myof_straightness_std,z_mask_area,z_straightness_std,myof_length_mean,myof_bending_std,sarcomere_oop,n_domains,myof_straightness_mean,z_intensity_mean,myof_bending_mean,z_lat_dist_mean,z_lat_length_groups_mean,z_length_max,sarcomere_area_ratio,z_length_std,myof_length_max,domain_slen_mean,z_mask_area_ratio,z_lat_alignment_std,n_zbands,cell_mask_area,cell_mask_intensity,z_oop,z_lat_alignment_mean,z_length_mean,z_lat_dist_std,myof_length_std,n_vectors,z_straightness_mean,n_mbands,z_intensity_std,sarcomere_length_std,z_lat_neighbors_mean,z_lat_neighbors_std,domain_area_mean,domain_oop_std
110.94447326660156,0.11190602133474391,6.4687499999999964,0.9119873642921448,1.419354023268726,1494.2354771784233,0.03642957381531606,21.689999999999998,0.0818806236443181,13.11534309387207,0.04108148302369661,0.8465939164161682,2.0,0.9487255780216028,1538.9009839995422,0.03541899869412232,1.7242502777363817,1.97386616070098,2.55,0.19422797016250937,0.6204424774197086,30.62954330444336,1.442695814580245,0.03797219049119628,0.5512453528208416,37.0,571.2075,642.4833182337417,0.758668972391776,0.7618278665778653,1.0743243243243243,0.8074410069633632,7.207071304321289,232.0,0.831175626149017,42.0,336.4185870669633,0.27834211894709604,0.4864864864864865,0.5512453528208416,46.833749999999995,0.016025662422180176
