sarcomere_area,cell_mask_area_ratio,domain_area_std,domain_oop_mean,sarcomere_length_mean,z_mask_intensity,myof_straightness_std,z_mask_area,z_straightness_std,myof_length_mean,myof_bending_std,sarcomere_oop,n_domains,myof_straightness_mean,z_intensity_mean,myof_bending_mean,z_lat_dist_mean,z_lat_length_groups_mean,z_length_max,sarcomere_area_ratio,z_length_std,myof_length_max,domain_slen_mean,z_mask_area_ratio,z_lat_alignment_std,n_zbands,cell_mask_area,cell_mask_intensity,z_oop,z_lat_alignment_mean,z_length_mean,z_lat_dist_std,myof_length_std,n_vectors,z_straightness_mean,n_mbands,z_intensity_std,sarcomere_length_std,z_lat_neighbors_mean,z_lat_neighbors_std,domain_area_mean,domain_oop_std
117.76299285888672,0.1732844947878191,5.861249999999998,0.8922077417373657,1.4373942935633708,1309.636431784108,0.02633638012132424,30.015,0.09969264540020246,7.0966081619262695,0.03520018881688636,0.7982421517372131,2.0,0.9530139561728956,1305.4894257650244,0.0547719512991831,2.0027786895237862,1.4756946723809468,2.25,0.10330019132232615,0.48,8.05899429321289,1.4409636167700826,0.026328774152801628,0.5291502622129182,50.0,1140.0075,658.7704028262972,0.47748806703072744,0.8478743045898526,0.78,0.6611561999931507,0.6935296058654785,165.0,0.8400230877657278,64.0,265.5304967590779,0.31580117745707464,0.4,0.5291502622129182,39.97125,0.011878728866577148
