sarcomere_area,cell_mask_area_ratio,domain_area_std,domain_oop_mean,sarcomere_length_mean,z_mask_intensity,myof_straightness_std,z_mask_area,z_straightness_std,myof_length_mean,myof_bending_std,sarcomere_oop,n_domains,myof_straightness_mean,z_intensity_mean,myof_bending_mean,z_lat_dist_mean,z_lat_length_groups_mean,z_length_max,sarcomere_area_ratio,z_length_std,myof_length_max,domain_slen_mean,z_mask_area_ratio,z_lat_alignment_std,n_zbands,cell_mask_area,cell_mask_intensity,z_oop,z_lat_alignment_mean,z_length_mean,z_lat_dist_std,myof_length_std,n_vectors,z_straightness_mean,n_mbands,z_intensity_std,sarcomere_length_std,z_lat_neighbors_mean,z_lat_neighbors_std,domain_area_mean,domain_oop_std
534.8889770507812,0.211958912037037,61.658245000668806,0.7225836515426636,1.448920732686969,1439.6373311502252,0.035525448171586836,109.935,0.12352918808329692,13.253652572631836,0.02415037691685113,0.5871463418006897,4.0,0.95369755120846,1478.2647929133348,0.022715654635013197,1.6451118237824964,4.201052417841903,5.85,0.3245306461780291,1.0868235755016766,32.78849792480469,1.4192367068123428,0.06670033991781907,0.6371346749780661,202.0,1648.1924999999999,681.2231853985502,0.5593199638778074,0.8087955538442095,1.2779702970297029,0.6693747327137342,5.801506042480469,1387.0,0.8160466411536914,193.0,394.6172021079933,0.24028512181898393,1.0,0.6371346749780661,125.56125,0.18822415173053741
