sarcomere_area,cell_mask_area_ratio,domain_area_std,domain_oop_mean,sarcomere_length_mean,z_mask_intensity,myof_straightness_std,z_mask_area,z_straightness_std,myof_length_mean,myof_bending_std,sarcomere_oop,n_domains,myof_straightness_mean,z_intensity_mean,myof_bending_mean,z_lat_dist_mean,z_lat_length_groups_mean,z_length_max,sarcomere_area_ratio,z_length_std,myof_length_max,domain_slen_mean,z_mask_area_ratio,z_lat_alignment_std,n_zbands,cell_mask_area,cell_mask_intensity,z_oop,z_lat_alignment_mean,z_length_mean,z_lat_dist_std,myof_length_std,n_vectors,z_straightness_mean,n_mbands,z_intensity_std,sarcomere_length_std,z_lat_neighbors_mean,z_lat_neighbors_std,domain_area_mean,domain_oop_std
136.52438354492188,0.2308747493932679,22.297500000000003,0.7812171578407288,1.5554866576075166,1615.7178916109874,0.017075097018239692,30.307499999999997,0.08428709495653627,13.951373100280762,0.011542338188675054,0.5427815914154053,2.0,0.9568267722243825,1661.990571661132,0.020927993467890784,1.7140703995051374,1.5312101187717972,3.0,0.12057369008374345,0.5797359312652615,29.12558937072754,1.617722985453278,0.026766552738256098,0.5384519993050035,48.0,1132.29,725.9737302281218,0.4248901312666756,0.7223545116015925,0.7875,0.6868299591696825,8.081073760986328,191.0,0.8614991121119394,57.0,307.10793245491476,0.22986395193136194,0.4583333333333333,0.5384519993050035,46.7775,0.16477316617965698
