cell_mask_area,cell_mask_area_ratio,cell_mask_intensity,domain_area_mean,domain_area_std,domain_oop_mean,domain_oop_std,domain_slen_mean,myof_bending_mean,myof_bending_std,myof_length_max,myof_length_mean,myof_length_std,myof_straightness_mean,myof_straightness_std,n_domains,n_mbands,n_vectors,n_zbands,sarcomere_area,sarcomere_area_ratio,sarcomere_length_mean,sarcomere_length_std,sarcomere_oop,z_intensity_mean,z_intensity_std,z_lat_alignment_mean,z_lat_alignment_std,z_lat_dist_mean,z_lat_dist_std,z_lat_length_groups_mean,z_lat_neighbors_mean,z_lat_neighbors_std,z_length_max,z_length_mean,z_length_std,z_mask_area,z_mask_area_ratio,z_mask_intensity,z_oop,z_straightness_mean,z_straightness_std
448.53749999999997,0.20744016649323618,669.2353147730123,43.34625,4.39875,0.5016698241233826,0.2384706288576126,1.401454900086844,0.029810419181095435,0.03161160566276157,11.790449142456055,8.397394180297852,1.8867336511611938,0.9515028743707317,0.02235887986742133,2.0,45.0,202.0,41.0,102.84545135498047,0.22929064204214916,1.3963861971082407,0.21748317210709653,0.32294201850891113,1187.1886729234413,217.37836218514786,0.8222028106830864,0.5833297923464097,1.9208705947790012,0.854184498872089,2.155187832322345,0.5853658536585366,0.5833297923464097,3.9,0.9621951219512196,0.7881578156785791,22.634999999999998,0.05046400802608478,1193.321073558648,0.1882247687027782,0.8296619831007286,0.11336690055259005
