cell_mask_area,cell_mask_area_ratio,cell_mask_intensity,domain_area_mean,domain_area_std,domain_oop_mean,domain_oop_std,domain_slen_mean,myof_bending_mean,myof_bending_std,myof_length_max,myof_length_mean,myof_length_std,myof_straightness_mean,myof_straightness_std,n_domains,n_mbands,n_vectors,n_zbands,sarcomere_area,sarcomere_area_ratio,sarcomere_length_mean,sarcomere_length_std,sarcomere_oop,z_intensity_mean,z_intensity_std,z_lat_alignment_mean,z_lat_alignment_std,z_lat_dist_mean,z_lat_dist_std,z_lat_length_groups_mean,z_lat_neighbors_mean,z_lat_neighbors_std,z_length_max,z_length_mean,z_length_std,z_mask_area,z_mask_area_ratio,z_mask_intensity,z_oop,z_straightness_mean,z_straightness_std
973.5525,0.21210294117647058,625.112805934965,33.6375,7.627500000000001,0.8377655744552612,0.03440511226654053,1.4542887481109277,0.042573225283619336,0.030112699095849255,18.695741653442383,9.526406288146973,4.0460591316223145,0.9506342243553766,0.02987764858984357,2.0,49.0,131.0,41.0,87.62686157226562,0.0900073304441883,1.4438892664836342,0.22465040211088314,0.5354805588722229,1076.2620587781053,131.4685042915209,0.8908752994455905,0.4742005389078922,1.506755500168916,0.5123914573525444,1.1572731912112475,0.34146341463414637,0.4742005389078922,1.65,0.702439024390244,0.37981883029011426,21.7125,0.02230234116804178,1090.3523316062176,0.4691898223699874,0.8430543988759592,0.07106890732884782
