cell_mask_area,cell_mask_area_ratio,cell_mask_intensity,domain_area_mean,domain_area_std,domain_oop_mean,domain_oop_std,domain_slen_mean,myof_bending_mean,myof_bending_std,myof_length_max,myof_length_mean,myof_length_std,myof_straightness_mean,myof_straightness_std,n_domains,n_mbands,n_vectors,n_zbands,sarcomere_area,sarcomere_area_ratio,sarcomere_length_mean,sarcomere_length_std,sarcomere_oop,z_intensity_mean,z_intensity_std,z_lat_alignment_mean,z_lat_alignment_std,z_lat_dist_mean,z_lat_dist_std,z_lat_length_groups_mean,z_lat_neighbors_mean,z_lat_neighbors_std,z_length_max,z_length_mean,z_length_std,z_mask_area,z_mask_area_ratio,z_mask_intensity,z_oop,z_straightness_mean,z_straightness_std
737.1,0.2535701846046674,640.8454822954823,28.1925,5.355,0.9344888925552368,0.013516038656234741,1.3944898859750645,0.03339797800529865,0.014269314865562387,14.621845245361328,11.25210952758789,2.542037010192871,0.96601490194276,0.012004169677324613,2.0,40.0,171.0,38.0,69.31587982177734,0.09403863766351558,1.3876278205290786,0.30887159828223654,0.717288613319397,1268.6401967355337,334.87125948072566,0.7808708454596309,0.4993069989739547,1.9488156795375704,0.6120600029315036,2.016873831580625,0.47368421052631576,0.4993069989739547,3.15,1.0776315789473683,0.6785915530308901,17.482499999999998,0.023717948717948713,1346.3050193050194,0.5367087406122795,0.8291152250430376,0.12133013843118155
