cell_mask_area,cell_mask_area_ratio,cell_mask_intensity,domain_area_mean,domain_area_std,domain_oop_mean,domain_oop_std,domain_slen_mean,myof_bending_mean,myof_bending_std,myof_length_max,myof_length_mean,myof_length_std,myof_straightness_mean,myof_straightness_std,n_domains,n_mbands,n_vectors,n_zbands,sarcomere_area,sarcomere_area_ratio,sarcomere_length_mean,sarcomere_length_std,sarcomere_oop,z_intensity_mean,z_intensity_std,z_lat_alignment_mean,z_lat_alignment_std,z_lat_dist_mean,z_lat_dist_std,z_lat_length_groups_mean,z_lat_neighbors_mean,z_lat_neighbors_std,z_length_max,z_length_mean,z_length_std,z_mask_area,z_mask_area_ratio,z_mask_intensity,z_oop,z_straightness_mean,z_straightness_std
448.56,0.2074505723204995,669.2287821027287,42.75,4.004999999999999,0.5007837414741516,0.23792625963687897,1.392625484633534,0.0217095337745383,0.02350874848772174,11.71868896484375,8.54012393951416,1.8165253400802612,0.9584276552437858,0.018126076254732195,2.0,45.0,205.0,41.0,102.81464385986328,0.22921045982669716,1.385190920938089,0.20681428273002242,0.3283655047416687,1187.1886729234413,217.37836218514786,0.8146841008721456,0.5833297923464097,1.9208705947790012,0.854184498872089,2.155187832322345,0.5853658536585366,0.5833297923464097,3.9,0.9621951219512196,0.7881578156785791,22.634999999999998,0.05046147672552166,1193.321073558648,0.1882247687027782,0.8296619831007286,0.11336690055259005
