cell_mask_area,cell_mask_area_ratio,cell_mask_intensity,domain_area_mean,domain_area_std,domain_oop_mean,domain_oop_std,domain_slen_mean,myof_bending_mean,myof_bending_std,myof_length_max,myof_length_mean,myof_length_std,myof_straightness_mean,myof_straightness_std,n_domains,n_mbands,n_vectors,n_zbands,sarcomere_area,sarcomere_area_ratio,sarcomere_length_mean,sarcomere_length_std,sarcomere_oop,z_intensity_mean,z_intensity_std,z_lat_alignment_mean,z_lat_alignment_std,z_lat_dist_mean,z_lat_dist_std,z_lat_length_groups_mean,z_lat_neighbors_mean,z_lat_neighbors_std,z_length_max,z_length_mean,z_length_std,z_mask_area,z_mask_area_ratio,z_mask_intensity,z_oop,z_straightness_mean,z_straightness_std
807.255,0.12017015005359058,620.2352137800324,58.635,0.0,0.9378929138183594,0.0,1.5713951269702808,0.01893786731308532,0.015284925843250727,15.08481216430664,8.750594139099121,3.359015464782715,0.9532534193254629,0.03164537848191449,1.0,26.0,141.0,30.0,82.38430786132812,0.10205487468188877,1.5673906920243361,0.15557932865731816,0.9329516887664795,1225.9898573587914,211.31734509299852,0.8573137603443852,0.49888765156985887,1.3965151042410278,0.6885641318182852,1.8510054924512824,0.5333333333333333,0.49888765156985887,3.4499999999999997,0.9850000000000001,0.8074806499229564,19.215,0.02380288756340933,1245.4262295081967,0.7133727566999856,0.8464081053786916,0.10670295913745298
