cell_mask_area,cell_mask_area_ratio,cell_mask_intensity,domain_area_mean,domain_area_std,domain_oop_mean,domain_oop_std,domain_slen_mean,myof_bending_mean,myof_bending_std,myof_length_max,myof_length_mean,myof_length_std,myof_straightness_mean,myof_straightness_std,n_domains,n_mbands,n_vectors,n_zbands,sarcomere_area,sarcomere_area_ratio,sarcomere_length_mean,sarcomere_length_std,sarcomere_oop,z_intensity_mean,z_intensity_std,z_lat_alignment_mean,z_lat_alignment_std,z_lat_dist_mean,z_lat_dist_std,z_lat_length_groups_mean,z_lat_neighbors_mean,z_lat_neighbors_std,z_length_max,z_length_mean,z_length_std,z_mask_area,z_mask_area_ratio,z_mask_intensity,z_oop,z_straightness_mean,z_straightness_std
1932.9975,0.2809293352081358,602.338536392313,64.7775,20.407500000000002,0.821520984172821,0.021092772483825684,1.3880765676927442,0.03441407586424165,0.04395833469792224,24.0183048248291,10.745330810546875,5.3459649085998535,0.9625962373287822,0.0187916000030451,2.0,99.0,300.0,79.0,195.68157958984375,0.10123219486307859,1.3821748793259994,0.18981756169085273,0.6887760758399963,1137.0471478837924,280.3209245204921,0.6936815186272103,0.5520496832242159,2.1701117869516833,0.6728727140226677,1.2543317694972855,0.35443037974683544,0.5520496832242159,1.95,0.6474683544303796,0.4286347722547713,40.769999999999996,0.021091594789957046,1142.0049668874171,0.560040130244132,0.8569586281694584,0.09344606849499454
