cell_mask_area,cell_mask_area_ratio,cell_mask_intensity,domain_area_mean,domain_area_std,domain_oop_mean,domain_oop_std,domain_slen_mean,myof_bending_mean,myof_bending_std,myof_length_max,myof_length_mean,myof_length_std,myof_straightness_mean,myof_straightness_std,n_domains,n_mbands,n_vectors,n_zbands,sarcomere_area,sarcomere_area_ratio,sarcomere_length_mean,sarcomere_length_std,sarcomere_oop,z_intensity_mean,z_intensity_std,z_lat_alignment_mean,z_lat_alignment_std,z_lat_dist_mean,z_lat_dist_std,z_lat_length_groups_mean,z_lat_neighbors_mean,z_lat_neighbors_std,z_length_max,z_length_mean,z_length_std,z_mask_area,z_mask_area_ratio,z_mask_intensity,z_oop,z_straightness_mean,z_straightness_std
571.77,0.11201622145816804,642.3675428931214,46.2375,5.9175,0.9094653129577637,0.015059173107147217,1.4468674268203898,0.03453807850457623,0.04370958279307814,30.661998748779297,13.223602294921875,7.691165924072266,0.9507257509810132,0.03357298604781542,2.0,42.0,231.0,37.0,110.96319580078125,0.194069636043831,1.425744536673697,0.274332133897621,0.83962082862854,1537.9819860542282,335.4841026836417,0.7615707667836991,0.5512453528208416,1.7242502777363817,0.8074410069633632,1.9899375892724083,0.4864864864864865,0.5512453528208416,2.55,1.0864864864864865,0.6183728264729035,21.7125,0.03797418542420904,1493.9834196891193,0.758818165182305,0.8303362774835814,0.0817692340038786
