cell_mask_area,cell_mask_area_ratio,cell_mask_intensity,domain_area_mean,domain_area_std,domain_oop_mean,domain_oop_std,domain_slen_mean,myof_bending_mean,myof_bending_std,myof_length_max,myof_length_mean,myof_length_std,myof_straightness_mean,myof_straightness_std,n_domains,n_mbands,n_vectors,n_zbands,sarcomere_area,sarcomere_area_ratio,sarcomere_length_mean,sarcomere_length_std,sarcomere_oop,z_intensity_mean,z_intensity_std,z_lat_alignment_mean,z_lat_alignment_std,z_lat_dist_mean,z_lat_dist_std,z_lat_length_groups_mean,z_lat_neighbors_mean,z_lat_neighbors_std,z_length_max,z_length_mean,z_length_std,z_mask_area,z_mask_area_ratio,z_mask_intensity,z_oop,z_straightness_mean,z_straightness_std
426.98249999999996,0.23899600770751733,778.5594140275069,102.8475,0.0,0.056161824613809586,0.0,1.5868643491325571,0.02033436961228199,0.0167648201855282,18.500778198242188,9.697705268859863,2.3991780281066895,0.9463092636876379,0.03965391184305167,1.0,28.0,265.0,32.0,115.25605773925781,0.2699315726973771,1.5868643491325571,0.21302159602376436,0.05616192892193794,1534.1441885709364,314.82078176390763,0.6246895899906139,0.6343057228182637,1.73702805496375,0.7593399585379985,3.6527289811714883,0.6875,0.6343057228182637,4.5,1.8,1.2941575445053048,26.3475,0.061706276018337995,1627.6242527754057,0.05003178264836466,0.7590829521021882,0.12837369649537825
