cell_mask_area,cell_mask_area_ratio,cell_mask_intensity,domain_area_mean,domain_area_std,domain_oop_mean,domain_oop_std,domain_slen_mean,myof_bending_mean,myof_bending_std,myof_length_max,myof_length_mean,myof_length_std,myof_straightness_mean,myof_straightness_std,n_domains,n_mbands,n_vectors,n_zbands,sarcomere_area,sarcomere_area_ratio,sarcomere_length_mean,sarcomere_length_std,sarcomere_oop,z_intensity_mean,z_intensity_std,z_lat_alignment_mean,z_lat_alignment_std,z_lat_dist_mean,z_lat_dist_std,z_lat_length_groups_mean,z_lat_neighbors_mean,z_lat_neighbors_std,z_length_max,z_length_mean,z_length_std,z_mask_area,z_mask_area_ratio,z_mask_intensity,z_oop,z_straightness_mean,z_straightness_std
1412.5049999999999,0.22744004057676978,645.5937908184396,90.60000000000001,48.61619984634752,0.8735918998718262,0.05311182886362076,1.3544763925820977,0.023595622190126304,0.021735572794832434,26.24385643005371,9.190584182739258,4.381998062133789,0.960276457812186,0.02330529178542721,3.0,177.0,743.0,154.0,369.91290283203125,0.2618843139189109,1.3573104354707093,0.2742517429056436,0.8554759621620178,1278.2947196951382,332.8827391434321,0.8464277549373771,0.7040590217366129,1.8979633266644682,0.6968222855170952,3.123640818115863,0.8961038961038961,0.7040590217366129,4.5,0.8737012987012986,0.6732408064762614,78.5925,0.05564051100704069,1263.612081305468,0.7558025645224836,0.8438025779631882,0.09595582965231582
