cell_mask_area,cell_mask_area_ratio,cell_mask_intensity,domain_area_mean,domain_area_std,domain_oop_mean,domain_oop_std,domain_slen_mean,myof_bending_mean,myof_bending_std,myof_length_max,myof_length_mean,myof_length_std,myof_straightness_mean,myof_straightness_std,n_domains,n_mbands,n_vectors,n_zbands,sarcomere_area,sarcomere_area_ratio,sarcomere_length_mean,sarcomere_length_std,sarcomere_oop,z_intensity_mean,z_intensity_std,z_lat_alignment_mean,z_lat_alignment_std,z_lat_dist_mean,z_lat_dist_std,z_lat_length_groups_mean,z_lat_neighbors_mean,z_lat_neighbors_std,z_length_max,z_length_mean,z_length_std,z_mask_area,z_mask_area_ratio,z_mask_intensity,z_oop,z_straightness_mean,z_straightness_std
789.9075,0.19739002338970854,655.7997835189564,159.75,0.0,0.806072473526001,0.0,1.4772767500958448,0.023025142776181076,0.019479417212258997,21.976816177368164,14.165316581726074,5.300337791442871,0.9419277629299722,0.037810928515009626,1.0,43.0,483.0,55.0,169.74569702148438,0.21489313245093175,1.4772767500958448,0.15914690466035655,0.8060724139213562,1200.3618871242945,216.7743085151075,0.815625495266572,0.668042657122685,1.364923580638,0.6992736367248092,5.201908296765599,1.0909090909090908,0.668042657122685,12.299999999999999,1.6199999999999997,1.820878908659222,36.6075,0.04634403395334264,1239.5076828518745,0.7722813735924926,0.8118391322705396,0.13554768477649248
