cell_mask_area,cell_mask_area_ratio,cell_mask_intensity,domain_area_mean,domain_area_std,domain_oop_mean,domain_oop_std,domain_slen_mean,myof_bending_mean,myof_bending_std,myof_length_max,myof_length_mean,myof_length_std,myof_straightness_mean,myof_straightness_std,n_domains,n_mbands,n_vectors,n_zbands,sarcomere_area,sarcomere_area_ratio,sarcomere_length_mean,sarcomere_length_std,sarcomere_oop,z_intensity_mean,z_intensity_std,z_lat_alignment_mean,z_lat_alignment_std,z_lat_dist_mean,z_lat_dist_std,z_lat_length_groups_mean,z_lat_neighbors_mean,z_lat_neighbors_std,z_length_max,z_length_mean,z_length_std,z_mask_area,z_mask_area_ratio,z_mask_intensity,z_oop,z_straightness_mean,z_straightness_std
868.3199999999999,0.12568637029799706,675.0857172470978,22.66875,1.0912499999999987,0.850516140460968,0.04579812288284302,1.5468400822199109,0.016365769120803328,0.010867648421228804,18.840646743774414,11.750391960144043,4.987798690795898,0.9615033107626817,0.019938349867033626,2.0,43.0,147.0,39.0,89.64869689941406,0.10324384662268987,1.553997455171939,0.19383247970912693,0.505214273929596,1323.8129812511454,344.3767018399157,0.6778315262877094,0.36080121229411,2.382802497986407,0.5807342383480821,1.0527335414988672,0.15384615384615385,0.36080121229411,2.1,0.7884615384615384,0.44899625069269194,20.3175,0.02339863184079602,1321.9645625692137,0.4384133281901849,0.8762166239886248,0.07538023169298673
