cell_mask_area,cell_mask_area_ratio,cell_mask_intensity,domain_area_mean,domain_area_std,domain_oop_mean,domain_oop_std,domain_slen_mean,myof_bending_mean,myof_bending_std,myof_length_max,myof_length_mean,myof_length_std,myof_straightness_mean,myof_straightness_std,n_domains,n_mbands,n_vectors,n_zbands,sarcomere_area,sarcomere_area_ratio,sarcomere_length_mean,sarcomere_length_std,sarcomere_oop,z_intensity_mean,z_intensity_std,z_lat_alignment_mean,z_lat_alignment_std,z_lat_dist_mean,z_lat_dist_std,z_lat_length_groups_mean,z_lat_neighbors_mean,z_lat_neighbors_std,z_length_max,z_length_mean,z_length_std,z_mask_area,z_mask_area_ratio,z_mask_intensity,z_oop,z_straightness_mean,z_straightness_std
571.2075,0.11190602133474391,642.4833182337417,46.833749999999995,6.4687499999999964,0.9119873642921448,0.016025662422180176,1.442695814580245,0.03541899869412232,0.04108148302369661,30.62954330444336,13.11534309387207,7.207071304321289,0.9487255780216028,0.03642957381531606,2.0,42.0,232.0,37.0,110.94447326660156,0.19422797016250937,1.419354023268726,0.27834211894709604,0.8465939164161682,1538.9009839995422,336.4185870669633,0.7618278665778653,0.5512453528208416,1.7242502777363817,0.8074410069633632,1.97386616070098,0.4864864864864865,0.5512453528208416,2.55,1.0743243243243243,0.6204424774197086,21.689999999999998,0.03797219049119628,1494.2354771784233,0.758668972391776,0.831175626149017,0.0818806236443181
