sarcomere_area,cell_mask_area_ratio,domain_area_std,domain_oop_mean,sarcomere_length_mean,z_mask_intensity,myof_straightness_std,z_mask_area,z_straightness_std,myof_length_mean,myof_bending_std,sarcomere_oop,n_domains,myof_straightness_mean,z_intensity_mean,myof_bending_mean,z_lat_dist_mean,z_lat_length_groups_mean,z_length_max,sarcomere_area_ratio,z_length_std,myof_length_max,domain_slen_mean,z_mask_area_ratio,z_lat_alignment_std,n_zbands,cell_mask_area,cell_mask_intensity,z_oop,z_lat_alignment_mean,z_length_mean,z_lat_dist_std,myof_length_std,n_vectors,z_straightness_mean,n_mbands,z_intensity_std,sarcomere_length_std,z_lat_neighbors_mean,z_lat_neighbors_std,domain_area_mean,domain_oop_std
102.81464385986328,0.2074505723204995,4.004999999999999,0.5007837414741516,1.385190920938089,1193.321073558648,0.018126076254732195,22.634999999999998,0.11336690055259005,8.54012393951416,0.02350874848772174,0.3283655047416687,2.0,0.9584276552437858,1187.1886729234413,0.0217095337745383,1.9208705947790012,2.155187832322345,3.9,0.22921045982669716,0.7881578156785791,11.71868896484375,1.392625484633534,0.05046147672552166,0.5833297923464097,41.0,448.56,669.2287821027287,0.1882247687027782,0.8146841008721456,0.9621951219512196,0.854184498872089,1.8165253400802612,205.0,0.8296619831007286,45.0,217.37836218514786,0.20681428273002242,0.5853658536585366,0.5833297923464097,42.75,0.23792625963687897
