sarcomere_area,cell_mask_area_ratio,domain_area_std,domain_oop_mean,sarcomere_length_mean,z_mask_intensity,myof_straightness_std,z_mask_area,z_straightness_std,myof_length_mean,myof_bending_std,sarcomere_oop,n_domains,myof_straightness_mean,z_intensity_mean,myof_bending_mean,z_lat_dist_mean,z_lat_length_groups_mean,z_length_max,sarcomere_area_ratio,z_length_std,myof_length_max,domain_slen_mean,z_mask_area_ratio,z_lat_alignment_std,n_zbands,cell_mask_area,cell_mask_intensity,z_oop,z_lat_alignment_mean,z_length_mean,z_lat_dist_std,myof_length_std,n_vectors,z_straightness_mean,n_mbands,z_intensity_std,sarcomere_length_std,z_lat_neighbors_mean,z_lat_neighbors_std,domain_area_mean,domain_oop_std
113.81382751464844,0.14746889746889746,18.70875,0.8815613985061646,1.4390091055537813,1020.4968609865471,0.021483020219405267,25.0875,0.11068074754882111,9.18307876586914,0.014474631868540349,0.8422991633415222,2.0,0.9617704663349405,982.3429735487528,0.023562210813496326,1.6654826692840778,4.157340589598167,3.0,0.18394153941761363,0.7251692330196683,14.816893577575684,1.4521545231955253,0.040545454545454544,0.684466307442153,53.0,618.75,633.2787272727272,0.7048143231968793,0.7189663807163635,1.081132075471698,0.6990475508249653,3.154031991958618,262.0,0.8328594657529514,49.0,181.4906733947722,0.31713428850667796,1.0566037735849056,0.684466307442153,48.34125,0.05161526799201965
