cell_mask_area,cell_mask_area_ratio,cell_mask_intensity,domain_area_mean,domain_area_std,domain_oop_mean,domain_oop_std,domain_slen_mean,myof_bending_mean,myof_bending_std,myof_length_max,myof_length_mean,myof_length_std,myof_straightness_mean,myof_straightness_std,n_domains,n_mbands,n_vectors,n_zbands,sarcomere_area,sarcomere_area_ratio,sarcomere_length_mean,sarcomere_length_std,sarcomere_oop,z_intensity_mean,z_intensity_std,z_lat_alignment_mean,z_lat_alignment_std,z_lat_dist_mean,z_lat_dist_std,z_lat_length_groups_mean,z_lat_neighbors_mean,z_lat_neighbors_std,z_length_max,z_length_mean,z_length_std,z_mask_area,z_mask_area_ratio,z_mask_intensity,z_oop,z_straightness_mean,z_straightness_std
973.1474999999999,0.2120147058823529,625.1587708954706,33.176249999999996,6.89625,0.8406850099563599,0.032855719327926636,1.4661409718047171,0.023425654800746303,0.011589226851544687,15.574026107788086,9.6465482711792,3.775749921798706,0.9355927374186792,0.03424657017811472,2.0,49.0,129.0,41.0,87.68311309814453,0.09010259297603347,1.459309051711966,0.2311211587521562,0.5459822416305542,1076.2620587781053,131.4685042915209,0.8907584866605485,0.4742005389078922,1.506755500168916,0.5123914573525444,1.1572731912112475,0.34146341463414637,0.4742005389078922,1.65,0.702439024390244,0.37981883029011426,21.735,0.022334743705347854,1090.1304347826087,0.4691898223699874,0.8430543988759592,0.07106890732884782
