cell_mask_area,cell_mask_area_ratio,cell_mask_intensity,domain_area_mean,domain_area_std,domain_oop_mean,domain_oop_std,domain_slen_mean,myof_bending_mean,myof_bending_std,myof_length_max,myof_length_mean,myof_length_std,myof_straightness_mean,myof_straightness_std,n_domains,n_mbands,n_vectors,n_zbands,sarcomere_area,sarcomere_area_ratio,sarcomere_length_mean,sarcomere_length_std,sarcomere_oop,z_intensity_mean,z_intensity_std,z_lat_alignment_mean,z_lat_alignment_std,z_lat_dist_mean,z_lat_dist_std,z_lat_length_groups_mean,z_lat_neighbors_mean,z_lat_neighbors_std,z_length_max,z_length_mean,z_length_std,z_mask_area,z_mask_area_ratio,z_mask_intensity,z_oop,z_straightness_mean,z_straightness_std
426.84749999999997,0.23892044381194666,778.6261135417216,103.095,0.0,0.05506385117769241,0.0,1.5865526744419178,0.025297393111822407,0.02197448996280692,17.998571395874023,9.464496612548828,2.7699267864227295,0.943662938625096,0.04765944693637191,1.0,28.0,266.0,32.0,115.27423095703125,0.2700595199855481,1.5865526744419178,0.20849807087448133,0.05506396293640137,1534.2059201805716,314.62045370549106,0.6269073444342506,0.6343057228182637,1.73702805496375,0.7593399585379985,3.6741575526000596,0.6875,0.6343057228182637,4.5,1.8140625,1.2834422936360441,26.369999999999997,0.061778504032470614,1627.1680887372013,0.049805221094048904,0.759593573017221,0.12814657002885088
