sarcomere_area,cell_mask_area_ratio,domain_area_std,domain_oop_mean,sarcomere_length_mean,z_mask_intensity,myof_straightness_std,z_mask_area,z_straightness_std,myof_length_mean,myof_bending_std,sarcomere_oop,n_domains,myof_straightness_mean,z_intensity_mean,myof_bending_mean,z_lat_dist_mean,z_lat_length_groups_mean,z_length_max,sarcomere_area_ratio,z_length_std,myof_length_max,domain_slen_mean,z_mask_area_ratio,z_lat_alignment_std,n_zbands,cell_mask_area,cell_mask_intensity,z_oop,z_lat_alignment_mean,z_length_mean,z_lat_dist_std,myof_length_std,n_vectors,z_straightness_mean,n_mbands,z_intensity_std,sarcomere_length_std,z_lat_neighbors_mean,z_lat_neighbors_std,domain_area_mean,domain_oop_std
137.4191436767578,0.1958298050965832,0.0,0.6074801683425903,1.5579377958212122,1326.2327844311378,0.03158562007624715,30.06,0.08702642447115878,12.490434646606445,0.04198003936220082,0.553128719329834,1.0,0.9491259067288548,1376.374755849588,0.02909048205775414,1.636897655895624,2.390751286514558,2.55,0.11285973643182778,0.49603960660400626,18.264982223510742,1.5556420782306226,0.02468770788676177,0.6982226459074685,58.0,1217.61,636.4283206445414,0.46234077846374927,0.7254384769773786,0.7241379310344827,0.8289321830665125,4.0850348472595215,195.0,0.8605936243099848,61.0,392.80473188772896,0.21393694200429084,0.8275862068965517,0.6982226459074685,77.1075,0.0
