cell_mask_area,cell_mask_area_ratio,cell_mask_intensity,domain_area_mean,domain_area_std,domain_oop_mean,domain_oop_std,domain_slen_mean,myof_bending_mean,myof_bending_std,myof_length_max,myof_length_mean,myof_length_std,myof_straightness_mean,myof_straightness_std,n_domains,n_mbands,n_vectors,n_zbands,sarcomere_area,sarcomere_area_ratio,sarcomere_length_mean,sarcomere_length_std,sarcomere_oop,z_intensity_mean,z_intensity_std,z_lat_alignment_mean,z_lat_alignment_std,z_lat_dist_mean,z_lat_dist_std,z_lat_length_groups_mean,z_lat_neighbors_mean,z_lat_neighbors_std,z_length_max,z_length_mean,z_length_std,z_mask_area,z_mask_area_ratio,z_mask_intensity,z_oop,z_straightness_mean,z_straightness_std
667.6875,0.20625112942909968,681.0552316764954,78.4575,0.0,0.623889148235321,0.0,1.430406250536188,0.03960651470628179,0.02638037671247629,23.535964965820312,12.077240943908691,4.8396077156066895,0.9295119433285404,0.05727175173268905,1.0,36.0,194.0,39.0,78.77452087402344,0.11798112271687494,1.4304151813248591,0.25512200004257984,0.6156789660453796,1375.6779379505924,246.91051346785295,0.7747572523118538,0.5925241029892996,1.7269188329223468,0.7143187975253924,1.8430756498767038,0.46153846153846156,0.5925241029892996,3.15,1.019230769230769,0.7687498496656416,21.555,0.03228306655433867,1380.3987473903967,0.6066387810901375,0.8418817265489551,0.11081487538207167
