cell_mask_area,cell_mask_area_ratio,cell_mask_intensity,domain_area_mean,domain_area_std,domain_oop_mean,domain_oop_std,domain_slen_mean,myof_bending_mean,myof_bending_std,myof_length_max,myof_length_mean,myof_length_std,myof_straightness_mean,myof_straightness_std,n_domains,n_mbands,n_vectors,n_zbands,sarcomere_area,sarcomere_area_ratio,sarcomere_length_mean,sarcomere_length_std,sarcomere_oop,z_intensity_mean,z_intensity_std,z_lat_alignment_mean,z_lat_alignment_std,z_lat_dist_mean,z_lat_dist_std,z_lat_length_groups_mean,z_lat_neighbors_mean,z_lat_neighbors_std,z_length_max,z_length_mean,z_length_std,z_mask_area,z_mask_area_ratio,z_mask_intensity,z_oop,z_straightness_mean,z_straightness_std
1520.8875,0.28868740016912525,754.8947555292551,197.9475,144.51916257022802,0.9035452008247375,0.06861918419599533,1.4798233369300637,0.015189126668182387,0.010736353475070287,40.75987243652344,20.130857467651367,10.491418838500977,0.9582084733360113,0.025759997403695264,3.0,182.0,1897.0,191.0,640.163330078125,0.4209143214590987,1.4848662357794513,0.19250579310344665,0.7889171242713928,1488.052700398891,446.4545751466473,0.8770561993314955,0.7037552921276042,1.5750891002375524,0.6593066323068252,6.135306185507787,1.1518324607329844,0.7037552921276042,7.8,1.6947643979057587,1.2726066015437374,126.8325,0.08339374214069087,1549.1672875643073,0.6939630411108736,0.8013066769825672,0.11504820309408206
