cell_mask_area,cell_mask_area_ratio,cell_mask_intensity,domain_area_mean,domain_area_std,domain_oop_mean,domain_oop_std,domain_slen_mean,myof_bending_mean,myof_bending_std,myof_length_max,myof_length_mean,myof_length_std,myof_straightness_mean,myof_straightness_std,n_domains,n_mbands,n_vectors,n_zbands,sarcomere_area,sarcomere_area_ratio,sarcomere_length_mean,sarcomere_length_std,sarcomere_oop,z_intensity_mean,z_intensity_std,z_lat_alignment_mean,z_lat_alignment_std,z_lat_dist_mean,z_lat_dist_std,z_lat_length_groups_mean,z_lat_neighbors_mean,z_lat_neighbors_std,z_length_max,z_length_mean,z_length_std,z_mask_area,z_mask_area_ratio,z_mask_intensity,z_oop,z_straightness_mean,z_straightness_std
1648.53,0.2547291495005754,678.9928754708741,197.72249999999997,53.1196023140234,0.6223258376121521,0.285023957490921,1.5012845155081742,0.028659810074881848,0.020611315041986912,42.25142288208008,19.099578857421875,8.274660110473633,0.9002367358448857,0.07815836613607867,3.0,148.0,1702.0,159.0,657.6031494140625,0.3989027493670497,1.5003847149522054,0.18703178075604815,0.26290151476860046,1287.5759267057258,271.7091680220834,0.836968478203249,0.6654789467376754,1.504760122255576,0.5360881670550857,6.847616535905585,1.169811320754717,0.6654789467376754,9.15,1.9622641509433962,1.47890530844823,125.6625,0.07622700223835781,1282.1446732318711,0.33872544936968263,0.7476877993131756,0.14160830549792477
