sarcomere_area,cell_mask_area_ratio,domain_area_std,domain_oop_mean,sarcomere_length_mean,z_mask_intensity,myof_straightness_std,z_mask_area,z_straightness_std,myof_length_mean,myof_bending_std,sarcomere_oop,n_domains,myof_straightness_mean,z_intensity_mean,myof_bending_mean,z_lat_dist_mean,z_lat_length_groups_mean,z_length_max,sarcomere_area_ratio,z_length_std,myof_length_max,domain_slen_mean,z_mask_area_ratio,z_lat_alignment_std,n_zbands,cell_mask_area,cell_mask_intensity,z_oop,z_lat_alignment_mean,z_length_mean,z_lat_dist_std,myof_length_std,n_vectors,z_straightness_mean,n_mbands,z_intensity_std,sarcomere_length_std,z_lat_neighbors_mean,z_lat_neighbors_std,domain_area_mean,domain_oop_std
40.38530731201172,0.09467883433884984,0.0,0.9161926507949829,1.3958209282599066,1386.233261339093,0.021539025153906887,10.4175,0.10008813065908723,8.146478652954102,0.013799486227478494,0.6331839561462402,1.0,0.9521962176701758,1388.9253795440009,0.01933205231616659,1.677050983124834,1.032940686445302,2.55,0.06558159038329939,0.7188875488965415,10.374113082885742,1.3931593912017464,0.016916949833753518,0.32218973970892123,17.0,615.8025,671.5014797763894,0.5288024659043806,0.673840743330689,0.8735294117647058,0.0,1.1735401153564453,81.0,0.8417437534710696,22.0,333.4575006737517,0.18047089604585775,0.11764705882352941,0.32218973970892123,23.6025,0.0
