cell_mask_area,cell_mask_area_ratio,cell_mask_intensity,domain_area_mean,domain_area_std,domain_oop_mean,domain_oop_std,domain_slen_mean,myof_bending_mean,myof_bending_std,myof_length_max,myof_length_mean,myof_length_std,myof_straightness_mean,myof_straightness_std,n_domains,n_mbands,n_vectors,n_zbands,sarcomere_area,sarcomere_area_ratio,sarcomere_length_mean,sarcomere_length_std,sarcomere_oop,z_intensity_mean,z_intensity_std,z_lat_alignment_mean,z_lat_alignment_std,z_lat_dist_mean,z_lat_dist_std,z_lat_length_groups_mean,z_lat_neighbors_mean,z_lat_neighbors_std,z_length_max,z_length_mean,z_length_std,z_mask_area,z_mask_area_ratio,z_mask_intensity,z_oop,z_straightness_mean,z_straightness_std
1132.29,0.2308747493932679,725.9737302281218,46.7775,22.297500000000003,0.7812171578407288,0.16477316617965698,1.617722985453278,0.020927993467890784,0.011542338188675054,29.12558937072754,13.951373100280762,8.081073760986328,0.9568267722243825,0.017075097018239692,2.0,57.0,191.0,48.0,136.52438354492188,0.12057369008374345,1.5554866576075166,0.22986395193136194,0.5427815914154053,1661.990571661132,307.10793245491476,0.7223545116015925,0.5384519993050035,1.7140703995051374,0.6868299591696825,1.5312101187717972,0.4583333333333333,0.5384519993050035,3.0,0.7875,0.5797359312652615,30.307499999999997,0.026766552738256098,1615.7178916109874,0.4248901312666756,0.8614991121119394,0.08428709495653627
