cell_mask_area,cell_mask_area_ratio,cell_mask_intensity,domain_area_mean,domain_area_std,domain_oop_mean,domain_oop_std,domain_slen_mean,myof_bending_mean,myof_bending_std,myof_length_max,myof_length_mean,myof_length_std,myof_straightness_mean,myof_straightness_std,n_domains,n_mbands,n_vectors,n_zbands,sarcomere_area,sarcomere_area_ratio,sarcomere_length_mean,sarcomere_length_std,sarcomere_oop,z_intensity_mean,z_intensity_std,z_lat_alignment_mean,z_lat_alignment_std,z_lat_dist_mean,z_lat_dist_std,z_lat_length_groups_mean,z_lat_neighbors_mean,z_lat_neighbors_std,z_length_max,z_length_mean,z_length_std,z_mask_area,z_mask_area_ratio,z_mask_intensity,z_oop,z_straightness_mean,z_straightness_std
708.0749999999999,0.2765377855887522,692.3990149348585,80.685,0.0,0.932097852230072,0.0,1.4116397497943098,0.019533841338621325,0.010099341807408827,25.474925994873047,14.83087158203125,6.229955196380615,0.9548556943019532,0.026276069339256244,1.0,37.0,207.0,39.0,96.45797729492188,0.1362256502417426,1.41119340518163,0.1752676465714289,0.9303491711616516,1576.6444087388682,383.06207052842694,0.8437872495886045,0.5936326616815499,1.6817077489833885,0.7280000322865522,3.0351010427710525,0.8205128205128205,0.5936326616815499,3.5999999999999996,1.0999999999999999,0.9027735042633894,21.509999999999998,0.030378137909119796,1629.9811715481171,0.713142336284358,0.7827341252602992,0.09390914547453232
