cell_mask_area,cell_mask_area_ratio,cell_mask_intensity,domain_area_mean,domain_area_std,domain_oop_mean,domain_oop_std,domain_slen_mean,myof_bending_mean,myof_bending_std,myof_length_max,myof_length_mean,myof_length_std,myof_straightness_mean,myof_straightness_std,n_domains,n_mbands,n_vectors,n_zbands,sarcomere_area,sarcomere_area_ratio,sarcomere_length_mean,sarcomere_length_std,sarcomere_oop,z_intensity_mean,z_intensity_std,z_lat_alignment_mean,z_lat_alignment_std,z_lat_dist_mean,z_lat_dist_std,z_lat_length_groups_mean,z_lat_neighbors_mean,z_lat_neighbors_std,z_length_max,z_length_mean,z_length_std,z_mask_area,z_mask_area_ratio,z_mask_intensity,z_oop,z_straightness_mean,z_straightness_std
615.8025,0.09467883433884984,671.5014797763894,23.6025,0.0,0.9161926507949829,0.0,1.3931593912017464,0.01933205231616659,0.013799486227478494,10.374113082885742,8.146478652954102,1.1735401153564453,0.9521962176701758,0.021539025153906887,1.0,22.0,81.0,17.0,40.38530731201172,0.06558159038329939,1.3958209282599066,0.18047089604585775,0.6331839561462402,1388.9253795440009,333.4575006737517,0.673840743330689,0.32218973970892123,1.677050983124834,0.0,1.032940686445302,0.11764705882352941,0.32218973970892123,2.55,0.8735294117647058,0.7188875488965415,10.4175,0.016916949833753518,1386.233261339093,0.5288024659043806,0.8417437534710696,0.10008813065908723
