cell_mask_area,cell_mask_area_ratio,cell_mask_intensity,domain_area_mean,domain_area_std,domain_oop_mean,domain_oop_std,domain_slen_mean,myof_bending_mean,myof_bending_std,myof_length_max,myof_length_mean,myof_length_std,myof_straightness_mean,myof_straightness_std,n_domains,n_mbands,n_vectors,n_zbands,sarcomere_area,sarcomere_area_ratio,sarcomere_length_mean,sarcomere_length_std,sarcomere_oop,z_intensity_mean,z_intensity_std,z_lat_alignment_mean,z_lat_alignment_std,z_lat_dist_mean,z_lat_dist_std,z_lat_length_groups_mean,z_lat_neighbors_mean,z_lat_neighbors_std,z_length_max,z_length_mean,z_length_std,z_mask_area,z_mask_area_ratio,z_mask_intensity,z_oop,z_straightness_mean,z_straightness_std
1202.8725,0.22920632470717361,611.9534239913207,29.12625,3.4087499999999995,0.8549087047576904,0.05083698034286499,1.6018007600630257,0.022887676079924972,0.02042286353102388,16.805374145507812,10.237011909484863,3.745779275894165,0.9766640879878238,0.011626385002858414,2.0,56.0,129.0,47.0,105.3481674194336,0.08758049370937784,1.5627055007990933,0.28991375520887175,0.40388059616088867,1137.817019312248,264.7575620787073,0.696098814768054,0.5564551842817881,2.059253618282674,0.5693522947962211,1.176257152468241,0.3404255319148936,0.5564551842817881,2.4,0.6255319148936169,0.431335425140852,27.1125,0.022539795364845402,1139.7261410788383,0.12749222469031973,0.8916280589172395,0.08386457889711596
