cell_mask_area,cell_mask_area_ratio,cell_mask_intensity,domain_area_mean,domain_area_std,domain_oop_mean,domain_oop_std,domain_slen_mean,myof_bending_mean,myof_bending_std,myof_length_max,myof_length_mean,myof_length_std,myof_straightness_mean,myof_straightness_std,n_domains,n_mbands,n_vectors,n_zbands,sarcomere_area,sarcomere_area_ratio,sarcomere_length_mean,sarcomere_length_std,sarcomere_oop,z_intensity_mean,z_intensity_std,z_lat_alignment_mean,z_lat_alignment_std,z_lat_dist_mean,z_lat_dist_std,z_lat_length_groups_mean,z_lat_neighbors_mean,z_lat_neighbors_std,z_length_max,z_length_mean,z_length_std,z_mask_area,z_mask_area_ratio,z_mask_intensity,z_oop,z_straightness_mean,z_straightness_std
756.0675,0.1073495961970967,753.3795792042378,53.144999999999996,27.629999999999995,0.9225950837135315,0.0318378210067749,1.450139121924233,0.015287442303444846,0.00882802161972668,16.59183120727539,10.80408000946045,2.839759111404419,0.9500826623831948,0.024569690929102217,2.0,49.0,324.0,48.0,149.32852172851562,0.19750686509936696,1.4209068618707035,0.2476307183158372,0.8729025721549988,1784.771212980648,418.4516058150612,0.7598762332350729,0.5994789404140899,1.3192438418423558,0.4786394109985284,2.7814744735647072,0.625,0.5994789404140899,5.85,1.5,1.341291355373619,34.83,0.046067315418266225,1835.0322997416022,0.7351725352809987,0.7834303175936962,0.12847131865701883
