cell_mask_area,cell_mask_area_ratio,cell_mask_intensity,domain_area_mean,domain_area_std,domain_oop_mean,domain_oop_std,domain_slen_mean,myof_bending_mean,myof_bending_std,myof_length_max,myof_length_mean,myof_length_std,myof_straightness_mean,myof_straightness_std,n_domains,n_mbands,n_vectors,n_zbands,sarcomere_area,sarcomere_area_ratio,sarcomere_length_mean,sarcomere_length_std,sarcomere_oop,z_intensity_mean,z_intensity_std,z_lat_alignment_mean,z_lat_alignment_std,z_lat_dist_mean,z_lat_dist_std,z_lat_length_groups_mean,z_lat_neighbors_mean,z_lat_neighbors_std,z_length_max,z_length_mean,z_length_std,z_mask_area,z_mask_area_ratio,z_mask_intensity,z_oop,z_straightness_mean,z_straightness_std
1217.61,0.1958298050965832,636.4283206445414,78.3,0.0,0.6075828671455383,0.0,1.5578392923497804,0.028853035930154675,0.018553766593136296,20.679296493530273,11.310087203979492,4.067568302154541,0.9447161104074644,0.025833339854413842,1.0,61.0,195.0,58.0,137.41920471191406,0.11285978655884403,1.5576103512686819,0.2100812998157788,0.5533982515335083,1376.374755849588,392.80473188772896,0.7254385039312629,0.6982226459074685,1.636897655895624,0.8289321830665125,2.390751286514558,0.8275862068965517,0.6982226459074685,2.55,0.7241379310344827,0.49603960660400626,30.06,0.02468770788676177,1326.2327844311378,0.46234077846374927,0.8605936243099848,0.08702642447115878
