cell_mask_area,cell_mask_area_ratio,cell_mask_intensity,domain_area_mean,domain_area_std,domain_oop_mean,domain_oop_std,domain_slen_mean,myof_bending_mean,myof_bending_std,myof_length_max,myof_length_mean,myof_length_std,myof_straightness_mean,myof_straightness_std,n_domains,n_mbands,n_vectors,n_zbands,sarcomere_area,sarcomere_area_ratio,sarcomere_length_mean,sarcomere_length_std,sarcomere_oop,z_intensity_mean,z_intensity_std,z_lat_alignment_mean,z_lat_alignment_std,z_lat_dist_mean,z_lat_dist_std,z_lat_length_groups_mean,z_lat_neighbors_mean,z_lat_neighbors_std,z_length_max,z_length_mean,z_length_std,z_mask_area,z_mask_area_ratio,z_mask_intensity,z_oop,z_straightness_mean,z_straightness_std
869.6474999999999,0.12587852141345057,674.8421515614085,22.162499999999998,1.5075000000000003,0.8526362180709839,0.04829397797584534,1.564421841800629,0.03121888423755,0.03739049401268089,18.815500259399414,9.07284164428711,4.033624649047852,0.9500938557241732,0.029241070362742465,2.0,43.0,147.0,39.0,89.78422546386719,0.10324209000068096,1.5507009779532082,0.18623306497719389,0.5096606016159058,1323.8129812511454,344.3767018399157,0.6706985409430081,0.36080121229411,2.382802497986407,0.5807342383480821,1.0527335414988672,0.15384615384615385,0.36080121229411,2.1,0.7884615384615384,0.44899625069269194,20.3175,0.023362914284235856,1321.1937984496124,0.4384133281901849,0.8762166239886248,0.07538023169298673
