cell_mask_area,cell_mask_area_ratio,cell_mask_intensity,domain_area_mean,domain_area_std,domain_oop_mean,domain_oop_std,domain_slen_mean,myof_bending_mean,myof_bending_std,myof_length_max,myof_length_mean,myof_length_std,myof_straightness_mean,myof_straightness_std,n_domains,n_mbands,n_vectors,n_zbands,sarcomere_area,sarcomere_area_ratio,sarcomere_length_mean,sarcomere_length_std,sarcomere_oop,z_intensity_mean,z_intensity_std,z_lat_alignment_mean,z_lat_alignment_std,z_lat_dist_mean,z_lat_dist_std,z_lat_length_groups_mean,z_lat_neighbors_mean,z_lat_neighbors_std,z_length_max,z_length_mean,z_length_std,z_mask_area,z_mask_area_ratio,z_mask_intensity,z_oop,z_straightness_mean,z_straightness_std
618.3675,0.14737773487773487,633.3473419932321,48.341249999999995,18.866249999999997,0.8824776411056519,0.05385392904281616,1.4089501788521854,0.03366902985372214,0.023798428365634353,14.218121528625488,8.779706001281738,2.714833974838257,0.943157847417812,0.0300200307527585,2.0,49.0,263.0,53.0,113.81835174560547,0.18406263548068985,1.4054026787854532,0.29873812536391003,0.8431045413017273,982.3895386189027,181.44255579756216,0.717371658041272,0.684466307442153,1.6625894504336631,0.7007597137746622,4.160100184485702,1.0566037735849056,0.684466307442153,3.0,1.0839622641509434,0.7235769107329344,25.064999999999998,0.04053414838263654,1020.7271095152603,0.7044768253742252,0.8316016041177312,0.11066821378504957
