sarcomere_area,cell_mask_area_ratio,domain_area_std,domain_oop_mean,sarcomere_length_mean,z_mask_intensity,myof_straightness_std,z_mask_area,z_straightness_std,myof_length_mean,myof_bending_std,sarcomere_oop,n_domains,myof_straightness_mean,z_intensity_mean,myof_bending_mean,z_lat_dist_mean,z_lat_length_groups_mean,z_length_max,sarcomere_area_ratio,z_length_std,myof_length_max,domain_slen_mean,z_mask_area_ratio,z_lat_alignment_std,n_zbands,cell_mask_area,cell_mask_intensity,z_oop,z_lat_alignment_mean,z_length_mean,z_lat_dist_std,myof_length_std,n_vectors,z_straightness_mean,n_mbands,z_intensity_std,sarcomere_length_std,z_lat_neighbors_mean,z_lat_neighbors_std,domain_area_mean,domain_oop_std
87.62686157226562,0.21210294117647058,7.627500000000001,0.8377655744552612,1.4438892664836342,1090.3523316062176,0.02987764858984357,21.7125,0.07106890732884782,9.526406288146973,0.030112699095849255,0.5354805588722229,2.0,0.9506342243553766,1076.2620587781053,0.042573225283619336,1.506755500168916,1.1572731912112475,1.65,0.0900073304441883,0.37981883029011426,18.695741653442383,1.4542887481109277,0.02230234116804178,0.4742005389078922,41.0,973.5525,625.112805934965,0.4691898223699874,0.8908752994455905,0.702439024390244,0.5123914573525444,4.0460591316223145,131.0,0.8430543988759592,49.0,131.4685042915209,0.22465040211088314,0.34146341463414637,0.4742005389078922,33.6375,0.03440511226654053
