cell_mask_area,cell_mask_area_ratio,cell_mask_intensity,domain_area_mean,domain_area_std,domain_oop_mean,domain_oop_std,domain_slen_mean,myof_bending_mean,myof_bending_std,myof_length_max,myof_length_mean,myof_length_std,myof_straightness_mean,myof_straightness_std,n_domains,n_mbands,n_vectors,n_zbands,sarcomere_area,sarcomere_area_ratio,sarcomere_length_mean,sarcomere_length_std,sarcomere_oop,z_intensity_mean,z_intensity_std,z_lat_alignment_mean,z_lat_alignment_std,z_lat_dist_mean,z_lat_dist_std,z_lat_length_groups_mean,z_lat_neighbors_mean,z_lat_neighbors_std,z_length_max,z_length_mean,z_length_std,z_mask_area,z_mask_area_ratio,z_mask_intensity,z_oop,z_straightness_mean,z_straightness_std
1524.3525,0.28934510946161796,754.3449054598592,198.1425,144.65532408971333,0.9029305577278137,0.06943986564874649,1.4808458623020382,0.017870488679571087,0.014972115444856169,40.40273666381836,20.527326583862305,10.593957901000977,0.9562845263332899,0.02708513070249583,3.0,182.0,1895.0,191.0,640.143798828125,0.41994472986276143,1.4828216829626106,0.19383858464320544,0.7891947627067566,1487.9662170160723,445.8844266237579,0.8773008536220224,0.7037552921276042,1.5764312799876734,0.6581142905882128,6.133425195044987,1.1518324607329844,0.7037552921276042,7.8,1.6931937172774867,1.273308655063651,126.89999999999999,0.08324846123190009,1548.8312056737589,0.6944016721656606,0.8019854414036879,0.11556419122635816
