cell_mask_area,cell_mask_area_ratio,cell_mask_intensity,domain_area_mean,domain_area_std,domain_oop_mean,domain_oop_std,domain_slen_mean,myof_bending_mean,myof_bending_std,myof_length_max,myof_length_mean,myof_length_std,myof_straightness_mean,myof_straightness_std,n_domains,n_mbands,n_vectors,n_zbands,sarcomere_area,sarcomere_area_ratio,sarcomere_length_mean,sarcomere_length_std,sarcomere_oop,z_intensity_mean,z_intensity_std,z_lat_alignment_mean,z_lat_alignment_std,z_lat_dist_mean,z_lat_dist_std,z_lat_length_groups_mean,z_lat_neighbors_mean,z_lat_neighbors_std,z_length_max,z_length_mean,z_length_std,z_mask_area,z_mask_area_ratio,z_mask_intensity,z_oop,z_straightness_mean,z_straightness_std
928.6875,0.23435725641607996,698.605523924894,44.144999999999996,10.169999999999998,0.9158117771148682,0.06258931756019592,1.5994890517518745,0.020477782355888697,0.007939463712914202,23.138225555419922,15.086963653564453,4.695250511169434,0.9657058783356255,0.012618754457668791,2.0,58.0,197.0,47.0,128.24383544921875,0.1380914844328353,1.5661837037216413,0.24468875894518802,0.9080440998077393,1516.5807550465506,292.40094485978915,0.8773286524603829,0.43604045812594033,2.3866856700095034,0.3920861035171831,1.333417415123342,0.2553191489361702,0.43604045812594033,2.55,0.8585106382978723,0.506271219564343,26.775,0.028831011508176862,1509.524369747899,0.8029679922790233,0.8447250520793653,0.0812940966616157
