sarcomere_area,cell_mask_area_ratio,domain_area_std,domain_oop_mean,sarcomere_length_mean,z_mask_intensity,myof_straightness_std,z_mask_area,z_straightness_std,myof_length_mean,myof_bending_std,sarcomere_oop,n_domains,myof_straightness_mean,z_intensity_mean,myof_bending_mean,z_lat_dist_mean,z_lat_length_groups_mean,z_length_max,sarcomere_area_ratio,z_length_std,myof_length_max,domain_slen_mean,z_mask_area_ratio,z_lat_alignment_std,n_zbands,cell_mask_area,cell_mask_intensity,z_oop,z_lat_alignment_mean,z_length_mean,z_lat_dist_std,myof_length_std,n_vectors,z_straightness_mean,n_mbands,z_intensity_std,sarcomere_length_std,z_lat_neighbors_mean,z_lat_neighbors_std,domain_area_mean,domain_oop_std
134.45143127441406,0.15232152168491692,0.0,0.9186151027679443,1.5596021560009898,1907.1658163265306,0.018844933616711745,26.459999999999997,0.12243021096390204,13.506307601928711,0.012455950066494078,0.9175994396209717,1.0,0.9621980459764863,1745.7438314654428,0.01980644176788547,1.182249432348264,2.4143330810436727,3.4499999999999997,0.22234862019541343,1.1064228837262613,24.323827743530273,1.5771761690964388,0.043758139534883715,0.6249260311258431,39.0,604.6875,772.6088558139535,0.68143497946926,0.7325316369172716,1.3076923076923073,0.27912592088913024,5.919967174530029,256.0,0.8100845004020863,41.0,542.6857622632986,0.26784819326478565,0.6153846153846154,0.6249260311258431,92.3625,0.0
