sarcomere_area,cell_mask_area_ratio,domain_area_std,domain_oop_mean,sarcomere_length_mean,z_mask_intensity,myof_straightness_std,z_mask_area,z_straightness_std,myof_length_mean,myof_bending_std,sarcomere_oop,n_domains,myof_straightness_mean,z_intensity_mean,myof_bending_mean,z_lat_dist_mean,z_lat_length_groups_mean,z_length_max,sarcomere_area_ratio,z_length_std,myof_length_max,domain_slen_mean,z_mask_area_ratio,z_lat_alignment_std,n_zbands,cell_mask_area,cell_mask_intensity,z_oop,z_lat_alignment_mean,z_length_mean,z_lat_dist_std,myof_length_std,n_vectors,z_straightness_mean,n_mbands,z_intensity_std,sarcomere_length_std,z_lat_neighbors_mean,z_lat_neighbors_std,domain_area_mean,domain_oop_std
104.30625915527344,0.19881073583875583,0.0,0.9018786549568176,1.4342813301945307,1626.9530148786218,0.018055489511923706,28.732499999999998,0.12047245559397148,19.541481018066406,0.012524617868084823,0.9018787741661072,1.0,0.9606511111084063,1630.080146751707,0.01771592637182891,1.1311775764081853,2.818706545844911,4.05,0.17202886077758556,0.9107860615973434,36.70429229736328,1.4342813301945307,0.047387561229033696,0.47871355387816905,48.0,606.3299999999999,783.4877541932611,0.8207837911226848,0.7255855833780573,1.3374999999999997,0.4941531044436576,9.782526016235352,359.0,0.817354611316723,41.0,227.7945721416952,0.2461702603152475,0.75,0.47871355387816905,114.5925,0.0
