cell_mask_area,cell_mask_area_ratio,cell_mask_intensity,domain_area_mean,domain_area_std,domain_oop_mean,domain_oop_std,domain_slen_mean,myof_bending_mean,myof_bending_std,myof_length_max,myof_length_mean,myof_length_std,myof_straightness_mean,myof_straightness_std,n_domains,n_mbands,n_vectors,n_zbands,sarcomere_area,sarcomere_area_ratio,sarcomere_length_mean,sarcomere_length_std,sarcomere_oop,z_intensity_mean,z_intensity_std,z_lat_alignment_mean,z_lat_alignment_std,z_lat_dist_mean,z_lat_dist_std,z_lat_length_groups_mean,z_lat_neighbors_mean,z_lat_neighbors_std,z_length_max,z_length_mean,z_length_std,z_mask_area,z_mask_area_ratio,z_mask_intensity,z_oop,z_straightness_mean,z_straightness_std
903.24,0.15090821604715507,658.8758469509764,87.85125,2.688749999999999,0.8265349864959717,0.031123965978622437,1.5515517846551523,0.025539763679056606,0.010852516745092949,50.377044677734375,23.826942443847656,11.470373153686523,0.9282237065706025,0.03828119356675208,2.0,65.0,404.0,61.0,209.01747131347656,0.23140856396248677,1.5516983323768092,0.2263100261110696,0.7931836247444153,1217.7710570579218,210.91033004743275,0.8200692067800736,0.5626558131714922,1.488460653900965,0.6449857524931425,2.8666998694663737,0.7540983606557377,0.5626558131714922,4.35,1.2245901639344263,0.8996640060809802,44.6175,0.049397170187325624,1238.1548159354513,0.741229673763745,0.7954968464933254,0.11703793917292579
