cell_mask_area,cell_mask_area_ratio,cell_mask_intensity,domain_area_mean,domain_area_std,domain_oop_mean,domain_oop_std,domain_slen_mean,myof_bending_mean,myof_bending_std,myof_length_max,myof_length_mean,myof_length_std,myof_straightness_mean,myof_straightness_std,n_domains,n_mbands,n_vectors,n_zbands,sarcomere_area,sarcomere_area_ratio,sarcomere_length_mean,sarcomere_length_std,sarcomere_oop,z_intensity_mean,z_intensity_std,z_lat_alignment_mean,z_lat_alignment_std,z_lat_dist_mean,z_lat_dist_std,z_lat_length_groups_mean,z_lat_neighbors_mean,z_lat_neighbors_std,z_length_max,z_length_mean,z_length_std,z_mask_area,z_mask_area_ratio,z_mask_intensity,z_oop,z_straightness_mean,z_straightness_std
737.1,0.2535701846046674,640.8454822954823,28.06875,5.29875,0.9344885349273682,0.013515174388885498,1.3794861187796867,0.025382439957504544,0.015412385198701573,14.424554824829102,10.700654983520508,2.272326946258545,0.9640478759471544,0.017989951578157713,2.0,40.0,171.0,38.0,69.31584167480469,0.0940385859107376,1.3689762325219257,0.3029151884477817,0.7166703343391418,1268.6401967355337,334.87125948072566,0.7808708313375795,0.4993069989739547,1.9488156795375704,0.6120600029315036,2.016873831580625,0.47368421052631576,0.4993069989739547,3.15,1.0776315789473683,0.6785915530308901,17.482499999999998,0.023717948717948713,1346.3050193050194,0.5367087406122795,0.8291152250430376,0.12133013843118155
