cell_mask_area,cell_mask_area_ratio,cell_mask_intensity,domain_area_mean,domain_area_std,domain_oop_mean,domain_oop_std,domain_slen_mean,myof_bending_mean,myof_bending_std,myof_length_max,myof_length_mean,myof_length_std,myof_straightness_mean,myof_straightness_std,n_domains,n_mbands,n_vectors,n_zbands,sarcomere_area,sarcomere_area_ratio,sarcomere_length_mean,sarcomere_length_std,sarcomere_oop,z_intensity_mean,z_intensity_std,z_lat_alignment_mean,z_lat_alignment_std,z_lat_dist_mean,z_lat_dist_std,z_lat_length_groups_mean,z_lat_neighbors_mean,z_lat_neighbors_std,z_length_max,z_length_mean,z_length_std,z_mask_area,z_mask_area_ratio,z_mask_intensity,z_oop,z_straightness_mean,z_straightness_std
618.75,0.14746889746889746,633.2787272727272,48.34125,18.70875,0.8815613985061646,0.05161526799201965,1.4521545231955253,0.023562210813496326,0.014474631868540349,14.816893577575684,9.18307876586914,3.154031991958618,0.9617704663349405,0.021483020219405267,2.0,49.0,262.0,53.0,113.81382751464844,0.18394153941761363,1.4390091055537813,0.31713428850667796,0.8422991633415222,982.3429735487528,181.4906733947722,0.7189663807163635,0.684466307442153,1.6654826692840778,0.6990475508249653,4.157340589598167,1.0566037735849056,0.684466307442153,3.0,1.081132075471698,0.7251692330196683,25.0875,0.040545454545454544,1020.4968609865471,0.7048143231968793,0.8328594657529514,0.11068074754882111
