cell_mask_area,cell_mask_area_ratio,cell_mask_intensity,domain_area_mean,domain_area_std,domain_oop_mean,domain_oop_std,domain_slen_mean,myof_bending_mean,myof_bending_std,myof_length_max,myof_length_mean,myof_length_std,myof_straightness_mean,myof_straightness_std,n_domains,n_mbands,n_vectors,n_zbands,sarcomere_area,sarcomere_area_ratio,sarcomere_length_mean,sarcomere_length_std,sarcomere_oop,z_intensity_mean,z_intensity_std,z_lat_alignment_mean,z_lat_alignment_std,z_lat_dist_mean,z_lat_dist_std,z_lat_length_groups_mean,z_lat_neighbors_mean,z_lat_neighbors_std,z_length_max,z_length_mean,z_length_std,z_mask_area,z_mask_area_ratio,z_mask_intensity,z_oop,z_straightness_mean,z_straightness_std
737.235,0.2536166260304192,640.8228651651102,27.314999999999998,4.725,0.9391671419143677,0.009500473737716675,1.37529013074597,0.024167705002464377,0.012525556219791905,14.660910606384277,10.15011215209961,1.7875640392303467,0.9622949476074047,0.016367607294326444,2.0,40.0,167.0,38.0,69.2608642578125,0.09394679343467482,1.3696947408356108,0.30937686239434453,0.7298644185066223,1268.6401967355337,334.87125948072566,0.7808362000633894,0.4993069989739547,1.9488156795375704,0.6120600029315036,2.016873831580625,0.47368421052631576,0.4993069989739547,3.15,1.0776315789473683,0.6785915530308901,17.46,0.023683086125862174,1346.8298969072166,0.5367087406122795,0.8291152250430376,0.12133013843118155
