cell_mask_area,cell_mask_area_ratio,cell_mask_intensity,domain_area_mean,domain_area_std,domain_oop_mean,domain_oop_std,domain_slen_mean,myof_bending_mean,myof_bending_std,myof_length_max,myof_length_mean,myof_length_std,myof_straightness_mean,myof_straightness_std,n_domains,n_mbands,n_vectors,n_zbands,sarcomere_area,sarcomere_area_ratio,sarcomere_length_mean,sarcomere_length_std,sarcomere_oop,z_intensity_mean,z_intensity_std,z_lat_alignment_mean,z_lat_alignment_std,z_lat_dist_mean,z_lat_dist_std,z_lat_length_groups_mean,z_lat_neighbors_mean,z_lat_neighbors_std,z_length_max,z_length_mean,z_length_std,z_mask_area,z_mask_area_ratio,z_mask_intensity,z_oop,z_straightness_mean,z_straightness_std
604.6875,0.15232152168491692,772.6088558139535,92.61,0.0,0.9182642698287964,0.0,1.580806467952075,0.014765754919763386,0.009697662589399763,26.034671783447266,15.517143249511719,5.349732875823975,0.9609214202795043,0.022496992999509226,1.0,41.0,255.0,39.0,134.4514617919922,0.22234867066375968,1.5634809487553445,0.27025589774687425,0.9172914028167725,1745.7438314654428,542.6857622632986,0.7325106388594899,0.6249260311258431,1.182249432348264,0.27912592088913024,2.4143330810436727,0.6153846153846154,0.6249260311258431,3.4499999999999997,1.3076923076923073,1.1064228837262613,26.459999999999997,0.043758139534883715,1907.1658163265306,0.68143497946926,0.8100845004020863,0.12243021096390204
