cell_mask_area,cell_mask_area_ratio,cell_mask_intensity,domain_area_mean,domain_area_std,domain_oop_mean,domain_oop_std,domain_slen_mean,myof_bending_mean,myof_bending_std,myof_length_max,myof_length_mean,myof_length_std,myof_straightness_mean,myof_straightness_std,n_domains,n_mbands,n_vectors,n_zbands,sarcomere_area,sarcomere_area_ratio,sarcomere_length_mean,sarcomere_length_std,sarcomere_oop,z_intensity_mean,z_intensity_std,z_lat_alignment_mean,z_lat_alignment_std,z_lat_dist_mean,z_lat_dist_std,z_lat_length_groups_mean,z_lat_neighbors_mean,z_lat_neighbors_std,z_length_max,z_length_mean,z_length_std,z_mask_area,z_mask_area_ratio,z_mask_intensity,z_oop,z_straightness_mean,z_straightness_std
1217.2275,0.23396084435045472,592.9722545703248,29.283749999999998,8.58375,0.47871771454811096,0.3655843436717987,1.5195562032682677,0.031241171105681045,0.004480806127830493,10.597439765930176,8.971502304077148,1.5659878253936768,0.9457699678749191,0.006745577631016686,2.0,34.0,98.0,30.0,68.21224975585938,0.05603903112266144,1.5341871729689849,0.23743431293180386,0.5816608667373657,1097.6432013477784,171.25989053906355,0.5169911206332418,0.4988876515698589,1.8032475924433757,0.6835398245718677,1.3835970933523318,0.4666666666666667,0.4988876515698589,1.95,0.64,0.38716921365211876,16.02,0.013161056581452522,1104.504213483146,0.4456561592588099,0.8649521844647781,0.09190741270456744
