sarcomere_area,cell_mask_area_ratio,domain_area_std,domain_oop_mean,sarcomere_length_mean,z_mask_intensity,myof_straightness_std,z_mask_area,z_straightness_std,myof_length_mean,myof_bending_std,sarcomere_oop,n_domains,myof_straightness_mean,z_intensity_mean,myof_bending_mean,z_lat_dist_mean,z_lat_length_groups_mean,z_length_max,sarcomere_area_ratio,z_length_std,myof_length_max,domain_slen_mean,z_mask_area_ratio,z_lat_alignment_std,n_zbands,cell_mask_area,cell_mask_intensity,z_oop,z_lat_alignment_mean,z_length_mean,z_lat_dist_std,myof_length_std,n_vectors,z_straightness_mean,n_mbands,z_intensity_std,sarcomere_length_std,z_lat_neighbors_mean,z_lat_neighbors_std,domain_area_mean,domain_oop_std
169.74569702148438,0.19739002338970854,0.0,0.806072473526001,1.4772767500958448,1239.5076828518745,0.037810928515009626,36.6075,0.13554768477649248,14.165316581726074,0.019479417212258997,0.8060724139213562,1.0,0.9419277629299722,1200.3618871242945,0.023025142776181076,1.364923580638,5.201908296765599,12.299999999999999,0.21489313245093175,1.820878908659222,21.976816177368164,1.4772767500958448,0.04634403395334264,0.668042657122685,55.0,789.9075,655.7997835189564,0.7722813735924926,0.815625495266572,1.6199999999999997,0.6992736367248092,5.300337791442871,483.0,0.8118391322705396,43.0,216.7743085151075,0.15914690466035655,1.0909090909090908,0.668042657122685,159.75,0.0
