cell_mask_area,cell_mask_area_ratio,cell_mask_intensity,domain_area_mean,domain_area_std,domain_oop_mean,domain_oop_std,domain_slen_mean,myof_bending_mean,myof_bending_std,myof_length_max,myof_length_mean,myof_length_std,myof_straightness_mean,myof_straightness_std,n_domains,n_mbands,n_vectors,n_zbands,sarcomere_area,sarcomere_area_ratio,sarcomere_length_mean,sarcomere_length_std,sarcomere_oop,z_intensity_mean,z_intensity_std,z_lat_alignment_mean,z_lat_alignment_std,z_lat_dist_mean,z_lat_dist_std,z_lat_length_groups_mean,z_lat_neighbors_mean,z_lat_neighbors_std,z_length_max,z_length_mean,z_length_std,z_mask_area,z_mask_area_ratio,z_mask_intensity,z_oop,z_straightness_mean,z_straightness_std
868.3199999999999,0.12568637029799706,675.0857172470978,22.66875,1.0912499999999987,0.8505170941352844,0.045796990394592285,1.5521768719190288,0.015434643065389978,0.007381022715499591,18.72762680053711,12.329916000366211,5.19838285446167,0.9487404731792022,0.017018146380603744,2.0,43.0,147.0,39.0,89.6487045288086,0.10324385540907569,1.5587360515041249,0.19060961423428008,0.505217432975769,1323.8129812511454,344.3767018399157,0.6778332570011077,0.36080121229411,2.382802497986407,0.5807342383480821,1.0527335414988672,0.15384615384615385,0.36080121229411,2.1,0.7884615384615384,0.44899625069269194,20.3175,0.02339863184079602,1321.9645625692137,0.4384133281901849,0.8762166239886248,0.07538023169298673
