cell_mask_area,cell_mask_area_ratio,cell_mask_intensity,domain_area_mean,domain_area_std,domain_oop_mean,domain_oop_std,domain_slen_mean,myof_bending_mean,myof_bending_std,myof_length_max,myof_length_mean,myof_length_std,myof_straightness_mean,myof_straightness_std,n_domains,n_mbands,n_vectors,n_zbands,sarcomere_area,sarcomere_area_ratio,sarcomere_length_mean,sarcomere_length_std,sarcomere_oop,z_intensity_mean,z_intensity_std,z_lat_alignment_mean,z_lat_alignment_std,z_lat_dist_mean,z_lat_dist_std,z_lat_length_groups_mean,z_lat_neighbors_mean,z_lat_neighbors_std,z_length_max,z_length_mean,z_length_std,z_mask_area,z_mask_area_ratio,z_mask_intensity,z_oop,z_straightness_mean,z_straightness_std
1217.0475,0.23392624691325986,592.9809395278327,28.822499999999998,8.28,0.48311564326286316,0.36996573209762573,1.5233735508656758,0.03396846914470227,0.025136198440076602,10.440695762634277,8.741192817687988,1.7838516235351562,0.9571729159759951,0.02292142537106007,2.0,34.0,97.0,30.0,68.24002838134766,0.056070143836906665,1.5341917759813508,0.23379172086341463,0.5842912197113037,1097.6432013477784,171.25989053906355,0.5172846786074611,0.4988876515698589,1.8032475924433757,0.6835398245718677,1.3835970933523318,0.4666666666666667,0.4988876515698589,1.95,0.64,0.38716921365211876,16.02,0.01316300308738977,1104.504213483146,0.4456561592588099,0.8649521844647781,0.09190741270456744
