cell_mask_area,cell_mask_area_ratio,cell_mask_intensity,domain_area_mean,domain_area_std,domain_oop_mean,domain_oop_std,domain_slen_mean,myof_bending_mean,myof_bending_std,myof_length_max,myof_length_mean,myof_length_std,myof_straightness_mean,myof_straightness_std,n_domains,n_mbands,n_vectors,n_zbands,sarcomere_area,sarcomere_area_ratio,sarcomere_length_mean,sarcomere_length_std,sarcomere_oop,z_intensity_mean,z_intensity_std,z_lat_alignment_mean,z_lat_alignment_std,z_lat_dist_mean,z_lat_dist_std,z_lat_length_groups_mean,z_lat_neighbors_mean,z_lat_neighbors_std,z_length_max,z_length_mean,z_length_std,z_mask_area,z_mask_area_ratio,z_mask_intensity,z_oop,z_straightness_mean,z_straightness_std
530.55,0.2928355873477143,635.8416878710772,73.82249999999999,0.0,0.8988223671913147,0.0,1.5155131329868454,0.02536331318782099,0.022558070485681612,12.453572273254395,8.282583236694336,1.9238064289093018,0.951432661821409,0.04152995345130508,1.0,35.0,150.0,35.0,88.946044921875,0.16764875114857225,1.5155131329868454,0.20409570897071588,0.8988223671913147,954.8616993249841,85.52770370837433,0.738659202245438,0.6963461489687965,1.756007269137351,0.6737495608434804,3.641654755557195,1.0285714285714285,0.6963461489687965,3.0,0.8657142857142858,0.5881898902044946,19.439999999999998,0.0366412213740458,956.6423611111111,0.7879697887066575,0.8375253643311876,0.08492965293183426
