sarcomere_area,cell_mask_area_ratio,domain_area_std,domain_oop_mean,sarcomere_length_mean,z_mask_intensity,myof_straightness_std,z_mask_area,z_straightness_std,myof_length_mean,myof_bending_std,sarcomere_oop,n_domains,myof_straightness_mean,z_intensity_mean,myof_bending_mean,z_lat_dist_mean,z_lat_length_groups_mean,z_length_max,sarcomere_area_ratio,z_length_std,myof_length_max,domain_slen_mean,z_mask_area_ratio,z_lat_alignment_std,n_zbands,cell_mask_area,cell_mask_intensity,z_oop,z_lat_alignment_mean,z_length_mean,z_lat_dist_std,myof_length_std,n_vectors,z_straightness_mean,n_mbands,z_intensity_std,sarcomere_length_std,z_lat_neighbors_mean,z_lat_neighbors_std,domain_area_mean,domain_oop_std
48.174617767333984,0.26958800670756805,0.0,0.8348765969276428,1.400100248524805,876.9690721649484,0.011736587734804778,10.9125,0.10668413159614697,10.292241096496582,0.013614780854145112,0.838847815990448,1.0,0.954156748072036,862.8639076318385,0.02773950636850662,1.9332035496370301,1.527734516545677,1.95,0.07974873819251423,0.44352987498025426,13.248796463012695,1.4099959542713665,0.018064660309892733,0.5,24.0,604.0799999999999,602.7513781287247,0.7203059232585202,0.674103607964715,0.6625,0.5981003558524125,2.791048526763916,91.0,0.8844736824220455,24.0,137.5604858285635,0.22348397956944965,0.5,0.5,37.934999999999995,0.0
