sarcomere_area,cell_mask_area_ratio,domain_area_std,domain_oop_mean,sarcomere_length_mean,z_mask_intensity,myof_straightness_std,z_mask_area,z_straightness_std,myof_length_mean,myof_bending_std,sarcomere_oop,n_domains,myof_straightness_mean,z_intensity_mean,myof_bending_mean,z_lat_dist_mean,z_lat_length_groups_mean,z_length_max,sarcomere_area_ratio,z_length_std,myof_length_max,domain_slen_mean,z_mask_area_ratio,z_lat_alignment_std,n_zbands,cell_mask_area,cell_mask_intensity,z_oop,z_lat_alignment_mean,z_length_mean,z_lat_dist_std,myof_length_std,n_vectors,z_straightness_mean,n_mbands,z_intensity_std,sarcomere_length_std,z_lat_neighbors_mean,z_lat_neighbors_std,domain_area_mean,domain_oop_std
82.83136749267578,0.3495112547706207,0.0,0.8964771032333374,1.3714950872962488,786.9021479713604,0.032749428789032864,18.855,0.0875490772444973,6.124639987945557,0.0163463041818008,0.6199379563331604,1.0,0.9672505712109671,775.6692905781883,0.0163463041818008,1.7009054687727199,1.6948468750100976,1.65,0.10254865346626899,0.3137858162210944,6.65240478515625,1.367939356137677,0.023343268614724647,0.7378202343558029,39.0,807.7275,596.7794924649712,0.4797447704073527,0.8981290256459391,0.6499999999999999,0.6437550670084495,0.5256702303886414,110.0,0.8650610896827388,50.0,75.98127648575108,0.15787277203842784,0.6153846153846154,0.7378202343558029,36.9225,0.0
