cell_mask_area,cell_mask_area_ratio,cell_mask_intensity,domain_area_mean,domain_area_std,domain_oop_mean,domain_oop_std,domain_slen_mean,myof_bending_mean,myof_bending_std,myof_length_max,myof_length_mean,myof_length_std,myof_straightness_mean,myof_straightness_std,n_domains,n_mbands,n_vectors,n_zbands,sarcomere_area,sarcomere_area_ratio,sarcomere_length_mean,sarcomere_length_std,sarcomere_oop,z_intensity_mean,z_intensity_std,z_lat_alignment_mean,z_lat_alignment_std,z_lat_dist_mean,z_lat_dist_std,z_lat_length_groups_mean,z_lat_neighbors_mean,z_lat_neighbors_std,z_length_max,z_length_mean,z_length_std,z_mask_area,z_mask_area_ratio,z_mask_intensity,z_oop,z_straightness_mean,z_straightness_std
603.72,0.26942734639367805,602.7977415026834,38.0025,0.0,0.8242774605751038,0.0,1.4111704558403064,0.010287386755304365,0.004315260239386878,12.970492362976074,9.894234657287598,2.340390682220459,0.9723806478408058,0.012811524931325763,1.0,24.0,90.0,24.0,48.18561553955078,0.07981450927507915,1.4012327132038056,0.2279591112705059,0.8285507559776306,862.9220296125148,137.5166746695627,0.675519978300291,0.5,1.9332035496370301,0.5981003558524125,1.527734516545677,0.5,0.5,1.95,0.6625,0.44352987498025426,10.934999999999999,0.018112701252236133,876.7942386831276,0.7205583821713617,0.885699172618124,0.10443291833583918
