cell_mask_area,cell_mask_area_ratio,cell_mask_intensity,domain_area_mean,domain_area_std,domain_oop_mean,domain_oop_std,domain_slen_mean,myof_bending_mean,myof_bending_std,myof_length_max,myof_length_mean,myof_length_std,myof_straightness_mean,myof_straightness_std,n_domains,n_mbands,n_vectors,n_zbands,sarcomere_area,sarcomere_area_ratio,sarcomere_length_mean,sarcomere_length_std,sarcomere_oop,z_intensity_mean,z_intensity_std,z_lat_alignment_mean,z_lat_alignment_std,z_lat_dist_mean,z_lat_dist_std,z_lat_length_groups_mean,z_lat_neighbors_mean,z_lat_neighbors_std,z_length_max,z_length_mean,z_length_std,z_mask_area,z_mask_area_ratio,z_mask_intensity,z_oop,z_straightness_mean,z_straightness_std
515.97,0.34457266498377215,586.4367259724403,,,,,,0.031119106721027707,0.009780030928750677,6.894937515258789,6.488893508911133,0.2672216594219208,0.9572036588981746,0.015443788742543632,0.0,14.0,52.0,15.0,28.054309844970703,0.054371978690564766,1.4858540452350715,0.35402772044936776,0.8720871210098267,821.2843661543112,79.22403195913988,0.8309540387941474,0.44221663871405337,1.2265690065918138,0.055031555205815263,1.2963952317833562,0.26666666666666666,0.44221663871405337,1.95,0.9600000000000001,0.4737087712930804,6.885,0.013343799058084771,809.9150326797386,0.7942905451286407,0.8229655624345028,0.08935555644222332
