cell_mask_area,cell_mask_area_ratio,cell_mask_intensity,domain_area_mean,domain_area_std,domain_oop_mean,domain_oop_std,domain_slen_mean,myof_bending_mean,myof_bending_std,myof_length_max,myof_length_mean,myof_length_std,myof_straightness_mean,myof_straightness_std,n_domains,n_mbands,n_vectors,n_zbands,sarcomere_area,sarcomere_area_ratio,sarcomere_length_mean,sarcomere_length_std,sarcomere_oop,z_intensity_mean,z_intensity_std,z_lat_alignment_mean,z_lat_alignment_std,z_lat_dist_mean,z_lat_dist_std,z_lat_length_groups_mean,z_lat_neighbors_mean,z_lat_neighbors_std,z_length_max,z_length_mean,z_length_std,z_mask_area,z_mask_area_ratio,z_mask_intensity,z_oop,z_straightness_mean,z_straightness_std
604.0799999999999,0.26958800670756805,602.7513781287247,37.934999999999995,0.0,0.8348765969276428,0.0,1.4099959542713665,0.02773950636850662,0.013614780854145112,13.248796463012695,10.292241096496582,2.791048526763916,0.954156748072036,0.011736587734804778,1.0,24.0,91.0,24.0,48.174617767333984,0.07974873819251423,1.400100248524805,0.22348397956944965,0.838847815990448,862.8639076318385,137.5604858285635,0.674103607964715,0.5,1.9332035496370301,0.5981003558524125,1.527734516545677,0.5,0.5,1.95,0.6625,0.44352987498025426,10.9125,0.018064660309892733,876.9690721649484,0.7203059232585202,0.8844736824220455,0.10668413159614697
