cell_mask_area,cell_mask_area_ratio,cell_mask_intensity,domain_area_mean,domain_area_std,domain_oop_mean,domain_oop_std,domain_slen_mean,myof_bending_mean,myof_bending_std,myof_length_max,myof_length_mean,myof_length_std,myof_straightness_mean,myof_straightness_std,n_domains,n_mbands,n_vectors,n_zbands,sarcomere_area,sarcomere_area_ratio,sarcomere_length_mean,sarcomere_length_std,sarcomere_oop,z_intensity_mean,z_intensity_std,z_lat_alignment_mean,z_lat_alignment_std,z_lat_dist_mean,z_lat_dist_std,z_lat_length_groups_mean,z_lat_neighbors_mean,z_lat_neighbors_std,z_length_max,z_length_mean,z_length_std,z_mask_area,z_mask_area_ratio,z_mask_intensity,z_oop,z_straightness_mean,z_straightness_std
807.3675,0.34935547939870704,596.8153164451132,37.0575,0.0,0.9073847532272339,0.0,1.383267021901584,0.01001262570085402,0.010408028570201611,6.621336460113525,5.964284420013428,0.3964039385318756,0.9758491641069986,0.015325481042943408,1.0,50.0,110.0,39.0,82.83499145507812,0.10259886787005686,1.3876403376429038,0.1461386669220414,0.6488906741142273,775.6692905781883,75.98127648575108,0.8979309282318622,0.7378202343558029,1.7009054687727199,0.6437550670084495,1.6948468750100976,0.6153846153846154,0.7378202343558029,1.65,0.6499999999999999,0.3137858162210944,18.855,0.023353677228771286,786.8568019093078,0.4797447704073527,0.8650610896827388,0.0875490772444973
