sarcomere_area,cell_mask_area_ratio,domain_area_std,domain_oop_mean,sarcomere_length_mean,z_mask_intensity,myof_straightness_std,z_mask_area,z_straightness_std,myof_length_mean,myof_bending_std,sarcomere_oop,n_domains,myof_straightness_mean,z_intensity_mean,myof_bending_mean,z_lat_dist_mean,z_lat_length_groups_mean,z_length_max,sarcomere_area_ratio,z_length_std,myof_length_max,domain_slen_mean,z_mask_area_ratio,z_lat_alignment_std,n_zbands,cell_mask_area,cell_mask_intensity,z_oop,z_lat_alignment_mean,z_length_mean,z_lat_dist_std,myof_length_std,n_vectors,z_straightness_mean,n_mbands,z_intensity_std,sarcomere_length_std,z_lat_neighbors_mean,z_lat_neighbors_std,domain_area_mean,domain_oop_std
204.90298461914062,0.2531529465718872,0.0,0.5652787685394287,1.418376184686816,888.0015212981745,0.03164752948228722,44.37,0.11262538413745193,11.53639030456543,0.028087438738307317,0.5652788877487183,1.0,0.9474657330368643,883.4973370729792,0.03462647414637616,1.6224500865421798,5.676947021039927,4.05,0.22913645623002843,0.844159018402611,20.64215850830078,1.418376184686816,0.04961755233494364,0.6679724007602359,86.0,894.24,620.5770682367149,0.4672773001455034,0.8105053926142692,1.0936046511627908,0.7186137465142695,3.904660224914551,477.0,0.8227969349797841,80.0,116.90839844421595,0.2684357722682978,1.255813953488372,0.6679724007602359,186.14249999999998,0.0
