cell_mask_area,cell_mask_area_ratio,cell_mask_intensity,domain_area_mean,domain_area_std,domain_oop_mean,domain_oop_std,domain_slen_mean,myof_bending_mean,myof_bending_std,myof_length_max,myof_length_mean,myof_length_std,myof_straightness_mean,myof_straightness_std,n_domains,n_mbands,n_vectors,n_zbands,sarcomere_area,sarcomere_area_ratio,sarcomere_length_mean,sarcomere_length_std,sarcomere_oop,z_intensity_mean,z_intensity_std,z_lat_alignment_mean,z_lat_alignment_std,z_lat_dist_mean,z_lat_dist_std,z_lat_length_groups_mean,z_lat_neighbors_mean,z_lat_neighbors_std,z_length_max,z_length_mean,z_length_std,z_mask_area,z_mask_area_ratio,z_mask_intensity,z_oop,z_straightness_mean,z_straightness_std
814.6574999999999,0.34996472032399306,569.3802579611678,20.205,0.0,0.8685087561607361,0.0,1.6728252748659163,0.02654813938454908,0.0,10.553199768066406,10.553200721740723,9.5367431640625e-07,0.9665615141955834,0.0,1.0,52.0,109.0,38.0,89.12661743164062,0.10940378923859491,1.46699941045605,0.2629947283251624,0.3104477822780609,798.973142500204,96.07068577040475,0.6685648060096009,0.4823763889427199,1.9789581085865289,0.8866931850756606,1.1146034438743773,0.3684210526315789,0.4823763889427199,1.65,0.5447368421052632,0.35832018056558573,22.072499999999998,0.027094208302261995,796.8603465851172,0.19303401811379028,0.8900223781446942,0.09605993705768275
