sarcomere_area,cell_mask_area_ratio,domain_area_std,domain_oop_mean,sarcomere_length_mean,z_mask_intensity,myof_straightness_std,z_mask_area,z_straightness_std,myof_length_mean,myof_bending_std,sarcomere_oop,n_domains,myof_straightness_mean,z_intensity_mean,myof_bending_mean,z_lat_dist_mean,z_lat_length_groups_mean,z_length_max,sarcomere_area_ratio,z_length_std,myof_length_max,domain_slen_mean,z_mask_area_ratio,z_lat_alignment_std,n_zbands,cell_mask_area,cell_mask_intensity,z_oop,z_lat_alignment_mean,z_length_mean,z_lat_dist_std,myof_length_std,n_vectors,z_straightness_mean,n_mbands,z_intensity_std,sarcomere_length_std,z_lat_neighbors_mean,z_lat_neighbors_std,domain_area_mean,domain_oop_std
65.24217224121094,0.4174367150387193,0.0,0.8384440541267395,1.4906191827341797,791.1442006269592,0.022214018864307968,14.354999999999999,0.09431968681377298,8.230660438537598,0.007911362472224797,0.8720190525054932,1.0,0.9677821140576184,797.1799235037838,0.014872781261265044,1.6010829246043927,1.4683032188892298,1.95,0.1130072138278723,0.44755193483550043,13.425333976745605,1.54732188977676,0.02486456993647453,0.49607837082461076,32.0,577.3275,595.1826259791886,0.8061620156264601,0.7073643717218758,0.7968749999999999,0.6908312053277054,2.3072075843811035,126.0,0.8550771249340245,30.0,65.37416766669112,0.2282541737954427,0.4375,0.49607837082461076,38.3625,0.0
