cell_mask_area,cell_mask_area_ratio,cell_mask_intensity,domain_area_mean,domain_area_std,domain_oop_mean,domain_oop_std,domain_slen_mean,myof_bending_mean,myof_bending_std,myof_length_max,myof_length_mean,myof_length_std,myof_straightness_mean,myof_straightness_std,n_domains,n_mbands,n_vectors,n_zbands,sarcomere_area,sarcomere_area_ratio,sarcomere_length_mean,sarcomere_length_std,sarcomere_oop,z_intensity_mean,z_intensity_std,z_lat_alignment_mean,z_lat_alignment_std,z_lat_dist_mean,z_lat_dist_std,z_lat_length_groups_mean,z_lat_neighbors_mean,z_lat_neighbors_std,z_length_max,z_length_mean,z_length_std,z_mask_area,z_mask_area_ratio,z_mask_intensity,z_oop,z_straightness_mean,z_straightness_std
576.675,0.41696492483894054,595.2672649239173,38.97,0.0,0.8314104676246643,0.0,1.5478403425085896,0.01373011012409825,0.011849396544268318,9.923693656921387,7.821486949920654,1.1552996635437012,0.9748968074666619,0.013399607974854622,1.0,30.0,127.0,32.0,65.26720428466797,0.11317848750972033,1.4929430668639267,0.22625274510684576,0.8658929467201233,797.1790331903935,65.37409515356282,0.6894154929992924,0.4841229182759271,1.5725536152443091,0.7182096679814696,1.3205892958256098,0.375,0.4841229182759271,1.95,0.778125,0.4396265282885008,14.309999999999999,0.02481467030823254,791.1100628930818,0.804036824572976,0.856848920110826,0.0907278448477121
