sarcomere_area,cell_mask_area_ratio,domain_area_std,domain_oop_mean,sarcomere_length_mean,z_mask_intensity,myof_straightness_std,z_mask_area,z_straightness_std,myof_length_mean,myof_bending_std,sarcomere_oop,n_domains,myof_straightness_mean,z_intensity_mean,myof_bending_mean,z_lat_dist_mean,z_lat_length_groups_mean,z_length_max,sarcomere_area_ratio,z_length_std,myof_length_max,domain_slen_mean,z_mask_area_ratio,z_lat_alignment_std,n_zbands,cell_mask_area,cell_mask_intensity,z_oop,z_lat_alignment_mean,z_length_mean,z_lat_dist_std,myof_length_std,n_vectors,z_straightness_mean,n_mbands,z_intensity_std,sarcomere_length_std,z_lat_neighbors_mean,z_lat_neighbors_std,domain_area_mean,domain_oop_std
62.370399475097656,0.42541138076852364,0.40500000000000114,0.592188835144043,1.5411577340039817,782.6943573667712,0.017209525861706283,14.354999999999999,0.10230303960952708,8.404932022094727,0.007004543305719782,0.6871239542961121,2.0,0.9566392872825634,797.639421926047,0.015559901480550949,2.164420992784505,2.5170849972248095,3.75,0.07487690106827975,0.9163635862594182,10.408040046691895,1.5434817641699148,0.01723346208908457,0.6849348892187752,18.0,832.9725,584.531428108371,0.554476828792037,0.7824227915242904,1.2166666666666668,0.44472661938963526,1.753746509552002,109.0,0.808310004613805,24.0,73.92320911010857,0.26880140322842333,0.5555555555555556,0.6849348892187752,26.9775,0.3904235363006592
