sarcomere_area,cell_mask_area_ratio,domain_area_std,domain_oop_mean,sarcomere_length_mean,z_mask_intensity,myof_straightness_std,z_mask_area,z_straightness_std,myof_length_mean,myof_bending_std,sarcomere_oop,n_domains,myof_straightness_mean,z_intensity_mean,myof_bending_mean,z_lat_dist_mean,z_lat_length_groups_mean,z_length_max,sarcomere_area_ratio,z_length_std,myof_length_max,domain_slen_mean,z_mask_area_ratio,z_lat_alignment_std,n_zbands,cell_mask_area,cell_mask_intensity,z_oop,z_lat_alignment_mean,z_length_mean,z_lat_dist_std,myof_length_std,n_vectors,z_straightness_mean,n_mbands,z_intensity_std,sarcomere_length_std,z_lat_neighbors_mean,z_lat_neighbors_std,domain_area_mean,domain_oop_std
89.12657165527344,0.34996472032399306,0.0,0.868495523929596,1.4738932201588768,796.8603465851172,0.015864892528147434,22.072499999999998,0.09605993705768275,8.68514347076416,0.009983486542717508,0.3104463219642639,1.0,0.932446264073695,798.973142500204,0.02630439554657374,1.9789581085865289,1.1146034438743773,1.65,0.10940373304765923,0.35832018056558573,8.719688415527344,1.6836549527260873,0.027094208302261995,0.4823763889427199,38.0,814.6574999999999,569.3802579611678,0.19303401811379026,0.6686125424298676,0.5447368421052632,0.8866931850756606,0.020638590678572655,109.0,0.8900223781446942,52.0,96.07068577040475,0.2616286290513919,0.3684210526315789,0.4823763889427199,20.384999999999998,0.0
