cell_mask_area,cell_mask_area_ratio,cell_mask_intensity,domain_area_mean,domain_area_std,domain_oop_mean,domain_oop_std,domain_slen_mean,myof_bending_mean,myof_bending_std,myof_length_max,myof_length_mean,myof_length_std,myof_straightness_mean,myof_straightness_std,n_domains,n_mbands,n_vectors,n_zbands,sarcomere_area,sarcomere_area_ratio,sarcomere_length_mean,sarcomere_length_std,sarcomere_oop,z_intensity_mean,z_intensity_std,z_lat_alignment_mean,z_lat_alignment_std,z_lat_dist_mean,z_lat_dist_std,z_lat_length_groups_mean,z_lat_neighbors_mean,z_lat_neighbors_std,z_length_max,z_length_mean,z_length_std,z_mask_area,z_mask_area_ratio,z_mask_intensity,z_oop,z_straightness_mean,z_straightness_std
894.24,0.2531529465718872,620.5770682367149,186.14249999999998,0.0,0.5652787685394287,0.0,1.418376184686816,0.03462647414637616,0.028087438738307317,20.64215850830078,11.53639030456543,3.904660224914551,0.9474657330368643,0.03164752948228722,1.0,80.0,477.0,86.0,204.90298461914062,0.22913645623002843,1.418376184686816,0.2684357722682978,0.5652788877487183,883.4973370729792,116.90839844421595,0.8105053926142692,0.6679724007602359,1.6224500865421798,0.7186137465142695,5.676947021039927,1.255813953488372,0.6679724007602359,4.05,1.0936046511627908,0.844159018402611,44.37,0.04961755233494364,888.0015212981745,0.4672773001455034,0.8227969349797841,0.11262538413745193
