cell_mask_area,cell_mask_area_ratio,cell_mask_intensity,domain_area_mean,domain_area_std,domain_oop_mean,domain_oop_std,domain_slen_mean,myof_bending_mean,myof_bending_std,myof_length_max,myof_length_mean,myof_length_std,myof_straightness_mean,myof_straightness_std,n_domains,n_mbands,n_vectors,n_zbands,sarcomere_area,sarcomere_area_ratio,sarcomere_length_mean,sarcomere_length_std,sarcomere_oop,z_intensity_mean,z_intensity_std,z_lat_alignment_mean,z_lat_alignment_std,z_lat_dist_mean,z_lat_dist_std,z_lat_length_groups_mean,z_lat_neighbors_mean,z_lat_neighbors_std,z_length_max,z_length_mean,z_length_std,z_mask_area,z_mask_area_ratio,z_mask_intensity,z_oop,z_straightness_mean,z_straightness_std
751.9499999999999,0.3445964756709939,573.0147516457212,80.41499999999999,0.0,0.8743322491645813,0.0,1.631248913119635,0.03237104020656529,0.0192526929876545,18.991472244262695,11.958139419555664,3.67564058303833,0.9523184994035929,0.024607554053647777,1.0,36.0,219.0,47.0,113.03872680664062,0.15032745103616016,1.641326684073623,0.15636434349503348,0.8881629109382629,763.3080326660971,98.8346714734407,0.8401530466842083,0.6966257678189319,1.4757700713182162,0.7154546972898792,3.05667766276003,0.9361702127659575,0.6966257678189319,3.0,0.9351063829787231,0.6558180609804778,22.86,0.030400957510472774,780.8041338582677,0.858910822488552,0.8713311401154161,0.10257369342088427
