cell_mask_area,cell_mask_area_ratio,cell_mask_intensity,domain_area_mean,domain_area_std,domain_oop_mean,domain_oop_std,domain_slen_mean,myof_bending_mean,myof_bending_std,myof_length_max,myof_length_mean,myof_length_std,myof_straightness_mean,myof_straightness_std,n_domains,n_mbands,n_vectors,n_zbands,sarcomere_area,sarcomere_area_ratio,sarcomere_length_mean,sarcomere_length_std,sarcomere_oop,z_intensity_mean,z_intensity_std,z_lat_alignment_mean,z_lat_alignment_std,z_lat_dist_mean,z_lat_dist_std,z_lat_length_groups_mean,z_lat_neighbors_mean,z_lat_neighbors_std,z_length_max,z_length_mean,z_length_std,z_mask_area,z_mask_area_ratio,z_mask_intensity,z_oop,z_straightness_mean,z_straightness_std
832.5899999999999,0.4252160323588895,584.5634796238245,27.224999999999998,0.2699999999999996,0.5781947374343872,0.4045049846172333,1.5481816091798257,0.012333707260466707,0.002455912396317627,10.445329666137695,8.679133415222168,1.75874662399292,0.962015757318262,0.00649377062577999,2.0,24.0,110.0,18.0,62.363677978515625,0.07490322725292838,1.5451771364813889,0.2707158168374894,0.672372579574585,797.639421926047,73.92320911010857,0.7804793310743464,0.6849348892187752,2.164420992784505,0.44472661938963526,2.5170849972248095,0.5555555555555556,0.6849348892187752,3.75,1.2166666666666668,0.9163635862594182,14.3325,0.01721435520484272,782.6624803767661,0.554476828792037,0.808310004613805,0.10230303960952708
