cell_mask_area,cell_mask_area_ratio,cell_mask_intensity,domain_area_mean,domain_area_std,domain_oop_mean,domain_oop_std,domain_slen_mean,myof_bending_mean,myof_bending_std,myof_length_max,myof_length_mean,myof_length_std,myof_straightness_mean,myof_straightness_std,n_domains,n_mbands,n_vectors,n_zbands,sarcomere_area,sarcomere_area_ratio,sarcomere_length_mean,sarcomere_length_std,sarcomere_oop,z_intensity_mean,z_intensity_std,z_lat_alignment_mean,z_lat_alignment_std,z_lat_dist_mean,z_lat_dist_std,z_lat_length_groups_mean,z_lat_neighbors_mean,z_lat_neighbors_std,z_length_max,z_length_mean,z_length_std,z_mask_area,z_mask_area_ratio,z_mask_intensity,z_oop,z_straightness_mean,z_straightness_std
814.6574999999999,0.34996472032399306,569.3802579611678,20.384999999999998,0.0,0.868495523929596,0.0,1.6836549527260873,0.02630439554657374,0.009983486542717508,8.719688415527344,8.68514347076416,0.020638590678572655,0.932446264073695,0.015864892528147434,1.0,52.0,109.0,38.0,89.12657165527344,0.10940373304765923,1.4738932201588768,0.2616286290513919,0.3104463219642639,798.973142500204,96.07068577040475,0.6686125424298676,0.4823763889427199,1.9789581085865289,0.8866931850756606,1.1146034438743773,0.3684210526315789,0.4823763889427199,1.65,0.5447368421052632,0.35832018056558573,22.072499999999998,0.027094208302261995,796.8603465851172,0.19303401811379026,0.8900223781446942,0.09605993705768275
