cell_mask_area,cell_mask_area_ratio,cell_mask_intensity,domain_area_mean,domain_area_std,domain_oop_mean,domain_oop_std,domain_slen_mean,myof_bending_mean,myof_bending_std,myof_length_max,myof_length_mean,myof_length_std,myof_straightness_mean,myof_straightness_std,n_domains,n_mbands,n_vectors,n_zbands,sarcomere_area,sarcomere_area_ratio,sarcomere_length_mean,sarcomere_length_std,sarcomere_oop,z_intensity_mean,z_intensity_std,z_lat_alignment_mean,z_lat_alignment_std,z_lat_dist_mean,z_lat_dist_std,z_lat_length_groups_mean,z_lat_neighbors_mean,z_lat_neighbors_std,z_length_max,z_length_mean,z_length_std,z_mask_area,z_mask_area_ratio,z_mask_intensity,z_oop,z_straightness_mean,z_straightness_std
577.3275,0.4174367150387193,595.1826259791886,38.339999999999996,0.0,0.8384440541267395,0.0,1.547352825469957,0.008306409559764033,0.003317073185994845,10.07422161102295,7.549114227294922,1.4173628091812134,0.9789574201821555,0.0094384885367803,1.0,30.0,126.0,32.0,65.24217987060547,0.11300722704289241,1.487500327759017,0.23215898288852552,0.8720191717147827,797.1799235037838,65.37416766669112,0.7073642247002095,0.49607837082461076,1.6010829246043927,0.6908312053277054,1.4683032188892298,0.4375,0.49607837082461076,1.95,0.7968749999999999,0.44755193483550043,14.354999999999999,0.02486456993647453,791.1442006269592,0.8061620156264601,0.8550771249340245,0.09431968681377298
