sarcomere_area,cell_mask_area_ratio,domain_area_std,domain_oop_mean,sarcomere_length_mean,z_mask_intensity,myof_straightness_std,z_mask_area,z_straightness_std,myof_length_mean,myof_bending_std,sarcomere_oop,n_domains,myof_straightness_mean,z_intensity_mean,myof_bending_mean,z_lat_dist_mean,z_lat_length_groups_mean,z_length_max,sarcomere_area_ratio,z_length_std,myof_length_max,domain_slen_mean,z_mask_area_ratio,z_lat_alignment_std,n_zbands,cell_mask_area,cell_mask_intensity,z_oop,z_lat_alignment_mean,z_length_mean,z_lat_dist_std,myof_length_std,n_vectors,z_straightness_mean,n_mbands,z_intensity_std,sarcomere_length_std,z_lat_neighbors_mean,z_lat_neighbors_std,domain_area_mean,domain_oop_std
211.91452026367188,0.4182107365097056,9.035459053778066,0.6897937059402466,1.4005507011880747,1295.407736539467,0.02643927877592435,43.0425,0.1243478401850905,7.450316905975342,0.03140978844870865,0.15917980670928955,4.0,0.9563567987057799,1283.3657465665647,0.030064243932044384,1.871767386422079,4.297681898100738,6.3,0.2614558233026084,1.005712732177293,11.030754089355469,1.3970120217426298,0.053104960719540295,0.699760757523304,79.0,810.5174999999999,711.4222580018321,0.0401026615396004,0.7865512186184512,1.0177215189873416,0.5669981050467992,1.6420009136199951,389.0,0.8315364810836172,81.0,258.0124522775327,0.2126053690183046,1.0632911392405062,0.699760757523304,41.996249999999996,0.24101503193378448
