cell_mask_area,cell_mask_area_ratio,cell_mask_intensity,domain_area_mean,domain_area_std,domain_oop_mean,domain_oop_std,domain_slen_mean,myof_bending_mean,myof_bending_std,myof_length_max,myof_length_mean,myof_length_std,myof_straightness_mean,myof_straightness_std,n_domains,n_mbands,n_vectors,n_zbands,sarcomere_area,sarcomere_area_ratio,sarcomere_length_mean,sarcomere_length_std,sarcomere_oop,z_intensity_mean,z_intensity_std,z_lat_alignment_mean,z_lat_alignment_std,z_lat_dist_mean,z_lat_dist_std,z_lat_length_groups_mean,z_lat_neighbors_mean,z_lat_neighbors_std,z_length_max,z_length_mean,z_length_std,z_mask_area,z_mask_area_ratio,z_mask_intensity,z_oop,z_straightness_mean,z_straightness_std
643.2524999999999,0.3209362370902559,577.809682045542,150.57,0.0,0.7530614733695984,0.0,1.472484074854881,0.033869149367463755,0.025792770171839258,21.672496795654297,10.638960838317871,3.4746031761169434,0.9412632349946823,0.03305952392595566,1.0,69.0,351.0,58.0,179.3797149658203,0.2788636110482592,1.472484074854881,0.2863645273592926,0.7530614733695984,806.8939951040795,105.1287265394038,0.7906724196892236,0.6939521309482105,2.0634569963293607,0.5607732633345155,4.005893196574069,0.9655172413793104,0.6939521309482105,4.35,1.0758620689655172,0.8453851080868586,35.19,0.054706355591311345,806.5831202046036,0.5704963686050065,0.8120027478350045,0.12764803183883017
