cell_mask_area,cell_mask_area_ratio,cell_mask_intensity,domain_area_mean,domain_area_std,domain_oop_mean,domain_oop_std,domain_slen_mean,myof_bending_mean,myof_bending_std,myof_length_max,myof_length_mean,myof_length_std,myof_straightness_mean,myof_straightness_std,n_domains,n_mbands,n_vectors,n_zbands,sarcomere_area,sarcomere_area_ratio,sarcomere_length_mean,sarcomere_length_std,sarcomere_oop,z_intensity_mean,z_intensity_std,z_lat_alignment_mean,z_lat_alignment_std,z_lat_dist_mean,z_lat_dist_std,z_lat_length_groups_mean,z_lat_neighbors_mean,z_lat_neighbors_std,z_length_max,z_length_mean,z_length_std,z_mask_area,z_mask_area_ratio,z_mask_intensity,z_oop,z_straightness_mean,z_straightness_std
563.4,0.3328017012227539,637.1257587859425,28.5525,0.0,0.9540993571281433,0.0,1.2450305142023657,0.01332907761784601,0.009623691876284748,10.549859046936035,7.840359210968018,2.1108739376068115,0.9779403065893988,0.013528815773320631,1.0,27.0,98.0,26.0,46.50863265991211,0.08254993372366366,1.254685564474691,0.15368762725597224,0.614149808883667,947.7810739861362,103.86641256414394,0.8844819289446542,0.49851851526214314,1.2380246088864502,0.35326345380119933,1.3014073826659351,0.46153846153846156,0.49851851526214314,1.65,0.7153846153846154,0.33876734436699685,10.799999999999999,0.019169329073482427,961.3229166666666,0.49178066502580736,0.8301233839200906,0.08080188442859632
