cell_mask_area,cell_mask_area_ratio,cell_mask_intensity,domain_area_mean,domain_area_std,domain_oop_mean,domain_oop_std,domain_slen_mean,myof_bending_mean,myof_bending_std,myof_length_max,myof_length_mean,myof_length_std,myof_straightness_mean,myof_straightness_std,n_domains,n_mbands,n_vectors,n_zbands,sarcomere_area,sarcomere_area_ratio,sarcomere_length_mean,sarcomere_length_std,sarcomere_oop,z_intensity_mean,z_intensity_std,z_lat_alignment_mean,z_lat_alignment_std,z_lat_dist_mean,z_lat_dist_std,z_lat_length_groups_mean,z_lat_neighbors_mean,z_lat_neighbors_std,z_length_max,z_length_mean,z_length_std,z_mask_area,z_mask_area_ratio,z_mask_intensity,z_oop,z_straightness_mean,z_straightness_std
563.265,0.332721956406167,637.1538707357993,29.88,0.0,0.9408852458000183,0.0,1.2492174909830094,0.03009112975526098,0.033862040300133865,10.228843688964844,8.955645561218262,1.6448160409927368,0.9723721946406624,0.011263336113297367,1.0,27.0,102.0,26.0,46.5238151550293,0.08259667324443964,1.2523116322506518,0.16147355245079426,0.6175661087036133,947.4892187825163,103.75234984389849,0.8842412205313804,0.49851851526214314,1.2380246088864502,0.35326345380119933,1.3089073826659352,0.46153846153846156,0.49851851526214314,1.65,0.7211538461538461,0.34811941942028285,10.7775,0.01913397779020532,960.9895615866388,0.49249210363324014,0.8285208198175263,0.08276445817786467
