sarcomere_area,cell_mask_area_ratio,domain_area_std,domain_oop_mean,sarcomere_length_mean,z_mask_intensity,myof_straightness_std,z_mask_area,z_straightness_std,myof_length_mean,myof_bending_std,sarcomere_oop,n_domains,myof_straightness_mean,z_intensity_mean,myof_bending_mean,z_lat_dist_mean,z_lat_length_groups_mean,z_length_max,sarcomere_area_ratio,z_length_std,myof_length_max,domain_slen_mean,z_mask_area_ratio,z_lat_alignment_std,n_zbands,cell_mask_area,cell_mask_intensity,z_oop,z_lat_alignment_mean,z_length_mean,z_lat_dist_std,myof_length_std,n_vectors,z_straightness_mean,n_mbands,z_intensity_std,sarcomere_length_std,z_lat_neighbors_mean,z_lat_neighbors_std,domain_area_mean,domain_oop_std
55.80538558959961,0.3566468253968254,0.0,0.24632297456264496,1.5378666332122224,1232.839313572543,0.036548661633003514,14.4225,0.1165696841896168,7.8918538093566895,0.058223725169565047,0.24423597753047943,1.0,0.9322567419645305,1243.1613817547222,0.0725159889577189,1.4664949450959424,1.273904670342482,1.7999999999999998,0.0766570656633522,0.4199125273342591,8.702438354492188,1.5368594560055704,0.01981146654303817,0.5870870479018072,21.0,727.9875,651.7649204141554,0.12875198092721934,0.7160934982558338,0.6214285714285714,0.7767834807770104,0.648322343826294,64.0,0.8762983594296792,27.0,107.9897509694402,0.26966780042879007,0.47619047619047616,0.5870870479018072,38.879999999999995,0.0
