cell_mask_area,cell_mask_area_ratio,cell_mask_intensity,domain_area_mean,domain_area_std,domain_oop_mean,domain_oop_std,domain_slen_mean,myof_bending_mean,myof_bending_std,myof_length_max,myof_length_mean,myof_length_std,myof_straightness_mean,myof_straightness_std,n_domains,n_mbands,n_vectors,n_zbands,sarcomere_area,sarcomere_area_ratio,sarcomere_length_mean,sarcomere_length_std,sarcomere_oop,z_intensity_mean,z_intensity_std,z_lat_alignment_mean,z_lat_alignment_std,z_lat_dist_mean,z_lat_dist_std,z_lat_length_groups_mean,z_lat_neighbors_mean,z_lat_neighbors_std,z_length_max,z_length_mean,z_length_std,z_mask_area,z_mask_area_ratio,z_mask_intensity,z_oop,z_straightness_mean,z_straightness_std
810.5174999999999,0.4182107365097056,711.4222580018321,41.996249999999996,9.035459053778066,0.6897937059402466,0.24101503193378448,1.3970120217426298,0.030064243932044384,0.03140978844870865,11.030754089355469,7.450316905975342,1.6420009136199951,0.9563567987057799,0.02643927877592435,4.0,81.0,389.0,79.0,211.91452026367188,0.2614558233026084,1.4005507011880747,0.2126053690183046,0.15917980670928955,1283.3657465665647,258.0124522775327,0.7865512186184512,0.699760757523304,1.871767386422079,0.5669981050467992,4.297681898100738,1.0632911392405062,0.699760757523304,6.3,1.0177215189873416,1.005712732177293,43.0425,0.053104960719540295,1295.407736539467,0.0401026615396004,0.8315364810836172,0.1243478401850905
