cell_mask_area,cell_mask_area_ratio,cell_mask_intensity,domain_area_mean,domain_area_std,domain_oop_mean,domain_oop_std,domain_slen_mean,myof_bending_mean,myof_bending_std,myof_length_max,myof_length_mean,myof_length_std,myof_straightness_mean,myof_straightness_std,n_domains,n_mbands,n_vectors,n_zbands,sarcomere_area,sarcomere_area_ratio,sarcomere_length_mean,sarcomere_length_std,sarcomere_oop,z_intensity_mean,z_intensity_std,z_lat_alignment_mean,z_lat_alignment_std,z_lat_dist_mean,z_lat_dist_std,z_lat_length_groups_mean,z_lat_neighbors_mean,z_lat_neighbors_std,z_length_max,z_length_mean,z_length_std,z_mask_area,z_mask_area_ratio,z_mask_intensity,z_oop,z_straightness_mean,z_straightness_std
573.255,0.20636142002057295,724.1658293429625,41.445,0.0,0.8894951939582825,0.0,1.4295832138321096,0.02609196768656669,0.007123375293905175,15.090063095092773,12.939480781555176,1.6393969058990479,0.9569138211729682,0.016543540074938766,1.0,26.0,93.0,20.0,51.32054138183594,0.08952480376418162,1.4295832138321096,0.3136143446695553,0.8894951939582825,1545.1044225388384,480.30710895243413,0.9122431747718345,0.6000000000000001,1.848004273433916,0.7188568740507265,2.594502848955944,0.8,0.6000000000000001,2.4,0.8175000000000002,0.6631883216703984,9.5175,0.016602559070570688,1416.3120567375886,0.892041470651904,0.8474760065449424,0.07124963845215519
