sarcomere_area,cell_mask_area_ratio,domain_area_std,domain_oop_mean,sarcomere_length_mean,z_mask_intensity,myof_straightness_std,z_mask_area,z_straightness_std,myof_length_mean,myof_bending_std,sarcomere_oop,n_domains,myof_straightness_mean,z_intensity_mean,myof_bending_mean,z_lat_dist_mean,z_lat_length_groups_mean,z_length_max,sarcomere_area_ratio,z_length_std,myof_length_max,domain_slen_mean,z_mask_area_ratio,z_lat_alignment_std,n_zbands,cell_mask_area,cell_mask_intensity,z_oop,z_lat_alignment_mean,z_length_mean,z_lat_dist_std,myof_length_std,n_vectors,z_straightness_mean,n_mbands,z_intensity_std,sarcomere_length_std,z_lat_neighbors_mean,z_lat_neighbors_std,domain_area_mean,domain_oop_std
126.53379821777344,0.14705443570367058,14.8725,0.48953449726104736,1.4180174913117432,791.5035816618911,0.03546700970072043,31.41,0.09347365009645733,9.645143508911133,0.012717631079290935,0.562127947807312,2.0,0.9490824135597598,813.9045832808492,0.019949170292302636,1.802602990032679,1.599478850984377,3.4499999999999997,0.10971622149627124,0.5527257296784008,22.287403106689453,1.391511983736307,0.027235304446221978,0.5315490369648175,52.0,1153.2825,556.3106502526484,0.4398345252335809,0.8270102091285839,0.8798076923076923,0.750566274923486,4.425359725952148,242.0,0.8533998854829485,70.0,91.02796110572727,0.22016033621995837,0.4230769230769231,0.5315490369648175,43.2225,0.14393240213394165
