cell_mask_area,cell_mask_area_ratio,cell_mask_intensity,domain_area_mean,domain_area_std,domain_oop_mean,domain_oop_std,domain_slen_mean,myof_bending_mean,myof_bending_std,myof_length_max,myof_length_mean,myof_length_std,myof_straightness_mean,myof_straightness_std,n_domains,n_mbands,n_vectors,n_zbands,sarcomere_area,sarcomere_area_ratio,sarcomere_length_mean,sarcomere_length_std,sarcomere_oop,z_intensity_mean,z_intensity_std,z_lat_alignment_mean,z_lat_alignment_std,z_lat_dist_mean,z_lat_dist_std,z_lat_length_groups_mean,z_lat_neighbors_mean,z_lat_neighbors_std,z_length_max,z_length_mean,z_length_std,z_mask_area,z_mask_area_ratio,z_mask_intensity,z_oop,z_straightness_mean,z_straightness_std
1152.4275,0.14694541511025427,556.3402838790292,42.435,14.129999999999999,0.49095261096954346,0.14556242525577545,1.3854762514243153,0.021585887585374046,0.011174817294438002,22.13507652282715,10.647383689880371,4.197279930114746,0.9325486420860619,0.032812533865827165,2.0,70.0,237.0,53.0,126.47952270507812,0.10975052461441447,1.4108639602790316,0.21304499453324569,0.5591914653778076,811.6390879988207,91.63316413452114,0.8259993213253253,0.5296478810421963,1.802602990032679,0.750566274923486,1.5685388783418919,0.41509433962264153,0.5296478810421963,3.4499999999999997,0.868867924528302,0.5531408104099492,31.342499999999998,0.027196938636053027,791.7803302225412,0.45037123953565233,0.8534705075897392,0.09258902448737519
