sarcomere_area,cell_mask_area_ratio,domain_area_std,domain_oop_mean,sarcomere_length_mean,z_mask_intensity,myof_straightness_std,z_mask_area,z_straightness_std,myof_length_mean,myof_bending_std,sarcomere_oop,n_domains,myof_straightness_mean,z_intensity_mean,myof_bending_mean,z_lat_dist_mean,z_lat_length_groups_mean,z_length_max,sarcomere_area_ratio,z_length_std,myof_length_max,domain_slen_mean,z_mask_area_ratio,z_lat_alignment_std,n_zbands,cell_mask_area,cell_mask_intensity,z_oop,z_lat_alignment_mean,z_length_mean,z_lat_dist_std,myof_length_std,n_vectors,z_straightness_mean,n_mbands,z_intensity_std,sarcomere_length_std,z_lat_neighbors_mean,z_lat_neighbors_std,domain_area_mean,domain_oop_std
51.29773712158203,0.2062075277613536,0.0,0.8870605230331421,1.4430896970120881,1416.3120567375886,0.015164060090798154,9.5175,0.07124963845215519,12.007556915283203,0.010700610018857214,0.8870605230331421,1.0,0.9515292564559736,1545.1044225388384,0.029776216104812882,1.848004273433916,2.594502848955944,2.4,0.08955180594783252,0.6631883216703984,15.22169017791748,1.4430896970120881,0.016614949526689973,0.6000000000000001,20.0,572.8275,724.3095565418909,0.892041470651904,0.9122591221200589,0.8175000000000002,0.7188568740507265,1.2030388116836548,93.0,0.8474760065449424,26.0,480.30710895243413,0.3384084505641594,0.8,0.6000000000000001,40.9725,0.0
