cell_mask_area,cell_mask_area_ratio,cell_mask_intensity,domain_area_mean,domain_area_std,domain_oop_mean,domain_oop_std,domain_slen_mean,myof_bending_mean,myof_bending_std,myof_length_max,myof_length_mean,myof_length_std,myof_straightness_mean,myof_straightness_std,n_domains,n_mbands,n_vectors,n_zbands,sarcomere_area,sarcomere_area_ratio,sarcomere_length_mean,sarcomere_length_std,sarcomere_oop,z_intensity_mean,z_intensity_std,z_lat_alignment_mean,z_lat_alignment_std,z_lat_dist_mean,z_lat_dist_std,z_lat_length_groups_mean,z_lat_neighbors_mean,z_lat_neighbors_std,z_length_max,z_length_mean,z_length_std,z_mask_area,z_mask_area_ratio,z_mask_intensity,z_oop,z_straightness_mean,z_straightness_std
967.185,0.1423867822031428,673.1854092029963,,,,,,0.028149618367582504,0.024935088389708735,9.602997779846191,6.982141017913818,1.2587387561798096,0.963554651511629,0.015243352533839042,0.0,45.0,124.0,43.0,83.26848602294922,0.08609364911878206,1.477599399487591,0.21520027524358046,0.8847786784172058,1108.0733044649774,201.84969939045953,0.5853375651147762,0.44854189586013743,1.6903190670138413,0.5971360411911628,1.0159976865427849,0.27906976744186046,0.44854189586013743,1.65,0.6383720930232558,0.35154760987937084,18.5625,0.019192295165867956,1118.6133333333332,0.7291154698951364,0.8826824437233988,0.08398743625284857
