cell_mask_area,cell_mask_area_ratio,cell_mask_intensity,domain_area_mean,domain_area_std,domain_oop_mean,domain_oop_std,domain_slen_mean,myof_bending_mean,myof_bending_std,myof_length_max,myof_length_mean,myof_length_std,myof_straightness_mean,myof_straightness_std,n_domains,n_mbands,n_vectors,n_zbands,sarcomere_area,sarcomere_area_ratio,sarcomere_length_mean,sarcomere_length_std,sarcomere_oop,z_intensity_mean,z_intensity_std,z_lat_alignment_mean,z_lat_alignment_std,z_lat_dist_mean,z_lat_dist_std,z_lat_length_groups_mean,z_lat_neighbors_mean,z_lat_neighbors_std,z_length_max,z_length_mean,z_length_std,z_mask_area,z_mask_area_ratio,z_mask_intensity,z_oop,z_straightness_mean,z_straightness_std
643.0275,0.3208239784463404,577.8325343783897,151.0875,0.0,0.7481714487075806,0.0,1.4724079194299555,0.02560142458556392,0.012412244213797125,16.959192276000977,9.358567237854004,3.057542562484741,0.9507665820603446,0.021265973892824534,1.0,69.0,354.0,59.0,179.49427795410156,0.27913934933436213,1.4724079194299555,0.2921323240381004,0.7481714487075806,805.9211906921211,104.96255616604955,0.7903035790793459,0.6992424184656363,2.098716310323944,0.5758818010497042,3.918195377066788,0.9491525423728814,0.6992424184656363,4.35,1.0627118644067797,0.8441520276534548,35.122499999999995,0.0546205255607264,806.5675848814863,0.5704306073615117,0.8171750373999676,0.1299171059096141
