sarcomere_area,cell_mask_area_ratio,domain_area_std,domain_oop_mean,sarcomere_length_mean,z_mask_intensity,myof_straightness_std,z_mask_area,z_straightness_std,myof_length_mean,myof_bending_std,sarcomere_oop,n_domains,myof_straightness_mean,z_intensity_mean,myof_bending_mean,z_lat_dist_mean,z_lat_length_groups_mean,z_length_max,sarcomere_area_ratio,z_length_std,myof_length_max,domain_slen_mean,z_mask_area_ratio,z_lat_alignment_std,n_zbands,cell_mask_area,cell_mask_intensity,z_oop,z_lat_alignment_mean,z_length_mean,z_lat_dist_std,myof_length_std,n_vectors,z_straightness_mean,n_mbands,z_intensity_std,sarcomere_length_std,z_lat_neighbors_mean,z_lat_neighbors_std,domain_area_mean,domain_oop_std
179.37974548339844,0.3209362370902559,0.0,0.7533612847328186,1.473089591837473,806.5831202046036,0.030400784953382116,35.19,0.12764803183883017,10.433555603027344,0.026974922354783548,0.7533612251281738,1.0,0.9453637443883475,806.8939951040795,0.03432566529325652,2.0634569963293607,4.005893196574069,4.35,0.27886365849087014,0.8453851080868586,21.410062789916992,1.473089591837473,0.054706355591311345,0.6939521309482105,58.0,643.2524999999999,577.809682045542,0.5704963686050064,0.7906739457257103,1.0758620689655172,0.5607732633345155,3.459153175354004,350.0,0.8120027478350045,69.0,105.1287265394038,0.28808482840718513,0.9655172413793104,0.6939521309482105,149.535,0.0
