cell_mask_area,cell_mask_area_ratio,cell_mask_intensity,domain_area_mean,domain_area_std,domain_oop_mean,domain_oop_std,domain_slen_mean,myof_bending_mean,myof_bending_std,myof_length_max,myof_length_mean,myof_length_std,myof_straightness_mean,myof_straightness_std,n_domains,n_mbands,n_vectors,n_zbands,sarcomere_area,sarcomere_area_ratio,sarcomere_length_mean,sarcomere_length_std,sarcomere_oop,z_intensity_mean,z_intensity_std,z_lat_alignment_mean,z_lat_alignment_std,z_lat_dist_mean,z_lat_dist_std,z_lat_length_groups_mean,z_lat_neighbors_mean,z_lat_neighbors_std,z_length_max,z_length_mean,z_length_std,z_mask_area,z_mask_area_ratio,z_mask_intensity,z_oop,z_straightness_mean,z_straightness_std
810.7199999999999,0.41831522243893376,711.3718361456483,41.6475,9.063995911020703,0.6925498247146606,0.2427871972322464,1.3893974822596356,0.05744326850612787,0.08056730834669926,11.839764595031738,7.986764907836914,2.0020108222961426,0.9337232447376956,0.04850600872485568,4.0,81.0,387.0,80.0,212.0394744873047,0.261544644867901,1.3935841267313753,0.20178061651969795,0.1574205756187439,1285.619445978325,259.1598644704534,0.7707951085393105,0.7,1.8460964576730987,0.5762304272862334,4.46467344826712,1.1,0.7,6.3,0.99375,0.9265991244869596,43.019999999999996,0.053063943161634104,1295.4335774058577,0.04236537530560377,0.8330281776734813,0.1160615248232571
