sarcomere_area,cell_mask_area_ratio,domain_area_std,domain_oop_mean,sarcomere_length_mean,z_mask_intensity,myof_straightness_std,z_mask_area,z_straightness_std,myof_length_mean,myof_bending_std,sarcomere_oop,n_domains,myof_straightness_mean,z_intensity_mean,myof_bending_mean,z_lat_dist_mean,z_lat_length_groups_mean,z_length_max,sarcomere_area_ratio,z_length_std,myof_length_max,domain_slen_mean,z_mask_area_ratio,z_lat_alignment_std,n_zbands,cell_mask_area,cell_mask_intensity,z_oop,z_lat_alignment_mean,z_length_mean,z_lat_dist_std,myof_length_std,n_vectors,z_straightness_mean,n_mbands,z_intensity_std,sarcomere_length_std,z_lat_neighbors_mean,z_lat_neighbors_std,domain_area_mean,domain_oop_std
90.05947875976562,0.2402390438247012,0.47250000000000014,0.8746191263198853,1.484720670828674,1435.4558375634517,0.015194476942924823,22.162499999999998,0.08903492826679889,11.073039054870605,0.0164132259743536,0.6938570737838745,2.0,0.9588513200000399,1430.2030714239822,0.028475821206621225,1.8618754994404865,1.5694376165361135,2.6999999999999997,0.17940224554856474,0.5504862051760391,15.627772331237793,1.4823896567527743,0.04414862623817847,0.5378310470846593,37.0,501.9975,739.7677378871409,0.5197734003885972,0.806703787798933,0.9202702702702702,0.8883320946006205,3.275277614593506,144.0,0.8273382834234448,36.0,248.6705405502713,0.21835638090205522,0.3783783783783784,0.5378310470846593,29.43,0.030525416135787964
