cell_mask_area,cell_mask_area_ratio,cell_mask_intensity,domain_area_mean,domain_area_std,domain_oop_mean,domain_oop_std,domain_slen_mean,myof_bending_mean,myof_bending_std,myof_length_max,myof_length_mean,myof_length_std,myof_straightness_mean,myof_straightness_std,n_domains,n_mbands,n_vectors,n_zbands,sarcomere_area,sarcomere_area_ratio,sarcomere_length_mean,sarcomere_length_std,sarcomere_oop,z_intensity_mean,z_intensity_std,z_lat_alignment_mean,z_lat_alignment_std,z_lat_dist_mean,z_lat_dist_std,z_lat_length_groups_mean,z_lat_neighbors_mean,z_lat_neighbors_std,z_length_max,z_length_mean,z_length_std,z_mask_area,z_mask_area_ratio,z_mask_intensity,z_oop,z_straightness_mean,z_straightness_std
572.8275,0.2062075277613536,724.3095565418909,41.4675,0.0,0.8865571022033691,0.0,1.4349875958381029,0.03155667117291167,0.026497399470784454,13.000810623168945,8.114062309265137,1.9289524555206299,0.9501717939258012,0.03271813401377634,1.0,26.0,95.0,20.0,51.29773712158203,0.08955180594783252,1.4349875958381029,0.3350007933175107,0.8865572214126587,1545.1044225388384,480.30710895243413,0.9122762982062731,0.6000000000000001,1.848004273433916,0.7188568740507265,2.594502848955944,0.8,0.6000000000000001,2.4,0.8175000000000002,0.6631883216703984,9.5175,0.016614949526689973,1416.3120567375886,0.892041470651904,0.8474760065449424,0.07124963845215519
