sarcomere_area,cell_mask_area_ratio,domain_area_std,domain_oop_mean,sarcomere_length_mean,z_mask_intensity,myof_straightness_std,z_mask_area,z_straightness_std,myof_length_mean,myof_bending_std,sarcomere_oop,n_domains,myof_straightness_mean,z_intensity_mean,myof_bending_mean,z_lat_dist_mean,z_lat_length_groups_mean,z_length_max,sarcomere_area_ratio,z_length_std,myof_length_max,domain_slen_mean,z_mask_area_ratio,z_lat_alignment_std,n_zbands,cell_mask_area,cell_mask_intensity,z_oop,z_lat_alignment_mean,z_length_mean,z_lat_dist_std,myof_length_std,n_vectors,z_straightness_mean,n_mbands,z_intensity_std,sarcomere_length_std,z_lat_neighbors_mean,z_lat_neighbors_std,domain_area_mean,domain_oop_std
46.50860595703125,0.3328017012227539,0.0,0.9546588659286499,1.2556655969928427,961.3229166666666,0.027568305045922444,10.799999999999999,0.08080188442859632,7.988727569580078,0.016435153698325176,0.6180065274238586,1.0,0.9641780103147741,947.7810739861362,0.027279457076829057,1.2380246088864502,1.3014073826659351,1.65,0.082549886327709,0.33876734436699685,10.327744483947754,1.2498421312308141,0.019169329073482427,0.49851851526214314,26.0,563.4,637.1257587859425,0.49178066502580736,0.8844781821715172,0.7153846153846154,0.35326345380119933,1.7874982357025146,99.0,0.8301233839200906,27.0,103.86641256414394,0.15434079657156713,0.46153846153846156,0.49851851526214314,28.395,0.0
