cell_mask_area,cell_mask_area_ratio,cell_mask_intensity,domain_area_mean,domain_area_std,domain_oop_mean,domain_oop_std,domain_slen_mean,myof_bending_mean,myof_bending_std,myof_length_max,myof_length_mean,myof_length_std,myof_straightness_mean,myof_straightness_std,n_domains,n_mbands,n_vectors,n_zbands,sarcomere_area,sarcomere_area_ratio,sarcomere_length_mean,sarcomere_length_std,sarcomere_oop,z_intensity_mean,z_intensity_std,z_lat_alignment_mean,z_lat_alignment_std,z_lat_dist_mean,z_lat_dist_std,z_lat_length_groups_mean,z_lat_neighbors_mean,z_lat_neighbors_std,z_length_max,z_length_mean,z_length_std,z_mask_area,z_mask_area_ratio,z_mask_intensity,z_oop,z_straightness_mean,z_straightness_std
572.8275,0.2062075277613536,724.3095565418909,40.9725,0.0,0.8870605230331421,0.0,1.4430896970120881,0.029776216104812882,0.010700610018857214,15.22169017791748,12.007556915283203,1.2030388116836548,0.9515292564559736,0.015164060090798154,1.0,26.0,93.0,20.0,51.29773712158203,0.08955180594783252,1.4430896970120881,0.3384084505641594,0.8870605230331421,1545.1044225388384,480.30710895243413,0.9122591221200589,0.6000000000000001,1.848004273433916,0.7188568740507265,2.594502848955944,0.8,0.6000000000000001,2.4,0.8175000000000002,0.6631883216703984,9.5175,0.016614949526689973,1416.3120567375886,0.892041470651904,0.8474760065449424,0.07124963845215519
