sarcomere_area,cell_mask_area_ratio,domain_area_std,domain_oop_mean,sarcomere_length_mean,z_mask_intensity,myof_straightness_std,z_mask_area,z_straightness_std,myof_length_mean,myof_bending_std,sarcomere_oop,n_domains,myof_straightness_mean,z_intensity_mean,myof_bending_mean,z_lat_dist_mean,z_lat_length_groups_mean,z_length_max,sarcomere_area_ratio,z_length_std,myof_length_max,domain_slen_mean,z_mask_area_ratio,z_lat_alignment_std,n_zbands,cell_mask_area,cell_mask_intensity,z_oop,z_lat_alignment_mean,z_length_mean,z_lat_dist_std,myof_length_std,n_vectors,z_straightness_mean,n_mbands,z_intensity_std,sarcomere_length_std,z_lat_neighbors_mean,z_lat_neighbors_std,domain_area_mean,domain_oop_std
11.488595008850098,0.17665472031937576,,,1.54070384517672,902.1559633027523,0.0040465880244885954,2.4525,0.06370821883138575,6.0097246170043945,0.0004834911206075183,0.9820149540901184,0.0,0.9797371957592953,810.9612514463521,0.004399122754271222,1.358307770720613,1.0816615541441226,0.8999999999999999,0.02622517835724499,0.27041634565979916,6.12498664855957,,0.005598356445814074,0.4714045207910317,6.0,438.075,626.2356445814073,0.899395641609806,0.5957099496471283,0.6749999999999999,0.0,0.09502249211072922,22.0,0.8922040922040922,5.0,43.52023875298248,0.23689040446895787,0.3333333333333333,0.4714045207910317,,
