cell_mask_area,cell_mask_area_ratio,cell_mask_intensity,domain_area_mean,domain_area_std,domain_oop_mean,domain_oop_std,domain_slen_mean,myof_bending_mean,myof_bending_std,myof_length_max,myof_length_mean,myof_length_std,myof_straightness_mean,myof_straightness_std,n_domains,n_mbands,n_vectors,n_zbands,sarcomere_area,sarcomere_area_ratio,sarcomere_length_mean,sarcomere_length_std,sarcomere_oop,z_intensity_mean,z_intensity_std,z_lat_alignment_mean,z_lat_alignment_std,z_lat_dist_mean,z_lat_dist_std,z_lat_length_groups_mean,z_lat_neighbors_mean,z_lat_neighbors_std,z_length_max,z_length_mean,z_length_std,z_mask_area,z_mask_area_ratio,z_mask_intensity,z_oop,z_straightness_mean,z_straightness_std
916.2674999999999,0.37058641525917296,539.7288264617047,31.78125,5.321250000000001,0.6094357371330261,0.315847784280777,1.4779328082687877,0.033878099637216455,0.030474781450293285,13.2656888961792,7.742501735687256,2.5316660404205322,0.9527396559899142,0.02734512721632128,2.0,51.0,173.0,44.0,97.82398223876953,0.10676356221165711,1.475530914719316,0.1894745710114986,0.21979321539402008,681.162697541251,67.87116770162928,0.6945182557155984,0.3431742925123068,1.9351658985659503,0.6165492235235066,0.968426773065801,0.13636363636363635,0.3431742925123068,2.6999999999999997,0.7704545454545454,0.5979432724136908,24.615,0.02686442550892616,687.0566727605119,0.2640575274000202,0.8615623058444776,0.0951566864936704
