cell_mask_area,cell_mask_area_ratio,cell_mask_intensity,domain_area_mean,domain_area_std,domain_oop_mean,domain_oop_std,domain_slen_mean,myof_bending_mean,myof_bending_std,myof_length_max,myof_length_mean,myof_length_std,myof_straightness_mean,myof_straightness_std,n_domains,n_mbands,n_vectors,n_zbands,sarcomere_area,sarcomere_area_ratio,sarcomere_length_mean,sarcomere_length_std,sarcomere_oop,z_intensity_mean,z_intensity_std,z_lat_alignment_mean,z_lat_alignment_std,z_lat_dist_mean,z_lat_dist_std,z_lat_length_groups_mean,z_lat_neighbors_mean,z_lat_neighbors_std,z_length_max,z_length_mean,z_length_std,z_mask_area,z_mask_area_ratio,z_mask_intensity,z_oop,z_straightness_mean,z_straightness_std
938.4975,0.2600760693353286,580.5590132099446,93.66749999999999,0.0,0.7826684713363647,0.0,1.3826302537172463,0.01171180250240915,0.008981484657214461,23.158666610717773,14.657164573669434,7.021961212158203,0.9598030839734674,0.023256205909426148,1.0,46.0,299.0,38.0,110.80184936523438,0.11806302026935009,1.3864875119185651,0.17812693337258204,0.7267055511474609,777.9609942007451,100.47581745574861,0.668617449749379,0.6293821443737578,1.945317485795365,0.6612884238052266,4.019321807851174,0.8421052631578947,0.6293821443737578,4.5,1.507894736842105,1.2521311472734393,26.662499999999998,0.028409772002589245,759.8742616033755,0.6350849267711745,0.7918116313833404,0.13622901366370904
