cell_mask_area,cell_mask_area_ratio,cell_mask_intensity,domain_area_mean,domain_area_std,domain_oop_mean,domain_oop_std,domain_slen_mean,myof_bending_mean,myof_bending_std,myof_length_max,myof_length_mean,myof_length_std,myof_straightness_mean,myof_straightness_std,n_domains,n_mbands,n_vectors,n_zbands,sarcomere_area,sarcomere_area_ratio,sarcomere_length_mean,sarcomere_length_std,sarcomere_oop,z_intensity_mean,z_intensity_std,z_lat_alignment_mean,z_lat_alignment_std,z_lat_dist_mean,z_lat_dist_std,z_lat_length_groups_mean,z_lat_neighbors_mean,z_lat_neighbors_std,z_length_max,z_length_mean,z_length_std,z_mask_area,z_mask_area_ratio,z_mask_intensity,z_oop,z_straightness_mean,z_straightness_std
1862.3925,0.21598215217618202,582.3777681127904,74.673,34.51505397648974,0.9255114793777466,0.04581794515252113,1.5091709765663763,0.015251550047758782,0.010228736735304318,49.67768859863281,18.277584075927734,12.166333198547363,0.9586102941189287,0.019302031330473302,5.0,156.0,1067.0,143.0,458.6591796875,0.24627417673100596,1.5172838679732434,0.17423628055416948,0.4129522740840912,845.4053413187715,147.8140204686076,0.7714250420914082,0.5893242287601503,1.7186593122754186,0.6449155376341371,2.265912079058387,0.4755244755244755,0.5893242287601503,5.1,1.3185314685314684,1.019798388166129,91.46249999999999,0.04911021709977891,858.7933579335794,0.3282334263371061,0.8162362289198208,0.09865135798703537
