cell_mask_area,cell_mask_area_ratio,cell_mask_intensity,domain_area_mean,domain_area_std,domain_oop_mean,domain_oop_std,domain_slen_mean,myof_bending_mean,myof_bending_std,myof_length_max,myof_length_mean,myof_length_std,myof_straightness_mean,myof_straightness_std,n_domains,n_mbands,n_vectors,n_zbands,sarcomere_area,sarcomere_area_ratio,sarcomere_length_mean,sarcomere_length_std,sarcomere_oop,z_intensity_mean,z_intensity_std,z_lat_alignment_mean,z_lat_alignment_std,z_lat_dist_mean,z_lat_dist_std,z_lat_length_groups_mean,z_lat_neighbors_mean,z_lat_neighbors_std,z_length_max,z_length_mean,z_length_std,z_mask_area,z_mask_area_ratio,z_mask_intensity,z_oop,z_straightness_mean,z_straightness_std
1629.3149999999998,0.369504429113769,672.962106774933,246.39,137.06308625045622,0.7822336554527283,0.14737509191036224,1.4118465548869927,0.022616653926153075,0.015243738491160914,42.99311065673828,15.898336410522461,7.00229024887085,0.9487717491406951,0.02835195206756828,3.0,298.0,2129.0,292.0,861.8731689453125,0.5289788462914247,1.3943731820486929,0.26453169217492334,0.7797739505767822,973.6782523281478,187.80316173478562,0.8234283270906881,0.6219313860083225,1.7800468299739882,0.6058414662086913,10.350268828058073,1.4863013698630136,0.6219313860083225,6.75,1.3356164383561644,1.0403167145533592,172.0125,0.10557350788521556,970.858077174624,0.6918988958190948,0.7958274599252649,0.11958003440539873
