cell_mask_area,cell_mask_area_ratio,cell_mask_intensity,domain_area_mean,domain_area_std,domain_oop_mean,domain_oop_std,domain_slen_mean,myof_bending_mean,myof_bending_std,myof_length_max,myof_length_mean,myof_length_std,myof_straightness_mean,myof_straightness_std,n_domains,n_mbands,n_vectors,n_zbands,sarcomere_area,sarcomere_area_ratio,sarcomere_length_mean,sarcomere_length_std,sarcomere_oop,z_intensity_mean,z_intensity_std,z_lat_alignment_mean,z_lat_alignment_std,z_lat_dist_mean,z_lat_dist_std,z_lat_length_groups_mean,z_lat_neighbors_mean,z_lat_neighbors_std,z_length_max,z_length_mean,z_length_std,z_mask_area,z_mask_area_ratio,z_mask_intensity,z_oop,z_straightness_mean,z_straightness_std
901.3275,0.2806136387517075,597.1013505080007,43.964999999999996,0.0,0.9036593437194824,0.0,1.3412829607868126,0.05081702289642238,0.04343052651672826,12.063344955444336,8.142401695251465,1.5610483884811401,0.947454792807999,0.01983727165504807,1.0,35.0,112.0,24.0,69.0068359375,0.07656133418485511,1.3455520269010843,0.24483926581653973,0.8996801376342773,904.430207673769,110.26643079690164,0.8043905336855014,0.7772815877574012,2.0750989834344136,0.4598523773445869,2.4950593900606477,0.75,0.7772815877574012,1.7999999999999998,0.78125,0.4782373234075316,13.702499999999999,0.015202576200104845,879.888341543514,0.8304665134181544,0.8559911928961029,0.10037082833230956
