cell_mask_area,cell_mask_area_ratio,cell_mask_intensity,domain_area_mean,domain_area_std,domain_oop_mean,domain_oop_std,domain_slen_mean,myof_bending_mean,myof_bending_std,myof_length_max,myof_length_mean,myof_length_std,myof_straightness_mean,myof_straightness_std,n_domains,n_mbands,n_vectors,n_zbands,sarcomere_area,sarcomere_area_ratio,sarcomere_length_mean,sarcomere_length_std,sarcomere_oop,z_intensity_mean,z_intensity_std,z_lat_alignment_mean,z_lat_alignment_std,z_lat_dist_mean,z_lat_dist_std,z_lat_length_groups_mean,z_lat_neighbors_mean,z_lat_neighbors_std,z_length_max,z_length_mean,z_length_std,z_mask_area,z_mask_area_ratio,z_mask_intensity,z_oop,z_straightness_mean,z_straightness_std
1817.01,0.2724837196747309,538.8644063598989,53.62875,23.028750000000002,0.7569262981414795,0.09361442923545837,1.4976125290279096,0.019577312351114845,0.011242959996409504,21.083162307739258,13.070627212524414,4.996374130249023,0.9380777536142493,0.02928255104892623,2.0,86.0,300.0,83.0,175.03826904296875,0.09633313467893338,1.4609509314825184,0.19421040133299763,0.4932677745819092,709.1583651167218,81.37932188592654,0.7294798150003815,0.6914864989051442,1.4254103719741036,0.5850796310712354,2.093033106369177,0.7469879518072289,0.6914864989051442,2.55,0.7789156626506023,0.5087854947167808,39.42,0.02169498241616722,706.6866438356165,0.3461642114248443,0.8567352368438463,0.10449288667533765
