cell_mask_area,cell_mask_area_ratio,cell_mask_intensity,domain_area_mean,domain_area_std,domain_oop_mean,domain_oop_std,domain_slen_mean,myof_bending_mean,myof_bending_std,myof_length_max,myof_length_mean,myof_length_std,myof_straightness_mean,myof_straightness_std,n_domains,n_mbands,n_vectors,n_zbands,sarcomere_area,sarcomere_area_ratio,sarcomere_length_mean,sarcomere_length_std,sarcomere_oop,z_intensity_mean,z_intensity_std,z_lat_alignment_mean,z_lat_alignment_std,z_lat_dist_mean,z_lat_dist_std,z_lat_length_groups_mean,z_lat_neighbors_mean,z_lat_neighbors_std,z_length_max,z_length_mean,z_length_std,z_mask_area,z_mask_area_ratio,z_mask_intensity,z_oop,z_straightness_mean,z_straightness_std
1507.7925,0.21038537006514402,591.3404861743244,63.355500000000006,18.93530488267881,0.7619041204452515,0.1466861218214035,1.5057247999313024,0.019885432018382634,0.01046568337941139,42.055110931396484,19.776582717895508,9.936782836914062,0.9262759203843132,0.03706334418176161,5.0,170.0,748.0,162.0,386.4961242675781,0.2563324358408588,1.4987654442984415,0.1742592987692903,0.42987531423568726,843.6066335801984,143.4599528265627,0.7601633568080886,0.6927895232888001,1.8470469210775158,0.7879143200157631,1.9453806755997047,0.5679012345679012,0.6927895232888001,4.95,0.8685185185185185,0.7390745148805724,78.975,0.052377896825988986,843.2088319088319,0.48856309056296154,0.8606375199939864,0.11095099908276065
