sarcomere_area,cell_mask_area_ratio,domain_area_std,domain_oop_mean,sarcomere_length_mean,z_mask_intensity,myof_straightness_std,z_mask_area,z_straightness_std,myof_length_mean,myof_bending_std,sarcomere_oop,n_domains,myof_straightness_mean,z_intensity_mean,myof_bending_mean,z_lat_dist_mean,z_lat_length_groups_mean,z_length_max,sarcomere_area_ratio,z_length_std,myof_length_max,domain_slen_mean,z_mask_area_ratio,z_lat_alignment_std,n_zbands,cell_mask_area,cell_mask_intensity,z_oop,z_lat_alignment_mean,z_length_mean,z_lat_dist_std,myof_length_std,n_vectors,z_straightness_mean,n_mbands,z_intensity_std,sarcomere_length_std,z_lat_neighbors_mean,z_lat_neighbors_std,domain_area_mean,domain_oop_std
214.79962158203125,0.10901087155253646,11.275613810204524,0.7326241731643677,1.514280348612843,765.1007751937984,0.02503010465959475,46.44,0.11089382477696198,9.150023460388184,0.018622943221075505,0.27646705508232117,4.0,0.9560614511161779,762.9002708075774,0.022433757875444316,1.714612369554111,2.1786247045745974,3.3,0.24633337241879186,0.5774600994601183,14.061253547668457,1.5104154726483252,0.05325764417494517,0.6592933517103441,87.0,871.9875,567.0648690491549,0.26823058690764856,0.7268055508317599,0.7913793103448276,0.6791417042341759,2.299729108810425,362.0,0.8485346775965121,98.0,71.47951943306533,0.2612902039827929,0.7126436781609196,0.6592933517103441,43.588125,0.1468033492565155
