cell_mask_area,cell_mask_area_ratio,cell_mask_intensity,domain_area_mean,domain_area_std,domain_oop_mean,domain_oop_std,domain_slen_mean,myof_bending_mean,myof_bending_std,myof_length_max,myof_length_mean,myof_length_std,myof_straightness_mean,myof_straightness_std,n_domains,n_mbands,n_vectors,n_zbands,sarcomere_area,sarcomere_area_ratio,sarcomere_length_mean,sarcomere_length_std,sarcomere_oop,z_intensity_mean,z_intensity_std,z_lat_alignment_mean,z_lat_alignment_std,z_lat_dist_mean,z_lat_dist_std,z_lat_length_groups_mean,z_lat_neighbors_mean,z_lat_neighbors_std,z_length_max,z_length_mean,z_length_std,z_mask_area,z_mask_area_ratio,z_mask_intensity,z_oop,z_straightness_mean,z_straightness_std
1973.07,0.4226527858106805,590.9083496784199,207.75,100.3552840537059,0.7524517178535461,0.19381174445152283,1.489454855229269,0.035186213182372396,0.027523196295585146,29.48628044128418,13.095786094665527,4.625582218170166,0.9403965887663286,0.033717880942108196,3.0,259.0,1514.0,242.0,761.1907348632812,0.38579003018812374,1.4955512098243182,0.20824971813747187,0.5360947251319885,785.4180292331027,108.0443246242922,0.7992591715421064,0.670695655050363,1.8226939646023113,0.6109591528099948,6.821719930931339,1.322314049586777,0.670695655050363,6.8999999999999995,1.1064049586776858,1.0983318912999323,144.63,0.07330201158600556,779.548070939639,0.33503682154655934,0.8371349026371042,0.11574437155134873
