cell_mask_area,cell_mask_area_ratio,cell_mask_intensity,domain_area_mean,domain_area_std,domain_oop_mean,domain_oop_std,domain_slen_mean,myof_bending_mean,myof_bending_std,myof_length_max,myof_length_mean,myof_length_std,myof_straightness_mean,myof_straightness_std,n_domains,n_mbands,n_vectors,n_zbands,sarcomere_area,sarcomere_area_ratio,sarcomere_length_mean,sarcomere_length_std,sarcomere_oop,z_intensity_mean,z_intensity_std,z_lat_alignment_mean,z_lat_alignment_std,z_lat_dist_mean,z_lat_dist_std,z_lat_length_groups_mean,z_lat_neighbors_mean,z_lat_neighbors_std,z_length_max,z_length_mean,z_length_std,z_mask_area,z_mask_area_ratio,z_mask_intensity,z_oop,z_straightness_mean,z_straightness_std
1652.895,0.767820561060245,600.419795268302,201.53250000000003,34.25657820039824,0.6547086834907532,0.21991044282913208,1.4900163183091797,0.0329495243607926,0.035975942102398864,26.939254760742188,12.803461074829102,4.698081970214844,0.9416792264365264,0.04596133843857184,3.0,246.0,1443.0,226.0,734.0706787109375,0.4441121055547615,1.491345741211378,0.19564779625518994,0.5323143005371094,788.1576189282265,107.86284212348315,0.8058102945211606,0.694845256370039,1.8383377860242214,0.6086119869611072,6.1790948287552325,1.2566371681415929,0.694845256370039,8.7,1.1415929203539823,1.1889871248078039,138.69,0.0839073262366938,781.4682024659312,0.35156939816710214,0.829747580996039,0.11573755808177921
