cell_mask_area,cell_mask_area_ratio,cell_mask_intensity,domain_area_mean,domain_area_std,domain_oop_mean,domain_oop_std,domain_slen_mean,myof_bending_mean,myof_bending_std,myof_length_max,myof_length_mean,myof_length_std,myof_straightness_mean,myof_straightness_std,n_domains,n_mbands,n_vectors,n_zbands,sarcomere_area,sarcomere_area_ratio,sarcomere_length_mean,sarcomere_length_std,sarcomere_oop,z_intensity_mean,z_intensity_std,z_lat_alignment_mean,z_lat_alignment_std,z_lat_dist_mean,z_lat_dist_std,z_lat_length_groups_mean,z_lat_neighbors_mean,z_lat_neighbors_std,z_length_max,z_length_mean,z_length_std,z_mask_area,z_mask_area_ratio,z_mask_intensity,z_oop,z_straightness_mean,z_straightness_std
676.125,0.10990417672445323,586.716306156406,80.28,0.0,0.9310908913612366,0.0,1.40482098805242,0.0262348284604764,0.019604825767981095,28.73810386657715,15.561634063720703,6.636386394500732,0.9596696923837736,0.017631693313773195,1.0,53.0,201.0,46.0,113.12510681152344,0.16731389434131771,1.4068666724058674,0.3057166223354275,0.9239770770072937,865.0056338454458,158.77510985955124,0.7795123638412192,0.6055820990080052,1.4484433038163598,0.5681085193404495,2.1783977987889007,0.7391304347826086,0.6055820990080052,2.6999999999999997,0.8380434782608696,0.59226763767015,22.634999999999998,0.03347753743760399,857.1988071570577,0.8727679156505438,0.8395512510135955,0.08023154244524375
