cell_mask_area,cell_mask_area_ratio,cell_mask_intensity,domain_area_mean,domain_area_std,domain_oop_mean,domain_oop_std,domain_slen_mean,myof_bending_mean,myof_bending_std,myof_length_max,myof_length_mean,myof_length_std,myof_straightness_mean,myof_straightness_std,n_domains,n_mbands,n_vectors,n_zbands,sarcomere_area,sarcomere_area_ratio,sarcomere_length_mean,sarcomere_length_std,sarcomere_oop,z_intensity_mean,z_intensity_std,z_lat_alignment_mean,z_lat_alignment_std,z_lat_dist_mean,z_lat_dist_std,z_lat_length_groups_mean,z_lat_neighbors_mean,z_lat_neighbors_std,z_length_max,z_length_mean,z_length_std,z_mask_area,z_mask_area_ratio,z_mask_intensity,z_oop,z_straightness_mean,z_straightness_std
818.37,0.20951130158291284,546.3724293412515,55.4175,0.0,0.8488134741783142,0.0,1.468447501867549,0.027890619010229267,0.01925680816187828,14.837502479553223,11.033186912536621,1.3502739667892456,0.9268049802680223,0.0401904782825552,1.0,31.0,121.0,28.0,73.44426727294922,0.08974457430373696,1.4602550698217431,0.1535704961065432,0.8000219464302063,740.8234312081477,76.25110234002196,0.8896028493224726,0.5624291338579867,1.1201237839361389,0.367011864468416,1.723049513574455,0.5714285714285714,0.5624291338579867,3.15,0.9107142857142857,0.8047134741696601,15.389999999999999,0.01880567469482019,742.2485380116959,0.537501677969071,0.8287013577645428,0.11189852086807582
