cell_mask_area,cell_mask_area_ratio,cell_mask_intensity,domain_area_mean,domain_area_std,domain_oop_mean,domain_oop_std,domain_slen_mean,myof_bending_mean,myof_bending_std,myof_length_max,myof_length_mean,myof_length_std,myof_straightness_mean,myof_straightness_std,n_domains,n_mbands,n_vectors,n_zbands,sarcomere_area,sarcomere_area_ratio,sarcomere_length_mean,sarcomere_length_std,sarcomere_oop,z_intensity_mean,z_intensity_std,z_lat_alignment_mean,z_lat_alignment_std,z_lat_dist_mean,z_lat_dist_std,z_lat_length_groups_mean,z_lat_neighbors_mean,z_lat_neighbors_std,z_length_max,z_length_mean,z_length_std,z_mask_area,z_mask_area_ratio,z_mask_intensity,z_oop,z_straightness_mean,z_straightness_std
1540.485,0.31070349159095656,584.1409750825227,40.798125,19.106066639208475,0.6212061047554016,0.21271070837974548,1.467101117260312,0.02545043836632879,0.015279417582870379,26.42875862121582,11.056398391723633,5.930423259735107,0.9499804553162279,0.03324176469394492,4.0,100.0,328.0,84.0,198.85650634765625,0.1290869475182532,1.4354791469512909,0.24551535715286718,0.42634785175323486,757.4452833889611,98.75175521289988,0.742369513945381,0.6468132241526725,2.0000889922985268,0.7600289618733392,2.233382773499182,0.7142857142857143,0.6468132241526725,2.25,0.7214285714285713,0.44127019812706825,42.1425,0.027356644173750475,761.1943406300053,0.4211081809887119,0.8631994741844903,0.09121759016920995
