cell_mask_area,cell_mask_area_ratio,cell_mask_intensity,domain_area_mean,domain_area_std,domain_oop_mean,domain_oop_std,domain_slen_mean,myof_bending_mean,myof_bending_std,myof_length_max,myof_length_mean,myof_length_std,myof_straightness_mean,myof_straightness_std,n_domains,n_mbands,n_vectors,n_zbands,sarcomere_area,sarcomere_area_ratio,sarcomere_length_mean,sarcomere_length_std,sarcomere_oop,z_intensity_mean,z_intensity_std,z_lat_alignment_mean,z_lat_alignment_std,z_lat_dist_mean,z_lat_dist_std,z_lat_length_groups_mean,z_lat_neighbors_mean,z_lat_neighbors_std,z_length_max,z_length_mean,z_length_std,z_mask_area,z_mask_area_ratio,z_mask_intensity,z_oop,z_straightness_mean,z_straightness_std
1370.205,0.1947464695047073,551.474777496798,30.183749999999996,0.5962499999999995,0.9525457620620728,0.004765838384628296,1.545452452893397,0.022408897989375044,0.023167308533617894,14.649298667907715,9.112171173095703,2.3731343746185303,0.9676881718594862,0.013258899426215807,2.0,51.0,167.0,47.0,114.84434509277344,0.08381544739128338,1.5249044271555405,0.2480375161022013,0.7854037284851074,688.824190109833,64.25837918030365,0.8155896770054363,0.5280712189783343,2.4004791795773817,0.6306343698336643,1.5395871741104328,0.3829787234042553,0.5280712189783343,2.4,0.7851063829787237,0.4865111240136702,26.91,0.019639397024532827,699.4331103678929,0.6033242967425912,0.8515879278100495,0.09056621256767226
