cell_mask_area,cell_mask_area_ratio,cell_mask_intensity,domain_area_mean,domain_area_std,domain_oop_mean,domain_oop_std,domain_slen_mean,myof_bending_mean,myof_bending_std,myof_length_max,myof_length_mean,myof_length_std,myof_straightness_mean,myof_straightness_std,n_domains,n_mbands,n_vectors,n_zbands,sarcomere_area,sarcomere_area_ratio,sarcomere_length_mean,sarcomere_length_std,sarcomere_oop,z_intensity_mean,z_intensity_std,z_lat_alignment_mean,z_lat_alignment_std,z_lat_dist_mean,z_lat_dist_std,z_lat_length_groups_mean,z_lat_neighbors_mean,z_lat_neighbors_std,z_length_max,z_length_mean,z_length_std,z_mask_area,z_mask_area_ratio,z_mask_intensity,z_oop,z_straightness_mean,z_straightness_std
478.03499999999997,0.13262172284644194,553.8887319966111,61.3125,0.0,0.966044545173645,0.0,1.6216058968136102,0.01050181812162328,0.0049392493795963836,28.455242156982422,22.89058494567871,4.310095310211182,0.9694702217726979,0.007728581696529885,1.0,31.0,148.0,25.0,72.60881805419922,0.15189017133515165,1.6129241064574678,0.18035557382045525,0.956611156463623,819.2131240904616,153.3921840360134,0.9140152270699408,0.46647615158762407,2.0061975777714656,0.440364938368062,1.6464185862421838,0.32,0.46647615158762407,2.6999999999999997,1.062,0.6461083500466466,15.795,0.03304151369669585,825.1894586894587,0.8946240379850727,0.8747523567387349,0.0714053651589878
