cell_mask_area,cell_mask_area_ratio,cell_mask_intensity,domain_area_mean,domain_area_std,domain_oop_mean,domain_oop_std,domain_slen_mean,myof_bending_mean,myof_bending_std,myof_length_max,myof_length_mean,myof_length_std,myof_straightness_mean,myof_straightness_std,n_domains,n_mbands,n_vectors,n_zbands,sarcomere_area,sarcomere_area_ratio,sarcomere_length_mean,sarcomere_length_std,sarcomere_oop,z_intensity_mean,z_intensity_std,z_lat_alignment_mean,z_lat_alignment_std,z_lat_dist_mean,z_lat_dist_std,z_lat_length_groups_mean,z_lat_neighbors_mean,z_lat_neighbors_std,z_length_max,z_length_mean,z_length_std,z_mask_area,z_mask_area_ratio,z_mask_intensity,z_oop,z_straightness_mean,z_straightness_std
1330.83,0.367397137745975,567.3306958815175,20.9925,0.0,0.9529832005500793,0.0,1.457693545721614,0.008716877870392147,0.005005449130521587,8.671595573425293,7.541971683502197,0.7216672897338867,0.973676145271936,0.007014249916203478,1.0,14.0,56.0,13.0,28.577552795410156,0.021473481057242592,1.4424001822975572,0.18268004589909953,0.9103606939315796,707.6578140813435,42.87631069473646,0.8310956651661487,0.49851851526214314,0.9517392542186783,0.33792364815039583,1.5005217762656033,0.46153846153846156,0.49851851526214314,2.6999999999999997,0.9346153846153845,0.7492007575729813,5.3549999999999995,0.0040238046933116925,703.9159663865546,0.739653582112207,0.8758655043819665,0.10917191124456513
