cell_mask_area,cell_mask_area_ratio,cell_mask_intensity,domain_area_mean,domain_area_std,domain_oop_mean,domain_oop_std,domain_slen_mean,myof_bending_mean,myof_bending_std,myof_length_max,myof_length_mean,myof_length_std,myof_straightness_mean,myof_straightness_std,n_domains,n_mbands,n_vectors,n_zbands,sarcomere_area,sarcomere_area_ratio,sarcomere_length_mean,sarcomere_length_std,sarcomere_oop,z_intensity_mean,z_intensity_std,z_lat_alignment_mean,z_lat_alignment_std,z_lat_dist_mean,z_lat_dist_std,z_lat_length_groups_mean,z_lat_neighbors_mean,z_lat_neighbors_std,z_length_max,z_length_mean,z_length_std,z_mask_area,z_mask_area_ratio,z_mask_intensity,z_oop,z_straightness_mean,z_straightness_std
919.98,0.25497948340587934,537.5592349833692,27.0,0.0,0.6396241784095764,0.0,1.6330753203291726,0.045596941051188354,0.010399790598634419,11.220280647277832,8.686639785766602,2.4700183868408203,0.8932449254531979,0.05632836561345879,1.0,25.0,83.0,25.0,54.04304122924805,0.0587437131559904,1.6213682010241244,0.21188295983360206,0.3747321665287018,682.1398963266944,63.5745972283244,0.6509595645081219,0.48989794855663565,1.4066600185997982,0.8650477397651641,1.3191650046499497,0.4,0.48989794855663565,2.25,0.774,0.5276589807820957,12.735,0.013842692232439835,689.7014134275619,0.47313022129240956,0.8707444519454698,0.10070611391959801
