cell_mask_area,cell_mask_area_ratio,cell_mask_intensity,domain_area_mean,domain_area_std,domain_oop_mean,domain_oop_std,domain_slen_mean,myof_bending_mean,myof_bending_std,myof_length_max,myof_length_mean,myof_length_std,myof_straightness_mean,myof_straightness_std,n_domains,n_mbands,n_vectors,n_zbands,sarcomere_area,sarcomere_area_ratio,sarcomere_length_mean,sarcomere_length_std,sarcomere_oop,z_intensity_mean,z_intensity_std,z_lat_alignment_mean,z_lat_alignment_std,z_lat_dist_mean,z_lat_dist_std,z_lat_length_groups_mean,z_lat_neighbors_mean,z_lat_neighbors_std,z_length_max,z_length_mean,z_length_std,z_mask_area,z_mask_area_ratio,z_mask_intensity,z_oop,z_straightness_mean,z_straightness_std
1057.23,0.2119909226667148,577.0905337532987,126.85499999999999,0.0,0.7049203515052795,0.0,1.416288768319833,0.03740211751839114,0.027701545970043772,28.947603225708008,13.774027824401855,6.833459377288818,0.9260176543840392,0.054850388220605846,1.0,78.0,395.0,73.0,182.59561157226562,0.17271134149831693,1.4123424946593954,0.3019091857873607,0.5170007944107056,865.993415007255,154.74014328633538,0.7513517667326131,0.6202318587765354,1.5196318015328794,0.6393114951022969,1.9121252081256146,0.547945205479452,0.6202318587765354,3.5999999999999996,0.9719178082191782,0.7600462450498484,36.9675,0.03496637439346216,892.6135118685331,0.22007577939735157,0.8233552705516437,0.11907087751350182
