cell_mask_area,cell_mask_area_ratio,cell_mask_intensity,domain_area_mean,domain_area_std,domain_oop_mean,domain_oop_std,domain_slen_mean,myof_bending_mean,myof_bending_std,myof_length_max,myof_length_mean,myof_length_std,myof_straightness_mean,myof_straightness_std,n_domains,n_mbands,n_vectors,n_zbands,sarcomere_area,sarcomere_area_ratio,sarcomere_length_mean,sarcomere_length_std,sarcomere_oop,z_intensity_mean,z_intensity_std,z_lat_alignment_mean,z_lat_alignment_std,z_lat_dist_mean,z_lat_dist_std,z_lat_length_groups_mean,z_lat_neighbors_mean,z_lat_neighbors_std,z_length_max,z_length_mean,z_length_std,z_mask_area,z_mask_area_ratio,z_mask_intensity,z_oop,z_straightness_mean,z_straightness_std
1027.2825,0.22898799313893656,643.0846310532886,58.47,45.08793533197101,0.7422359585762024,0.18300861120224,1.3513305600825714,0.033438564443543234,0.025884248137869246,18.462648391723633,10.255589485168457,4.012991428375244,0.9463892262398796,0.03815664089847837,3.0,99.0,442.0,86.0,211.97483825683594,0.20634522466491537,1.349107385668006,0.3111200952474139,0.7494514584541321,933.4427545252468,122.81884341363762,0.8000085491237027,0.7118710634890217,1.6388331971851535,0.7623816313395066,3.094637562769699,0.9302325581395349,0.7118710634890217,3.5999999999999996,0.8930232558139533,0.7503163205305585,43.6725,0.04251264866285564,929.4801648634724,0.7000282211800996,0.8210813434590775,0.11373492845775732
