cell_mask_area,cell_mask_area_ratio,cell_mask_intensity,domain_area_mean,domain_area_std,domain_oop_mean,domain_oop_std,domain_slen_mean,myof_bending_mean,myof_bending_std,myof_length_max,myof_length_mean,myof_length_std,myof_straightness_mean,myof_straightness_std,n_domains,n_mbands,n_vectors,n_zbands,sarcomere_area,sarcomere_area_ratio,sarcomere_length_mean,sarcomere_length_std,sarcomere_oop,z_intensity_mean,z_intensity_std,z_lat_alignment_mean,z_lat_alignment_std,z_lat_dist_mean,z_lat_dist_std,z_lat_length_groups_mean,z_lat_neighbors_mean,z_lat_neighbors_std,z_length_max,z_length_mean,z_length_std,z_mask_area,z_mask_area_ratio,z_mask_intensity,z_oop,z_straightness_mean,z_straightness_std
1477.5075,0.3293460925039873,579.8218283155923,,,,,,0.02284475030482136,0.016225193493327218,10.182955741882324,9.0191650390625,0.5760673880577087,0.962449058539405,0.018675547643419707,0.0,28.0,56.0,21.0,45.234336853027344,0.030615301007289198,1.4294953005000455,0.16946175591816318,0.5614148378372192,766.8254944350183,78.34911450394277,0.7857248604073872,0.4994327848429292,1.7662242573263942,0.08917327420155352,0.8806551849817257,0.19047619047619047,0.4994327848429292,2.1,0.6285714285714287,0.40254293724586776,9.764999999999999,0.006609103507088796,782.5460829493088,0.3810368930638449,0.8482152388786782,0.09152099846905942
