cell_mask_area,cell_mask_area_ratio,cell_mask_intensity,domain_area_mean,domain_area_std,domain_oop_mean,domain_oop_std,domain_slen_mean,myof_bending_mean,myof_bending_std,myof_length_max,myof_length_mean,myof_length_std,myof_straightness_mean,myof_straightness_std,n_domains,n_mbands,n_vectors,n_zbands,sarcomere_area,sarcomere_area_ratio,sarcomere_length_mean,sarcomere_length_std,sarcomere_oop,z_intensity_mean,z_intensity_std,z_lat_alignment_mean,z_lat_alignment_std,z_lat_dist_mean,z_lat_dist_std,z_lat_length_groups_mean,z_lat_neighbors_mean,z_lat_neighbors_std,z_length_max,z_length_mean,z_length_std,z_mask_area,z_mask_area_ratio,z_mask_intensity,z_oop,z_straightness_mean,z_straightness_std
969.9975,0.13924741602067184,650.859525411148,194.01749999999998,0.0,0.8412471413612366,0.0,1.4064828951038575,0.023175147247996325,0.016919949099387564,28.3825740814209,15.408520698547363,6.385628700256348,0.9413487125730247,0.02285277448852215,1.0,78.0,552.0,73.0,220.10186767578125,0.2269097267526785,1.4064828951038575,0.28606966726544586,0.8412472605705261,1057.2522067265236,207.97617304299257,0.7142643568510434,0.6080093430458122,1.4113366980556559,0.6827164108869299,4.550540495223869,1.0136986301369864,0.6080093430458122,4.5,1.5287671232876714,1.1182764933733742,49.004999999999995,0.0505207487648164,1048.676308539945,0.7923905080166085,0.7758479746915977,0.12537345915293646
