cell_mask_area,cell_mask_area_ratio,cell_mask_intensity,domain_area_mean,domain_area_std,domain_oop_mean,domain_oop_std,domain_slen_mean,myof_bending_mean,myof_bending_std,myof_length_max,myof_length_mean,myof_length_std,myof_straightness_mean,myof_straightness_std,n_domains,n_mbands,n_vectors,n_zbands,sarcomere_area,sarcomere_area_ratio,sarcomere_length_mean,sarcomere_length_std,sarcomere_oop,z_intensity_mean,z_intensity_std,z_lat_alignment_mean,z_lat_alignment_std,z_lat_dist_mean,z_lat_dist_std,z_lat_length_groups_mean,z_lat_neighbors_mean,z_lat_neighbors_std,z_length_max,z_length_mean,z_length_std,z_mask_area,z_mask_area_ratio,z_mask_intensity,z_oop,z_straightness_mean,z_straightness_std
1865.4299999999998,0.2163344118567999,582.3119361219665,74.6955,34.400530715382864,0.9257973432540894,0.04600294306874275,1.5038321322297497,0.015670966438524125,0.008286071683714298,49.73362350463867,19.570219039916992,12.719595909118652,0.9624109663788823,0.015811669738652473,5.0,156.0,1068.0,143.0,458.61553955078125,0.2458497716616444,1.5121608725161177,0.1707531251417902,0.4133472144603729,845.4333581737116,147.78267854225118,0.7583927057841179,0.5897389830016229,1.7304662050827722,0.6393531319639766,2.3066325664620093,0.48951048951048953,0.5897389830016229,5.1,1.3185314685314684,1.019798388166129,91.5075,0.04905437352245863,858.7223998032948,0.32717083298743516,0.8161978058044747,0.09860865852297908
