cell_mask_area,cell_mask_area_ratio,cell_mask_intensity,domain_area_mean,domain_area_std,domain_oop_mean,domain_oop_std,domain_slen_mean,myof_bending_mean,myof_bending_std,myof_length_max,myof_length_mean,myof_length_std,myof_straightness_mean,myof_straightness_std,n_domains,n_mbands,n_vectors,n_zbands,sarcomere_area,sarcomere_area_ratio,sarcomere_length_mean,sarcomere_length_std,sarcomere_oop,z_intensity_mean,z_intensity_std,z_lat_alignment_mean,z_lat_alignment_std,z_lat_dist_mean,z_lat_dist_std,z_lat_length_groups_mean,z_lat_neighbors_mean,z_lat_neighbors_std,z_length_max,z_length_mean,z_length_std,z_mask_area,z_mask_area_ratio,z_mask_intensity,z_oop,z_straightness_mean,z_straightness_std
1080.4724999999999,0.206233250876108,594.9087690801941,180.2475,112.005,0.6647133827209473,0.02785104513168335,1.5051678776407513,0.023473996983804504,0.027936615058215822,27.498292922973633,14.388290405273438,5.989158630371094,0.9347590944694244,0.03990297128231854,2.0,160.0,862.0,154.0,418.92822265625,0.38772687195301136,1.4912266300654302,0.20764702945279956,0.49912577867507935,783.3127001401676,102.80000767937715,0.7938025677023776,0.6806731263053849,1.7715951082908068,0.6206208862705216,4.2863999844423075,1.0649350649350648,0.6806731263053849,4.2,1.0607142857142857,0.7981505465704597,83.205,0.07700797567730785,786.8885884261763,0.5126677170814994,0.8410577121205095,0.09763797750208408
