cell_mask_area,cell_mask_area_ratio,cell_mask_intensity,domain_area_mean,domain_area_std,domain_oop_mean,domain_oop_std,domain_slen_mean,myof_bending_mean,myof_bending_std,myof_length_max,myof_length_mean,myof_length_std,myof_straightness_mean,myof_straightness_std,n_domains,n_mbands,n_vectors,n_zbands,sarcomere_area,sarcomere_area_ratio,sarcomere_length_mean,sarcomere_length_std,sarcomere_oop,z_intensity_mean,z_intensity_std,z_lat_alignment_mean,z_lat_alignment_std,z_lat_dist_mean,z_lat_dist_std,z_lat_length_groups_mean,z_lat_neighbors_mean,z_lat_neighbors_std,z_length_max,z_length_mean,z_length_std,z_mask_area,z_mask_area_ratio,z_mask_intensity,z_oop,z_straightness_mean,z_straightness_std
803.9024999999999,0.1803839008037481,582.4256486327633,275.9625,0.0,0.5663938522338867,0.0,1.4352324906023157,0.02715231522856759,0.017469217337606337,39.204463958740234,15.60096549987793,7.73158597946167,0.9482638597163714,0.029747063851606057,1.0,125.0,770.0,112.0,320.59112548828125,0.39879354211273293,1.4352324906023157,0.3309201900270567,0.5663938522338867,742.0343082967613,83.44214853171205,0.7668645604685073,0.6388765649999398,1.7710734673702666,0.6780731141824325,5.508306289827021,1.1428571428571428,0.6388765649999398,6.0,1.3486607142857143,0.9942796167647084,66.50999999999999,0.08273391362758543,742.2029769959405,0.498000119624839,0.796600408811916,0.10856195856138295
