cell_mask_area,cell_mask_area_ratio,cell_mask_intensity,domain_area_mean,domain_area_std,domain_oop_mean,domain_oop_std,domain_slen_mean,myof_bending_mean,myof_bending_std,myof_length_max,myof_length_mean,myof_length_std,myof_straightness_mean,myof_straightness_std,n_domains,n_mbands,n_vectors,n_zbands,sarcomere_area,sarcomere_area_ratio,sarcomere_length_mean,sarcomere_length_std,sarcomere_oop,z_intensity_mean,z_intensity_std,z_lat_alignment_mean,z_lat_alignment_std,z_lat_dist_mean,z_lat_dist_std,z_lat_length_groups_mean,z_lat_neighbors_mean,z_lat_neighbors_std,z_length_max,z_length_mean,z_length_std,z_mask_area,z_mask_area_ratio,z_mask_intensity,z_oop,z_straightness_mean,z_straightness_std
1645.695,0.18473560849447376,534.0386371715293,61.44749999999999,25.333567899133353,0.6282446980476379,0.40509864687919617,1.6589001024892587,0.019362560832094318,0.01993886035541196,45.9174919128418,13.749494552612305,9.168560981750488,0.9477327738331989,0.03451452661011366,3.0,103.0,420.0,97.0,238.58001708984375,0.1449721953884795,1.5803773952748126,0.26908292871669576,0.4226588010787964,650.2510581770857,62.5047773928474,0.7118631245033434,0.6753954372849156,1.8544198919918173,0.6594519422862108,1.8076174987370353,0.4948453608247423,0.6753954372849156,3.5999999999999996,0.9015463917525772,0.6222031693348078,49.905,0.030324574116102926,657.7696122633002,0.3687774136495099,0.855576534774201,0.08771806531620378
