cell_mask_area,cell_mask_area_ratio,cell_mask_intensity,domain_area_mean,domain_area_std,domain_oop_mean,domain_oop_std,domain_slen_mean,myof_bending_mean,myof_bending_std,myof_length_max,myof_length_mean,myof_length_std,myof_straightness_mean,myof_straightness_std,n_domains,n_mbands,n_vectors,n_zbands,sarcomere_area,sarcomere_area_ratio,sarcomere_length_mean,sarcomere_length_std,sarcomere_oop,z_intensity_mean,z_intensity_std,z_lat_alignment_mean,z_lat_alignment_std,z_lat_dist_mean,z_lat_dist_std,z_lat_length_groups_mean,z_lat_neighbors_mean,z_lat_neighbors_std,z_length_max,z_length_mean,z_length_std,z_mask_area,z_mask_area_ratio,z_mask_intensity,z_oop,z_straightness_mean,z_straightness_std
389.3175,0.1057860435542839,566.6427787088944,,,,,,0.009355694285256415,0.0048306195592347344,10.749523162841797,10.726625442504883,0.010054773651063442,0.9702115812917596,0.007516703786191514,0.0,17.0,51.0,16.0,29.50163459777832,0.07577782811658433,1.5425639549729413,0.16450321945193438,0.9414219260215759,706.2224915344159,56.23906252054501,0.7342859992320567,0.4841229182759271,2.448677959962711,0.4426920469049082,2.013035436346687,0.625,0.4841229182759271,0.8999999999999999,0.6187499999999999,0.20453835214941965,6.075,0.01560423048026354,712.3888888888889,0.8443420935476238,0.8927146383028737,0.07342606866927916
