cell_mask_area,cell_mask_area_ratio,cell_mask_intensity,domain_area_mean,domain_area_std,domain_oop_mean,domain_oop_std,domain_slen_mean,myof_bending_mean,myof_bending_std,myof_length_max,myof_length_mean,myof_length_std,myof_straightness_mean,myof_straightness_std,n_domains,n_mbands,n_vectors,n_zbands,sarcomere_area,sarcomere_area_ratio,sarcomere_length_mean,sarcomere_length_std,sarcomere_oop,z_intensity_mean,z_intensity_std,z_lat_alignment_mean,z_lat_alignment_std,z_lat_dist_mean,z_lat_dist_std,z_lat_length_groups_mean,z_lat_neighbors_mean,z_lat_neighbors_std,z_length_max,z_length_mean,z_length_std,z_mask_area,z_mask_area_ratio,z_mask_intensity,z_oop,z_straightness_mean,z_straightness_std
3170.4075,0.3723561122562233,544.9024321006053,77.34599999999999,44.9879712423221,0.8017417192459106,0.1484372913837433,1.5108068370910803,0.024250577203714357,0.015070962928144362,34.91345977783203,15.738751411437988,7.744873046875,0.9423050385933426,0.04250414724866596,5.0,194.0,947.0,186.0,491.22955322265625,0.15494208653703231,1.516841545481889,0.2082103281277517,0.26230230927467346,645.0957575538226,80.4985420431269,0.7838827422165466,0.5979113451379717,1.7194405434111006,0.6822309808936845,1.8925446441749765,0.5053763440860215,0.5979113451379717,3.4499999999999997,0.9798387096774194,0.7209122624248141,101.90249999999999,0.032141767264933604,662.2495032015897,0.2590192549012307,0.8484203731568102,0.09928941962923934
