cell_mask_area,cell_mask_area_ratio,cell_mask_intensity,domain_area_mean,domain_area_std,domain_oop_mean,domain_oop_std,domain_slen_mean,myof_bending_mean,myof_bending_std,myof_length_max,myof_length_mean,myof_length_std,myof_straightness_mean,myof_straightness_std,n_domains,n_mbands,n_vectors,n_zbands,sarcomere_area,sarcomere_area_ratio,sarcomere_length_mean,sarcomere_length_std,sarcomere_oop,z_intensity_mean,z_intensity_std,z_lat_alignment_mean,z_lat_alignment_std,z_lat_dist_mean,z_lat_dist_std,z_lat_length_groups_mean,z_lat_neighbors_mean,z_lat_neighbors_std,z_length_max,z_length_mean,z_length_std,z_mask_area,z_mask_area_ratio,z_mask_intensity,z_oop,z_straightness_mean,z_straightness_std
1371.9375,0.19499270875972166,551.429192291923,30.15,0.24749999999999872,0.9536041617393494,0.0051781535148620605,1.5487028589731187,0.012253768565889679,0.008132070391717719,14.343811988830566,10.631104469299316,2.4664509296417236,0.9721630152008491,0.012181300458638751,2.0,51.0,164.0,47.0,114.84344482421875,0.08370894798357706,1.5334599905350268,0.245869501210901,0.7915700078010559,688.9394070476719,64.28790962466006,0.8141603436515212,0.5280712189783343,2.4004791795773817,0.6306343698336643,1.5435345425314853,0.3829787234042553,0.5280712189783343,2.4,0.7882978723404258,0.4857778108197562,26.91,0.01961459614596146,699.3896321070234,0.6003367321419449,0.8496536918332603,0.09028780955345138
