cell_mask_area,cell_mask_area_ratio,cell_mask_intensity,domain_area_mean,domain_area_std,domain_oop_mean,domain_oop_std,domain_slen_mean,myof_bending_mean,myof_bending_std,myof_length_max,myof_length_mean,myof_length_std,myof_straightness_mean,myof_straightness_std,n_domains,n_mbands,n_vectors,n_zbands,sarcomere_area,sarcomere_area_ratio,sarcomere_length_mean,sarcomere_length_std,sarcomere_oop,z_intensity_mean,z_intensity_std,z_lat_alignment_mean,z_lat_alignment_std,z_lat_dist_mean,z_lat_dist_std,z_lat_length_groups_mean,z_lat_neighbors_mean,z_lat_neighbors_std,z_length_max,z_length_mean,z_length_std,z_mask_area,z_mask_area_ratio,z_mask_intensity,z_oop,z_straightness_mean,z_straightness_std
1159.11,0.20282049464956414,562.4896536998214,166.37624999999997,90.77625,0.8742566108703613,0.008553951978683472,1.7421639955043533,0.01300744640679104,0.008560625815296735,44.03231430053711,20.620389938354492,12.321016311645508,0.9551183442112,0.02358997446609888,2.0,113.0,785.0,99.0,377.2724914550781,0.3254846317045648,1.6987011608139753,0.21687690780889007,0.8708946108818054,748.4646653784287,103.91591491556841,0.811257250997611,0.6105891418063601,1.7781767460371365,0.5927636205544167,4.338283996270246,0.9696969696969697,0.6105891418063601,4.95,1.372727272727273,1.121152742080391,74.7675,0.06450423169500738,734.2127595546193,0.7849887215374625,0.8024856100334828,0.1004516397028267
