sarcomere_area,cell_mask_area_ratio,domain_area_std,domain_oop_mean,sarcomere_length_mean,z_mask_intensity,myof_straightness_std,z_mask_area,z_straightness_std,myof_length_mean,myof_bending_std,sarcomere_oop,n_domains,myof_straightness_mean,z_intensity_mean,myof_bending_mean,z_lat_dist_mean,z_lat_length_groups_mean,z_length_max,sarcomere_area_ratio,z_length_std,myof_length_max,domain_slen_mean,z_mask_area_ratio,z_lat_alignment_std,n_zbands,cell_mask_area,cell_mask_intensity,z_oop,z_lat_alignment_mean,z_length_mean,z_lat_dist_std,myof_length_std,n_vectors,z_straightness_mean,n_mbands,z_intensity_std,sarcomere_length_std,z_lat_neighbors_mean,z_lat_neighbors_std,domain_area_mean,domain_oop_std
191.3699188232422,0.45879467253513057,10.188020538848553,0.95731121301651,1.6165902698220487,760.95590636908,0.015436410772278785,41.332499999999996,0.07528593715543498,14.104419708251953,0.008286027337929002,0.9473088979721069,3.0,0.96552178490987,756.5041239405692,0.012151479795287402,1.7391383696641611,2.3036984293824565,2.85,0.21248450398414687,0.7235884513406637,18.86720085144043,1.6191087665382338,0.04589287498750874,0.6006398051935872,54.0,900.63,584.1800989307485,0.8913341492323854,0.8328477058609961,1.2555555555555555,0.4844413746240083,3.87166166305542,356.0,0.8247625638844397,66.0,63.47399177269122,0.16456998224649771,0.5185185185185185,0.6006398051935872,53.64000000000001,0.01303862128406763
