sarcomere_area,cell_mask_area_ratio,domain_area_std,domain_oop_mean,sarcomere_length_mean,z_mask_intensity,myof_straightness_std,z_mask_area,z_straightness_std,myof_length_mean,myof_bending_std,sarcomere_oop,n_domains,myof_straightness_mean,z_intensity_mean,myof_bending_mean,z_lat_dist_mean,z_lat_length_groups_mean,z_length_max,sarcomere_area_ratio,z_length_std,myof_length_max,domain_slen_mean,z_mask_area_ratio,z_lat_alignment_std,n_zbands,cell_mask_area,cell_mask_intensity,z_oop,z_lat_alignment_mean,z_length_mean,z_lat_dist_std,myof_length_std,n_vectors,z_straightness_mean,n_mbands,z_intensity_std,sarcomere_length_std,z_lat_neighbors_mean,z_lat_neighbors_std,domain_area_mean,domain_oop_std
77.05255126953125,0.24261146719904733,0.0,0.5270630121231079,1.5474924706916635,843.8838526912182,0.03179025383779702,15.885,0.08035762874874063,9.87524700164795,0.04173994312141909,0.4634961187839508,1.0,0.9560893759758065,820.8047222343602,0.03972053042958953,1.8720801823727018,1.8943649021287132,1.65,0.09887849610791098,0.3143039647356055,13.912046432495117,1.5374181764969472,0.020384593174337357,0.6774279391601491,39.0,779.265,581.7832765490558,0.4415813888950288,0.6741437132045451,0.5423076923076924,0.7724923055901327,3.2435719966888428,102.0,0.914524160168424,38.0,118.89934947834435,0.2622453622089686,0.717948717948718,0.6774279391601491,42.3,0.0
