cell_mask_area,cell_mask_area_ratio,cell_mask_intensity,domain_area_mean,domain_area_std,domain_oop_mean,domain_oop_std,domain_slen_mean,myof_bending_mean,myof_bending_std,myof_length_max,myof_length_mean,myof_length_std,myof_straightness_mean,myof_straightness_std,n_domains,n_mbands,n_vectors,n_zbands,sarcomere_area,sarcomere_area_ratio,sarcomere_length_mean,sarcomere_length_std,sarcomere_oop,z_intensity_mean,z_intensity_std,z_lat_alignment_mean,z_lat_alignment_std,z_lat_dist_mean,z_lat_dist_std,z_lat_length_groups_mean,z_lat_neighbors_mean,z_lat_neighbors_std,z_length_max,z_length_mean,z_length_std,z_mask_area,z_mask_area_ratio,z_mask_intensity,z_oop,z_straightness_mean,z_straightness_std
1309.905,0.12055313051328988,591.7747432065684,77.799375,65.64394448878643,0.9272680282592773,0.03750988095998764,1.4033225909400289,0.01823950179422266,0.010446919216027405,37.12823486328125,15.927196502685547,8.678823471069336,0.96036397455419,0.016030792769756854,4.0,151.0,894.0,154.0,316.34295654296875,0.24150068634211547,1.3870684042244845,0.25623873816175663,0.8393252491950989,875.5370027026329,143.3849968081787,0.8267643480834873,0.6463567344482755,1.618097269230738,0.670026223629724,3.208808371493187,0.8961038961038961,0.6463567344482755,3.5999999999999996,1.046103896103896,0.7326462547915911,71.505,0.05458792813219279,904.6998112020138,0.7821499498245867,0.8483985235508711,0.09155630972899349
