cell_mask_area,cell_mask_area_ratio,cell_mask_intensity,domain_area_mean,domain_area_std,domain_oop_mean,domain_oop_std,domain_slen_mean,myof_bending_mean,myof_bending_std,myof_length_max,myof_length_mean,myof_length_std,myof_straightness_mean,myof_straightness_std,n_domains,n_mbands,n_vectors,n_zbands,sarcomere_area,sarcomere_area_ratio,sarcomere_length_mean,sarcomere_length_std,sarcomere_oop,z_intensity_mean,z_intensity_std,z_lat_alignment_mean,z_lat_alignment_std,z_lat_dist_mean,z_lat_dist_std,z_lat_length_groups_mean,z_lat_neighbors_mean,z_lat_neighbors_std,z_length_max,z_length_mean,z_length_std,z_mask_area,z_mask_area_ratio,z_mask_intensity,z_oop,z_straightness_mean,z_straightness_std
1111.4099999999999,0.25395878747994893,557.6291197667828,69.135,3.140413985448417,0.7777657508850098,0.12963120639324188,1.6542760590475665,0.01676582103093245,0.010616876579668975,49.422115325927734,22.407337188720703,11.025900840759277,0.934187720707567,0.048308313693499465,3.0,75.0,532.0,86.0,232.10543823242188,0.20883871679436203,1.6509781025281207,0.22318658834356,0.7346621155738831,741.88721567002,81.730222309874,0.7912131212198038,0.5762563578308775,1.4553098365127886,0.7024221018453829,1.8042067713147452,0.3953488372093023,0.5762563578308775,4.2,1.1598837209302324,0.8771591224025784,48.1275,0.04330310146570573,745.7732585320243,0.6189677504548569,0.8540183229158628,0.10717149586166326
