cell_mask_area,cell_mask_area_ratio,cell_mask_intensity,domain_area_mean,domain_area_std,domain_oop_mean,domain_oop_std,domain_slen_mean,myof_bending_mean,myof_bending_std,myof_length_max,myof_length_mean,myof_length_std,myof_straightness_mean,myof_straightness_std,n_domains,n_mbands,n_vectors,n_zbands,sarcomere_area,sarcomere_area_ratio,sarcomere_length_mean,sarcomere_length_std,sarcomere_oop,z_intensity_mean,z_intensity_std,z_lat_alignment_mean,z_lat_alignment_std,z_lat_dist_mean,z_lat_dist_std,z_lat_length_groups_mean,z_lat_neighbors_mean,z_lat_neighbors_std,z_length_max,z_length_mean,z_length_std,z_mask_area,z_mask_area_ratio,z_mask_intensity,z_oop,z_straightness_mean,z_straightness_std
1384.5825,0.1031081398076472,543.807725433479,,,,,,0.03355811715424424,0.014423700453717365,11.876558303833008,9.546561241149902,2.1763293743133545,0.9587939122854884,0.015169283235164355,0.0,36.0,127.0,40.0,74.62432861328125,0.053896628487851934,1.4113332610438158,0.26060711536089415,0.6004617810249329,720.7196849786035,71.47536346549653,0.4509689358914122,0.30000000000000004,1.7782727980230484,0.10122181489820603,0.9541196209485815,0.1,0.30000000000000004,1.95,0.8174999999999999,0.47428235261287127,20.6775,0.014934104684986267,719.1447225244831,0.6621736944855098,0.8258623504189959,0.09014774939896712
