cell_mask_area,cell_mask_area_ratio,cell_mask_intensity,domain_area_mean,domain_area_std,domain_oop_mean,domain_oop_std,domain_slen_mean,myof_bending_mean,myof_bending_std,myof_length_max,myof_length_mean,myof_length_std,myof_straightness_mean,myof_straightness_std,n_domains,n_mbands,n_vectors,n_zbands,sarcomere_area,sarcomere_area_ratio,sarcomere_length_mean,sarcomere_length_std,sarcomere_oop,z_intensity_mean,z_intensity_std,z_lat_alignment_mean,z_lat_alignment_std,z_lat_dist_mean,z_lat_dist_std,z_lat_length_groups_mean,z_lat_neighbors_mean,z_lat_neighbors_std,z_length_max,z_length_mean,z_length_std,z_mask_area,z_mask_area_ratio,z_mask_intensity,z_oop,z_straightness_mean,z_straightness_std
2032.47,0.3677638676844784,612.6458508612674,50.557500000000005,9.422921024024344,0.7699660062789917,0.22075286507606506,1.356756121122975,0.03294282451739041,0.043764252565299123,14.954623222351074,9.829899787902832,2.020301580429077,0.9496174342398034,0.03891528021757173,4.0,115.0,564.0,94.0,263.9040222167969,0.12984399386795223,1.3525953816940575,0.24037802723453167,0.4035462737083435,834.5574511585756,101.7979102474743,0.7910601693897042,0.6721518722949495,1.7396582252687465,0.6360541399998044,3.256150702566389,0.8723404255319149,0.6721518722949495,4.35,1.0771276595744679,0.8938520777480592,53.504999999999995,0.026325111809768407,844.4932716568545,0.3915481665909847,0.8214760624031199,0.1230667677510845
