cell_mask_area,cell_mask_area_ratio,cell_mask_intensity,domain_area_mean,domain_area_std,domain_oop_mean,domain_oop_std,domain_slen_mean,myof_bending_mean,myof_bending_std,myof_length_max,myof_length_mean,myof_length_std,myof_straightness_mean,myof_straightness_std,n_domains,n_mbands,n_vectors,n_zbands,sarcomere_area,sarcomere_area_ratio,sarcomere_length_mean,sarcomere_length_std,sarcomere_oop,z_intensity_mean,z_intensity_std,z_lat_alignment_mean,z_lat_alignment_std,z_lat_dist_mean,z_lat_dist_std,z_lat_length_groups_mean,z_lat_neighbors_mean,z_lat_neighbors_std,z_length_max,z_length_mean,z_length_std,z_mask_area,z_mask_area_ratio,z_mask_intensity,z_oop,z_straightness_mean,z_straightness_std
1447.8525,0.24988350238431786,573.3308365320362,78.76125,57.83625,0.4977036416530609,0.20613810420036316,1.4489103273462018,0.026043692166515697,0.01895726591873332,24.651458740234375,10.184996604919434,5.333080768585205,0.9526168227000646,0.04007974467527868,2.0,97.0,414.0,92.0,219.77972412109375,0.15179704018268003,1.3911511162512673,0.27784145727031345,0.5298738479614258,790.7897717477274,79.09485031666517,0.7857814059548809,0.7010658911563955,1.674072609304458,0.5849375619740478,2.6891622065475813,0.8260869565217391,0.7010658911563955,3.0,0.8869565217391304,0.5671663722064406,48.802499999999995,0.03370681751076163,793.3831258644536,0.25780650481610773,0.8336731819353943,0.10114358949966192
