cell_mask_area,cell_mask_area_ratio,cell_mask_intensity,domain_area_mean,domain_area_std,domain_oop_mean,domain_oop_std,domain_slen_mean,myof_bending_mean,myof_bending_std,myof_length_max,myof_length_mean,myof_length_std,myof_straightness_mean,myof_straightness_std,n_domains,n_mbands,n_vectors,n_zbands,sarcomere_area,sarcomere_area_ratio,sarcomere_length_mean,sarcomere_length_std,sarcomere_oop,z_intensity_mean,z_intensity_std,z_lat_alignment_mean,z_lat_alignment_std,z_lat_dist_mean,z_lat_dist_std,z_lat_length_groups_mean,z_lat_neighbors_mean,z_lat_neighbors_std,z_length_max,z_length_mean,z_length_std,z_mask_area,z_mask_area_ratio,z_mask_intensity,z_oop,z_straightness_mean,z_straightness_std
1812.8025,0.26117724095901246,593.27292134692,23.2425,0.0,0.8442651033401489,0.0,1.4972525304428992,0.03663023137349078,0.0012945227922208612,9.260632514953613,7.897426605224609,1.4228832721710205,0.9643854143646405,0.002465414364640539,1.0,33.0,84.0,30.0,60.44248962402344,0.033342015814752816,1.4519582731328855,0.2606783404891293,0.5405893921852112,847.4921956233733,102.67994512807878,0.7680142446704511,0.5120763831912405,1.8665611151583659,0.5692755074467521,1.1583170946397487,0.26666666666666666,0.5120763831912405,2.1,0.7550000000000001,0.5145143341054746,14.647499999999999,0.008080030781069641,878.084485407066,0.3416281890651648,0.8561649273790849,0.11614879870741526
