cell_mask_area,cell_mask_area_ratio,cell_mask_intensity,domain_area_mean,domain_area_std,domain_oop_mean,domain_oop_std,domain_slen_mean,myof_bending_mean,myof_bending_std,myof_length_max,myof_length_mean,myof_length_std,myof_straightness_mean,myof_straightness_std,n_domains,n_mbands,n_vectors,n_zbands,sarcomere_area,sarcomere_area_ratio,sarcomere_length_mean,sarcomere_length_std,sarcomere_oop,z_intensity_mean,z_intensity_std,z_lat_alignment_mean,z_lat_alignment_std,z_lat_dist_mean,z_lat_dist_std,z_lat_length_groups_mean,z_lat_neighbors_mean,z_lat_neighbors_std,z_length_max,z_length_mean,z_length_std,z_mask_area,z_mask_area_ratio,z_mask_intensity,z_oop,z_straightness_mean,z_straightness_std
1508.1074999999998,0.19777518773697644,603.4856550345384,152.0925,57.092269069463335,0.9384095072746277,0.009982931427657604,1.6154795531266508,0.018755822566645212,0.011008152924038339,72.81240844726562,21.779094696044922,14.622809410095215,0.95600968039058,0.020508649986753495,3.0,155.0,1122.0,151.0,529.632080078125,0.3511898721265726,1.6149277341493575,0.17190363851009083,0.9105644226074219,949.4489169699523,239.82595180424622,0.8420722758428879,0.6314006059100942,1.8892771071676906,0.756464906779703,4.049375277799238,0.9271523178807947,0.6314006059100942,4.5,1.2963576158940397,1.050403570153083,97.83,0.06486938099571815,955.3594756209752,0.8503402750303743,0.8214341095886162,0.0910642017470684
