cell_mask_area,cell_mask_area_ratio,cell_mask_intensity,domain_area_mean,domain_area_std,domain_oop_mean,domain_oop_std,domain_slen_mean,myof_bending_mean,myof_bending_std,myof_length_max,myof_length_mean,myof_length_std,myof_straightness_mean,myof_straightness_std,n_domains,n_mbands,n_vectors,n_zbands,sarcomere_area,sarcomere_area_ratio,sarcomere_length_mean,sarcomere_length_std,sarcomere_oop,z_intensity_mean,z_intensity_std,z_lat_alignment_mean,z_lat_alignment_std,z_lat_dist_mean,z_lat_dist_std,z_lat_length_groups_mean,z_lat_neighbors_mean,z_lat_neighbors_std,z_length_max,z_length_mean,z_length_std,z_mask_area,z_mask_area_ratio,z_mask_intensity,z_oop,z_straightness_mean,z_straightness_std
1058.94,0.17316055542064948,556.4744178140404,76.89375,2.1937499999999943,0.8636335134506226,0.016681015491485596,1.4789942449890456,0.03022405719037912,0.020684327175603954,31.589746475219727,14.642261505126953,6.05696964263916,0.9302308445458138,0.049283324950276416,2.0,84.0,411.0,89.0,189.56178283691406,0.17901088148234465,1.4809235496408217,0.26953484731536437,0.816842257976532,762.7612703460633,102.6644139280434,0.7630451467293925,0.7316323863415598,1.9956313098847949,0.6417778057323047,3.27259242171014,0.8764044943820225,0.7316323863415598,3.4499999999999997,0.9640449438202245,0.6559146955722926,40.7025,0.03843702192758797,766.4046434494196,0.7164067515783548,0.8348462032528787,0.10161841009059384
