cell_mask_area,cell_mask_area_ratio,cell_mask_intensity,domain_area_mean,domain_area_std,domain_oop_mean,domain_oop_std,domain_slen_mean,myof_bending_mean,myof_bending_std,myof_length_max,myof_length_mean,myof_length_std,myof_straightness_mean,myof_straightness_std,n_domains,n_mbands,n_vectors,n_zbands,sarcomere_area,sarcomere_area_ratio,sarcomere_length_mean,sarcomere_length_std,sarcomere_oop,z_intensity_mean,z_intensity_std,z_lat_alignment_mean,z_lat_alignment_std,z_lat_dist_mean,z_lat_dist_std,z_lat_length_groups_mean,z_lat_neighbors_mean,z_lat_neighbors_std,z_length_max,z_length_mean,z_length_std,z_mask_area,z_mask_area_ratio,z_mask_intensity,z_oop,z_straightness_mean,z_straightness_std
1811.0249999999999,0.2609211498813553,593.3409988818487,23.377499999999998,0.0,0.8552439212799072,0.0,1.5100606347401926,0.035823516800385875,0.018004691396794458,7.265836715698242,6.26630163192749,0.9402561783790588,0.9500043862667056,0.019329469322967658,1.0,33.0,82.0,30.0,60.492218017578125,0.03340219931672844,1.449252746463428,0.2662009685719914,0.5482030510902405,847.4921956233733,102.67994512807878,0.7718959219416821,0.5120763831912405,1.8665611151583659,0.5692755074467521,1.1583170946397487,0.26666666666666666,0.5120763831912405,2.1,0.7550000000000001,0.5145143341054746,14.647499999999999,0.008087961237420798,878.084485407066,0.3416281890651648,0.8561649273790849,0.11614879870741526
