cell_mask_area,cell_mask_area_ratio,cell_mask_intensity,domain_area_mean,domain_area_std,domain_oop_mean,domain_oop_std,domain_slen_mean,myof_bending_mean,myof_bending_std,myof_length_max,myof_length_mean,myof_length_std,myof_straightness_mean,myof_straightness_std,n_domains,n_mbands,n_vectors,n_zbands,sarcomere_area,sarcomere_area_ratio,sarcomere_length_mean,sarcomere_length_std,sarcomere_oop,z_intensity_mean,z_intensity_std,z_lat_alignment_mean,z_lat_alignment_std,z_lat_dist_mean,z_lat_dist_std,z_lat_length_groups_mean,z_lat_neighbors_mean,z_lat_neighbors_std,z_length_max,z_length_mean,z_length_std,z_mask_area,z_mask_area_ratio,z_mask_intensity,z_oop,z_straightness_mean,z_straightness_std
1598.6699999999998,0.1951013235213356,580.9132325620673,151.1775,45.292500000000004,0.7989305257797241,0.10470250248908997,1.6182292078913703,0.015347547161662582,0.010567126779836733,33.34765625,16.11646842956543,7.0196638107299805,0.9421872250252104,0.042189254962069524,2.0,111.0,704.0,98.0,361.8610534667969,0.22635131294563413,1.6254876144094892,0.1630774051491442,0.6922447085380554,715.1665236542356,74.040629853555,0.8750230038257532,0.6606699614791284,1.676165210523395,0.6226135289133207,2.828524201883959,0.6326530612244898,0.6606699614791284,4.35,1.4035714285714287,1.0671880369093578,77.445,0.04844339357090582,719.9291109819873,0.6948574208623494,0.8217124200708786,0.09874029819116233
