cell_mask_area,cell_mask_area_ratio,cell_mask_intensity,domain_area_mean,domain_area_std,domain_oop_mean,domain_oop_std,domain_slen_mean,myof_bending_mean,myof_bending_std,myof_length_max,myof_length_mean,myof_length_std,myof_straightness_mean,myof_straightness_std,n_domains,n_mbands,n_vectors,n_zbands,sarcomere_area,sarcomere_area_ratio,sarcomere_length_mean,sarcomere_length_std,sarcomere_oop,z_intensity_mean,z_intensity_std,z_lat_alignment_mean,z_lat_alignment_std,z_lat_dist_mean,z_lat_dist_std,z_lat_length_groups_mean,z_lat_neighbors_mean,z_lat_neighbors_std,z_length_max,z_length_mean,z_length_std,z_mask_area,z_mask_area_ratio,z_mask_intensity,z_oop,z_straightness_mean,z_straightness_std
2011.3425,0.3691210597164069,553.2310024274832,88.07624999999999,33.452122340181944,0.8647605180740356,0.04276207834482193,1.5164125777548878,0.017935823947050508,0.010676597838347372,31.347694396972656,15.916640281677246,6.9492011070251465,0.9510643906895819,0.027762245137101453,4.0,149.0,820.0,147.0,426.44525146484375,0.2120202061383597,1.523285728709624,0.24443894514884398,0.44589343667030334,703.0758639902689,77.68191633383763,0.8135750739319841,0.602031207886737,1.6125402776326947,0.6701014004690463,2.9493167770491926,0.8027210884353742,0.602031207886737,3.5999999999999996,1.1183673469387754,0.7785841334186875,84.9825,0.04225163044086226,703.5774424146148,0.42153369543191194,0.8270822452619219,0.09734830609855903
