cell_mask_area,cell_mask_area_ratio,cell_mask_intensity,domain_area_mean,domain_area_std,domain_oop_mean,domain_oop_std,domain_slen_mean,myof_bending_mean,myof_bending_std,myof_length_max,myof_length_mean,myof_length_std,myof_straightness_mean,myof_straightness_std,n_domains,n_mbands,n_vectors,n_zbands,sarcomere_area,sarcomere_area_ratio,sarcomere_length_mean,sarcomere_length_std,sarcomere_oop,z_intensity_mean,z_intensity_std,z_lat_alignment_mean,z_lat_alignment_std,z_lat_dist_mean,z_lat_dist_std,z_lat_length_groups_mean,z_lat_neighbors_mean,z_lat_neighbors_std,z_length_max,z_length_mean,z_length_std,z_mask_area,z_mask_area_ratio,z_mask_intensity,z_oop,z_straightness_mean,z_straightness_std
2373.9975,0.3022943323573062,573.5181924159566,232.025625,80.50239713773668,0.7209711670875549,0.26609477400779724,1.5839977095508146,0.015330919768431291,0.010215066498131697,77.35831451416016,23.55206871032715,15.37096118927002,0.9332462557262688,0.07913005186722268,4.0,323.0,2353.0,297.0,1084.5010986328125,0.4568248697114519,1.6038184745883937,0.17679530750333092,0.5896403193473816,764.6721974147915,130.86317398417452,0.8479637948457105,0.7210891883898378,1.8227696423139734,0.5971413002523261,4.3698921884424795,0.9562289562289562,0.7210891883898378,8.25,1.4090909090909092,1.0007159971175899,197.3475,0.08312877330325748,768.9488085737088,0.5180071698052438,0.8151073114437554,0.10349644967691186
