cell_mask_area,cell_mask_area_ratio,cell_mask_intensity,domain_area_mean,domain_area_std,domain_oop_mean,domain_oop_std,domain_slen_mean,myof_bending_mean,myof_bending_std,myof_length_max,myof_length_mean,myof_length_std,myof_straightness_mean,myof_straightness_std,n_domains,n_mbands,n_vectors,n_zbands,sarcomere_area,sarcomere_area_ratio,sarcomere_length_mean,sarcomere_length_std,sarcomere_oop,z_intensity_mean,z_intensity_std,z_lat_alignment_mean,z_lat_alignment_std,z_lat_dist_mean,z_lat_dist_std,z_lat_length_groups_mean,z_lat_neighbors_mean,z_lat_neighbors_std,z_length_max,z_length_mean,z_length_std,z_mask_area,z_mask_area_ratio,z_mask_intensity,z_oop,z_straightness_mean,z_straightness_std
1163.835,0.21501255341436246,612.5046011676912,134.08875,66.38625,0.7628588676452637,0.11237496137619019,1.387050873455768,0.02834960739776403,0.020684023874774044,39.43391799926758,16.15511703491211,10.553526878356934,0.9216756986994702,0.04397199185965424,2.0,140.0,707.0,134.0,313.8636474609375,0.26968053672637227,1.401525491325435,0.2701987764370512,0.6716634035110474,951.0296858095654,160.49815645592994,0.8152977720310745,0.7213758790205714,1.7729524776948002,0.7273660610970708,3.47884226532096,0.9552238805970149,0.7213758790205714,3.15,0.9705223880597014,0.5880404052065564,59.9175,0.05148281328538839,973.028163725122,0.5977894213346374,0.8432029231440912,0.09382825218993095
