cell_mask_area,cell_mask_area_ratio,cell_mask_intensity,domain_area_mean,domain_area_std,domain_oop_mean,domain_oop_std,domain_slen_mean,myof_bending_mean,myof_bending_std,myof_length_max,myof_length_mean,myof_length_std,myof_straightness_mean,myof_straightness_std,n_domains,n_mbands,n_vectors,n_zbands,sarcomere_area,sarcomere_area_ratio,sarcomere_length_mean,sarcomere_length_std,sarcomere_oop,z_intensity_mean,z_intensity_std,z_lat_alignment_mean,z_lat_alignment_std,z_lat_dist_mean,z_lat_dist_std,z_lat_length_groups_mean,z_lat_neighbors_mean,z_lat_neighbors_std,z_length_max,z_length_mean,z_length_std,z_mask_area,z_mask_area_ratio,z_mask_intensity,z_oop,z_straightness_mean,z_straightness_std
904.545,0.24835672630226352,551.1874782349137,41.107499999999995,10.246092547893562,0.890772819519043,0.03348594531416893,1.463615877577584,0.033448543693873505,0.01704083473400633,24.805404663085938,11.080811500549316,5.942752361297607,0.9520524001218537,0.017822888736336816,3.0,64.0,283.0,62.0,127.55650329589844,0.14101731068758153,1.4370775464171757,0.26297523791950284,0.84917813539505,673.0127400313924,102.68019759519832,0.7847655279169844,0.661093597803845,1.6829668430060036,0.5864065188437144,2.011213708502456,0.5806451612903226,0.661093597803845,3.15,0.9387096774193546,0.6702442594500175,29.5875,0.03270981543206806,697.2471482889733,0.7121404535388386,0.8546256070834604,0.09957608765609806
