cell_mask_area,cell_mask_area_ratio,cell_mask_intensity,domain_area_mean,domain_area_std,domain_oop_mean,domain_oop_std,domain_slen_mean,myof_bending_mean,myof_bending_std,myof_length_max,myof_length_mean,myof_length_std,myof_straightness_mean,myof_straightness_std,n_domains,n_mbands,n_vectors,n_zbands,sarcomere_area,sarcomere_area_ratio,sarcomere_length_mean,sarcomere_length_std,sarcomere_oop,z_intensity_mean,z_intensity_std,z_lat_alignment_mean,z_lat_alignment_std,z_lat_dist_mean,z_lat_dist_std,z_lat_length_groups_mean,z_lat_neighbors_mean,z_lat_neighbors_std,z_length_max,z_length_mean,z_length_std,z_mask_area,z_mask_area_ratio,z_mask_intensity,z_oop,z_straightness_mean,z_straightness_std
657.3824999999999,0.32069942044257105,584.3839887736592,36.765,4.184999999999999,0.8077865839004517,0.019320756196975708,1.4667571398698698,0.021756979511496344,0.014445483825952421,14.41373062133789,11.56628704071045,1.6538604497909546,0.9261799318957896,0.04567075350807181,2.0,45.0,168.0,36.0,97.45689392089844,0.14824990613668365,1.4713036125663486,0.23496157746050422,0.7759969234466553,792.2840943305014,97.33292454564334,0.6307292105743011,0.5905636562630361,1.8823511700564464,0.8030992207077615,1.664705454841211,0.3888888888888889,0.5905636562630361,2.1,0.9749999999999999,0.5804093383121949,22.14,0.03367902248690831,797.7967479674796,0.6839009642589526,0.816695350846438,0.09023423314727043
