cell_mask_area,cell_mask_area_ratio,cell_mask_intensity,domain_area_mean,domain_area_std,domain_oop_mean,domain_oop_std,domain_slen_mean,myof_bending_mean,myof_bending_std,myof_length_max,myof_length_mean,myof_length_std,myof_straightness_mean,myof_straightness_std,n_domains,n_mbands,n_vectors,n_zbands,sarcomere_area,sarcomere_area_ratio,sarcomere_length_mean,sarcomere_length_std,sarcomere_oop,z_intensity_mean,z_intensity_std,z_lat_alignment_mean,z_lat_alignment_std,z_lat_dist_mean,z_lat_dist_std,z_lat_length_groups_mean,z_lat_neighbors_mean,z_lat_neighbors_std,z_length_max,z_length_mean,z_length_std,z_mask_area,z_mask_area_ratio,z_mask_intensity,z_oop,z_straightness_mean,z_straightness_std
734.76,0.14201039333782695,578.9469622733953,98.2725,45.68916775341832,0.8453451991081238,0.11428451538085938,1.6564397755063336,0.018919972440953114,0.01500066863767095,45.82438278198242,20.062496185302734,5.976881980895996,0.9335447597942544,0.059801652360072975,3.0,84.0,746.0,90.0,311.45166015625,0.42388216581775,1.6632759152339562,0.19247333520809773,0.10636184364557266,790.271252532446,129.40073546226964,0.8122991470330791,0.6482645398139921,1.5922187265664594,0.590748900644927,3.6356598386447194,0.8444444444444444,0.6482645398139921,4.6499999999999995,1.4283333333333335,1.169450250711371,61.537499999999994,0.08375183733463988,808.1985374771481,0.12783896168669287,0.8232378245507342,0.11119908642744748
