cell_mask_area,cell_mask_area_ratio,cell_mask_intensity,domain_area_mean,domain_area_std,domain_oop_mean,domain_oop_std,domain_slen_mean,myof_bending_mean,myof_bending_std,myof_length_max,myof_length_mean,myof_length_std,myof_straightness_mean,myof_straightness_std,n_domains,n_mbands,n_vectors,n_zbands,sarcomere_area,sarcomere_area_ratio,sarcomere_length_mean,sarcomere_length_std,sarcomere_oop,z_intensity_mean,z_intensity_std,z_lat_alignment_mean,z_lat_alignment_std,z_lat_dist_mean,z_lat_dist_std,z_lat_length_groups_mean,z_lat_neighbors_mean,z_lat_neighbors_std,z_length_max,z_length_mean,z_length_std,z_mask_area,z_mask_area_ratio,z_mask_intensity,z_oop,z_straightness_mean,z_straightness_std
963.2475,0.32678157059110896,558.9582116745696,173.9025,141.66,0.8454605937004089,0.015823960304260254,1.3861652024987845,0.02032478940666298,0.019190058169061726,26.848915100097656,15.078068733215332,6.629846572875977,0.9365979657812967,0.03902296400848271,2.0,89.0,1119.0,102.0,400.43914794921875,0.41571781701921756,1.419447427862981,0.21069068098170216,0.7282901406288147,652.0746350082561,45.14584872909683,0.8122062134170573,0.6520897705221917,1.5353205061256492,0.6156312865425864,7.73711874715899,1.2549019607843137,0.6520897705221917,10.65,1.9191176470588238,1.7517224592938412,81.72,0.08483800892294037,662.7937775330397,0.5730544746277862,0.7550450536718548,0.13809208229792455
