cell_mask_area,cell_mask_area_ratio,cell_mask_intensity,domain_area_mean,domain_area_std,domain_oop_mean,domain_oop_std,domain_slen_mean,myof_bending_mean,myof_bending_std,myof_length_max,myof_length_mean,myof_length_std,myof_straightness_mean,myof_straightness_std,n_domains,n_mbands,n_vectors,n_zbands,sarcomere_area,sarcomere_area_ratio,sarcomere_length_mean,sarcomere_length_std,sarcomere_oop,z_intensity_mean,z_intensity_std,z_lat_alignment_mean,z_lat_alignment_std,z_lat_dist_mean,z_lat_dist_std,z_lat_length_groups_mean,z_lat_neighbors_mean,z_lat_neighbors_std,z_length_max,z_length_mean,z_length_std,z_mask_area,z_mask_area_ratio,z_mask_intensity,z_oop,z_straightness_mean,z_straightness_std
1911.8474999999999,0.3209589749982058,599.9672358804769,88.27499999999999,41.103316015864216,0.4923690855503082,0.21674379706382751,1.4012009735277824,0.04539821703739714,0.03979643998580652,30.19097328186035,10.58658504486084,5.518008708953857,0.9001366468554496,0.08581595503649775,3.0,166.0,605.0,138.0,333.57147216796875,0.17447598313566787,1.4012457371444664,0.18736079895101024,0.32500603795051575,875.9101242068091,128.4220235973111,0.7580648201433562,0.6785333281576594,1.8341290923875277,0.7075100511354627,2.294959711583823,0.7246376811594203,0.6785333281576594,2.6999999999999997,0.7989130434782606,0.5542806864712906,65.4975,0.03425874710195243,872.8735829611817,0.25948420180090737,0.8448364936889139,0.09689824129963397
