sarcomere_area,cell_mask_area_ratio,domain_area_std,domain_oop_mean,sarcomere_length_mean,z_mask_intensity,myof_straightness_std,z_mask_area,z_straightness_std,myof_length_mean,myof_bending_std,sarcomere_oop,n_domains,myof_straightness_mean,z_intensity_mean,myof_bending_mean,z_lat_dist_mean,z_lat_length_groups_mean,z_length_max,sarcomere_area_ratio,z_length_std,myof_length_max,domain_slen_mean,z_mask_area_ratio,z_lat_alignment_std,n_zbands,cell_mask_area,cell_mask_intensity,z_oop,z_lat_alignment_mean,z_length_mean,z_lat_dist_std,myof_length_std,n_vectors,z_straightness_mean,n_mbands,z_intensity_std,sarcomere_length_std,z_lat_neighbors_mean,z_lat_neighbors_std,domain_area_mean,domain_oop_std
734.0706787109375,0.767820561060245,34.25657820039824,0.6547086834907532,1.491345741211378,781.4682024659312,0.04596133843857184,138.69,0.11573755808177921,12.803461074829102,0.035975942102398864,0.5323143005371094,3.0,0.9416792264365264,788.1576189282265,0.0329495243607926,1.8383377860242214,6.1790948287552325,8.7,0.4441121055547615,1.1889871248078039,26.939254760742188,1.4900163183091797,0.0839073262366938,0.694845256370039,226.0,1652.895,600.419795268302,0.35156939816710214,0.8058102945211606,1.1415929203539823,0.6086119869611072,4.698081970214844,1443.0,0.829747580996039,246.0,107.86284212348315,0.19564779625518994,1.2566371681415929,0.694845256370039,201.53250000000003,0.21991044282913208
