sarcomere_area,cell_mask_area_ratio,domain_area_std,domain_oop_mean,sarcomere_length_mean,z_mask_intensity,myof_straightness_std,z_mask_area,z_straightness_std,myof_length_mean,myof_bending_std,sarcomere_oop,n_domains,myof_straightness_mean,z_intensity_mean,myof_bending_mean,z_lat_dist_mean,z_lat_length_groups_mean,z_length_max,sarcomere_area_ratio,z_length_std,myof_length_max,domain_slen_mean,z_mask_area_ratio,z_lat_alignment_std,n_zbands,cell_mask_area,cell_mask_intensity,z_oop,z_lat_alignment_mean,z_length_mean,z_lat_dist_std,myof_length_std,n_vectors,z_straightness_mean,n_mbands,z_intensity_std,sarcomere_length_std,z_lat_neighbors_mean,z_lat_neighbors_std,domain_area_mean,domain_oop_std
99.35851287841797,0.2629674819817263,0.0,0.8933014273643494,1.371380823202671,870.7960602549247,0.03687394667969423,19.4175,0.11648143117272854,7.577483177185059,0.025900746564009404,0.7886157631874084,1.0,0.9425126276036628,872.5012843447846,0.046891612576884914,1.800614174242952,2.2691594494953016,1.7999999999999998,0.07941612994708147,0.4499843747287232,9.985987663269043,1.3661981400015837,0.01552018703354015,0.7141428428542851,40.0,1251.1125,598.8843629170038,0.6561912252996854,0.8048964594206469,0.64125,0.7069793812519344,1.9906306266784668,143.0,0.8484507965607266,58.0,108.54358387378582,0.2790527544203042,0.8,0.7141428428542851,59.4225,0.0
