cell_mask_area,cell_mask_area_ratio,cell_mask_intensity,domain_area_mean,domain_area_std,domain_oop_mean,domain_oop_std,domain_slen_mean,myof_bending_mean,myof_bending_std,myof_length_max,myof_length_mean,myof_length_std,myof_straightness_mean,myof_straightness_std,n_domains,n_mbands,n_vectors,n_zbands,sarcomere_area,sarcomere_area_ratio,sarcomere_length_mean,sarcomere_length_std,sarcomere_oop,z_intensity_mean,z_intensity_std,z_lat_alignment_mean,z_lat_alignment_std,z_lat_dist_mean,z_lat_dist_std,z_lat_length_groups_mean,z_lat_neighbors_mean,z_lat_neighbors_std,z_length_max,z_length_mean,z_length_std,z_mask_area,z_mask_area_ratio,z_mask_intensity,z_oop,z_straightness_mean,z_straightness_std
894.1274999999999,0.24095925297113752,583.5879111200584,36.933749999999996,9.32625,0.665184497833252,0.10271545499563217,1.4925271808722114,0.04839214220501171,0.03943611078730059,20.826473236083984,12.598310470581055,4.575384140014648,0.9125160136134794,0.04802871411054269,2.0,41.0,132.0,38.0,97.33283996582031,0.10885789774480745,1.5096640749036851,0.23918744174442888,0.6409829258918762,851.783776908039,108.44729779553506,0.7960002778856569,0.6531407182100452,1.79399437486031,0.8408143661678121,1.8868770749273613,0.6842105263157895,0.6531407182100452,1.95,0.6276315789473683,0.35237864062850227,19.1925,0.021465059513324444,867.9542790152403,0.5720477017511545,0.8815711765895906,0.08844260163415617
