cell_mask_area,cell_mask_area_ratio,cell_mask_intensity,domain_area_mean,domain_area_std,domain_oop_mean,domain_oop_std,domain_slen_mean,myof_bending_mean,myof_bending_std,myof_length_max,myof_length_mean,myof_length_std,myof_straightness_mean,myof_straightness_std,n_domains,n_mbands,n_vectors,n_zbands,sarcomere_area,sarcomere_area_ratio,sarcomere_length_mean,sarcomere_length_std,sarcomere_oop,z_intensity_mean,z_intensity_std,z_lat_alignment_mean,z_lat_alignment_std,z_lat_dist_mean,z_lat_dist_std,z_lat_length_groups_mean,z_lat_neighbors_mean,z_lat_neighbors_std,z_length_max,z_length_mean,z_length_std,z_mask_area,z_mask_area_ratio,z_mask_intensity,z_oop,z_straightness_mean,z_straightness_std
763.38,0.15396763448570056,583.0160044800755,207.8775,0.0,0.9724187254905701,0.0,1.5671386042482816,0.010542976207517407,0.003767385509687411,42.39146041870117,31.02460479736328,7.777534484863281,0.9732737648692924,0.012487258105298712,1.0,90.0,518.0,79.0,245.14610290527344,0.32113246732331663,1.5656624611495715,0.18567159412470255,0.9702600240707397,872.796663310655,108.23202253969573,0.906328543575063,0.6402110691849007,1.8521048223651844,0.6455110155200107,4.570569648936192,1.0886075949367089,0.6402110691849007,4.35,1.0746835443037974,0.8796530320631071,46.777499999999996,0.06127682150436217,878.0976430976431,0.9492875681012114,0.8759388633917107,0.09826566117557109
