sarcomere_area,cell_mask_area_ratio,domain_area_std,domain_oop_mean,sarcomere_length_mean,z_mask_intensity,myof_straightness_std,z_mask_area,z_straightness_std,myof_length_mean,myof_bending_std,sarcomere_oop,n_domains,myof_straightness_mean,z_intensity_mean,myof_bending_mean,z_lat_dist_mean,z_lat_length_groups_mean,z_length_max,sarcomere_area_ratio,z_length_std,myof_length_max,domain_slen_mean,z_mask_area_ratio,z_lat_alignment_std,n_zbands,cell_mask_area,cell_mask_intensity,z_oop,z_lat_alignment_mean,z_length_mean,z_lat_dist_std,myof_length_std,n_vectors,z_straightness_mean,n_mbands,z_intensity_std,sarcomere_length_std,z_lat_neighbors_mean,z_lat_neighbors_std,domain_area_mean,domain_oop_std
263.9040222167969,0.3677638676844784,9.422921024024344,0.7699660062789917,1.3525953816940575,844.4932716568545,0.03891528021757173,53.504999999999995,0.1230667677510845,9.829899787902832,0.043764252565299123,0.4035462737083435,4.0,0.9496174342398034,834.5574511585756,0.03294282451739041,1.7396582252687465,3.256150702566389,4.35,0.12984399386795223,0.8938520777480592,14.954623222351074,1.356756121122975,0.026325111809768407,0.6721518722949495,94.0,2032.47,612.6458508612674,0.3915481665909847,0.7910601693897042,1.0771276595744679,0.6360541399998044,2.020301580429077,564.0,0.8214760624031199,115.0,101.7979102474743,0.24037802723453167,0.8723404255319149,0.6721518722949495,50.557500000000005,0.22075286507606506
