cell_mask_area,cell_mask_area_ratio,cell_mask_intensity,domain_area_mean,domain_area_std,domain_oop_mean,domain_oop_std,domain_slen_mean,myof_bending_mean,myof_bending_std,myof_length_max,myof_length_mean,myof_length_std,myof_straightness_mean,myof_straightness_std,n_domains,n_mbands,n_vectors,n_zbands,sarcomere_area,sarcomere_area_ratio,sarcomere_length_mean,sarcomere_length_std,sarcomere_oop,z_intensity_mean,z_intensity_std,z_lat_alignment_mean,z_lat_alignment_std,z_lat_dist_mean,z_lat_dist_std,z_lat_length_groups_mean,z_lat_neighbors_mean,z_lat_neighbors_std,z_length_max,z_length_mean,z_length_std,z_mask_area,z_mask_area_ratio,z_mask_intensity,z_oop,z_straightness_mean,z_straightness_std
1026.6299999999999,0.22884254661811762,643.1548610502323,88.54875,35.11125,0.7531223297119141,0.02861851453781128,1.3710287989270173,0.0406123082111771,0.03536030024372492,18.681598663330078,10.166571617126465,4.64103364944458,0.9327616919451506,0.055106652425429926,2.0,100.0,433.0,86.0,212.1815185546875,0.20667769162666932,1.3619590378874535,0.3283082164902467,0.7439980506896973,933.4779244715796,122.78266193815844,0.8010934207655092,0.7118710634890217,1.6388331971851535,0.7623816313395066,3.094637562769699,0.9302325581395349,0.7118710634890217,3.5999999999999996,0.8930232558139533,0.7503163205305585,43.65,0.04251775225738582,929.5829896907217,0.7000594697336674,0.8212333422430872,0.11361137631169496
