cell_mask_area,cell_mask_area_ratio,cell_mask_intensity,domain_area_mean,domain_area_std,domain_oop_mean,domain_oop_std,domain_slen_mean,myof_bending_mean,myof_bending_std,myof_length_max,myof_length_mean,myof_length_std,myof_straightness_mean,myof_straightness_std,n_domains,n_mbands,n_vectors,n_zbands,sarcomere_area,sarcomere_area_ratio,sarcomere_length_mean,sarcomere_length_std,sarcomere_oop,z_intensity_mean,z_intensity_std,z_lat_alignment_mean,z_lat_alignment_std,z_lat_dist_mean,z_lat_dist_std,z_lat_length_groups_mean,z_lat_neighbors_mean,z_lat_neighbors_std,z_length_max,z_length_mean,z_length_std,z_mask_area,z_mask_area_ratio,z_mask_intensity,z_oop,z_straightness_mean,z_straightness_std
704.61,0.18717351025043333,562.3723336313706,21.1725,0.0,0.8664831519126892,0.0,1.4196512600573603,0.04957595572242302,0.0439457960362696,14.60063648223877,11.452080726623535,3.3375210762023926,0.9331578075743646,0.041060157063478396,1.0,37.0,114.0,27.0,68.19674682617188,0.09678651569828965,1.3800524965717986,0.15474472673114095,0.6767653822898865,738.4901986321419,48.18718834120076,0.8098396567692085,0.2618914004394621,0.9604686356149281,0.0,0.8677103321390357,0.07407407407407407,0.2618914004394621,2.1,0.7999999999999999,0.4898979485566356,15.209999999999999,0.02158640950312939,748.3698224852071,0.5804229840592361,0.8355294551260196,0.1024038128920779
