cell_mask_area,cell_mask_area_ratio,cell_mask_intensity,domain_area_mean,domain_area_std,domain_oop_mean,domain_oop_std,domain_slen_mean,myof_bending_mean,myof_bending_std,myof_length_max,myof_length_mean,myof_length_std,myof_straightness_mean,myof_straightness_std,n_domains,n_mbands,n_vectors,n_zbands,sarcomere_area,sarcomere_area_ratio,sarcomere_length_mean,sarcomere_length_std,sarcomere_oop,z_intensity_mean,z_intensity_std,z_lat_alignment_mean,z_lat_alignment_std,z_lat_dist_mean,z_lat_dist_std,z_lat_length_groups_mean,z_lat_neighbors_mean,z_lat_neighbors_std,z_length_max,z_length_mean,z_length_std,z_mask_area,z_mask_area_ratio,z_mask_intensity,z_oop,z_straightness_mean,z_straightness_std
827.1675,0.1883292521746258,569.8133993417295,177.5025,0.0,0.8178894519805908,0.0,1.3842303111326135,0.025144084001334527,0.012216959746162638,34.906150817871094,17.074687957763672,9.355220794677734,0.9545006834148199,0.021701142071048875,1.0,86.0,496.0,80.0,235.6079864501953,0.2848370933942585,1.3854581432361306,0.17938718374141452,0.7929466962814331,691.1411818048432,108.10693296633004,0.7919114531841919,0.6851094803022361,1.641612802965555,0.616787284301275,4.988054598163063,1.175,0.6851094803022361,6.45,1.093125,0.9828130465022328,42.3,0.051138372820498865,707.9654255319149,0.7021512432236684,0.810315966255595,0.10704549770226636
