sarcomere_area,cell_mask_area_ratio,domain_area_std,domain_oop_mean,sarcomere_length_mean,z_mask_intensity,myof_straightness_std,z_mask_area,z_straightness_std,myof_length_mean,myof_bending_std,sarcomere_oop,n_domains,myof_straightness_mean,z_intensity_mean,myof_bending_mean,z_lat_dist_mean,z_lat_length_groups_mean,z_length_max,sarcomere_area_ratio,z_length_std,myof_length_max,domain_slen_mean,z_mask_area_ratio,z_lat_alignment_std,n_zbands,cell_mask_area,cell_mask_intensity,z_oop,z_lat_alignment_mean,z_length_mean,z_lat_dist_std,myof_length_std,n_vectors,z_straightness_mean,n_mbands,z_intensity_std,sarcomere_length_std,z_lat_neighbors_mean,z_lat_neighbors_std,domain_area_mean,domain_oop_std
123.5167007446289,0.1517410550202151,19.046249999999997,0.8937318325042725,1.5476962015698992,772.8013059701492,0.021451548012638155,24.119999999999997,0.10590000078672096,21.735837936401367,0.02671720640572251,0.8587065935134888,2.0,0.9374731841233438,780.8998339862522,0.02321660587788547,1.6667801399764781,3.634886214761132,4.2,0.28906488042787265,0.9274732403526518,29.838577270507812,1.509892459178128,0.05644779105892265,0.5622416762205901,44.0,427.29749999999996,575.1576536254015,0.815530276669537,0.8381124617860333,1.1045454545454545,0.5707648696342171,8.004244804382324,250.0,0.8359466798233651,39.0,83.8873971193767,0.2169747974432201,0.9545454545454546,0.5622416762205901,54.506249999999994,0.03916332125663757
