cell_mask_area,cell_mask_area_ratio,cell_mask_intensity,domain_area_mean,domain_area_std,domain_oop_mean,domain_oop_std,domain_slen_mean,myof_bending_mean,myof_bending_std,myof_length_max,myof_length_mean,myof_length_std,myof_straightness_mean,myof_straightness_std,n_domains,n_mbands,n_vectors,n_zbands,sarcomere_area,sarcomere_area_ratio,sarcomere_length_mean,sarcomere_length_std,sarcomere_oop,z_intensity_mean,z_intensity_std,z_lat_alignment_mean,z_lat_alignment_std,z_lat_dist_mean,z_lat_dist_std,z_lat_length_groups_mean,z_lat_neighbors_mean,z_lat_neighbors_std,z_length_max,z_length_mean,z_length_std,z_mask_area,z_mask_area_ratio,z_mask_intensity,z_oop,z_straightness_mean,z_straightness_std
1627.155,0.4514232209737828,613.1048286733593,62.45249999999999,23.3497706091516,0.7181203365325928,0.22338473796844482,1.4919946554740509,0.029247567555907475,0.025188063197059008,16.175125122070312,9.593772888183594,2.5119357109069824,0.9497121534057669,0.030723151550930965,3.0,91.0,431.0,83.0,213.94943237304688,0.13148681740402535,1.4814381244105115,0.26528529024982456,0.6573628187179565,876.4465291077934,133.46994542921013,0.785816852525757,0.6461247073634662,1.8789937274188424,0.6732672740603453,3.0230941034784893,0.7710843373493976,0.6461247073634662,3.4499999999999997,1.133132530120482,0.7578217479809323,46.012499999999996,0.02827788379103404,888.881662591687,0.6150644665776568,0.8267268611533476,0.1026229712152268
