cell_mask_area,cell_mask_area_ratio,cell_mask_intensity,domain_area_mean,domain_area_std,domain_oop_mean,domain_oop_std,domain_slen_mean,myof_bending_mean,myof_bending_std,myof_length_max,myof_length_mean,myof_length_std,myof_straightness_mean,myof_straightness_std,n_domains,n_mbands,n_vectors,n_zbands,sarcomere_area,sarcomere_area_ratio,sarcomere_length_mean,sarcomere_length_std,sarcomere_oop,z_intensity_mean,z_intensity_std,z_lat_alignment_mean,z_lat_alignment_std,z_lat_dist_mean,z_lat_dist_std,z_lat_length_groups_mean,z_lat_neighbors_mean,z_lat_neighbors_std,z_length_max,z_length_mean,z_length_std,z_mask_area,z_mask_area_ratio,z_mask_intensity,z_oop,z_straightness_mean,z_straightness_std
1025.4375,0.166684953551313,643.325068568294,92.565,42.38999999999999,0.7572547197341919,0.019876480102539062,1.368907716839571,0.030129267070066024,0.02686155238823099,19.174453735351562,9.875629425048828,3.848135232925415,0.9530159255490313,0.037166607013125,2.0,106.0,467.0,83.0,219.87681579589844,0.21442244485490186,1.3615255289269024,0.31038823586251924,0.7459751963615417,938.7076584690483,124.69285163633239,0.7987649665387038,0.6828254127857712,1.6369400134564907,0.6946529903199503,3.4111513755637066,0.9397590361445783,0.6828254127857712,3.5999999999999996,1.039156626506024,0.8290671268174503,45.9225,0.04478332419089413,929.4370406663401,0.709609446159782,0.8027309090391693,0.11243755780516831
