cell_mask_area,cell_mask_area_ratio,cell_mask_intensity,domain_area_mean,domain_area_std,domain_oop_mean,domain_oop_std,domain_slen_mean,myof_bending_mean,myof_bending_std,myof_length_max,myof_length_mean,myof_length_std,myof_straightness_mean,myof_straightness_std,n_domains,n_mbands,n_vectors,n_zbands,sarcomere_area,sarcomere_area_ratio,sarcomere_length_mean,sarcomere_length_std,sarcomere_oop,z_intensity_mean,z_intensity_std,z_lat_alignment_mean,z_lat_alignment_std,z_lat_dist_mean,z_lat_dist_std,z_lat_length_groups_mean,z_lat_neighbors_mean,z_lat_neighbors_std,z_length_max,z_length_mean,z_length_std,z_mask_area,z_mask_area_ratio,z_mask_intensity,z_oop,z_straightness_mean,z_straightness_std
583.6949999999999,0.20728063026351534,550.175622542595,28.935,0.0,0.7036436796188354,0.0,1.5005741416258338,0.05341183033446765,0.03922476915219884,10.1156644821167,8.628418922424316,1.4275293350219727,0.9563682282271492,0.013280604223629486,1.0,19.0,61.0,15.0,41.13703155517578,0.07047692982666595,1.5099531235285675,0.27532167447709893,0.6889461874961853,648.8200554411612,31.941745993000843,0.8382689554039604,0.44221663871405337,2.019629120788807,0.0696291207888099,1.3607121724290474,0.26666666666666666,0.44221663871405337,1.95,0.9099999999999999,0.5462600113499064,9.202499999999999,0.01576593940328425,656.4205378973105,0.6694039884739891,0.830255212893144,0.11384252221345606
