cell_mask_area,cell_mask_area_ratio,cell_mask_intensity,domain_area_mean,domain_area_std,domain_oop_mean,domain_oop_std,domain_slen_mean,myof_bending_mean,myof_bending_std,myof_length_max,myof_length_mean,myof_length_std,myof_straightness_mean,myof_straightness_std,n_domains,n_mbands,n_vectors,n_zbands,sarcomere_area,sarcomere_area_ratio,sarcomere_length_mean,sarcomere_length_std,sarcomere_oop,z_intensity_mean,z_intensity_std,z_lat_alignment_mean,z_lat_alignment_std,z_lat_dist_mean,z_lat_dist_std,z_lat_length_groups_mean,z_lat_neighbors_mean,z_lat_neighbors_std,z_length_max,z_length_mean,z_length_std,z_mask_area,z_mask_area_ratio,z_mask_intensity,z_oop,z_straightness_mean,z_straightness_std
839.61,0.26865370770338376,541.6087201200558,,,,,,0.021191341776025954,0.002313621122739482,9.429365158081055,9.384323120117188,0.017045363783836365,0.9227220299884658,0.0,0.0,25.0,73.0,28.0,52.633148193359375,0.06268761471797546,1.4301706436994517,0.2636328858857326,0.33357173204421997,646.7828299545343,32.09727524566162,0.6862819050858064,0.47915742374995496,1.4940801954341487,0.5405778108759682,1.2508869990074236,0.35714285714285715,0.47915742374995496,1.95,0.7607142857142856,0.5553887221154757,13.1175,0.01562332511523207,644.4116638078902,0.37726672122059757,0.8414405845250269,0.13062682385398125
