cell_mask_area,cell_mask_area_ratio,cell_mask_intensity,domain_area_mean,domain_area_std,domain_oop_mean,domain_oop_std,domain_slen_mean,myof_bending_mean,myof_bending_std,myof_length_max,myof_length_mean,myof_length_std,myof_straightness_mean,myof_straightness_std,n_domains,n_mbands,n_vectors,n_zbands,sarcomere_area,sarcomere_area_ratio,sarcomere_length_mean,sarcomere_length_std,sarcomere_oop,z_intensity_mean,z_intensity_std,z_lat_alignment_mean,z_lat_alignment_std,z_lat_dist_mean,z_lat_dist_std,z_lat_length_groups_mean,z_lat_neighbors_mean,z_lat_neighbors_std,z_length_max,z_length_mean,z_length_std,z_mask_area,z_mask_area_ratio,z_mask_intensity,z_oop,z_straightness_mean,z_straightness_std
1152.6074999999998,0.2469009061114324,662.5841255587874,123.63749999999999,0.0,0.8214511275291443,0.0,1.386969012294552,0.02780689327237694,0.009848311133855979,30.972946166992188,16.314191818237305,10.184280395507812,0.9291204477774815,0.054047190750909746,1.0,60.0,293.0,56.0,143.9197998046875,0.1248645352426455,1.386969012294552,0.2069473894147095,0.8214511275291443,1086.0996777479527,149.07578216383652,0.8065151373818462,0.6738557951469002,1.8081346816729096,0.6614559493508285,2.7753526009293936,0.7142857142857143,0.6738557951469002,4.8,1.138392857142857,0.9777886435102173,31.4775,0.027309817088644665,1086.3395282344532,0.7557873702034446,0.8337999146516072,0.12970165989553575
