cell_mask_area,cell_mask_area_ratio,cell_mask_intensity,domain_area_mean,domain_area_std,domain_oop_mean,domain_oop_std,domain_slen_mean,myof_bending_mean,myof_bending_std,myof_length_max,myof_length_mean,myof_length_std,myof_straightness_mean,myof_straightness_std,n_domains,n_mbands,n_vectors,n_zbands,sarcomere_area,sarcomere_area_ratio,sarcomere_length_mean,sarcomere_length_std,sarcomere_oop,z_intensity_mean,z_intensity_std,z_lat_alignment_mean,z_lat_alignment_std,z_lat_dist_mean,z_lat_dist_std,z_lat_length_groups_mean,z_lat_neighbors_mean,z_lat_neighbors_std,z_length_max,z_length_mean,z_length_std,z_mask_area,z_mask_area_ratio,z_mask_intensity,z_oop,z_straightness_mean,z_straightness_std
871.9875,0.10901087155253646,567.0648690491549,43.588125,11.275613810204524,0.7326241731643677,0.1468033492565155,1.5104154726483252,0.022433757875444316,0.018622943221075505,14.061253547668457,9.150023460388184,2.299729108810425,0.9560614511161779,0.02503010465959475,4.0,98.0,362.0,87.0,214.79962158203125,0.24633337241879186,1.514280348612843,0.2612902039827929,0.27646705508232117,762.9002708075774,71.47951943306533,0.7268055508317599,0.6592933517103441,1.714612369554111,0.6791417042341759,2.1786247045745974,0.7126436781609196,0.6592933517103441,3.3,0.7913793103448276,0.5774600994601183,46.44,0.05325764417494517,765.1007751937984,0.26823058690764856,0.8485346775965121,0.11089382477696198
