cell_mask_area,cell_mask_area_ratio,cell_mask_intensity,domain_area_mean,domain_area_std,domain_oop_mean,domain_oop_std,domain_slen_mean,myof_bending_mean,myof_bending_std,myof_length_max,myof_length_mean,myof_length_std,myof_straightness_mean,myof_straightness_std,n_domains,n_mbands,n_vectors,n_zbands,sarcomere_area,sarcomere_area_ratio,sarcomere_length_mean,sarcomere_length_std,sarcomere_oop,z_intensity_mean,z_intensity_std,z_lat_alignment_mean,z_lat_alignment_std,z_lat_dist_mean,z_lat_dist_std,z_lat_length_groups_mean,z_lat_neighbors_mean,z_lat_neighbors_std,z_length_max,z_length_mean,z_length_std,z_mask_area,z_mask_area_ratio,z_mask_intensity,z_oop,z_straightness_mean,z_straightness_std
389.9475,0.10595722827482484,566.565749235474,,,,,,0.015451964870949792,0.0017899008468492397,10.899252891540527,9.591463088989258,1.300838589668274,0.9616164048235318,0.0015251906935844315,0.0,17.0,52.0,16.0,29.54874610900879,0.07577621630862819,1.5534124788284345,0.15711508267114335,0.9395705461502075,706.2224915344159,56.23906252054501,0.733329770314225,0.4841229182759271,2.448677959962711,0.4426920469049082,2.013035436346687,0.625,0.4841229182759271,0.8999999999999999,0.6187499999999999,0.20453835214941965,6.075,0.01557902025272633,712.3888888888889,0.8443420935476238,0.8927146383028737,0.07342606866927916
