cell_mask_area,cell_mask_area_ratio,cell_mask_intensity,domain_area_mean,domain_area_std,domain_oop_mean,domain_oop_std,domain_slen_mean,myof_bending_mean,myof_bending_std,myof_length_max,myof_length_mean,myof_length_std,myof_straightness_mean,myof_straightness_std,n_domains,n_mbands,n_vectors,n_zbands,sarcomere_area,sarcomere_area_ratio,sarcomere_length_mean,sarcomere_length_std,sarcomere_oop,z_intensity_mean,z_intensity_std,z_lat_alignment_mean,z_lat_alignment_std,z_lat_dist_mean,z_lat_dist_std,z_lat_length_groups_mean,z_lat_neighbors_mean,z_lat_neighbors_std,z_length_max,z_length_mean,z_length_std,z_mask_area,z_mask_area_ratio,z_mask_intensity,z_oop,z_straightness_mean,z_straightness_std
963.675,0.32692659990229606,558.9378006070511,173.025,141.5925,0.8465379476547241,0.014811336994171143,1.3705195211710204,0.017425840796800166,0.011992809549618094,28.090606689453125,14.955055236816406,7.292747974395752,0.9428793854710233,0.04148674481631939,2.0,89.0,1117.0,102.0,400.4190368652344,0.41551252949929635,1.4147825897506998,0.20919673270388064,0.7280227541923523,652.0901778107431,45.14471612964068,0.8123370739147335,0.6520897705221917,1.532031933694166,0.6192447752232669,7.7394748356954395,1.2549019607843137,0.6520897705221917,10.65,1.9220588235294123,1.753282265473003,81.69749999999999,0.08477702544945132,662.8157532360232,0.5729263922699448,0.7551934504995685,0.13798307561914835
