cell_mask_area,cell_mask_area_ratio,cell_mask_intensity,domain_area_mean,domain_area_std,domain_oop_mean,domain_oop_std,domain_slen_mean,myof_bending_mean,myof_bending_std,myof_length_max,myof_length_mean,myof_length_std,myof_straightness_mean,myof_straightness_std,n_domains,n_mbands,n_vectors,n_zbands,sarcomere_area,sarcomere_area_ratio,sarcomere_length_mean,sarcomere_length_std,sarcomere_oop,z_intensity_mean,z_intensity_std,z_lat_alignment_mean,z_lat_alignment_std,z_lat_dist_mean,z_lat_dist_std,z_lat_length_groups_mean,z_lat_neighbors_mean,z_lat_neighbors_std,z_length_max,z_length_mean,z_length_std,z_mask_area,z_mask_area_ratio,z_mask_intensity,z_oop,z_straightness_mean,z_straightness_std
2012.58,0.369348165399004,553.2061644754494,87.98625,34.80020709798291,0.8637669086456299,0.04244466871023178,1.518223982792593,0.01862851831578748,0.014453967550660106,30.822288513183594,15.442901611328125,6.853248596191406,0.9514363869906574,0.028908498997556792,4.0,150.0,820.0,147.0,426.3917236328125,0.21186324202407483,1.5258210167138155,0.2411765473300454,0.443535715341568,703.0909716554652,77.67062109265709,0.8137548721165152,0.602031207886737,1.6257915555994433,0.6767482976849716,2.9564966111405364,0.8027210884353742,0.602031207886737,3.5999999999999996,1.11734693877551,0.7771974127652486,84.9825,0.04222565065736517,703.614773629865,0.42127046450972505,0.8273664991239366,0.09715726237817487
