cell_mask_area,cell_mask_area_ratio,cell_mask_intensity,domain_area_mean,domain_area_std,domain_oop_mean,domain_oop_std,domain_slen_mean,myof_bending_mean,myof_bending_std,myof_length_max,myof_length_mean,myof_length_std,myof_straightness_mean,myof_straightness_std,n_domains,n_mbands,n_vectors,n_zbands,sarcomere_area,sarcomere_area_ratio,sarcomere_length_mean,sarcomere_length_std,sarcomere_oop,z_intensity_mean,z_intensity_std,z_lat_alignment_mean,z_lat_alignment_std,z_lat_dist_mean,z_lat_dist_std,z_lat_length_groups_mean,z_lat_neighbors_mean,z_lat_neighbors_std,z_length_max,z_length_mean,z_length_std,z_mask_area,z_mask_area_ratio,z_mask_intensity,z_oop,z_straightness_mean,z_straightness_std
1255.365,0.23971643394199785,600.0258092267986,20.857499999999998,0.0,0.9572162628173828,0.0,1.3721680027030434,0.014537406745771414,0.01100169240168382,6.5495476722717285,5.897229194641113,0.5503718852996826,0.9681794730709241,0.018733129339492664,1.0,35.0,81.0,19.0,54.44717788696289,0.043371591439113635,1.3718234598136994,0.21751960310981647,0.759082019329071,773.1462998625411,82.4526870964767,0.786827023829523,0.464829519280413,1.7614744335569925,0.7808378960610584,1.3146514562919362,0.3157894736842105,0.464829519280413,2.1,0.8289473684210525,0.5272360375914947,10.3725,0.008262537190378894,768.3600867678958,0.6954100309975939,0.8080409155541532,0.07745278320247286
