cell_mask_area,cell_mask_area_ratio,cell_mask_intensity,domain_area_mean,domain_area_std,domain_oop_mean,domain_oop_std,domain_slen_mean,myof_bending_mean,myof_bending_std,myof_length_max,myof_length_mean,myof_length_std,myof_straightness_mean,myof_straightness_std,n_domains,n_mbands,n_vectors,n_zbands,sarcomere_area,sarcomere_area_ratio,sarcomere_length_mean,sarcomere_length_std,sarcomere_oop,z_intensity_mean,z_intensity_std,z_lat_alignment_mean,z_lat_alignment_std,z_lat_dist_mean,z_lat_dist_std,z_lat_length_groups_mean,z_lat_neighbors_mean,z_lat_neighbors_std,z_length_max,z_length_mean,z_length_std,z_mask_area,z_mask_area_ratio,z_mask_intensity,z_oop,z_straightness_mean,z_straightness_std
3200.0175,0.41242706847154076,549.664990894581,47.317499999999995,0.0,0.776427686214447,0.0,1.4210562149506683,0.019157083259951323,0.017645803235889043,25.40724754333496,10.168855667114258,6.098979473114014,0.9485055510549554,0.0363146118918435,1.0,100.0,286.0,81.0,180.66799926757812,0.05645844101401887,1.421765312305397,0.26682835147429207,0.3643786907196045,727.2497428890815,71.62375881023854,0.6640008851989698,0.4444444444444444,1.8795974176136463,0.6979352030812866,1.049533010535039,0.2222222222222222,0.4444444444444444,2.4,0.724074074074074,0.47304575974141,43.9875,0.013746018576460909,718.3345268542199,0.2337840101528618,0.8514550454365398,0.08843889528355815
