sarcomere_area,cell_mask_area_ratio,domain_area_std,domain_oop_mean,sarcomere_length_mean,z_mask_intensity,myof_straightness_std,z_mask_area,z_straightness_std,myof_length_mean,myof_bending_std,sarcomere_oop,n_domains,myof_straightness_mean,z_intensity_mean,myof_bending_mean,z_lat_dist_mean,z_lat_length_groups_mean,z_length_max,sarcomere_area_ratio,z_length_std,myof_length_max,domain_slen_mean,z_mask_area_ratio,z_lat_alignment_std,n_zbands,cell_mask_area,cell_mask_intensity,z_oop,z_lat_alignment_mean,z_length_mean,z_lat_dist_std,myof_length_std,n_vectors,z_straightness_mean,n_mbands,z_intensity_std,sarcomere_length_std,z_lat_neighbors_mean,z_lat_neighbors_std,domain_area_mean,domain_oop_std
45.234336853027344,0.3293460925039873,,,1.4294953005000455,782.5460829493088,0.018675547643419707,9.764999999999999,0.09152099846905942,9.0191650390625,0.016225193493327218,0.5614148378372192,0.0,0.962449058539405,766.8254944350183,0.02284475030482136,1.7662242573263942,0.8806551849817257,2.1,0.030615301007289198,0.40254293724586776,10.182955741882324,,0.006609103507088796,0.4994327848429292,21.0,1477.5075,579.8218283155923,0.3810368930638449,0.7857248604073872,0.6285714285714287,0.08917327420155352,0.5760673880577087,56.0,0.8482152388786782,28.0,78.34911450394277,0.16946175591816318,0.19047619047619047,0.4994327848429292,,
