cell_mask_area,cell_mask_area_ratio,cell_mask_intensity,domain_area_mean,domain_area_std,domain_oop_mean,domain_oop_std,domain_slen_mean,myof_bending_mean,myof_bending_std,myof_length_max,myof_length_mean,myof_length_std,myof_straightness_mean,myof_straightness_std,n_domains,n_mbands,n_vectors,n_zbands,sarcomere_area,sarcomere_area_ratio,sarcomere_length_mean,sarcomere_length_std,sarcomere_oop,z_intensity_mean,z_intensity_std,z_lat_alignment_mean,z_lat_alignment_std,z_lat_dist_mean,z_lat_dist_std,z_lat_length_groups_mean,z_lat_neighbors_mean,z_lat_neighbors_std,z_length_max,z_length_mean,z_length_std,z_mask_area,z_mask_area_ratio,z_mask_intensity,z_oop,z_straightness_mean,z_straightness_std
1180.53,0.33374891863009515,557.2200579400777,314.775,0.0,0.8485794067382812,0.0,1.4347688261293257,0.01769517397081168,0.01319440253531559,26.69706916809082,16.051677703857422,6.579472541809082,0.93954670452595,0.027844511882758077,1.0,102.0,994.0,104.0,390.05279541015625,0.33040481428693574,1.4288141661030493,0.21453291842184624,0.7686163783073425,674.5174474993232,76.35939249406158,0.8262763835542088,0.6758185919540607,1.6318867551043093,0.7002907660227042,7.304426643122565,1.25,0.6758185919540607,7.05,1.7192307692307693,1.5789679518278414,75.86999999999999,0.0642677441488145,692.1785290628707,0.585203356519608,0.7758667377343982,0.1474507787157591
