cell_mask_area,cell_mask_area_ratio,cell_mask_intensity,domain_area_mean,domain_area_std,domain_oop_mean,domain_oop_std,domain_slen_mean,myof_bending_mean,myof_bending_std,myof_length_max,myof_length_mean,myof_length_std,myof_straightness_mean,myof_straightness_std,n_domains,n_mbands,n_vectors,n_zbands,sarcomere_area,sarcomere_area_ratio,sarcomere_length_mean,sarcomere_length_std,sarcomere_oop,z_intensity_mean,z_intensity_std,z_lat_alignment_mean,z_lat_alignment_std,z_lat_dist_mean,z_lat_dist_std,z_lat_length_groups_mean,z_lat_neighbors_mean,z_lat_neighbors_std,z_length_max,z_length_mean,z_length_std,z_mask_area,z_mask_area_ratio,z_mask_intensity,z_oop,z_straightness_mean,z_straightness_std
678.1725,0.13061622464898598,634.5660727912147,41.0175,0.0,0.9580662846565247,0.0,1.470679029088947,0.014395863060533526,0.0081560553276595,13.279605865478516,9.644800186157227,2.714021921157837,0.9583774587839651,0.025667574592284678,1.0,23.0,152.0,26.0,65.76255798339844,0.09697025164452766,1.4503130936140072,0.25781504075299744,0.8196648359298706,1045.6195885132036,164.6534234930434,0.6999239968499023,0.605692913385524,1.333348100941797,0.565405024486785,2.2323607593221273,0.6923076923076923,0.605692913385524,2.25,0.9980769230769231,0.5391376250070337,14.309999999999999,0.02110082611724893,1048.0880503144654,0.8448766217872229,0.8091641070514858,0.08237137695663355
