cell_mask_area,cell_mask_area_ratio,cell_mask_intensity,domain_area_mean,domain_area_std,domain_oop_mean,domain_oop_std,domain_slen_mean,myof_bending_mean,myof_bending_std,myof_length_max,myof_length_mean,myof_length_std,myof_straightness_mean,myof_straightness_std,n_domains,n_mbands,n_vectors,n_zbands,sarcomere_area,sarcomere_area_ratio,sarcomere_length_mean,sarcomere_length_std,sarcomere_oop,z_intensity_mean,z_intensity_std,z_lat_alignment_mean,z_lat_alignment_std,z_lat_dist_mean,z_lat_dist_std,z_lat_length_groups_mean,z_lat_neighbors_mean,z_lat_neighbors_std,z_length_max,z_length_mean,z_length_std,z_mask_area,z_mask_area_ratio,z_mask_intensity,z_oop,z_straightness_mean,z_straightness_std
1057.185,0.2119818994725943,577.0909632656536,127.5075,0.0,0.709232747554779,0.0,1.4117648630261341,0.03956012028443993,0.0230011756674153,26.345531463623047,13.48318099975586,6.215344429016113,0.9225558406458461,0.06289611449804318,1.0,79.0,400.0,73.0,182.7349395751953,0.1728504846126225,1.4087430461836703,0.31589315318386857,0.5232280492782593,866.0387544950453,154.71301465553483,0.7207043802679773,0.6202318587765354,1.4880269846259526,0.6054136544751813,1.8973686734437556,0.547945205479452,0.6202318587765354,3.5999999999999996,0.9698630136986301,0.7588175609616545,36.99,0.03498914570297536,892.6903892944039,0.22081555958507093,0.826362294460126,0.11950043103451252
