cell_mask_area,cell_mask_area_ratio,cell_mask_intensity,domain_area_mean,domain_area_std,domain_oop_mean,domain_oop_std,domain_slen_mean,myof_bending_mean,myof_bending_std,myof_length_max,myof_length_mean,myof_length_std,myof_straightness_mean,myof_straightness_std,n_domains,n_mbands,n_vectors,n_zbands,sarcomere_area,sarcomere_area_ratio,sarcomere_length_mean,sarcomere_length_std,sarcomere_oop,z_intensity_mean,z_intensity_std,z_lat_alignment_mean,z_lat_alignment_std,z_lat_dist_mean,z_lat_dist_std,z_lat_length_groups_mean,z_lat_neighbors_mean,z_lat_neighbors_std,z_length_max,z_length_mean,z_length_std,z_mask_area,z_mask_area_ratio,z_mask_intensity,z_oop,z_straightness_mean,z_straightness_std
3297.2625,0.5202387038141489,571.4290763929168,244.63687499999997,94.04631996014983,0.6635927557945251,0.23923049867153168,1.60399841820864,0.021822685700669506,0.0181099837779261,51.54718017578125,16.23283576965332,8.460217475891113,0.9260320204852373,0.07158303310332154,4.0,363.0,2243.0,356.0,1138.439453125,0.3452680680185457,1.6120338013469435,0.21617483179860386,0.3456011414527893,704.1669142744081,70.91655708628515,0.8356642863657818,0.6832255276082405,1.836125198511064,0.7089660723591371,6.050717232885544,1.2359550561797752,0.6832255276082405,5.3999999999999995,1.176825842696629,0.9282947898487014,225.225,0.06830666348220683,701.4452547452547,0.3628274030301665,0.8276692662371106,0.10104095373506453
