cell_mask_area,cell_mask_area_ratio,cell_mask_intensity,domain_area_mean,domain_area_std,domain_oop_mean,domain_oop_std,domain_slen_mean,myof_bending_mean,myof_bending_std,myof_length_max,myof_length_mean,myof_length_std,myof_straightness_mean,myof_straightness_std,n_domains,n_mbands,n_vectors,n_zbands,sarcomere_area,sarcomere_area_ratio,sarcomere_length_mean,sarcomere_length_std,sarcomere_oop,z_intensity_mean,z_intensity_std,z_lat_alignment_mean,z_lat_alignment_std,z_lat_dist_mean,z_lat_dist_std,z_lat_length_groups_mean,z_lat_neighbors_mean,z_lat_neighbors_std,z_length_max,z_length_mean,z_length_std,z_mask_area,z_mask_area_ratio,z_mask_intensity,z_oop,z_straightness_mean,z_straightness_std
826.605,0.18820118234070674,569.8459088682018,176.7825,0.0,0.8176519274711609,0.0,1.3845679805356308,0.025046987598452343,0.012696263057404676,35.08629608154297,17.278615951538086,9.540526390075684,0.9578223650594175,0.020657374065774295,1.0,86.0,491.0,80.0,235.69570922851562,0.285137047596513,1.3853059250810098,0.1728735101235655,0.7925118207931519,691.1411818048432,108.10693296633004,0.7925250012545675,0.6851094803022361,1.641612802965555,0.616787284301275,4.988054598163063,1.175,0.6851094803022361,6.45,1.093125,0.9828130465022328,42.3,0.051173172192280465,707.9654255319149,0.7021512432236684,0.810315966255595,0.10704549770226636
