cell_mask_area,cell_mask_area_ratio,cell_mask_intensity,domain_area_mean,domain_area_std,domain_oop_mean,domain_oop_std,domain_slen_mean,myof_bending_mean,myof_bending_std,myof_length_max,myof_length_mean,myof_length_std,myof_straightness_mean,myof_straightness_std,n_domains,n_mbands,n_vectors,n_zbands,sarcomere_area,sarcomere_area_ratio,sarcomere_length_mean,sarcomere_length_std,sarcomere_oop,z_intensity_mean,z_intensity_std,z_lat_alignment_mean,z_lat_alignment_std,z_lat_dist_mean,z_lat_dist_std,z_lat_length_groups_mean,z_lat_neighbors_mean,z_lat_neighbors_std,z_length_max,z_length_mean,z_length_std,z_mask_area,z_mask_area_ratio,z_mask_intensity,z_oop,z_straightness_mean,z_straightness_std
1819.9125,0.27291898640213247,538.8240341225196,53.3925,22.724999999999998,0.7555526494979858,0.09461119771003723,1.5001400594624186,0.02069572792060524,0.009839593321197515,19.80545425415039,11.913464546203613,5.081757068634033,0.941689078707269,0.030639879962080077,2.0,86.0,297.0,82.0,175.1201171875,0.09622447078499653,1.46426668519402,0.19022202566019736,0.4981260895729065,708.1843430498138,81.29988806838405,0.7345482385594875,0.6992815213088514,1.457112662739065,0.5679548292650309,2.0954496131186917,0.7317073170731707,0.6992815213088514,2.55,0.7957317073170732,0.5114661624546725,39.442499999999995,0.021672745255609815,706.7216200798631,0.3513403398909702,0.8520539962758074,0.10642841363848217
