cell_mask_area,cell_mask_area_ratio,cell_mask_intensity,domain_area_mean,domain_area_std,domain_oop_mean,domain_oop_std,domain_slen_mean,myof_bending_mean,myof_bending_std,myof_length_max,myof_length_mean,myof_length_std,myof_straightness_mean,myof_straightness_std,n_domains,n_mbands,n_vectors,n_zbands,sarcomere_area,sarcomere_area_ratio,sarcomere_length_mean,sarcomere_length_std,sarcomere_oop,z_intensity_mean,z_intensity_std,z_lat_alignment_mean,z_lat_alignment_std,z_lat_dist_mean,z_lat_dist_std,z_lat_length_groups_mean,z_lat_neighbors_mean,z_lat_neighbors_std,z_length_max,z_length_mean,z_length_std,z_mask_area,z_mask_area_ratio,z_mask_intensity,z_oop,z_straightness_mean,z_straightness_std
2048.3775,0.39792555423456194,544.1815375827941,62.459999999999994,34.56437594366489,0.9049767255783081,0.0592600554227829,1.5400798112327518,0.01465982888464941,0.011343646118683853,34.23638916015625,14.765922546386719,7.50505256652832,0.9491680061208576,0.022850517181136915,4.0,134.0,640.0,122.0,345.26678466796875,0.16855622787692637,1.5290296655935076,0.19255998796092857,0.2923116087913513,624.88466909926,69.25851554160919,0.8089750018506637,0.5628945807668654,1.8486439820281015,0.520152771762443,1.6446344604711756,0.3770491803278688,0.5628945807668654,3.3,0.9860655737704916,0.6814359926607365,69.52499999999999,0.0339414975999297,637.6,0.25994145942698754,0.8521446504133877,0.08538205043043201
