cell_mask_area,cell_mask_area_ratio,cell_mask_intensity,domain_area_mean,domain_area_std,domain_oop_mean,domain_oop_std,domain_slen_mean,myof_bending_mean,myof_bending_std,myof_length_max,myof_length_mean,myof_length_std,myof_straightness_mean,myof_straightness_std,n_domains,n_mbands,n_vectors,n_zbands,sarcomere_area,sarcomere_area_ratio,sarcomere_length_mean,sarcomere_length_std,sarcomere_oop,z_intensity_mean,z_intensity_std,z_lat_alignment_mean,z_lat_alignment_std,z_lat_dist_mean,z_lat_dist_std,z_lat_length_groups_mean,z_lat_neighbors_mean,z_lat_neighbors_std,z_length_max,z_length_mean,z_length_std,z_mask_area,z_mask_area_ratio,z_mask_intensity,z_oop,z_straightness_mean,z_straightness_std
616.095,0.12899001319012626,592.4003359871448,79.8975,0.0,0.9377011060714722,0.0,1.3528241135328687,0.028569857350419725,0.0515519451577108,27.088764190673828,10.963216781616211,4.517821311950684,0.9576997913286263,0.02615625300430899,1.0,56.0,188.0,45.0,111.38203430175781,0.18078710962068806,1.358414630023713,0.27160286400361455,0.9357971549034119,874.9060384532391,156.34431026230826,0.8376030488114766,0.6425258797689316,1.7291473310710956,0.5143090444120093,2.106711697903076,0.6222222222222222,0.6425258797689316,2.6999999999999997,0.913333333333333,0.6883474574822095,22.5675,0.036629902855890725,853.4975074775673,0.8545312350453973,0.8181492718206472,0.08912543264308548
