cell_mask_area,cell_mask_area_ratio,cell_mask_intensity,domain_area_mean,domain_area_std,domain_oop_mean,domain_oop_std,domain_slen_mean,myof_bending_mean,myof_bending_std,myof_length_max,myof_length_mean,myof_length_std,myof_straightness_mean,myof_straightness_std,n_domains,n_mbands,n_vectors,n_zbands,sarcomere_area,sarcomere_area_ratio,sarcomere_length_mean,sarcomere_length_std,sarcomere_oop,z_intensity_mean,z_intensity_std,z_lat_alignment_mean,z_lat_alignment_std,z_lat_dist_mean,z_lat_dist_std,z_lat_length_groups_mean,z_lat_neighbors_mean,z_lat_neighbors_std,z_length_max,z_length_mean,z_length_std,z_mask_area,z_mask_area_ratio,z_mask_intensity,z_oop,z_straightness_mean,z_straightness_std
1507.95,0.21040734636213798,591.3325574455387,63.580499999999994,18.734232330149,0.7618691325187683,0.14793211221694946,1.5043258122123595,0.020251828309736156,0.011845405387147113,42.48756408691406,20.07915496826172,8.98327922821045,0.9318721281471044,0.03943663227745872,5.0,170.0,746.0,162.0,386.4032287597656,0.25624405899384306,1.4987414281608826,0.17754977288022855,0.4305475354194641,843.5699891332324,143.42271595459178,0.7318752089078739,0.6914682451822443,1.9481713933725697,0.7815359459492216,2.0209917868566154,0.5802469135802469,0.6914682451822443,4.95,0.8694444444444442,0.7393951899448495,78.9975,0.05238734706057893,843.1965252064939,0.4883707605166163,0.860632445947907,0.11099340830642113
