cell_mask_area,cell_mask_area_ratio,cell_mask_intensity,domain_area_mean,domain_area_std,domain_oop_mean,domain_oop_std,domain_slen_mean,myof_bending_mean,myof_bending_std,myof_length_max,myof_length_mean,myof_length_std,myof_straightness_mean,myof_straightness_std,n_domains,n_mbands,n_vectors,n_zbands,sarcomere_area,sarcomere_area_ratio,sarcomere_length_mean,sarcomere_length_std,sarcomere_oop,z_intensity_mean,z_intensity_std,z_lat_alignment_mean,z_lat_alignment_std,z_lat_dist_mean,z_lat_dist_std,z_lat_length_groups_mean,z_lat_neighbors_mean,z_lat_neighbors_std,z_length_max,z_length_mean,z_length_std,z_mask_area,z_mask_area_ratio,z_mask_intensity,z_oop,z_straightness_mean,z_straightness_std
1169.8425,0.3238954922628392,593.066662819995,31.117499999999996,8.72723538699398,0.7977740168571472,0.05211717635393143,1.4459278396553081,0.03904744522508055,0.02719557273005257,17.39728355407715,10.49280834197998,3.897010564804077,0.9383552163942975,0.031600868325660704,3.0,75.0,234.0,70.0,142.0377655029297,0.12141614405608421,1.4377676172334108,0.22960623742019848,0.5201724767684937,767.5328906835903,91.80355231629301,0.7459892066469571,0.574988908499946,1.9161522666086974,0.8989496599756565,1.711460906643479,0.5714285714285714,0.574988908499946,2.4,0.6749999999999998,0.41176883251233504,30.6675,0.02621506741292097,778.6830520909758,0.44039754439608486,0.859655725319446,0.09582410707887656
