cell_mask_area,cell_mask_area_ratio,cell_mask_intensity,domain_area_mean,domain_area_std,domain_oop_mean,domain_oop_std,domain_slen_mean,myof_bending_mean,myof_bending_std,myof_length_max,myof_length_mean,myof_length_std,myof_straightness_mean,myof_straightness_std,n_domains,n_mbands,n_vectors,n_zbands,sarcomere_area,sarcomere_area_ratio,sarcomere_length_mean,sarcomere_length_std,sarcomere_oop,z_intensity_mean,z_intensity_std,z_lat_alignment_mean,z_lat_alignment_std,z_lat_dist_mean,z_lat_dist_std,z_lat_length_groups_mean,z_lat_neighbors_mean,z_lat_neighbors_std,z_length_max,z_length_mean,z_length_std,z_mask_area,z_mask_area_ratio,z_mask_intensity,z_oop,z_straightness_mean,z_straightness_std
1436.9624999999999,0.23807127413703125,552.5430674078134,28.574999999999996,5.647499999999999,0.6110351085662842,0.03963789343833923,1.442181898536663,0.01993411193033887,0.010535307023863858,8.578195571899414,7.010828495025635,1.563804268836975,0.9585563441726116,0.01843029893649027,2.0,45.0,96.0,31.0,81.66011810302734,0.056828287518308485,1.432089541440459,0.20334486561072504,0.35517773032188416,769.0187216026545,119.34123946441356,0.6585087529923707,0.5877699083318902,1.9433163100354123,0.6864403037256217,2.7297899023821044,0.9032258064516129,0.5877699083318902,1.7999999999999998,0.6193548387096774,0.38430444487093124,19.439999999999998,0.013528536757222265,784.6400462962963,0.2584225845352545,0.8718356685833569,0.09619021779092737
