cell_mask_area,cell_mask_area_ratio,cell_mask_intensity,domain_area_mean,domain_area_std,domain_oop_mean,domain_oop_std,domain_slen_mean,myof_bending_mean,myof_bending_std,myof_length_max,myof_length_mean,myof_length_std,myof_straightness_mean,myof_straightness_std,n_domains,n_mbands,n_vectors,n_zbands,sarcomere_area,sarcomere_area_ratio,sarcomere_length_mean,sarcomere_length_std,sarcomere_oop,z_intensity_mean,z_intensity_std,z_lat_alignment_mean,z_lat_alignment_std,z_lat_dist_mean,z_lat_dist_std,z_lat_length_groups_mean,z_lat_neighbors_mean,z_lat_neighbors_std,z_length_max,z_length_mean,z_length_std,z_mask_area,z_mask_area_ratio,z_mask_intensity,z_oop,z_straightness_mean,z_straightness_std
1197.2475,0.21663511450381678,551.9048317077296,29.3175,0.0,0.9114123582839966,0.0,1.554094099024605,0.016799075221070506,0.009306613802026966,16.87407684326172,16.829620361328125,0.019982697442173958,0.9752161193833614,0.005609683838782837,1.0,25.0,50.0,21.0,45.09273910522461,0.037663673639096854,1.5167124049418237,0.23163973010988498,0.7450857162475586,706.7623882800574,66.47595578814959,0.750016103451723,0.4856209060564557,2.345283291355182,0.36864113076297933,1.3106548920835723,0.38095238095238093,0.4856209060564557,1.3499999999999999,0.6142857142857142,0.3032140753827303,9.6975,0.008099828982729136,698.0742459396752,0.6443901641723452,0.8407602364392036,0.08227265933937702
