cell_mask_area,cell_mask_area_ratio,cell_mask_intensity,domain_area_mean,domain_area_std,domain_oop_mean,domain_oop_std,domain_slen_mean,myof_bending_mean,myof_bending_std,myof_length_max,myof_length_mean,myof_length_std,myof_straightness_mean,myof_straightness_std,n_domains,n_mbands,n_vectors,n_zbands,sarcomere_area,sarcomere_area_ratio,sarcomere_length_mean,sarcomere_length_std,sarcomere_oop,z_intensity_mean,z_intensity_std,z_lat_alignment_mean,z_lat_alignment_std,z_lat_dist_mean,z_lat_dist_std,z_lat_length_groups_mean,z_lat_neighbors_mean,z_lat_neighbors_std,z_length_max,z_length_mean,z_length_std,z_mask_area,z_mask_area_ratio,z_mask_intensity,z_oop,z_straightness_mean,z_straightness_std
779.265,0.24261146719904733,581.7832765490558,42.3,0.0,0.5270630121231079,0.0,1.5374181764969472,0.03972053042958953,0.04173994312141909,13.912046432495117,9.87524700164795,3.2435719966888428,0.9560893759758065,0.03179025383779702,1.0,38.0,102.0,39.0,77.05255126953125,0.09887849610791098,1.5474924706916635,0.2622453622089686,0.4634961187839508,820.8047222343602,118.89934947834435,0.6741437132045451,0.6774279391601491,1.8720801823727018,0.7724923055901327,1.8943649021287132,0.717948717948718,0.6774279391601491,1.65,0.5423076923076924,0.3143039647356055,15.885,0.020384593174337357,843.8838526912182,0.4415813888950288,0.914524160168424,0.08035762874874063
