cell_mask_area,cell_mask_area_ratio,cell_mask_intensity,domain_area_mean,domain_area_std,domain_oop_mean,domain_oop_std,domain_slen_mean,myof_bending_mean,myof_bending_std,myof_length_max,myof_length_mean,myof_length_std,myof_straightness_mean,myof_straightness_std,n_domains,n_mbands,n_vectors,n_zbands,sarcomere_area,sarcomere_area_ratio,sarcomere_length_mean,sarcomere_length_std,sarcomere_oop,z_intensity_mean,z_intensity_std,z_lat_alignment_mean,z_lat_alignment_std,z_lat_dist_mean,z_lat_dist_std,z_lat_length_groups_mean,z_lat_neighbors_mean,z_lat_neighbors_std,z_length_max,z_length_mean,z_length_std,z_mask_area,z_mask_area_ratio,z_mask_intensity,z_oop,z_straightness_mean,z_straightness_std
1251.1125,0.2629674819817263,598.8843629170038,59.4225,0.0,0.8933014273643494,0.0,1.3661981400015837,0.046891612576884914,0.025900746564009404,9.985987663269043,7.577483177185059,1.9906306266784668,0.9425126276036628,0.03687394667969423,1.0,58.0,143.0,40.0,99.35851287841797,0.07941612994708147,1.371380823202671,0.2790527544203042,0.7886157631874084,872.5012843447846,108.54358387378582,0.8048964594206469,0.7141428428542851,1.800614174242952,0.7069793812519344,2.2691594494953016,0.8,0.7141428428542851,1.7999999999999998,0.64125,0.4499843747287232,19.4175,0.01552018703354015,870.7960602549247,0.6561912252996854,0.8484507965607266,0.11648143117272854
