cell_mask_area,cell_mask_area_ratio,cell_mask_intensity,domain_area_mean,domain_area_std,domain_oop_mean,domain_oop_std,domain_slen_mean,myof_bending_mean,myof_bending_std,myof_length_max,myof_length_mean,myof_length_std,myof_straightness_mean,myof_straightness_std,n_domains,n_mbands,n_vectors,n_zbands,sarcomere_area,sarcomere_area_ratio,sarcomere_length_mean,sarcomere_length_std,sarcomere_oop,z_intensity_mean,z_intensity_std,z_lat_alignment_mean,z_lat_alignment_std,z_lat_dist_mean,z_lat_dist_std,z_lat_length_groups_mean,z_lat_neighbors_mean,z_lat_neighbors_std,z_length_max,z_length_mean,z_length_std,z_mask_area,z_mask_area_ratio,z_mask_intensity,z_oop,z_straightness_mean,z_straightness_std
657.5174999999999,0.3207652792413066,584.3698114498853,36.84375,4.173749999999998,0.8067388534545898,0.020723700523376465,1.4598479457498237,0.017716525395622636,0.011826399898704126,14.273180961608887,10.949886322021484,2.134852647781372,0.9425232624625821,0.03350198537047325,2.0,45.0,167.0,36.0,97.38345336914062,0.14810777411877346,1.4671852567107617,0.22971264304292854,0.7727265954017639,792.2434960399031,97.36920386765604,0.6671567104149949,0.5983516452371672,1.9674574142487975,0.7842504849328654,1.8103449754996563,0.4444444444444444,0.5983516452371672,2.1,0.9708333333333332,0.5760708627320852,22.162499999999998,0.03370632720802108,798.248730964467,0.6849306663327088,0.8164868089712294,0.09044341280087072
