sarcomere_area,cell_mask_area_ratio,domain_area_std,domain_oop_mean,sarcomere_length_mean,z_mask_intensity,myof_straightness_std,z_mask_area,z_straightness_std,myof_length_mean,myof_bending_std,sarcomere_oop,n_domains,myof_straightness_mean,z_intensity_mean,myof_bending_mean,z_lat_dist_mean,z_lat_length_groups_mean,z_length_max,sarcomere_area_ratio,z_length_std,myof_length_max,domain_slen_mean,z_mask_area_ratio,z_lat_alignment_std,n_zbands,cell_mask_area,cell_mask_intensity,z_oop,z_lat_alignment_mean,z_length_mean,z_lat_dist_std,myof_length_std,n_vectors,z_straightness_mean,n_mbands,z_intensity_std,sarcomere_length_std,z_lat_neighbors_mean,z_lat_neighbors_std,domain_area_mean,domain_oop_std
123.06513977050781,0.17382914154395573,0.0,0.85220867395401,1.3833053117688288,1134.7953821656051,0.020567417673938503,28.259999999999998,0.12954341930280922,12.38809585571289,0.017620162972571185,0.85220867395401,1.0,0.957696573135046,1188.8555173879045,0.018130046015970642,1.5806941207330691,5.199364709409221,4.2,0.25194904268175067,1.0693715703886817,21.850313186645508,1.3833053117688288,0.057856188677507026,0.4898979485566357,45.0,488.4525,703.3666682021282,0.8175575330874357,0.7932730864244274,1.583333333333333,0.7034512041925209,5.8055548667907715,335.0,0.7865742789607285,46.0,163.42740596697487,0.253990060952998,1.0666666666666667,0.4898979485566357,113.13,0.0
