cell_mask_area,cell_mask_area_ratio,cell_mask_intensity,domain_area_mean,domain_area_std,domain_oop_mean,domain_oop_std,domain_slen_mean,myof_bending_mean,myof_bending_std,myof_length_max,myof_length_mean,myof_length_std,myof_straightness_mean,myof_straightness_std,n_domains,n_mbands,n_vectors,n_zbands,sarcomere_area,sarcomere_area_ratio,sarcomere_length_mean,sarcomere_length_std,sarcomere_oop,z_intensity_mean,z_intensity_std,z_lat_alignment_mean,z_lat_alignment_std,z_lat_dist_mean,z_lat_dist_std,z_lat_length_groups_mean,z_lat_neighbors_mean,z_lat_neighbors_std,z_length_max,z_length_mean,z_length_std,z_mask_area,z_mask_area_ratio,z_mask_intensity,z_oop,z_straightness_mean,z_straightness_std
1873.0575,0.341327308808817,550.0685550230038,72.11999999999999,27.739414873064643,0.8505645394325256,0.054290592670440674,1.540390551498336,0.02379030028304054,0.027044914360126127,32.644317626953125,15.084961891174316,7.053891181945801,0.9525824416472476,0.029565937045431038,3.0,105.0,449.0,99.0,267.4550476074219,0.1427906231428677,1.540688351312099,0.24444178905582584,0.7393885254859924,713.8905232578444,76.58342182327944,0.7868398196984692,0.655554777357089,1.751362988911045,0.6679739662098438,2.688385942792179,0.7878787878787878,0.655554777357089,3.5999999999999996,0.9393939393939394,0.6801022177804862,52.582499999999996,0.02807308371472846,709.69918699187,0.6413188370557609,0.8586797795598607,0.08781223814346492
