cell_mask_area,cell_mask_area_ratio,cell_mask_intensity,domain_area_mean,domain_area_std,domain_oop_mean,domain_oop_std,domain_slen_mean,myof_bending_mean,myof_bending_std,myof_length_max,myof_length_mean,myof_length_std,myof_straightness_mean,myof_straightness_std,n_domains,n_mbands,n_vectors,n_zbands,sarcomere_area,sarcomere_area_ratio,sarcomere_length_mean,sarcomere_length_std,sarcomere_oop,z_intensity_mean,z_intensity_std,z_lat_alignment_mean,z_lat_alignment_std,z_lat_dist_mean,z_lat_dist_std,z_lat_length_groups_mean,z_lat_neighbors_mean,z_lat_neighbors_std,z_length_max,z_length_mean,z_length_std,z_mask_area,z_mask_area_ratio,z_mask_intensity,z_oop,z_straightness_mean,z_straightness_std
1205.5725,0.20112987987987987,535.9703253018794,,,,,,0.048421641872248636,0.01840936187234136,5.449563026428223,5.29872465133667,0.09774355590343475,0.9353453116226841,0.0338854576080847,0.0,30.0,50.0,26.0,52.48436737060547,0.043534808043983644,1.5013532341064164,0.28349951469614,0.7791617512702942,690.1429510706682,59.1106919897224,0.6740642938253704,0.26646935501059654,0.7648529270389177,0.0,0.6965941170815566,0.07692307692307693,0.26646935501059654,1.5,0.6403846153846153,0.3128710814528365,14.04,0.011645919262425112,693.025641025641,0.5371566895103438,0.848178730263544,0.08199152199174606
