cell_mask_area,cell_mask_area_ratio,cell_mask_intensity,domain_area_mean,domain_area_std,domain_oop_mean,domain_oop_std,domain_slen_mean,myof_bending_mean,myof_bending_std,myof_length_max,myof_length_mean,myof_length_std,myof_straightness_mean,myof_straightness_std,n_domains,n_mbands,n_vectors,n_zbands,sarcomere_area,sarcomere_area_ratio,sarcomere_length_mean,sarcomere_length_std,sarcomere_oop,z_intensity_mean,z_intensity_std,z_lat_alignment_mean,z_lat_alignment_std,z_lat_dist_mean,z_lat_dist_std,z_lat_length_groups_mean,z_lat_neighbors_mean,z_lat_neighbors_std,z_length_max,z_length_mean,z_length_std,z_mask_area,z_mask_area_ratio,z_mask_intensity,z_oop,z_straightness_mean,z_straightness_std
633.915,0.1708094868561451,646.7561226662881,168.1875,0.0,0.8202746510505676,0.0,1.4203173254151387,0.019443245036255635,0.013721714612247058,27.754249572753906,12.862397193908691,5.836490631103516,0.9470702679692888,0.026007550734157028,1.0,60.0,467.0,67.0,190.140380859375,0.29994617710477744,1.4203173254151387,0.284066639487139,0.8202745914459229,1022.0149047345096,209.71719456276105,0.7254731089123119,0.6823360866067141,1.4239315192071669,0.6425460739743099,3.4453867317384796,0.835820895522388,0.6823360866067141,4.6499999999999995,1.41044776119403,1.1447328213804888,41.3775,0.06527294668843615,1022.9276780859162,0.7451569467411167,0.7810599607681913,0.12267310903977577
