cell_mask_area,cell_mask_area_ratio,cell_mask_intensity,domain_area_mean,domain_area_std,domain_oop_mean,domain_oop_std,domain_slen_mean,myof_bending_mean,myof_bending_std,myof_length_max,myof_length_mean,myof_length_std,myof_straightness_mean,myof_straightness_std,n_domains,n_mbands,n_vectors,n_zbands,sarcomere_area,sarcomere_area_ratio,sarcomere_length_mean,sarcomere_length_std,sarcomere_oop,z_intensity_mean,z_intensity_std,z_lat_alignment_mean,z_lat_alignment_std,z_lat_dist_mean,z_lat_dist_std,z_lat_length_groups_mean,z_lat_neighbors_mean,z_lat_neighbors_std,z_length_max,z_length_mean,z_length_std,z_mask_area,z_mask_area_ratio,z_mask_intensity,z_oop,z_straightness_mean,z_straightness_std
900.8774999999999,0.2804735385800848,597.1410125128,52.919999999999995,0.0,0.8942814469337463,0.0,1.3704520882787343,0.05384908461191069,0.04006529626185314,6.8859663009643555,6.45387077331543,0.17140348255634308,0.9487241099348376,0.026674817659587867,1.0,35.0,109.0,24.0,69.11002349853516,0.07671411873260811,1.3704520882787343,0.28160460800234954,0.8942814469337463,904.430207673769,110.26643079690164,0.8034981752592744,0.7772815877574012,2.0750989834344136,0.4598523773445869,2.4950593900606477,0.75,0.7772815877574012,1.7999999999999998,0.78125,0.4782373234075316,13.702499999999999,0.015210170084167935,879.888341543514,0.8304665134181544,0.8559911928961029,0.10037082833230956
