cell_mask_area,cell_mask_area_ratio,cell_mask_intensity,domain_area_mean,domain_area_std,domain_oop_mean,domain_oop_std,domain_slen_mean,myof_bending_mean,myof_bending_std,myof_length_max,myof_length_mean,myof_length_std,myof_straightness_mean,myof_straightness_std,n_domains,n_mbands,n_vectors,n_zbands,sarcomere_area,sarcomere_area_ratio,sarcomere_length_mean,sarcomere_length_std,sarcomere_oop,z_intensity_mean,z_intensity_std,z_lat_alignment_mean,z_lat_alignment_std,z_lat_dist_mean,z_lat_dist_std,z_lat_length_groups_mean,z_lat_neighbors_mean,z_lat_neighbors_std,z_length_max,z_length_mean,z_length_std,z_mask_area,z_mask_area_ratio,z_mask_intensity,z_oop,z_straightness_mean,z_straightness_std
942.615,0.24702379197499927,574.2169284384398,24.57,2.834999999999999,0.7726181149482727,0.13883882761001587,1.5188868421066177,0.008012416247425488,0.005944613842793464,19.80413055419922,9.472542762756348,4.8789520263671875,0.9727100995102939,0.027619080067832712,2.0,49.0,110.0,40.0,91.46964263916016,0.0970381785131365,1.5438082715606187,0.23723149814946964,0.7883419990539551,841.0935814000306,86.24889894340407,0.9997690863853163,0.21794494717703364,2.912473175842138,0.0,0.71698649168826,0.05,0.21794494717703364,1.95,0.62625,0.34186757304547033,21.869999999999997,0.023201413090179975,835.4948559670781,0.6639965331165666,0.8807820835647704,0.07699474354686552
