cell_mask_area,cell_mask_area_ratio,cell_mask_intensity,domain_area_mean,domain_area_std,domain_oop_mean,domain_oop_std,domain_slen_mean,myof_bending_mean,myof_bending_std,myof_length_max,myof_length_mean,myof_length_std,myof_straightness_mean,myof_straightness_std,n_domains,n_mbands,n_vectors,n_zbands,sarcomere_area,sarcomere_area_ratio,sarcomere_length_mean,sarcomere_length_std,sarcomere_oop,z_intensity_mean,z_intensity_std,z_lat_alignment_mean,z_lat_alignment_std,z_lat_dist_mean,z_lat_dist_std,z_lat_length_groups_mean,z_lat_neighbors_mean,z_lat_neighbors_std,z_length_max,z_length_mean,z_length_std,z_mask_area,z_mask_area_ratio,z_mask_intensity,z_oop,z_straightness_mean,z_straightness_std
678.6899999999999,0.13071589530247876,634.487534809707,40.815,0.0,0.959984302520752,0.0,1.4820451091285296,0.01130413566485209,0.007379459167992473,13.580166816711426,8.90385627746582,3.1423144340515137,0.9735462709307788,0.010920518259276125,1.0,23.0,149.0,26.0,65.7313003540039,0.09685025616113971,1.4559793899557643,0.2584824599207646,0.8191134929656982,1045.6195885132036,164.6534234930434,0.7002057383552437,0.605692913385524,1.333348100941797,0.565405024486785,2.2323607593221273,0.6923076923076923,0.605692913385524,2.25,0.9980769230769231,0.5391376250070337,14.3325,0.02111788887415462,1047.7221350078494,0.8448766217872229,0.8091641070514858,0.08237137695663355
