cell_mask_area,cell_mask_area_ratio,cell_mask_intensity,domain_area_mean,domain_area_std,domain_oop_mean,domain_oop_std,domain_slen_mean,myof_bending_mean,myof_bending_std,myof_length_max,myof_length_mean,myof_length_std,myof_straightness_mean,myof_straightness_std,n_domains,n_mbands,n_vectors,n_zbands,sarcomere_area,sarcomere_area_ratio,sarcomere_length_mean,sarcomere_length_std,sarcomere_oop,z_intensity_mean,z_intensity_std,z_lat_alignment_mean,z_lat_alignment_std,z_lat_dist_mean,z_lat_dist_std,z_lat_length_groups_mean,z_lat_neighbors_mean,z_lat_neighbors_std,z_length_max,z_length_mean,z_length_std,z_mask_area,z_mask_area_ratio,z_mask_intensity,z_oop,z_straightness_mean,z_straightness_std
2616.975,0.3238750278458454,554.3232224228356,56.0385,43.37261358276671,0.8016198873519897,0.14328612387180328,1.6526657425653284,0.025678735847214786,0.027155802268805502,32.1553840637207,13.283738136291504,6.580704689025879,0.9535049327025701,0.03122383916764445,5.0,127.0,598.0,114.0,341.2849426269531,0.13041199958996672,1.6190534657430737,0.17396090772881667,0.5954598188400269,842.9345381427846,119.50392491125804,0.7228692550705338,0.4833325373317863,1.7707172554818236,0.8220768827420691,1.566384485402842,0.3157894736842105,0.4833325373317863,3.75,1.039473684210526,0.6174179995348245,71.55,0.027340727366520507,846.2427672955974,0.5063143433600783,0.8348531313700074,0.0888246857868701
