cell_mask_area,cell_mask_area_ratio,cell_mask_intensity,domain_area_mean,domain_area_std,domain_oop_mean,domain_oop_std,domain_slen_mean,myof_bending_mean,myof_bending_std,myof_length_max,myof_length_mean,myof_length_std,myof_straightness_mean,myof_straightness_std,n_domains,n_mbands,n_vectors,n_zbands,sarcomere_area,sarcomere_area_ratio,sarcomere_length_mean,sarcomere_length_std,sarcomere_oop,z_intensity_mean,z_intensity_std,z_lat_alignment_mean,z_lat_alignment_std,z_lat_dist_mean,z_lat_dist_std,z_lat_length_groups_mean,z_lat_neighbors_mean,z_lat_neighbors_std,z_length_max,z_length_mean,z_length_std,z_mask_area,z_mask_area_ratio,z_mask_intensity,z_oop,z_straightness_mean,z_straightness_std
1911.96,0.3209778613815012,599.9684146111844,87.89999999999999,44.41669576296732,0.5183150172233582,0.24770064651966095,1.3984242638911935,0.044922476808955725,0.04440662555089744,30.738929748535156,12.099627494812012,5.4485063552856445,0.9056568422895508,0.0949480142224042,3.0,166.0,604.0,138.0,333.4245910644531,0.17438889467585783,1.3994306372607483,0.19326797763172054,0.3246450126171112,875.899165330505,128.42263240325127,0.7578334905345864,0.6785333281576594,1.8341290923875277,0.7075100511354627,2.296664257038368,0.7246376811594203,0.6785333281576594,2.6999999999999997,0.7999999999999998,0.5534476920415217,65.52,0.034268499340990397,872.8646978021978,0.2603800742524967,0.844840936840805,0.0981824220736931
