cell_mask_area,cell_mask_area_ratio,cell_mask_intensity,domain_area_mean,domain_area_std,domain_oop_mean,domain_oop_std,domain_slen_mean,myof_bending_mean,myof_bending_std,myof_length_max,myof_length_mean,myof_length_std,myof_straightness_mean,myof_straightness_std,n_domains,n_mbands,n_vectors,n_zbands,sarcomere_area,sarcomere_area_ratio,sarcomere_length_mean,sarcomere_length_std,sarcomere_oop,z_intensity_mean,z_intensity_std,z_lat_alignment_mean,z_lat_alignment_std,z_lat_dist_mean,z_lat_dist_std,z_lat_length_groups_mean,z_lat_neighbors_mean,z_lat_neighbors_std,z_length_max,z_length_mean,z_length_std,z_mask_area,z_mask_area_ratio,z_mask_intensity,z_oop,z_straightness_mean,z_straightness_std
1058.22,0.2780063365962075,609.7512332029256,103.07249999999999,38.205000000000005,0.7016614079475403,0.0008398294448852539,1.3756116091482957,0.03850446043901277,0.025918994801772087,23.352306365966797,13.450030326843262,4.5189900398254395,0.9331297511107196,0.045854679436341785,2.0,85.0,593.0,95.0,228.91574096679688,0.21632150305871828,1.3843372564303484,0.2914428100203105,0.5820503830909729,942.4077602893622,128.8083109758097,0.7491626368856705,0.6376897360362509,1.6454058293604412,0.7179539250710034,5.052433015370606,1.1578947368421053,0.6376897360362509,7.6499999999999995,1.174736842105263,1.1583534976356589,47.97,0.04533083857798945,957.2757973733584,0.5439525522915335,0.8184145164338045,0.13523612045108835
