cell_mask_area,cell_mask_area_ratio,cell_mask_intensity,domain_area_mean,domain_area_std,domain_oop_mean,domain_oop_std,domain_slen_mean,myof_bending_mean,myof_bending_std,myof_length_max,myof_length_mean,myof_length_std,myof_straightness_mean,myof_straightness_std,n_domains,n_mbands,n_vectors,n_zbands,sarcomere_area,sarcomere_area_ratio,sarcomere_length_mean,sarcomere_length_std,sarcomere_oop,z_intensity_mean,z_intensity_std,z_lat_alignment_mean,z_lat_alignment_std,z_lat_dist_mean,z_lat_dist_std,z_lat_length_groups_mean,z_lat_neighbors_mean,z_lat_neighbors_std,z_length_max,z_length_mean,z_length_std,z_mask_area,z_mask_area_ratio,z_mask_intensity,z_oop,z_straightness_mean,z_straightness_std
1423.845,0.12484119155652003,550.6598716854713,160.695,83.205,0.850222110748291,0.006945282220840454,1.3631858571409814,0.01957672152426364,0.014142191285846305,49.666629791259766,21.554601669311523,15.692853927612305,0.9635883438860875,0.016332685678988507,2.0,161.0,969.0,151.0,374.79608154296875,0.2632281474057701,1.3829427191292702,0.24822904537808158,0.831325888633728,684.2325191126089,78.88767741354975,0.8285539123173233,0.6247669623878545,1.6627816003778,0.6893165814377612,3.8947511484150286,0.9801324503311258,0.6247669623878545,5.3999999999999995,1.1711920529801325,0.8639666163162962,78.39,0.05505514996365475,688.2557405281286,0.7672322632564652,0.8296157456869125,0.1098878897344368
