cell_mask_area,cell_mask_area_ratio,cell_mask_intensity,domain_area_mean,domain_area_std,domain_oop_mean,domain_oop_std,domain_slen_mean,myof_bending_mean,myof_bending_std,myof_length_max,myof_length_mean,myof_length_std,myof_straightness_mean,myof_straightness_std,n_domains,n_mbands,n_vectors,n_zbands,sarcomere_area,sarcomere_area_ratio,sarcomere_length_mean,sarcomere_length_std,sarcomere_oop,z_intensity_mean,z_intensity_std,z_lat_alignment_mean,z_lat_alignment_std,z_lat_dist_mean,z_lat_dist_std,z_lat_length_groups_mean,z_lat_neighbors_mean,z_lat_neighbors_std,z_length_max,z_length_mean,z_length_std,z_mask_area,z_mask_area_ratio,z_mask_intensity,z_oop,z_straightness_mean,z_straightness_std
1277.7525,0.08711759778850256,579.549296518692,53.9325,6.256969114515431,0.8983549475669861,0.06777279824018478,1.3994983363018079,0.017946063828589705,0.012122600914978153,23.070737838745117,12.612873077392578,5.073636054992676,0.9506779840800926,0.03889115762377681,3.0,94.0,396.0,81.0,196.07852172851562,0.15345579189124312,1.4006853001393191,0.2116439000766933,0.8632521033287048,790.2508745033806,122.14784446521121,0.8194612623778404,0.6236706637192637,1.7205748039674162,0.6626091724244838,3.037393872583904,0.8641975308641975,0.6236706637192637,2.55,0.9814814814814813,0.6587232527633577,42.2325,0.03305217559738682,803.3441662226958,0.8062267393219968,0.8444283369114097,0.08445577777105062
