cell_mask_area,cell_mask_area_ratio,cell_mask_intensity,domain_area_mean,domain_area_std,domain_oop_mean,domain_oop_std,domain_slen_mean,myof_bending_mean,myof_bending_std,myof_length_max,myof_length_mean,myof_length_std,myof_straightness_mean,myof_straightness_std,n_domains,n_mbands,n_vectors,n_zbands,sarcomere_area,sarcomere_area_ratio,sarcomere_length_mean,sarcomere_length_std,sarcomere_oop,z_intensity_mean,z_intensity_std,z_lat_alignment_mean,z_lat_alignment_std,z_lat_dist_mean,z_lat_dist_std,z_lat_length_groups_mean,z_lat_neighbors_mean,z_lat_neighbors_std,z_length_max,z_length_mean,z_length_std,z_mask_area,z_mask_area_ratio,z_mask_intensity,z_oop,z_straightness_mean,z_straightness_std
478.935,0.13287141073657927,553.8284788123649,61.29,0.0,0.9660710692405701,0.0,1.6258727445873988,0.0103033187160209,0.005628134261601595,28.674951553344727,23.201427459716797,4.401920318603516,0.9714362453044503,0.007376259796694157,1.0,31.0,149.0,25.0,72.46690368652344,0.15130843159619456,1.616634605249916,0.187637920301518,0.9567397236824036,819.2131240904616,153.3921840360134,0.9143818875846252,0.46647615158762407,2.0061975777714656,0.440364938368062,1.6464185862421838,0.32,0.46647615158762407,2.6999999999999997,1.062,0.6461083500466466,15.795,0.032979423094992015,825.1894586894587,0.8946240379850725,0.8747523567387349,0.0714053651589878
