cell_mask_area,cell_mask_area_ratio,cell_mask_intensity,domain_area_mean,domain_area_std,domain_oop_mean,domain_oop_std,domain_slen_mean,myof_bending_mean,myof_bending_std,myof_length_max,myof_length_mean,myof_length_std,myof_straightness_mean,myof_straightness_std,n_domains,n_mbands,n_vectors,n_zbands,sarcomere_area,sarcomere_area_ratio,sarcomere_length_mean,sarcomere_length_std,sarcomere_oop,z_intensity_mean,z_intensity_std,z_lat_alignment_mean,z_lat_alignment_std,z_lat_dist_mean,z_lat_dist_std,z_lat_length_groups_mean,z_lat_neighbors_mean,z_lat_neighbors_std,z_length_max,z_length_mean,z_length_std,z_mask_area,z_mask_area_ratio,z_mask_intensity,z_oop,z_straightness_mean,z_straightness_std
1208.8574999999998,0.2016779279279279,535.9080350661678,,,,,,0.006771663280697069,0.0019736676238402964,6.499905586242676,5.801056385040283,0.5571272969245911,0.9771864171864175,0.01013130395334619,0.0,30.0,49.0,26.0,52.44762420654297,0.04338610978261952,1.4779117190413258,0.2847400245404135,0.7857006192207336,690.1429510706682,59.1106919897224,0.6769963592380193,0.26646935501059654,0.7648529270389177,0.0,0.6965941170815566,0.07692307692307693,0.26646935501059654,1.5,0.6403846153846153,0.3128710814528365,14.04,0.011614272153665756,693.025641025641,0.5371566895103438,0.848178730263544,0.08199152199174606
