cell_mask_area,cell_mask_area_ratio,cell_mask_intensity,domain_area_mean,domain_area_std,domain_oop_mean,domain_oop_std,domain_slen_mean,myof_bending_mean,myof_bending_std,myof_length_max,myof_length_mean,myof_length_std,myof_straightness_mean,myof_straightness_std,n_domains,n_mbands,n_vectors,n_zbands,sarcomere_area,sarcomere_area_ratio,sarcomere_length_mean,sarcomere_length_std,sarcomere_oop,z_intensity_mean,z_intensity_std,z_lat_alignment_mean,z_lat_alignment_std,z_lat_dist_mean,z_lat_dist_std,z_lat_length_groups_mean,z_lat_neighbors_mean,z_lat_neighbors_std,z_length_max,z_length_mean,z_length_std,z_mask_area,z_mask_area_ratio,z_mask_intensity,z_oop,z_straightness_mean,z_straightness_std
1366.8525,0.170876053049801,579.2330408731008,49.9125,38.445560374378736,0.831109344959259,0.1281222254037857,1.3772064006372593,0.027732255419121325,0.018400039022725388,35.25198745727539,14.017755508422852,8.56527042388916,0.9227900807417133,0.07356364077710768,3.0,90.0,421.0,81.0,204.91851806640625,0.14991999361043437,1.3875248582687592,0.2885770618477867,0.6138207316398621,874.0259336794118,116.47563931711952,0.827597728499913,0.547959037559806,1.4941124366491572,0.7742181481572428,1.5032473748222117,0.345679012345679,0.547959037559806,4.8,0.9851851851851852,0.7713402014981379,46.485,0.03400879026815256,876.9680542110358,0.47297121703773615,0.8244184060654032,0.1006337264511247
