cell_mask_area,cell_mask_area_ratio,cell_mask_intensity,domain_area_mean,domain_area_std,domain_oop_mean,domain_oop_std,domain_slen_mean,myof_bending_mean,myof_bending_std,myof_length_max,myof_length_mean,myof_length_std,myof_straightness_mean,myof_straightness_std,n_domains,n_mbands,n_vectors,n_zbands,sarcomere_area,sarcomere_area_ratio,sarcomere_length_mean,sarcomere_length_std,sarcomere_oop,z_intensity_mean,z_intensity_std,z_lat_alignment_mean,z_lat_alignment_std,z_lat_dist_mean,z_lat_dist_std,z_lat_length_groups_mean,z_lat_neighbors_mean,z_lat_neighbors_std,z_length_max,z_length_mean,z_length_std,z_mask_area,z_mask_area_ratio,z_mask_intensity,z_oop,z_straightness_mean,z_straightness_std
1425.915,0.12502268692049714,550.6093981759082,160.58249999999998,14.467500000000001,0.8362006545066833,0.05150914192199707,1.3716385428471858,0.019156415963537624,0.01441092788119362,49.44869613647461,21.353689193725586,15.842047691345215,0.9629968574325452,0.019083519117817936,2.0,161.0,966.0,151.0,374.7042541503906,0.26278162032827385,1.3837878171030507,0.25026025549724523,0.8312771916389465,684.2280402000957,78.8946629215302,0.8284269428255094,0.6247669623878545,1.6627816003778,0.6893165814377612,3.8947511484150286,0.9801324503311258,0.6247669623878545,5.3999999999999995,1.1711920529801325,0.8639666163162962,78.4125,0.054991005775239056,688.1971305595409,0.7672421774521837,0.8296444145897537,0.10990805389985332
