cell_mask_area,cell_mask_area_ratio,cell_mask_intensity,domain_area_mean,domain_area_std,domain_oop_mean,domain_oop_std,domain_slen_mean,myof_bending_mean,myof_bending_std,myof_length_max,myof_length_mean,myof_length_std,myof_straightness_mean,myof_straightness_std,n_domains,n_mbands,n_vectors,n_zbands,sarcomere_area,sarcomere_area_ratio,sarcomere_length_mean,sarcomere_length_std,sarcomere_oop,z_intensity_mean,z_intensity_std,z_lat_alignment_mean,z_lat_alignment_std,z_lat_dist_mean,z_lat_dist_std,z_lat_length_groups_mean,z_lat_neighbors_mean,z_lat_neighbors_std,z_length_max,z_length_mean,z_length_std,z_mask_area,z_mask_area_ratio,z_mask_intensity,z_oop,z_straightness_mean,z_straightness_std
526.86,0.26839052793251267,687.1084728390844,90.4725,0.0,0.8750050067901611,0.0,1.43460602070524,0.014104722982363585,0.011946341385778462,14.698348999023438,11.263983726501465,2.299828052520752,0.9621272563775508,0.02562506981936871,1.0,34.0,301.0,35.0,120.7988052368164,0.22928065375396955,1.4109056104150013,0.19075622083717056,0.6406053900718689,1262.414780881286,265.4307506100119,0.8913516129454971,0.608779307218929,1.5163148953705172,0.5875380011398246,5.023741845627709,0.9714285714285714,0.608779307218929,6.75,1.847142857142857,1.3567788985652145,26.415,0.050136658694909464,1283.3807495741057,0.6132527285608977,0.7837195883545055,0.1072713044199638
