cell_mask_area,cell_mask_area_ratio,cell_mask_intensity,domain_area_mean,domain_area_std,domain_oop_mean,domain_oop_std,domain_slen_mean,myof_bending_mean,myof_bending_std,myof_length_max,myof_length_mean,myof_length_std,myof_straightness_mean,myof_straightness_std,n_domains,n_mbands,n_vectors,n_zbands,sarcomere_area,sarcomere_area_ratio,sarcomere_length_mean,sarcomere_length_std,sarcomere_oop,z_intensity_mean,z_intensity_std,z_lat_alignment_mean,z_lat_alignment_std,z_lat_dist_mean,z_lat_dist_std,z_lat_length_groups_mean,z_lat_neighbors_mean,z_lat_neighbors_std,z_length_max,z_length_mean,z_length_std,z_mask_area,z_mask_area_ratio,z_mask_intensity,z_oop,z_straightness_mean,z_straightness_std
2373.075,0.30217686529106047,573.5410164027686,233.37562499999999,83.25771102379571,0.7170772552490234,0.2720538079738617,1.5833617180472614,0.014845370230954747,0.008743908253011625,77.3407974243164,22.949604034423828,14.964341163635254,0.9321803177426746,0.0791475268141531,4.0,323.0,2349.0,297.0,1084.75537109375,0.45710960298083714,1.6042884257984813,0.17649126739815352,0.5893397331237793,764.6732015817814,130.87222369096375,0.8475863069531919,0.7210891883898378,1.8212795704596338,0.5979724140096366,4.3704625742275365,0.9562289562289562,0.7210891883898378,8.25,1.4101010101010099,1.0003529629101022,197.45999999999998,0.0832084953067223,768.8914083865087,0.5183689356527943,0.8147062021811798,0.10284195169751625
