cell_mask_area,cell_mask_area_ratio,cell_mask_intensity,domain_area_mean,domain_area_std,domain_oop_mean,domain_oop_std,domain_slen_mean,myof_bending_mean,myof_bending_std,myof_length_max,myof_length_mean,myof_length_std,myof_straightness_mean,myof_straightness_std,n_domains,n_mbands,n_vectors,n_zbands,sarcomere_area,sarcomere_area_ratio,sarcomere_length_mean,sarcomere_length_std,sarcomere_oop,z_intensity_mean,z_intensity_std,z_lat_alignment_mean,z_lat_alignment_std,z_lat_dist_mean,z_lat_dist_std,z_lat_length_groups_mean,z_lat_neighbors_mean,z_lat_neighbors_std,z_length_max,z_length_mean,z_length_std,z_mask_area,z_mask_area_ratio,z_mask_intensity,z_oop,z_straightness_mean,z_straightness_std
545.2875,0.22452288308319437,574.7171033629049,30.7125,0.0,0.9349862337112427,0.0,1.4084041010584045,0.0350028544770597,0.006867344595210344,16.231359481811523,11.47678279876709,4.562733173370361,0.9288441654687487,0.030143133750446006,1.0,16.0,72.0,12.0,36.736942291259766,0.06737169344842815,1.4084041010584045,0.11740678920619056,0.9349861145019531,732.7472320659821,30.227225058092788,0.8278344549463108,0.47140452079103173,1.5221676170161982,0.5616989814012702,1.5644335234032396,0.3333333333333333,0.47140452079103173,3.15,1.0499999999999998,0.7574628703771558,8.235,0.015102125025789146,730.3497267759562,0.8650262091526952,0.8433352980057233,0.09781288792794765
