cell_mask_area,cell_mask_area_ratio,cell_mask_intensity,domain_area_mean,domain_area_std,domain_oop_mean,domain_oop_std,domain_slen_mean,myof_bending_mean,myof_bending_std,myof_length_max,myof_length_mean,myof_length_std,myof_straightness_mean,myof_straightness_std,n_domains,n_mbands,n_vectors,n_zbands,sarcomere_area,sarcomere_area_ratio,sarcomere_length_mean,sarcomere_length_std,sarcomere_oop,z_intensity_mean,z_intensity_std,z_lat_alignment_mean,z_lat_alignment_std,z_lat_dist_mean,z_lat_dist_std,z_lat_length_groups_mean,z_lat_neighbors_mean,z_lat_neighbors_std,z_length_max,z_length_mean,z_length_std,z_mask_area,z_mask_area_ratio,z_mask_intensity,z_oop,z_straightness_mean,z_straightness_std
680.2425,0.20228966772384815,635.6093672477094,188.54999999999998,0.0,0.8550587892532349,0.0,1.4387674368073526,0.02087176121709465,0.031517509307699684,30.635114669799805,20.426584243774414,4.945585250854492,0.9461592692056637,0.04553798540298885,1.0,69.0,505.0,68.0,217.6363067626953,0.31993929629903356,1.4387674368073526,0.14614090025161888,0.8550587892532349,952.7530506721059,126.32550728946414,0.8172146234890622,0.5969936214760129,1.4831526913807014,0.6222719500061593,6.030477424538057,1.2352941176470589,0.5969936214760129,6.75,1.3897058823529411,1.114099439257391,43.2225,0.06353984057156088,973.7652264445601,0.8151347349707193,0.7910879896455919,0.13145468498121504
