cell_mask_area,cell_mask_area_ratio,cell_mask_intensity,domain_area_mean,domain_area_std,domain_oop_mean,domain_oop_std,domain_slen_mean,myof_bending_mean,myof_bending_std,myof_length_max,myof_length_mean,myof_length_std,myof_straightness_mean,myof_straightness_std,n_domains,n_mbands,n_vectors,n_zbands,sarcomere_area,sarcomere_area_ratio,sarcomere_length_mean,sarcomere_length_std,sarcomere_oop,z_intensity_mean,z_intensity_std,z_lat_alignment_mean,z_lat_alignment_std,z_lat_dist_mean,z_lat_dist_std,z_lat_length_groups_mean,z_lat_neighbors_mean,z_lat_neighbors_std,z_length_max,z_length_mean,z_length_std,z_mask_area,z_mask_area_ratio,z_mask_intensity,z_oop,z_straightness_mean,z_straightness_std
1065.7124999999999,0.22201233688315583,617.445392167212,36.99,0.0,0.6658643484115601,0.0,1.3450978461521994,0.04664717594129376,0.07611197317624079,13.00204849243164,8.066096305847168,3.6078691482543945,0.9630458831671876,0.026300213425781975,1.0,29.0,100.0,27.0,55.14836502075195,0.051747882304797925,1.3562884986004062,0.2340035823628374,0.677070677280426,940.9861715271423,167.39910012548336,0.7798708333971274,0.6988134171893782,2.0318603396205175,0.8989124319293802,2.6069766703650106,0.7407407407407407,0.6988134171893782,3.15,0.8888888888888888,0.6297167695691002,12.1275,0.011379710756887998,959.1465677179963,0.7604864624160353,0.8261202101045251,0.12397466220587129
