cell_mask_area,cell_mask_area_ratio,cell_mask_intensity,domain_area_mean,domain_area_std,domain_oop_mean,domain_oop_std,domain_slen_mean,myof_bending_mean,myof_bending_std,myof_length_max,myof_length_mean,myof_length_std,myof_straightness_mean,myof_straightness_std,n_domains,n_mbands,n_vectors,n_zbands,sarcomere_area,sarcomere_area_ratio,sarcomere_length_mean,sarcomere_length_std,sarcomere_oop,z_intensity_mean,z_intensity_std,z_lat_alignment_mean,z_lat_alignment_std,z_lat_dist_mean,z_lat_dist_std,z_lat_length_groups_mean,z_lat_neighbors_mean,z_lat_neighbors_std,z_length_max,z_length_mean,z_length_std,z_mask_area,z_mask_area_ratio,z_mask_intensity,z_oop,z_straightness_mean,z_straightness_std
1392.5475,0.3443899127492877,540.0304890856506,25.9425,0.0,0.8464842438697815,0.0,1.448546044206144,0.04590329524105055,0.01522006523343855,17.947525024414062,10.507135391235352,3.7748870849609375,0.9101303568133982,0.040775613458391625,1.0,42.0,90.0,39.0,74.7402114868164,0.05367157061918276,1.4848937329093639,0.20459845204973873,0.6060121059417725,691.2757707793031,49.42517632383796,0.5606502745367965,0.3033887068256214,1.8728936926675979,0.7808772092755223,0.766102361765816,0.10256410256410256,0.3033887068256214,1.5,0.6307692307692309,0.3399878173939933,18.855,0.013539933108206365,692.7446300715991,0.26767155775442963,0.8697870657717874,0.10021752632453045
