cell_mask_area,cell_mask_area_ratio,cell_mask_intensity,domain_area_mean,domain_area_std,domain_oop_mean,domain_oop_std,domain_slen_mean,myof_bending_mean,myof_bending_std,myof_length_max,myof_length_mean,myof_length_std,myof_straightness_mean,myof_straightness_std,n_domains,n_mbands,n_vectors,n_zbands,sarcomere_area,sarcomere_area_ratio,sarcomere_length_mean,sarcomere_length_std,sarcomere_oop,z_intensity_mean,z_intensity_std,z_lat_alignment_mean,z_lat_alignment_std,z_lat_dist_mean,z_lat_dist_std,z_lat_length_groups_mean,z_lat_neighbors_mean,z_lat_neighbors_std,z_length_max,z_length_mean,z_length_std,z_mask_area,z_mask_area_ratio,z_mask_intensity,z_oop,z_straightness_mean,z_straightness_std
979.29,0.2661155710992767,539.542459332782,25.9875,1.6875,0.77186518907547,0.16714006662368774,1.4741785458689272,0.013670166833094152,0.007864338126234485,12.959050178527832,7.342866897583008,2.7098259925842285,0.963900437164872,0.014066325219624878,2.0,38.0,137.0,37.0,75.39962005615234,0.07699416930240516,1.4747675854555187,0.2363918840552439,0.20456112921237946,699.4755198836554,63.17348439504214,0.7511169142844762,0.5945945945945947,1.6276337630281406,0.5954480107035804,1.4938300035939702,0.43243243243243246,0.5945945945945947,2.85,0.818918918918919,0.5364235104980462,19.1925,0.019598382501608308,707.1336459554514,0.2228861130744435,0.8453282478862898,0.09638258765300749
