cell_mask_area,cell_mask_area_ratio,cell_mask_intensity,domain_area_mean,domain_area_std,domain_oop_mean,domain_oop_std,domain_slen_mean,myof_bending_mean,myof_bending_std,myof_length_max,myof_length_mean,myof_length_std,myof_straightness_mean,myof_straightness_std,n_domains,n_mbands,n_vectors,n_zbands,sarcomere_area,sarcomere_area_ratio,sarcomere_length_mean,sarcomere_length_std,sarcomere_oop,z_intensity_mean,z_intensity_std,z_lat_alignment_mean,z_lat_alignment_std,z_lat_dist_mean,z_lat_dist_std,z_lat_length_groups_mean,z_lat_neighbors_mean,z_lat_neighbors_std,z_length_max,z_length_mean,z_length_std,z_mask_area,z_mask_area_ratio,z_mask_intensity,z_oop,z_straightness_mean,z_straightness_std
886.41,0.2124987863684909,571.4460097471824,31.102500000000003,11.904127960501768,0.7991655468940735,0.24762481451034546,1.4310982856595988,0.018318436933032572,0.01656512230323367,19.32133674621582,10.787942886352539,3.5517263412475586,0.9641817518049983,0.02803173525609611,3.0,43.0,235.0,46.0,104.8131103515625,0.11824450350465643,1.432486892985327,0.21972081031639323,0.4851990342140198,777.1925205547267,123.26458213402756,0.7180306934000305,0.7050989017489937,1.6247547733788876,0.7512899788130212,2.509339005084176,0.7391304347826086,0.7050989017489937,3.9,0.9815217391304347,0.8620853568939033,22.544999999999998,0.025434054218702404,807.3792415169661,0.6697052268805607,0.8492387059274873,0.12272799113900233
