cell_mask_area,cell_mask_area_ratio,cell_mask_intensity,domain_area_mean,domain_area_std,domain_oop_mean,domain_oop_std,domain_slen_mean,myof_bending_mean,myof_bending_std,myof_length_max,myof_length_mean,myof_length_std,myof_straightness_mean,myof_straightness_std,n_domains,n_mbands,n_vectors,n_zbands,sarcomere_area,sarcomere_area_ratio,sarcomere_length_mean,sarcomere_length_std,sarcomere_oop,z_intensity_mean,z_intensity_std,z_lat_alignment_mean,z_lat_alignment_std,z_lat_dist_mean,z_lat_dist_std,z_lat_length_groups_mean,z_lat_neighbors_mean,z_lat_neighbors_std,z_length_max,z_length_mean,z_length_std,z_mask_area,z_mask_area_ratio,z_mask_intensity,z_oop,z_straightness_mean,z_straightness_std
1243.0349999999999,0.22774342484953414,561.6972631502733,58.800000000000004,23.22726872664972,0.7420001029968262,0.15165621042251587,1.4358318646858124,0.025480244054220225,0.022717909361214424,25.09870719909668,12.101078987121582,4.818714618682861,0.9174100790375748,0.053338742839454195,3.0,84.0,464.0,83.0,198.4455108642578,0.15964595595800427,1.4452830824387788,0.1804605178715675,0.3824290633201599,798.7807186885515,81.81655367595143,0.8238594790982784,0.6944192024573282,1.5638324611624563,0.6700915071907486,3.0839521970219756,0.891566265060241,0.6944192024573282,4.2,1.0120481927710843,0.8513486947703011,40.6125,0.032672048655106256,808.0354570637119,0.47884975134474966,0.8282543196520347,0.11950291432717446
