cell_mask_area,cell_mask_area_ratio,cell_mask_intensity,domain_area_mean,domain_area_std,domain_oop_mean,domain_oop_std,domain_slen_mean,myof_bending_mean,myof_bending_std,myof_length_max,myof_length_mean,myof_length_std,myof_straightness_mean,myof_straightness_std,n_domains,n_mbands,n_vectors,n_zbands,sarcomere_area,sarcomere_area_ratio,sarcomere_length_mean,sarcomere_length_std,sarcomere_oop,z_intensity_mean,z_intensity_std,z_lat_alignment_mean,z_lat_alignment_std,z_lat_dist_mean,z_lat_dist_std,z_lat_length_groups_mean,z_lat_neighbors_mean,z_lat_neighbors_std,z_length_max,z_length_mean,z_length_std,z_mask_area,z_mask_area_ratio,z_mask_intensity,z_oop,z_straightness_mean,z_straightness_std
960.75,0.2540456925273679,601.1338173302107,71.7075,0.0,0.8186913132667542,0.0,1.4871490718115894,0.023321777063068563,0.012990038724950866,19.29798126220703,11.518583297729492,4.017928600311279,0.950090179561477,0.019482069029051936,1.0,43.0,150.0,41.0,99.75289916992188,0.10382815422318176,1.4857010717902286,0.29166732511035937,0.8067861199378967,900.2060845223216,90.44826351010482,0.8352630598775976,0.5894168767607109,1.5616509802482894,0.6294809098690414,1.505371283951061,0.4878048780487805,0.5894168767607109,2.4,0.7573170731707316,0.4649365253831281,22.14,0.02304449648711944,876.1839430894308,0.7561025871674615,0.8471808857358657,0.10511956425147653
