sarcomere_area,cell_mask_area_ratio,domain_area_std,domain_oop_mean,sarcomere_length_mean,z_mask_intensity,myof_straightness_std,z_mask_area,z_straightness_std,myof_length_mean,myof_bending_std,sarcomere_oop,n_domains,myof_straightness_mean,z_intensity_mean,myof_bending_mean,z_lat_dist_mean,z_lat_length_groups_mean,z_length_max,sarcomere_area_ratio,z_length_std,myof_length_max,domain_slen_mean,z_mask_area_ratio,z_lat_alignment_std,n_zbands,cell_mask_area,cell_mask_intensity,z_oop,z_lat_alignment_mean,z_length_mean,z_lat_dist_std,myof_length_std,n_vectors,z_straightness_mean,n_mbands,z_intensity_std,sarcomere_length_std,z_lat_neighbors_mean,z_lat_neighbors_std,domain_area_mean,domain_oop_std
208.7027130126953,0.2456049465240642,3.8249999999999957,0.7212486267089844,1.4374303236349062,842.5909325090159,0.03850027633978859,43.6725,0.13381761511614582,11.339841842651367,0.016843734428072424,0.6586884260177612,2.0,0.9469913510012893,832.4321265535959,0.021954738041774325,1.811835958000782,6.007753937001174,6.1499999999999995,0.31556358896024933,1.196638625483901,24.156925201416016,1.4374839284317396,0.0660338844662176,0.6733003292241385,75.0,661.365,595.645267741716,0.5107469003988729,0.7743794134231056,1.316,0.6930010543248745,4.27868127822876,521.0,0.8160545605933744,78.0,102.73239307498382,0.2185224074419635,1.2,0.6733003292241385,97.245,0.15599098801612854
