cell_mask_area,cell_mask_area_ratio,cell_mask_intensity,domain_area_mean,domain_area_std,domain_oop_mean,domain_oop_std,domain_slen_mean,myof_bending_mean,myof_bending_std,myof_length_max,myof_length_mean,myof_length_std,myof_straightness_mean,myof_straightness_std,n_domains,n_mbands,n_vectors,n_zbands,sarcomere_area,sarcomere_area_ratio,sarcomere_length_mean,sarcomere_length_std,sarcomere_oop,z_intensity_mean,z_intensity_std,z_lat_alignment_mean,z_lat_alignment_std,z_lat_dist_mean,z_lat_dist_std,z_lat_length_groups_mean,z_lat_neighbors_mean,z_lat_neighbors_std,z_length_max,z_length_mean,z_length_std,z_mask_area,z_mask_area_ratio,z_mask_intensity,z_oop,z_straightness_mean,z_straightness_std
788.04,0.10235817763632803,600.551421882138,102.40875,45.95625,0.7867436408996582,0.14896869659423828,1.4312893698808518,0.025998287666899482,0.021896997503066187,40.15654373168945,15.859671592712402,6.803718566894531,0.9446938262638412,0.03342159726652727,2.0,99.0,523.0,81.0,252.55352783203125,0.3204831326227492,1.417082872869502,0.20642540864270703,0.7107073664665222,881.5594517362299,144.26176291281752,0.8335088776594624,0.67979752582401,1.4617729016652947,0.5203075859114716,3.03932107863856,0.7901234567901234,0.67979752582401,4.8,1.261111111111111,0.9890449315087813,50.535,0.06412745545911375,881.753339269813,0.6195917371101136,0.8168454234365948,0.11614093922564418
