cell_mask_area,cell_mask_area_ratio,cell_mask_intensity,domain_area_mean,domain_area_std,domain_oop_mean,domain_oop_std,domain_slen_mean,myof_bending_mean,myof_bending_std,myof_length_max,myof_length_mean,myof_length_std,myof_straightness_mean,myof_straightness_std,n_domains,n_mbands,n_vectors,n_zbands,sarcomere_area,sarcomere_area_ratio,sarcomere_length_mean,sarcomere_length_std,sarcomere_oop,z_intensity_mean,z_intensity_std,z_lat_alignment_mean,z_lat_alignment_std,z_lat_dist_mean,z_lat_dist_std,z_lat_length_groups_mean,z_lat_neighbors_mean,z_lat_neighbors_std,z_length_max,z_length_mean,z_length_std,z_mask_area,z_mask_area_ratio,z_mask_intensity,z_oop,z_straightness_mean,z_straightness_std
1393.155,0.3445401531339031,540.017943086017,26.145,0.0,0.844536542892456,0.0,1.4746211743827382,0.03885880033238768,0.013821941464791645,19.50066375732422,13.003410339355469,3.478144645690918,0.898672732083293,0.04526785271550539,1.0,42.0,90.0,39.0,74.71505737304688,0.053630111059463505,1.5017660133237807,0.2104113934837338,0.5857175588607788,691.2757707793031,49.42517632383796,0.554583000285688,0.3033887068256214,1.8728936926675979,0.7808772092755223,0.766102361765816,0.10256410256410256,0.3033887068256214,1.5,0.6307692307692309,0.3399878173939933,18.877499999999998,0.013550179269356245,692.6698450536353,0.26767155775442963,0.8697870657717874,0.10021752632453045
