sarcomere_area,cell_mask_area_ratio,domain_area_std,domain_oop_mean,sarcomere_length_mean,z_mask_intensity,myof_straightness_std,z_mask_area,z_straightness_std,myof_length_mean,myof_bending_std,sarcomere_oop,n_domains,myof_straightness_mean,z_intensity_mean,myof_bending_mean,z_lat_dist_mean,z_lat_length_groups_mean,z_length_max,sarcomere_area_ratio,z_length_std,myof_length_max,domain_slen_mean,z_mask_area_ratio,z_lat_alignment_std,n_zbands,cell_mask_area,cell_mask_intensity,z_oop,z_lat_alignment_mean,z_length_mean,z_lat_dist_std,myof_length_std,n_vectors,z_straightness_mean,n_mbands,z_intensity_std,sarcomere_length_std,z_lat_neighbors_mean,z_lat_neighbors_std,domain_area_mean,domain_oop_std
122.17871856689453,0.2695092984183999,0.0,0.9365984201431274,1.5530164737117094,1070.4838145231845,0.01542896511028158,25.717499999999998,0.11308321373155615,11.331742286682129,0.01195373694861866,0.9222481846809387,1.0,0.9676386777022384,1053.0510379427815,0.01884347075282917,1.566488676790005,2.988539278249093,5.3999999999999995,0.1296972692662596,1.2426853457380553,16.27215576171875,1.5534446430601483,0.027300085984522784,0.6197443384031023,34.0,942.03,645.3448695901404,0.7579858136621594,0.8189955810755972,1.3808823529411762,0.4159185322736859,2.3488051891326904,234.0,0.7955773844409225,41.0,205.2597465851439,0.1910625062033947,0.7058823529411765,0.6197443384031023,97.965,0.0
