cell_mask_area,cell_mask_area_ratio,cell_mask_intensity,domain_area_mean,domain_area_std,domain_oop_mean,domain_oop_std,domain_slen_mean,myof_bending_mean,myof_bending_std,myof_length_max,myof_length_mean,myof_length_std,myof_straightness_mean,myof_straightness_std,n_domains,n_mbands,n_vectors,n_zbands,sarcomere_area,sarcomere_area_ratio,sarcomere_length_mean,sarcomere_length_std,sarcomere_oop,z_intensity_mean,z_intensity_std,z_lat_alignment_mean,z_lat_alignment_std,z_lat_dist_mean,z_lat_dist_std,z_lat_length_groups_mean,z_lat_neighbors_mean,z_lat_neighbors_std,z_length_max,z_length_mean,z_length_std,z_mask_area,z_mask_area_ratio,z_mask_intensity,z_oop,z_straightness_mean,z_straightness_std
1124.325,0.314878761909563,563.0785471282769,,,,,,0.022301136366268588,0.014512459084601371,12.077032089233398,8.14862060546875,2.4087071418762207,0.9664143690796542,0.016574837828791,0.0,22.0,79.0,17.0,42.592124938964844,0.03788239605004322,1.3794889622232935,0.19598609224431196,0.5445405840873718,758.2165406841115,66.70491637566815,0.6557699525484197,0.32218973970892123,2.460182920028509,0.0,1.0725114325017817,0.11764705882352941,0.32218973970892123,1.7999999999999998,0.8647058823529411,0.3902354891911055,9.764999999999999,0.008685211126676005,737.2857142857143,0.5260696258941239,0.8308540845123658,0.08136470991093175
