cell_mask_area,cell_mask_area_ratio,cell_mask_intensity,domain_area_mean,domain_area_std,domain_oop_mean,domain_oop_std,domain_slen_mean,myof_bending_mean,myof_bending_std,myof_length_max,myof_length_mean,myof_length_std,myof_straightness_mean,myof_straightness_std,n_domains,n_mbands,n_vectors,n_zbands,sarcomere_area,sarcomere_area_ratio,sarcomere_length_mean,sarcomere_length_std,sarcomere_oop,z_intensity_mean,z_intensity_std,z_lat_alignment_mean,z_lat_alignment_std,z_lat_dist_mean,z_lat_dist_std,z_lat_length_groups_mean,z_lat_neighbors_mean,z_lat_neighbors_std,z_length_max,z_length_mean,z_length_std,z_mask_area,z_mask_area_ratio,z_mask_intensity,z_oop,z_straightness_mean,z_straightness_std
478.5075,0.21692166462668297,592.8844218742653,48.69,0.0,0.7628438472747803,0.0,1.4217621029646716,0.044143738274269866,0.020183273740238806,18.072818756103516,14.013273239135742,4.6144914627075195,0.912049791940629,0.02749633184830584,1.0,23.0,123.0,23.0,60.90565490722656,0.1272825502363632,1.4217621029646716,0.2583520202298944,0.7628438472747803,1046.664258827531,183.55623165078583,0.5420276160454942,0.47628048478710105,2.0589135210777547,0.6424563119179373,1.767666004437422,0.34782608695652173,0.47628048478710105,3.5999999999999996,1.1021739130434782,0.8042655657113735,12.487499999999999,0.02609676964310904,1086.9279279279278,0.4823957793099316,0.820686843868563,0.10165751790156538
