sarcomere_area,cell_mask_area_ratio,domain_area_std,domain_oop_mean,sarcomere_length_mean,z_mask_intensity,myof_straightness_std,z_mask_area,z_straightness_std,myof_length_mean,myof_bending_std,sarcomere_oop,n_domains,myof_straightness_mean,z_intensity_mean,myof_bending_mean,z_lat_dist_mean,z_lat_length_groups_mean,z_length_max,sarcomere_area_ratio,z_length_std,myof_length_max,domain_slen_mean,z_mask_area_ratio,z_lat_alignment_std,n_zbands,cell_mask_area,cell_mask_intensity,z_oop,z_lat_alignment_mean,z_length_mean,z_lat_dist_std,myof_length_std,n_vectors,z_straightness_mean,n_mbands,z_intensity_std,sarcomere_length_std,z_lat_neighbors_mean,z_lat_neighbors_std,domain_area_mean,domain_oop_std
49.93797302246094,0.25389071038251365,,,1.3835839470845708,972.2184368737475,0.007106264290938582,11.2275,0.07730801310992456,7.014596462249756,0.019307119853397694,0.5272724628448486,0.0,0.9748793234355533,978.8258640910591,0.020748985875389793,1.6102752754504936,1.1205842685158933,1.3499999999999999,0.09553895517476349,0.2981512030607599,8.174036026000977,,0.021479919073651585,0.6330530338504797,23.0,522.6975,691.1251775644613,0.5267236829911944,0.8166832937044068,0.6456521739130434,0.5461350906807175,0.8490580320358276,64.0,0.8739754141088574,25.0,173.5327480456581,0.14868591068474726,0.34782608695652173,0.6330530338504797,,
