cell_mask_area,cell_mask_area_ratio,cell_mask_intensity,domain_area_mean,domain_area_std,domain_oop_mean,domain_oop_std,domain_slen_mean,myof_bending_mean,myof_bending_std,myof_length_max,myof_length_mean,myof_length_std,myof_straightness_mean,myof_straightness_std,n_domains,n_mbands,n_vectors,n_zbands,sarcomere_area,sarcomere_area_ratio,sarcomere_length_mean,sarcomere_length_std,sarcomere_oop,z_intensity_mean,z_intensity_std,z_lat_alignment_mean,z_lat_alignment_std,z_lat_dist_mean,z_lat_dist_std,z_lat_length_groups_mean,z_lat_neighbors_mean,z_lat_neighbors_std,z_length_max,z_length_mean,z_length_std,z_mask_area,z_mask_area_ratio,z_mask_intensity,z_oop,z_straightness_mean,z_straightness_std
1064.745,0.22181078446077696,617.5282743755547,36.7875,0.0,0.6828931570053101,0.0,1.3523859380487695,0.027533904881160816,0.012055581970495709,13.10566234588623,7.780101299285889,2.9995996952056885,0.9567683874796031,0.01916661025205767,1.0,29.0,99.0,27.0,55.092960357666016,0.05174286834656751,1.3615773722845574,0.23715953640613105,0.6929681301116943,940.9861715271423,167.39910012548336,0.7790262402587653,0.6988134171893782,2.0318603396205175,0.8989124319293802,2.6069766703650106,0.7407407407407407,0.6988134171893782,3.15,0.8888888888888888,0.6297167695691002,12.1275,0.011390051139005115,959.1465677179963,0.7604864624160353,0.8261202101045251,0.12397466220587129
