sarcomere_area,cell_mask_area_ratio,domain_area_std,domain_oop_mean,sarcomere_length_mean,z_mask_intensity,myof_straightness_std,z_mask_area,z_straightness_std,myof_length_mean,myof_bending_std,sarcomere_oop,n_domains,myof_straightness_mean,z_intensity_mean,myof_bending_mean,z_lat_dist_mean,z_lat_length_groups_mean,z_length_max,sarcomere_area_ratio,z_length_std,myof_length_max,domain_slen_mean,z_mask_area_ratio,z_lat_alignment_std,n_zbands,cell_mask_area,cell_mask_intensity,z_oop,z_lat_alignment_mean,z_length_mean,z_lat_dist_std,myof_length_std,n_vectors,z_straightness_mean,n_mbands,z_intensity_std,sarcomere_length_std,z_lat_neighbors_mean,z_lat_neighbors_std,domain_area_mean,domain_oop_std
229.7134552001953,0.23286714789034976,8.94969063711143,0.7042686343193054,1.4615514550195934,866.7755289788408,0.05318927591973316,48.915,0.09922425788596186,10.806499481201172,0.04047281708662123,0.4044760465621948,3.0,0.9522566605503776,858.1460380792513,0.027267705084149524,1.693933288924853,2.3423068964537017,3.9,0.23546950730629776,0.7884023545834362,18.86750602722168,1.462502230827523,0.05014068914617833,0.5929133381584997,79.0,975.555,601.228123990959,0.2063374681815655,0.7582051224107753,1.0139240506329112,0.6087610472691475,3.647043466567993,415.0,0.8264247205202575,103.0,141.97077636536295,0.2541973119584389,0.6582278481012658,0.5929133381584997,61.9725,0.1909613162279129
