cell_mask_area,cell_mask_area_ratio,cell_mask_intensity,domain_area_mean,domain_area_std,domain_oop_mean,domain_oop_std,domain_slen_mean,myof_bending_mean,myof_bending_std,myof_length_max,myof_length_mean,myof_length_std,myof_straightness_mean,myof_straightness_std,n_domains,n_mbands,n_vectors,n_zbands,sarcomere_area,sarcomere_area_ratio,sarcomere_length_mean,sarcomere_length_std,sarcomere_oop,z_intensity_mean,z_intensity_std,z_lat_alignment_mean,z_lat_alignment_std,z_lat_dist_mean,z_lat_dist_std,z_lat_length_groups_mean,z_lat_neighbors_mean,z_lat_neighbors_std,z_length_max,z_length_mean,z_length_std,z_mask_area,z_mask_area_ratio,z_mask_intensity,z_oop,z_straightness_mean,z_straightness_std
672.9975,0.16896483547521535,594.2844104175721,28.20375,7.97625,0.9108200073242188,0.01081499457359314,1.573022022700608,0.019490922962476134,0.014127702088978398,14.661111831665039,10.127909660339355,3.3247733116149902,0.9597536547482409,0.014590301940555486,2.0,37.0,139.0,41.0,69.22109985351562,0.10285491380505223,1.5398079984298991,0.26908989799706756,0.8148215413093567,889.5772374251521,136.00074241530828,0.8241700860111573,0.5863812331790882,1.4361261224801944,0.5172443912987331,1.2617229719475547,0.43902439024390244,0.5863812331790882,1.7999999999999998,0.6695121951219511,0.35542452266929137,17.0325,0.02530841496439437,893.6948480845442,0.7689280576868883,0.9014433786821083,0.06470679586628494
