cell_mask_area,cell_mask_area_ratio,cell_mask_intensity,domain_area_mean,domain_area_std,domain_oop_mean,domain_oop_std,domain_slen_mean,myof_bending_mean,myof_bending_std,myof_length_max,myof_length_mean,myof_length_std,myof_straightness_mean,myof_straightness_std,n_domains,n_mbands,n_vectors,n_zbands,sarcomere_area,sarcomere_area_ratio,sarcomere_length_mean,sarcomere_length_std,sarcomere_oop,z_intensity_mean,z_intensity_std,z_lat_alignment_mean,z_lat_alignment_std,z_lat_dist_mean,z_lat_dist_std,z_lat_length_groups_mean,z_lat_neighbors_mean,z_lat_neighbors_std,z_length_max,z_length_mean,z_length_std,z_mask_area,z_mask_area_ratio,z_mask_intensity,z_oop,z_straightness_mean,z_straightness_std
1116.3374999999999,0.35015102755194216,567.9124659881085,30.72375,1.8787500000000001,0.8924283981323242,0.021196693181991577,1.6142738516285609,0.015802210475158365,0.009061421172808453,13.21776008605957,9.330456733703613,2.138427495956421,0.9610214262452249,0.01916514661397687,2.0,41.0,141.0,42.0,96.1045913696289,0.08608919020424281,1.6005105634697838,0.2410923293355463,0.17966315150260925,855.9818664508606,112.85846749845952,0.7118701157122371,0.49943278484292924,1.3181942662409942,0.6411816251651061,1.4431857082003106,0.47619047619047616,0.49943278484292924,2.85,0.7857142857142856,0.5871932547018459,22.544999999999998,0.020195505391514663,855.9041916167664,0.38281108737281555,0.8733940981051029,0.08759632517352071
