sarcomere_area,cell_mask_area_ratio,domain_area_std,domain_oop_mean,sarcomere_length_mean,z_mask_intensity,myof_straightness_std,z_mask_area,z_straightness_std,myof_length_mean,myof_bending_std,sarcomere_oop,n_domains,myof_straightness_mean,z_intensity_mean,myof_bending_mean,z_lat_dist_mean,z_lat_length_groups_mean,z_length_max,sarcomere_area_ratio,z_length_std,myof_length_max,domain_slen_mean,z_mask_area_ratio,z_lat_alignment_std,n_zbands,cell_mask_area,cell_mask_intensity,z_oop,z_lat_alignment_mean,z_length_mean,z_lat_dist_std,myof_length_std,n_vectors,z_straightness_mean,n_mbands,z_intensity_std,sarcomere_length_std,z_lat_neighbors_mean,z_lat_neighbors_std,domain_area_mean,domain_oop_std
56.08433532714844,0.21256528417818737,0.0,0.7782531380653381,1.3985096793482794,789.3607907742999,0.02890354209873132,13.657499999999999,0.10595464719802161,9.341300010681152,0.017293633155743626,0.7343015670776367,1.0,0.9230711945601657,784.2589948094907,0.04051417463903027,0.8077747210701759,0.8242510748291383,2.25,0.09006493444323753,0.49839586424849064,11.779034614562988,1.4052175175238766,0.021932360167654288,0.2763853991962833,24.0,622.7099999999999,576.3793178204943,0.6610286684133102,0.830426749291106,0.75625,0.0,1.9381662607192993,97.0,0.8643517526934709,30.0,92.75041071530475,0.24796687814544047,0.08333333333333333,0.2763853991962833,29.272499999999997,0.0
