sarcomere_area,cell_mask_area_ratio,domain_area_std,domain_oop_mean,sarcomere_length_mean,z_mask_intensity,myof_straightness_std,z_mask_area,z_straightness_std,myof_length_mean,myof_bending_std,sarcomere_oop,n_domains,myof_straightness_mean,z_intensity_mean,myof_bending_mean,z_lat_dist_mean,z_lat_length_groups_mean,z_length_max,sarcomere_area_ratio,z_length_std,myof_length_max,domain_slen_mean,z_mask_area_ratio,z_lat_alignment_std,n_zbands,cell_mask_area,cell_mask_intensity,z_oop,z_lat_alignment_mean,z_length_mean,z_lat_dist_std,myof_length_std,n_vectors,z_straightness_mean,n_mbands,z_intensity_std,sarcomere_length_std,z_lat_neighbors_mean,z_lat_neighbors_std,domain_area_mean,domain_oop_std
40.176334381103516,0.22742332693125475,0.0,0.9707548022270203,1.2825268771189364,803.1066666666667,0.006301336558215387,8.4375,0.09270506273235204,8.758607864379883,0.019803472537627764,0.9094347953796387,1.0,0.9660911410536303,813.1874054388412,0.02088639299064431,1.440599799417579,2.7580498161327807,3.15,0.036690465025219936,0.6176744604809518,10.354958534240723,1.2558366052530412,0.007705426675159759,0.624030438887275,23.0,1095.0075,589.2632379230279,0.7869953641406378,0.7973233985707894,0.75,0.5637854521889054,1.9332774877548218,78.0,0.8631859695359066,26.0,96.87959463017796,0.17236808863383313,0.9565217391304348,0.624030438887275,31.095,0.0
