sarcomere_area,cell_mask_area_ratio,domain_area_std,domain_oop_mean,sarcomere_length_mean,z_mask_intensity,myof_straightness_std,z_mask_area,z_straightness_std,myof_length_mean,myof_bending_std,sarcomere_oop,n_domains,myof_straightness_mean,z_intensity_mean,myof_bending_mean,z_lat_dist_mean,z_lat_length_groups_mean,z_length_max,sarcomere_area_ratio,z_length_std,myof_length_max,domain_slen_mean,z_mask_area_ratio,z_lat_alignment_std,n_zbands,cell_mask_area,cell_mask_intensity,z_oop,z_lat_alignment_mean,z_length_mean,z_lat_dist_std,myof_length_std,n_vectors,z_straightness_mean,n_mbands,z_intensity_std,sarcomere_length_std,z_lat_neighbors_mean,z_lat_neighbors_std,domain_area_mean,domain_oop_std
96.1173095703125,0.350390977868112,2.148749999999998,0.8930139541625977,1.6077997547883833,855.6424302788845,0.01275836625587838,22.59,0.08759632517352071,9.963080406188965,0.017871425969727472,0.17919784784317017,2.0,0.971476512933339,855.9818664508606,0.017111081157498303,1.3181942662409942,1.4431857082003106,2.85,0.08604162068414715,0.5871932547018459,13.318523406982422,1.6212674493739434,0.020221958146186228,0.49943278484292924,42.0,1117.1025,567.8786682511229,0.38281108737281555,0.7116682192351197,0.7857142857142856,0.6411816251651061,1.4666104316711426,140.0,0.8733940981051029,41.0,112.85846749845952,0.2521443768555207,0.47619047619047616,0.49943278484292924,31.308749999999996,0.019775360822677612
