sarcomere_area,cell_mask_area_ratio,domain_area_std,domain_oop_mean,sarcomere_length_mean,z_mask_intensity,myof_straightness_std,z_mask_area,z_straightness_std,myof_length_mean,myof_bending_std,sarcomere_oop,n_domains,myof_straightness_mean,z_intensity_mean,myof_bending_mean,z_lat_dist_mean,z_lat_length_groups_mean,z_length_max,sarcomere_area_ratio,z_length_std,myof_length_max,domain_slen_mean,z_mask_area_ratio,z_lat_alignment_std,n_zbands,cell_mask_area,cell_mask_intensity,z_oop,z_lat_alignment_mean,z_length_mean,z_lat_dist_std,myof_length_std,n_vectors,z_straightness_mean,n_mbands,z_intensity_std,sarcomere_length_std,z_lat_neighbors_mean,z_lat_neighbors_std,domain_area_mean,domain_oop_std
298.0130920410156,0.25807731999682465,4.106250000000003,0.701090395450592,1.5115526045365182,798.9812085482682,0.03888702137763471,61.065,0.08682750794537694,18.56746482849121,0.013486883817906012,0.48024290800094604,2.0,0.9468188467261285,799.728332153883,0.01812719218447948,1.8020771319412408,3.3619839522394668,4.6499999999999995,0.291009937885794,0.9133613358075289,39.12189865112305,1.5191704228827068,0.05963000395482708,0.6581810185365925,97.0,1024.065,578.2847695214659,0.4366968507636927,0.8087564041813765,1.2324742268041238,0.6978219762478345,8.803961753845215,682.0,0.8387988236905018,94.0,96.13187582069784,0.2226843191239617,0.8247422680412371,0.6581810185365925,127.99125,0.16311830282211304
