sarcomere_area,cell_mask_area_ratio,domain_area_std,domain_oop_mean,sarcomere_length_mean,z_mask_intensity,myof_straightness_std,z_mask_area,z_straightness_std,myof_length_mean,myof_bending_std,sarcomere_oop,n_domains,myof_straightness_mean,z_intensity_mean,myof_bending_mean,z_lat_dist_mean,z_lat_length_groups_mean,z_length_max,sarcomere_area_ratio,z_length_std,myof_length_max,domain_slen_mean,z_mask_area_ratio,z_lat_alignment_std,n_zbands,cell_mask_area,cell_mask_intensity,z_oop,z_lat_alignment_mean,z_length_mean,z_lat_dist_std,myof_length_std,n_vectors,z_straightness_mean,n_mbands,z_intensity_std,sarcomere_length_std,z_lat_neighbors_mean,z_lat_neighbors_std,domain_area_mean,domain_oop_std
74.7150650024414,0.3445401531339031,0.0,0.8445350527763367,1.5024096964805551,692.6698450536353,0.016391982271567594,18.877499999999998,0.10021752632453045,9.904172897338867,0.011258982215800347,0.6031355857849121,1.0,0.9213650006980316,691.2757707793031,0.053158718802577075,1.8728936926675979,0.766102361765816,1.5,0.05363011653580643,0.3399878173939933,12.524215698242188,1.472838841401754,0.013550179269356245,0.3033887068256214,39.0,1393.155,540.017943086017,0.26767155775442963,0.554582656431293,0.6307692307692309,0.7808772092755223,2.189211368560791,89.0,0.8697870657717874,42.0,49.42517632383796,0.21290093003761637,0.10256410256410256,0.3033887068256214,26.2125,0.0
