sarcomere_area,cell_mask_area_ratio,domain_area_std,domain_oop_mean,sarcomere_length_mean,z_mask_intensity,myof_straightness_std,z_mask_area,z_straightness_std,myof_length_mean,myof_bending_std,sarcomere_oop,n_domains,myof_straightness_mean,z_intensity_mean,myof_bending_mean,z_lat_dist_mean,z_lat_length_groups_mean,z_length_max,sarcomere_area_ratio,z_length_std,myof_length_max,domain_slen_mean,z_mask_area_ratio,z_lat_alignment_std,n_zbands,cell_mask_area,cell_mask_intensity,z_oop,z_lat_alignment_mean,z_length_mean,z_lat_dist_std,myof_length_std,n_vectors,z_straightness_mean,n_mbands,z_intensity_std,sarcomere_length_std,z_lat_neighbors_mean,z_lat_neighbors_std,domain_area_mean,domain_oop_std
137.26100158691406,0.1399520158556303,0.0,0.8954877257347107,1.4824347375749278,897.1588932806324,0.03591820999805229,28.4625,0.11317244692293323,11.793588638305664,0.017529771825144574,0.8954877257347107,1.0,0.9425062016691453,886.857589392657,0.023485769797696565,1.92300808932697,4.564579903104446,3.15,0.2273502388632804,0.8345597609468546,16.96461296081543,1.4824347375749278,0.047143442775686654,0.628337492377037,43.0,603.7425,627.5170126336973,0.8086573070708837,0.8316065363334939,1.2453488372093022,0.6397754415853741,2.867298126220703,258.0,0.8151224703105812,43.0,104.14865749446686,0.143087058118439,1.0232558139534884,0.628337492377037,109.41749999999999,0.0
