cell_mask_area,cell_mask_area_ratio,cell_mask_intensity,domain_area_mean,domain_area_std,domain_oop_mean,domain_oop_std,domain_slen_mean,myof_bending_mean,myof_bending_std,myof_length_max,myof_length_mean,myof_length_std,myof_straightness_mean,myof_straightness_std,n_domains,n_mbands,n_vectors,n_zbands,sarcomere_area,sarcomere_area_ratio,sarcomere_length_mean,sarcomere_length_std,sarcomere_oop,z_intensity_mean,z_intensity_std,z_lat_alignment_mean,z_lat_alignment_std,z_lat_dist_mean,z_lat_dist_std,z_lat_length_groups_mean,z_lat_neighbors_mean,z_lat_neighbors_std,z_length_max,z_length_mean,z_length_std,z_mask_area,z_mask_area_ratio,z_mask_intensity,z_oop,z_straightness_mean,z_straightness_std
861.3,0.15119916579770593,570.6756530825496,45.989999999999995,0.0,0.907575249671936,0.0,1.4039719803465243,0.016915731676578796,0.009074098813759693,13.274874687194824,8.49572467803955,2.3107995986938477,0.9700667817125548,0.008454763701062318,1.0,36.0,208.0,37.0,80.58411407470703,0.09356102876431793,1.3822668063810697,0.33306587223836537,0.9016931056976318,854.0442059054783,101.43436571791462,0.8829439693341358,0.4681218398834804,1.06828103410829,0.3102831483734217,1.7212802001499916,0.32432432432432434,0.4681218398834804,5.25,1.268918918918919,1.146401617715857,19.665,0.022831765935214212,863.3707093821511,0.8685694116116245,0.8149029343678164,0.11644406745106126
