sarcomere_area,cell_mask_area_ratio,domain_area_std,domain_oop_mean,sarcomere_length_mean,z_mask_intensity,myof_straightness_std,z_mask_area,z_straightness_std,myof_length_mean,myof_bending_std,sarcomere_oop,n_domains,myof_straightness_mean,z_intensity_mean,myof_bending_mean,z_lat_dist_mean,z_lat_length_groups_mean,z_length_max,sarcomere_area_ratio,z_length_std,myof_length_max,domain_slen_mean,z_mask_area_ratio,z_lat_alignment_std,n_zbands,cell_mask_area,cell_mask_intensity,z_oop,z_lat_alignment_mean,z_length_mean,z_lat_dist_std,myof_length_std,n_vectors,z_straightness_mean,n_mbands,z_intensity_std,sarcomere_length_std,z_lat_neighbors_mean,z_lat_neighbors_std,domain_area_mean,domain_oop_std
67.72430419921875,0.19152431011826543,0.0,0.8839775323867798,1.422418170077918,775.6533505154639,0.0251428707139232,17.46,0.0674183868092403,11.164445877075195,0.01190716790841397,0.9260022640228271,1.0,0.948540098508394,777.6131582874358,0.021495981743979195,0.6363961030678843,0.6891860725195823,1.3499999999999999,0.061463062066503996,0.34238136631539984,17.88331413269043,1.52024233587141,0.015845789430695093,0.24944382578492943,30.0,1101.87,549.1055705300988,0.8271602058898991,0.7253896408775282,0.645,0.0,4.052728652954102,111.0,0.8673668821355521,39.0,86.12406046942071,0.2168485194557661,0.06666666666666667,0.24944382578492943,27.63,0.0
