cell_mask_area,cell_mask_area_ratio,cell_mask_intensity,domain_area_mean,domain_area_std,domain_oop_mean,domain_oop_std,domain_slen_mean,myof_bending_mean,myof_bending_std,myof_length_max,myof_length_mean,myof_length_std,myof_straightness_mean,myof_straightness_std,n_domains,n_mbands,n_vectors,n_zbands,sarcomere_area,sarcomere_area_ratio,sarcomere_length_mean,sarcomere_length_std,sarcomere_oop,z_intensity_mean,z_intensity_std,z_lat_alignment_mean,z_lat_alignment_std,z_lat_dist_mean,z_lat_dist_std,z_lat_length_groups_mean,z_lat_neighbors_mean,z_lat_neighbors_std,z_length_max,z_length_mean,z_length_std,z_mask_area,z_mask_area_ratio,z_mask_intensity,z_oop,z_straightness_mean,z_straightness_std
1819.0125,0.14799214320887313,584.717805677531,28.366874999999997,2.9611818665652727,0.9300143122673035,0.03552195057272911,1.5135695337223356,0.027111533776167956,0.02305222740823861,19.51462173461914,13.848796844482422,4.5544328689575195,0.9647351841791937,0.015423445527269273,4.0,80.0,284.0,79.0,156.87709045410156,0.08624299748028205,1.4916641520872487,0.2423494683604739,0.49044400453567505,865.5996456260187,104.50021124173915,0.7953864100910251,0.4136742946422326,1.2947705002847198,0.5391773444195526,0.9633804653054587,0.17721518987341772,0.4136742946422326,2.1,0.7632911392405064,0.5125456979169102,40.275,0.022141134269280723,860.6055865921787,0.339936147286107,0.869854564092402,0.09057981741817053
