cell_mask_area,cell_mask_area_ratio,cell_mask_intensity,domain_area_mean,domain_area_std,domain_oop_mean,domain_oop_std,domain_slen_mean,myof_bending_mean,myof_bending_std,myof_length_max,myof_length_mean,myof_length_std,myof_straightness_mean,myof_straightness_std,n_domains,n_mbands,n_vectors,n_zbands,sarcomere_area,sarcomere_area_ratio,sarcomere_length_mean,sarcomere_length_std,sarcomere_oop,z_intensity_mean,z_intensity_std,z_lat_alignment_mean,z_lat_alignment_std,z_lat_dist_mean,z_lat_dist_std,z_lat_length_groups_mean,z_lat_neighbors_mean,z_lat_neighbors_std,z_length_max,z_length_mean,z_length_std,z_mask_area,z_mask_area_ratio,z_mask_intensity,z_oop,z_straightness_mean,z_straightness_std
1094.58,0.22733453898024703,589.2886860713699,30.825,0.0,0.970712423324585,0.0,1.2586931837444348,0.02834373106954881,0.021627140211662177,10.722454071044922,8.657032012939453,2.5381276607513428,0.9530298867472712,0.024444108925516385,1.0,26.0,78.0,23.0,40.08556365966797,0.03662186743743534,1.2828050550436045,0.17230499910547906,0.9093763828277588,813.1822349268457,96.8835096994929,0.7978050843203616,0.624030438887275,1.440599799417579,0.5637854521889054,2.7580498161327807,0.9565217391304348,0.624030438887275,3.15,0.75,0.6176744604809518,8.415,0.007687880282848216,803.2620320855615,0.7871337084832151,0.8633368432723393,0.09231069108523196
