cell_mask_area,cell_mask_area_ratio,cell_mask_intensity,domain_area_mean,domain_area_std,domain_oop_mean,domain_oop_std,domain_slen_mean,myof_bending_mean,myof_bending_std,myof_length_max,myof_length_mean,myof_length_std,myof_straightness_mean,myof_straightness_std,n_domains,n_mbands,n_vectors,n_zbands,sarcomere_area,sarcomere_area_ratio,sarcomere_length_mean,sarcomere_length_std,sarcomere_oop,z_intensity_mean,z_intensity_std,z_lat_alignment_mean,z_lat_alignment_std,z_lat_dist_mean,z_lat_dist_std,z_lat_length_groups_mean,z_lat_neighbors_mean,z_lat_neighbors_std,z_length_max,z_length_mean,z_length_std,z_mask_area,z_mask_area_ratio,z_mask_intensity,z_oop,z_straightness_mean,z_straightness_std
1124.9099999999999,0.3150425971669103,563.052644211537,,,,,,0.02344789611257116,0.014377844069226582,12.265921592712402,9.967741012573242,2.143195629119873,0.9629539300581431,0.01884097505350938,0.0,22.0,79.0,17.0,42.635623931884766,0.03790136449305702,1.3884176923771117,0.1925213749370432,0.5446448922157288,758.2165406841115,66.70491637566815,0.6567443956246782,0.32218973970892123,2.460182920028509,0.0,1.0725114325017817,0.11764705882352941,0.32218973970892123,1.7999999999999998,0.8647058823529411,0.3902354891911055,9.7875,0.008700696055684456,737.1862068965518,0.5260696258941239,0.8308540845123658,0.08136470991093175
