sarcomere_area,cell_mask_area_ratio,domain_area_std,domain_oop_mean,sarcomere_length_mean,z_mask_intensity,myof_straightness_std,z_mask_area,z_straightness_std,myof_length_mean,myof_bending_std,sarcomere_oop,n_domains,myof_straightness_mean,z_intensity_mean,myof_bending_mean,z_lat_dist_mean,z_lat_length_groups_mean,z_length_max,sarcomere_area_ratio,z_length_std,myof_length_max,domain_slen_mean,z_mask_area_ratio,z_lat_alignment_std,n_zbands,cell_mask_area,cell_mask_intensity,z_oop,z_lat_alignment_mean,z_length_mean,z_lat_dist_std,myof_length_std,n_vectors,z_straightness_mean,n_mbands,z_intensity_std,sarcomere_length_std,z_lat_neighbors_mean,z_lat_neighbors_std,domain_area_mean,domain_oop_std
179.0426025390625,0.16883015326868941,23.25819774832091,0.8679787516593933,1.6363575727917692,760.7621247113163,0.035519423265005824,38.97,0.10840615326034744,13.774767875671387,0.018392973476279183,0.7868357300758362,3.0,0.9444441052821437,758.761796751226,0.02588827701290078,1.7922141150455468,2.000134068990746,4.8,0.1842855257465519,1.0494844589937686,36.35310745239258,1.632202793023546,0.040111162575266326,0.5805223347418287,61.0,971.55,554.7348309402502,0.7190526933582151,0.6484378666085936,1.2540983606557377,0.5951626381347457,8.070664405822754,350.0,0.8220956490453369,59.0,66.9866732959664,0.20500200282671943,0.39344262295081966,0.5805223347418287,48.254999999999995,0.03817005455493927
