cell_mask_area,cell_mask_area_ratio,cell_mask_intensity,domain_area_mean,domain_area_std,domain_oop_mean,domain_oop_std,domain_slen_mean,myof_bending_mean,myof_bending_std,myof_length_max,myof_length_mean,myof_length_std,myof_straightness_mean,myof_straightness_std,n_domains,n_mbands,n_vectors,n_zbands,sarcomere_area,sarcomere_area_ratio,sarcomere_length_mean,sarcomere_length_std,sarcomere_oop,z_intensity_mean,z_intensity_std,z_lat_alignment_mean,z_lat_alignment_std,z_lat_dist_mean,z_lat_dist_std,z_lat_length_groups_mean,z_lat_neighbors_mean,z_lat_neighbors_std,z_length_max,z_length_mean,z_length_std,z_mask_area,z_mask_area_ratio,z_mask_intensity,z_oop,z_straightness_mean,z_straightness_std
478.0125,0.21669726642186862,592.9644151565074,49.0725,0.0,0.7659748196601868,0.0,1.4256115834728138,0.043065993641394046,0.02111016393019613,18.124759674072266,13.840585708618164,4.498415946960449,0.9141911015824004,0.024385896344330353,1.0,23.0,123.0,23.0,60.91518020629883,0.1274342830078687,1.4256115834728138,0.25078222936033334,0.765974760055542,1046.664258827531,183.55623165078583,0.5416527807529998,0.47628048478710105,2.0589135210777547,0.6424563119179373,1.767666004437422,0.34782608695652173,0.47628048478710105,3.5999999999999996,1.1021739130434782,0.8042655657113735,12.487499999999999,0.026123793833843254,1086.9279279279278,0.4823957793099316,0.820686843868563,0.10165751790156538
