sarcomere_area,cell_mask_area_ratio,domain_area_std,domain_oop_mean,sarcomere_length_mean,z_mask_intensity,myof_straightness_std,z_mask_area,z_straightness_std,myof_length_mean,myof_bending_std,sarcomere_oop,n_domains,myof_straightness_mean,z_intensity_mean,myof_bending_mean,z_lat_dist_mean,z_lat_length_groups_mean,z_length_max,sarcomere_area_ratio,z_length_std,myof_length_max,domain_slen_mean,z_mask_area_ratio,z_lat_alignment_std,n_zbands,cell_mask_area,cell_mask_intensity,z_oop,z_lat_alignment_mean,z_length_mean,z_lat_dist_std,myof_length_std,n_vectors,z_straightness_mean,n_mbands,z_intensity_std,sarcomere_length_std,z_lat_neighbors_mean,z_lat_neighbors_std,domain_area_mean,domain_oop_std
100.02997589111328,0.16589193782176237,14.287499999999998,0.7383051514625549,1.6742874755581543,683.3486766398158,0.028082340280454563,19.5525,0.06242670764802356,15.939875602722168,0.008379926745430793,0.6767319440841675,2.0,0.9368333667126536,669.0526273893985,0.017020083279243335,1.2516410248387835,1.240164102483878,2.1,0.1674366038818809,0.43853625800699403,33.8287467956543,1.6699984423696916,0.032728231394998496,0.385694607919935,33.0,597.42,534.2196821331727,0.5384380946099544,0.773851182984458,1.0136363636363637,0.17576901018244676,10.225052833557129,180.0,0.8156050443140014,39.0,88.61977883948204,0.20347661960539007,0.18181818181818182,0.385694607919935,39.19499999999999,0.1870313286781311
