cell_mask_area,cell_mask_area_ratio,cell_mask_intensity,domain_area_mean,domain_area_std,domain_oop_mean,domain_oop_std,domain_slen_mean,myof_bending_mean,myof_bending_std,myof_length_max,myof_length_mean,myof_length_std,myof_straightness_mean,myof_straightness_std,n_domains,n_mbands,n_vectors,n_zbands,sarcomere_area,sarcomere_area_ratio,sarcomere_length_mean,sarcomere_length_std,sarcomere_oop,z_intensity_mean,z_intensity_std,z_lat_alignment_mean,z_lat_alignment_std,z_lat_dist_mean,z_lat_dist_std,z_lat_length_groups_mean,z_lat_neighbors_mean,z_lat_neighbors_std,z_length_max,z_length_mean,z_length_std,z_mask_area,z_mask_area_ratio,z_mask_intensity,z_oop,z_straightness_mean,z_straightness_std
1447.4025,0.3185266243476367,608.5094125511044,79.875,25.185772769561783,0.6156425476074219,0.1331217736005783,1.3893680852339336,0.029429814694251388,0.02059542364762408,26.275651931762695,11.108430862426758,5.41066312789917,0.9400889504414909,0.04197136732785176,4.0,151.0,861.0,126.0,390.9620361328125,0.2701128650343028,1.3909156220161476,0.2388281782772444,0.20339970290660858,903.7659442517695,137.92760922895664,0.7692017410895554,0.647689071844545,1.6869313710790665,0.695889753674602,3.0804193052794253,0.7619047619047619,0.647689071844545,6.8999999999999995,1.2642857142857142,0.9807847753254554,79.92,0.05521615445599963,904.7043918918919,0.1395777005926795,0.7939130251614592,0.1249929305906573
