cell_mask_area,cell_mask_area_ratio,cell_mask_intensity,domain_area_mean,domain_area_std,domain_oop_mean,domain_oop_std,domain_slen_mean,myof_bending_mean,myof_bending_std,myof_length_max,myof_length_mean,myof_length_std,myof_straightness_mean,myof_straightness_std,n_domains,n_mbands,n_vectors,n_zbands,sarcomere_area,sarcomere_area_ratio,sarcomere_length_mean,sarcomere_length_std,sarcomere_oop,z_intensity_mean,z_intensity_std,z_lat_alignment_mean,z_lat_alignment_std,z_lat_dist_mean,z_lat_dist_std,z_lat_length_groups_mean,z_lat_neighbors_mean,z_lat_neighbors_std,z_length_max,z_length_mean,z_length_std,z_mask_area,z_mask_area_ratio,z_mask_intensity,z_oop,z_straightness_mean,z_straightness_std
1551.3525,0.20252372602063745,540.8908903682432,40.28999999999999,14.020350833698847,0.9297659397125244,0.0684540793299675,1.5527711796675943,0.013737736450839751,0.009903771353949606,31.485919952392578,14.727560043334961,7.386794090270996,0.9489772613749686,0.048192957617763835,3.0,72.0,324.0,70.0,166.8670654296875,0.10756231445122079,1.5480248614810197,0.185422115648627,0.8064973950386047,765.0029752991659,90.2717662518141,0.7913461520216277,0.34992710611188266,2.726239075443688,0.23583999559856916,1.1674030058033606,0.14285714285714285,0.34992710611188266,2.6999999999999997,0.8892857142857142,0.4989913295226436,38.7675,0.024989484981653105,766.0388856645386,0.7099414697834858,0.859295190467803,0.07612343978457142
