sarcomere_area,cell_mask_area_ratio,domain_area_std,domain_oop_mean,sarcomere_length_mean,z_mask_intensity,myof_straightness_std,z_mask_area,z_straightness_std,myof_length_mean,myof_bending_std,sarcomere_oop,n_domains,myof_straightness_mean,z_intensity_mean,myof_bending_mean,z_lat_dist_mean,z_lat_length_groups_mean,z_length_max,sarcomere_area_ratio,z_length_std,myof_length_max,domain_slen_mean,z_mask_area_ratio,z_lat_alignment_std,n_zbands,cell_mask_area,cell_mask_intensity,z_oop,z_lat_alignment_mean,z_length_mean,z_lat_dist_std,myof_length_std,n_vectors,z_straightness_mean,n_mbands,z_intensity_std,sarcomere_length_std,z_lat_neighbors_mean,z_lat_neighbors_std,domain_area_mean,domain_oop_std
104.8131103515625,0.2124987863684909,11.904127960501768,0.7991655468940735,1.432486892985327,807.3792415169661,0.02803173525609611,22.544999999999998,0.12272799113900233,10.787942886352539,0.01656512230323367,0.4851990342140198,3.0,0.9641817518049983,777.1925205547267,0.018318436933032572,1.6247547733788876,2.509339005084176,3.9,0.11824450350465643,0.8620853568939033,19.32133674621582,1.4310982856595988,0.025434054218702404,0.7050989017489937,46.0,886.41,571.4460097471824,0.6697052268805607,0.7180306934000305,0.9815217391304347,0.7512899788130212,3.5517263412475586,235.0,0.8492387059274873,43.0,123.26458213402756,0.21972081031639323,0.7391304347826086,0.7050989017489937,31.102500000000003,0.24762481451034546
