cell_mask_area,cell_mask_area_ratio,cell_mask_intensity,domain_area_mean,domain_area_std,domain_oop_mean,domain_oop_std,domain_slen_mean,myof_bending_mean,myof_bending_std,myof_length_max,myof_length_mean,myof_length_std,myof_straightness_mean,myof_straightness_std,n_domains,n_mbands,n_vectors,n_zbands,sarcomere_area,sarcomere_area_ratio,sarcomere_length_mean,sarcomere_length_std,sarcomere_oop,z_intensity_mean,z_intensity_std,z_lat_alignment_mean,z_lat_alignment_std,z_lat_dist_mean,z_lat_dist_std,z_lat_length_groups_mean,z_lat_neighbors_mean,z_lat_neighbors_std,z_length_max,z_length_mean,z_length_std,z_mask_area,z_mask_area_ratio,z_mask_intensity,z_oop,z_straightness_mean,z_straightness_std
622.0799999999999,0.23622693096377304,615.3249421296297,35.865,0.0,0.7445761561393738,0.0,1.468741543766067,0.025873149816493506,0.02606142316059841,10.598638534545898,7.904971122741699,1.4199329614639282,0.9616668831703999,0.022719367164334134,1.0,43.0,161.0,36.0,86.0110855102539,0.13826370484544417,1.416244599117924,0.23812613402912178,0.15086357295513153,870.1394391551693,118.9888286500634,0.7711114216871701,0.44790320823880836,2.278880552582097,0.5689494064177569,1.340142024610016,0.2777777777777778,0.44790320823880836,2.85,0.8374999999999999,0.5152365961381238,19.4175,0.031213831018518524,872.7809965237543,0.09389301569450338,0.8813118600712146,0.08277205876270773
