sarcomere_area,cell_mask_area_ratio,domain_area_std,domain_oop_mean,sarcomere_length_mean,z_mask_intensity,myof_straightness_std,z_mask_area,z_straightness_std,myof_length_mean,myof_bending_std,sarcomere_oop,n_domains,myof_straightness_mean,z_intensity_mean,myof_bending_mean,z_lat_dist_mean,z_lat_length_groups_mean,z_length_max,sarcomere_area_ratio,z_length_std,myof_length_max,domain_slen_mean,z_mask_area_ratio,z_lat_alignment_std,n_zbands,cell_mask_area,cell_mask_intensity,z_oop,z_lat_alignment_mean,z_length_mean,z_lat_dist_std,myof_length_std,n_vectors,z_straightness_mean,n_mbands,z_intensity_std,sarcomere_length_std,z_lat_neighbors_mean,z_lat_neighbors_std,domain_area_mean,domain_oop_std
65.77782440185547,0.19090468476971548,0.0,0.9536165595054626,1.3817484927618162,1105.1235795454545,0.013857822283633765,15.84,0.08784748181877154,19.442533493041992,0.006517795624767982,0.9282647371292114,1.0,0.9635048087316594,1071.4875692776357,0.014106226018900143,1.4354761758168073,2.185599640208092,2.55,0.0976602258996054,0.5459953639913071,23.429840087890625,1.3877948264803721,0.02351762151327877,0.6144102863722254,40.0,673.5375,598.8292634040421,0.8659305011639161,0.8358267711468174,1.0087499999999998,0.482366436883399,3.3642895221710205,218.0,0.8670490932379856,38.0,240.6929698910621,0.25260801054337567,0.65,0.6144102863722254,64.485,0.0
