cell_mask_area,cell_mask_area_ratio,cell_mask_intensity,domain_area_mean,domain_area_std,domain_oop_mean,domain_oop_std,domain_slen_mean,myof_bending_mean,myof_bending_std,myof_length_max,myof_length_mean,myof_length_std,myof_straightness_mean,myof_straightness_std,n_domains,n_mbands,n_vectors,n_zbands,sarcomere_area,sarcomere_area_ratio,sarcomere_length_mean,sarcomere_length_std,sarcomere_oop,z_intensity_mean,z_intensity_std,z_lat_alignment_mean,z_lat_alignment_std,z_lat_dist_mean,z_lat_dist_std,z_lat_length_groups_mean,z_lat_neighbors_mean,z_lat_neighbors_std,z_length_max,z_length_mean,z_length_std,z_mask_area,z_mask_area_ratio,z_mask_intensity,z_oop,z_straightness_mean,z_straightness_std
961.245,0.254176582579724,601.0927156968306,71.235,0.0,0.8181081414222717,0.0,1.4694401111652426,0.0254701292123352,0.012266596833983047,19.181917190551758,11.315897941589355,3.6919760704040527,0.9529019039358889,0.018880805895031424,1.0,43.0,150.0,41.0,99.6573257446289,0.10367526046390764,1.4691807398243768,0.2704951989620611,0.8060854077339172,900.2060845223216,90.44826351010482,0.83475682002781,0.5894168767607109,1.5616509802482894,0.6294809098690414,1.505371283951061,0.4878048780487805,0.5894168767607109,2.4,0.7573170731707316,0.4649365253831281,22.162499999999998,0.02305603670240157,876.0324873096447,0.7561025871674615,0.8471808857358657,0.10511956425147653
