cell_mask_area,cell_mask_area_ratio,cell_mask_intensity,domain_area_mean,domain_area_std,domain_oop_mean,domain_oop_std,domain_slen_mean,myof_bending_mean,myof_bending_std,myof_length_max,myof_length_mean,myof_length_std,myof_straightness_mean,myof_straightness_std,n_domains,n_mbands,n_vectors,n_zbands,sarcomere_area,sarcomere_area_ratio,sarcomere_length_mean,sarcomere_length_std,sarcomere_oop,z_intensity_mean,z_intensity_std,z_lat_alignment_mean,z_lat_alignment_std,z_lat_dist_mean,z_lat_dist_std,z_lat_length_groups_mean,z_lat_neighbors_mean,z_lat_neighbors_std,z_length_max,z_length_mean,z_length_std,z_mask_area,z_mask_area_ratio,z_mask_intensity,z_oop,z_straightness_mean,z_straightness_std
975.555,0.23286714789034976,601.228123990959,61.9725,8.94969063711143,0.7042686343193054,0.1909613162279129,1.462502230827523,0.027267705084149524,0.04047281708662123,18.86750602722168,10.806499481201172,3.647043466567993,0.9522566605503776,0.05318927591973316,3.0,103.0,415.0,79.0,229.7134552001953,0.23546950730629776,1.4615514550195934,0.2541973119584389,0.4044760465621948,858.1460380792513,141.97077636536295,0.7582051224107753,0.5929133381584997,1.693933288924853,0.6087610472691475,2.3423068964537017,0.6582278481012658,0.5929133381584997,3.9,1.0139240506329112,0.7884023545834362,48.915,0.05014068914617833,866.7755289788408,0.2063374681815655,0.8264247205202575,0.09922425788596186
