sarcomere_area,cell_mask_area_ratio,domain_area_std,domain_oop_mean,sarcomere_length_mean,z_mask_intensity,myof_straightness_std,z_mask_area,z_straightness_std,myof_length_mean,myof_bending_std,sarcomere_oop,n_domains,myof_straightness_mean,z_intensity_mean,myof_bending_mean,z_lat_dist_mean,z_lat_length_groups_mean,z_length_max,sarcomere_area_ratio,z_length_std,myof_length_max,domain_slen_mean,z_mask_area_ratio,z_lat_alignment_std,n_zbands,cell_mask_area,cell_mask_intensity,z_oop,z_lat_alignment_mean,z_length_mean,z_lat_dist_std,myof_length_std,n_vectors,z_straightness_mean,n_mbands,z_intensity_std,sarcomere_length_std,z_lat_neighbors_mean,z_lat_neighbors_std,domain_area_mean,domain_oop_std
390.9620361328125,0.3185266243476367,25.185772769561783,0.6156425476074219,1.3909156220161476,904.7043918918919,0.04197136732785176,79.92,0.1249929305906573,11.108430862426758,0.02059542364762408,0.20339970290660858,4.0,0.9400889504414909,903.7659442517695,0.029429814694251388,1.6869313710790665,3.0804193052794253,6.8999999999999995,0.2701128650343028,0.9807847753254554,26.275651931762695,1.3893680852339336,0.05521615445599963,0.647689071844545,126.0,1447.4025,608.5094125511044,0.1395777005926795,0.7692017410895554,1.2642857142857142,0.695889753674602,5.41066312789917,861.0,0.7939130251614592,151.0,137.92760922895664,0.2388281782772444,0.7619047619047619,0.647689071844545,79.875,0.1331217736005783
