sarcomere_area,cell_mask_area_ratio,domain_area_std,domain_oop_mean,sarcomere_length_mean,z_mask_intensity,myof_straightness_std,z_mask_area,z_straightness_std,myof_length_mean,myof_bending_std,sarcomere_oop,n_domains,myof_straightness_mean,z_intensity_mean,myof_bending_mean,z_lat_dist_mean,z_lat_length_groups_mean,z_length_max,sarcomere_area_ratio,z_length_std,myof_length_max,domain_slen_mean,z_mask_area_ratio,z_lat_alignment_std,n_zbands,cell_mask_area,cell_mask_intensity,z_oop,z_lat_alignment_mean,z_length_mean,z_lat_dist_std,myof_length_std,n_vectors,z_straightness_mean,n_mbands,z_intensity_std,sarcomere_length_std,z_lat_neighbors_mean,z_lat_neighbors_std,domain_area_mean,domain_oop_std
99.6573257446289,0.254176582579724,0.0,0.8181081414222717,1.4691807398243768,876.0324873096447,0.018880805895031424,22.162499999999998,0.10511956425147653,11.315897941589355,0.012266596833983047,0.8060854077339172,1.0,0.9529019039358889,900.2060845223216,0.0254701292123352,1.5616509802482894,1.505371283951061,2.4,0.10367526046390764,0.4649365253831281,19.181917190551758,1.4694401111652426,0.02305603670240157,0.5894168767607109,41.0,961.245,601.0927156968306,0.7561025871674615,0.83475682002781,0.7573170731707316,0.6294809098690414,3.6919760704040527,150.0,0.8471808857358657,43.0,90.44826351010482,0.2704951989620611,0.4878048780487805,0.5894168767607109,71.235,0.0
