cell_mask_area,cell_mask_area_ratio,cell_mask_intensity,domain_area_mean,domain_area_std,domain_oop_mean,domain_oop_std,domain_slen_mean,myof_bending_mean,myof_bending_std,myof_length_max,myof_length_mean,myof_length_std,myof_straightness_mean,myof_straightness_std,n_domains,n_mbands,n_vectors,n_zbands,sarcomere_area,sarcomere_area_ratio,sarcomere_length_mean,sarcomere_length_std,sarcomere_oop,z_intensity_mean,z_intensity_std,z_lat_alignment_mean,z_lat_alignment_std,z_lat_dist_mean,z_lat_dist_std,z_lat_length_groups_mean,z_lat_neighbors_mean,z_lat_neighbors_std,z_length_max,z_length_mean,z_length_std,z_mask_area,z_mask_area_ratio,z_mask_intensity,z_oop,z_straightness_mean,z_straightness_std
942.03,0.2695092984183999,645.3448695901404,97.80749999999999,0.0,0.9365984201431274,0.0,1.5541410696833189,0.021981131230841628,0.012408358850709948,16.154146194458008,10.572318077087402,3.009340524673462,0.965285127427814,0.01602309891751376,1.0,41.0,234.0,34.0,122.17877197265625,0.1296973259584687,1.5537069479705798,0.19395886142516802,0.922248125076294,1053.0510379427815,205.2597465851439,0.8189934218209146,0.6197443384031023,1.566488676790005,0.4159185322736859,2.988539278249093,0.7058823529411765,0.6197443384031023,5.3999999999999995,1.3808823529411762,1.2426853457380553,25.717499999999998,0.027300085984522784,1070.4838145231845,0.7579858136621594,0.7955773844409225,0.11308321373155615
