cell_mask_area,cell_mask_area_ratio,cell_mask_intensity,domain_area_mean,domain_area_std,domain_oop_mean,domain_oop_std,domain_slen_mean,myof_bending_mean,myof_bending_std,myof_length_max,myof_length_mean,myof_length_std,myof_straightness_mean,myof_straightness_std,n_domains,n_mbands,n_vectors,n_zbands,sarcomere_area,sarcomere_area_ratio,sarcomere_length_mean,sarcomere_length_std,sarcomere_oop,z_intensity_mean,z_intensity_std,z_lat_alignment_mean,z_lat_alignment_std,z_lat_dist_mean,z_lat_dist_std,z_lat_length_groups_mean,z_lat_neighbors_mean,z_lat_neighbors_std,z_length_max,z_length_mean,z_length_std,z_mask_area,z_mask_area_ratio,z_mask_intensity,z_oop,z_straightness_mean,z_straightness_std
1024.065,0.25807731999682465,578.2847695214659,127.99125,4.106250000000003,0.701090395450592,0.16311830282211304,1.5191704228827068,0.01812719218447948,0.013486883817906012,39.12189865112305,18.56746482849121,8.803961753845215,0.9468188467261285,0.03888702137763471,2.0,94.0,682.0,97.0,298.0130920410156,0.291009937885794,1.5115526045365182,0.2226843191239617,0.48024290800094604,799.728332153883,96.13187582069784,0.8087564041813765,0.6581810185365925,1.8020771319412408,0.6978219762478345,3.3619839522394668,0.8247422680412371,0.6581810185365925,4.6499999999999995,1.2324742268041238,0.9133613358075289,61.065,0.05963000395482708,798.9812085482682,0.4366968507636927,0.8387988236905018,0.08682750794537694
