sarcomere_area,cell_mask_area_ratio,domain_area_std,domain_oop_mean,sarcomere_length_mean,z_mask_intensity,myof_straightness_std,z_mask_area,z_straightness_std,myof_length_mean,myof_bending_std,sarcomere_oop,n_domains,myof_straightness_mean,z_intensity_mean,myof_bending_mean,z_lat_dist_mean,z_lat_length_groups_mean,z_length_max,sarcomere_area_ratio,z_length_std,myof_length_max,domain_slen_mean,z_mask_area_ratio,z_lat_alignment_std,n_zbands,cell_mask_area,cell_mask_intensity,z_oop,z_lat_alignment_mean,z_length_mean,z_lat_dist_std,myof_length_std,n_vectors,z_straightness_mean,n_mbands,z_intensity_std,sarcomere_length_std,z_lat_neighbors_mean,z_lat_neighbors_std,domain_area_mean,domain_oop_std
69.25495910644531,0.1689817822341477,6.952499999999999,0.9060884714126587,1.5450108460189331,893.5633245382586,0.01457857390719994,17.055,0.06475360687422568,9.834525108337402,0.012263140095341372,0.8182474374771118,2.0,0.9624704793605328,889.5454302649754,0.019694821077235795,1.4361261224801944,1.2570354719475547,1.7999999999999998,0.10289490481074684,0.3553491969245291,14.458436965942383,1.5826165302152337,0.02533930601056362,0.5863812331790882,41.0,673.0649999999999,594.2790666577522,0.7683134213272708,0.8236622356469749,0.6658536585365853,0.5172443912987331,3.2045764923095703,139.0,0.9015075635344834,37.0,136.0174483837991,0.2931534396249854,0.43902439024390244,0.5863812331790882,29.114999999999995,0.015576452016830444
