cell_mask_area,cell_mask_area_ratio,cell_mask_intensity,domain_area_mean,domain_area_std,domain_oop_mean,domain_oop_std,domain_slen_mean,myof_bending_mean,myof_bending_std,myof_length_max,myof_length_mean,myof_length_std,myof_straightness_mean,myof_straightness_std,n_domains,n_mbands,n_vectors,n_zbands,sarcomere_area,sarcomere_area_ratio,sarcomere_length_mean,sarcomere_length_std,sarcomere_oop,z_intensity_mean,z_intensity_std,z_lat_alignment_mean,z_lat_alignment_std,z_lat_dist_mean,z_lat_dist_std,z_lat_length_groups_mean,z_lat_neighbors_mean,z_lat_neighbors_std,z_length_max,z_length_mean,z_length_std,z_mask_area,z_mask_area_ratio,z_mask_intensity,z_oop,z_straightness_mean,z_straightness_std
1101.87,0.19152431011826543,549.1055705300988,27.855,0.0,0.8839775323867798,0.0,1.521193998945434,0.026287650563195247,0.020127274130548295,18.05451774597168,10.593552589416504,4.009090900421143,0.9547459241674131,0.02785930568850337,1.0,39.0,111.0,30.0,67.72430419921875,0.061463062066503996,1.4228379971405847,0.21199078474648098,0.9260022044181824,777.6131582874358,86.12406046942071,0.7253896408775282,0.24944382578492943,0.6363961030678843,0.0,0.6891860725195823,0.06666666666666667,0.24944382578492943,1.3499999999999999,0.645,0.34238136631539984,17.46,0.015845789430695093,775.6533505154639,0.8271602058898991,0.8673668821355521,0.0674183868092403
