cell_mask_area,cell_mask_area_ratio,cell_mask_intensity,domain_area_mean,domain_area_std,domain_oop_mean,domain_oop_std,domain_slen_mean,myof_bending_mean,myof_bending_std,myof_length_max,myof_length_mean,myof_length_std,myof_straightness_mean,myof_straightness_std,n_domains,n_mbands,n_vectors,n_zbands,sarcomere_area,sarcomere_area_ratio,sarcomere_length_mean,sarcomere_length_std,sarcomere_oop,z_intensity_mean,z_intensity_std,z_lat_alignment_mean,z_lat_alignment_std,z_lat_dist_mean,z_lat_dist_std,z_lat_length_groups_mean,z_lat_neighbors_mean,z_lat_neighbors_std,z_length_max,z_length_mean,z_length_std,z_mask_area,z_mask_area_ratio,z_mask_intensity,z_oop,z_straightness_mean,z_straightness_std
661.365,0.2456049465240642,595.645267741716,97.21125,3.791249999999998,0.7212485671043396,0.15599077939987183,1.4366989918582391,0.02465955743386304,0.018297338768133324,24.268110275268555,11.35110855102539,4.321896553039551,0.9442040111035147,0.03748210637010922,2.0,78.0,521.0,75.0,208.7027130126953,0.31556358896024933,1.4366499248794413,0.21872804190675413,0.658687949180603,832.4321265535959,102.73239307498382,0.7743759156072906,0.6733003292241385,1.811835958000782,0.6930010543248745,6.007753937001174,1.2,0.6733003292241385,6.1499999999999995,1.316,1.196638625483901,43.6725,0.0660338844662176,842.5909325090159,0.5107469003988729,0.8160545605933744,0.13381761511614582
