sarcomere_area,cell_mask_area_ratio,domain_area_std,domain_oop_mean,sarcomere_length_mean,z_mask_intensity,myof_straightness_std,z_mask_area,z_straightness_std,myof_length_mean,myof_bending_std,sarcomere_oop,n_domains,myof_straightness_mean,z_intensity_mean,myof_bending_mean,z_lat_dist_mean,z_lat_length_groups_mean,z_length_max,sarcomere_area_ratio,z_length_std,myof_length_max,domain_slen_mean,z_mask_area_ratio,z_lat_alignment_std,n_zbands,cell_mask_area,cell_mask_intensity,z_oop,z_lat_alignment_mean,z_length_mean,z_lat_dist_std,myof_length_std,n_vectors,z_straightness_mean,n_mbands,z_intensity_std,sarcomere_length_std,z_lat_neighbors_mean,z_lat_neighbors_std,domain_area_mean,domain_oop_std
55.14836502075195,0.22201233688315583,0.0,0.6658643484115601,1.3562884986004062,959.1465677179963,0.026300213425781975,12.1275,0.12397466220587129,8.066096305847168,0.07611197317624079,0.677070677280426,1.0,0.9630458831671876,940.9861715271423,0.04664717594129376,2.0318603396205175,2.6069766703650106,3.15,0.051747882304797925,0.6297167695691002,13.00204849243164,1.3450978461521994,0.011379710756887998,0.6988134171893782,27.0,1065.7124999999999,617.445392167212,0.7604864624160353,0.7798708333971274,0.8888888888888888,0.8989124319293802,3.6078691482543945,100.0,0.8261202101045251,29.0,167.39910012548336,0.2340035823628374,0.7407407407407407,0.6988134171893782,36.99,0.0
