cell_mask_area,cell_mask_area_ratio,cell_mask_intensity,domain_area_mean,domain_area_std,domain_oop_mean,domain_oop_std,domain_slen_mean,myof_bending_mean,myof_bending_std,myof_length_max,myof_length_mean,myof_length_std,myof_straightness_mean,myof_straightness_std,n_domains,n_mbands,n_vectors,n_zbands,sarcomere_area,sarcomere_area_ratio,sarcomere_length_mean,sarcomere_length_std,sarcomere_oop,z_intensity_mean,z_intensity_std,z_lat_alignment_mean,z_lat_alignment_std,z_lat_dist_mean,z_lat_dist_std,z_lat_length_groups_mean,z_lat_neighbors_mean,z_lat_neighbors_std,z_length_max,z_length_mean,z_length_std,z_mask_area,z_mask_area_ratio,z_mask_intensity,z_oop,z_straightness_mean,z_straightness_std
970.5825,0.16866202690021898,554.776410042423,47.94749999999999,22.883086275675314,0.8678410053253174,0.03830292820930481,1.628974764620111,0.03217930554590499,0.02383379571912671,38.0786247253418,14.441518783569336,8.76785945892334,0.9393741876993321,0.035905563638669445,3.0,59.0,350.0,61.0,179.06712341308594,0.18449449007486324,1.6333785136146817,0.20401448397150965,0.7858405113220215,758.7938930702076,66.94877786821405,0.6437410162717846,0.5805223347418287,1.808022887084044,0.6162817860202292,2.000944380510378,0.39344262295081966,0.5805223347418287,4.8,1.251639344262295,1.0515393561195998,38.925,0.040104782437350765,760.8728323699422,0.7186251981732709,0.8218029089984985,0.1082869402303642
