cell_mask_area,cell_mask_area_ratio,cell_mask_intensity,domain_area_mean,domain_area_std,domain_oop_mean,domain_oop_std,domain_slen_mean,myof_bending_mean,myof_bending_std,myof_length_max,myof_length_mean,myof_length_std,myof_straightness_mean,myof_straightness_std,n_domains,n_mbands,n_vectors,n_zbands,sarcomere_area,sarcomere_area_ratio,sarcomere_length_mean,sarcomere_length_std,sarcomere_oop,z_intensity_mean,z_intensity_std,z_lat_alignment_mean,z_lat_alignment_std,z_lat_dist_mean,z_lat_dist_std,z_lat_length_groups_mean,z_lat_neighbors_mean,z_lat_neighbors_std,z_length_max,z_length_mean,z_length_std,z_mask_area,z_mask_area_ratio,z_mask_intensity,z_oop,z_straightness_mean,z_straightness_std
1190.1599999999999,0.17294413057124922,618.7918557168784,44.2575,10.485,0.818276047706604,0.0676930844783783,1.3148480581989945,0.02677555621653184,0.032487705816289916,10.169872283935547,9.018736839294434,0.9120625257492065,0.9516617729170093,0.02430222332699201,2.0,65.0,206.0,59.0,120.75775909423828,0.10146346633581896,1.3215998194467606,0.2405071957769948,0.6139289736747742,925.5001737733472,190.36003183989004,0.7389751070958189,0.5539028690972269,1.5664420933055152,0.6988576575122384,1.9906653673530479,0.711864406779661,0.5539028690972269,2.4,0.7245762711864405,0.5048386956142386,20.092499999999998,0.016882183908045977,931.2553191489362,0.5744647794327359,0.8527932019321951,0.09904020703949211
