cell_mask_area,cell_mask_area_ratio,cell_mask_intensity,domain_area_mean,domain_area_std,domain_oop_mean,domain_oop_std,domain_slen_mean,myof_bending_mean,myof_bending_std,myof_length_max,myof_length_mean,myof_length_std,myof_straightness_mean,myof_straightness_std,n_domains,n_mbands,n_vectors,n_zbands,sarcomere_area,sarcomere_area_ratio,sarcomere_length_mean,sarcomere_length_std,sarcomere_oop,z_intensity_mean,z_intensity_std,z_lat_alignment_mean,z_lat_alignment_std,z_lat_dist_mean,z_lat_dist_std,z_lat_length_groups_mean,z_lat_neighbors_mean,z_lat_neighbors_std,z_length_max,z_length_mean,z_length_std,z_mask_area,z_mask_area_ratio,z_mask_intensity,z_oop,z_straightness_mean,z_straightness_std
597.42,0.16589193782176237,534.2196821331727,39.037499999999994,14.3325,0.7383055686950684,0.18703076243400574,1.6748231086004854,0.016653540033806348,0.008371088144783781,33.89617156982422,15.906046867370605,10.184889793395996,0.9388572048117682,0.027827894003401937,2.0,39.0,180.0,33.0,100.02998352050781,0.1674366166524519,1.6768669131644236,0.2040468926546313,0.6767325401306152,669.0526273893985,88.61977883948204,0.773851182984458,0.385694607919935,1.2516410248387835,0.17576901018244676,1.240164102483878,0.18181818181818182,0.385694607919935,2.1,1.0136363636363637,0.43853625800699403,19.5525,0.032728231394998496,683.3486766398158,0.5384380946099544,0.8156050443140014,0.06242670764802356
