sarcomere_area,cell_mask_area_ratio,domain_area_std,domain_oop_mean,sarcomere_length_mean,z_mask_intensity,myof_straightness_std,z_mask_area,z_straightness_std,myof_length_mean,myof_bending_std,sarcomere_oop,n_domains,myof_straightness_mean,z_intensity_mean,myof_bending_mean,z_lat_dist_mean,z_lat_length_groups_mean,z_length_max,sarcomere_area_ratio,z_length_std,myof_length_max,domain_slen_mean,z_mask_area_ratio,z_lat_alignment_std,n_zbands,cell_mask_area,cell_mask_intensity,z_oop,z_lat_alignment_mean,z_length_mean,z_lat_dist_std,myof_length_std,n_vectors,z_straightness_mean,n_mbands,z_intensity_std,sarcomere_length_std,z_lat_neighbors_mean,z_lat_neighbors_std,domain_area_mean,domain_oop_std
166.8377685546875,0.2027263995488311,13.90530339474835,0.9330537915229797,1.5484181426012356,766.0197215777263,0.04659388413384789,38.79,0.07612343978457142,13.453719139099121,0.007882421485035828,0.8099370002746582,3.0,0.949974777129095,765.0029752991659,0.012273346139844626,2.726239075443688,1.1674030058033606,2.6999999999999997,0.10743591433776535,0.4989913295226436,30.952150344848633,1.5528185129759022,0.02497899098785824,0.34992710611188266,70.0,1552.905,540.8649337853893,0.7099414697834858,0.791211272601058,0.8892857142857142,0.23583999559856916,7.330870151519775,320.0,0.859295190467803,72.0,90.2717662518141,0.18361441196721393,0.14285714285714285,0.34992710611188266,39.8475,0.06378748267889023
