cell_mask_area,cell_mask_area_ratio,cell_mask_intensity,domain_area_mean,domain_area_std,domain_oop_mean,domain_oop_std,domain_slen_mean,myof_bending_mean,myof_bending_std,myof_length_max,myof_length_mean,myof_length_std,myof_straightness_mean,myof_straightness_std,n_domains,n_mbands,n_vectors,n_zbands,sarcomere_area,sarcomere_area_ratio,sarcomere_length_mean,sarcomere_length_std,sarcomere_oop,z_intensity_mean,z_intensity_std,z_lat_alignment_mean,z_lat_alignment_std,z_lat_dist_mean,z_lat_dist_std,z_lat_length_groups_mean,z_lat_neighbors_mean,z_lat_neighbors_std,z_length_max,z_length_mean,z_length_std,z_mask_area,z_mask_area_ratio,z_mask_intensity,z_oop,z_straightness_mean,z_straightness_std
861.5925,0.15125051347679083,570.6611652260204,47.25,0.0,0.9068370461463928,0.0,1.4165340834393865,0.03049994343416279,0.014521579759496748,12.083165168762207,8.578756332397461,1.7477742433547974,0.962293934961035,0.01062908058600593,1.0,36.0,210.0,37.0,80.58842468261719,0.09353426902232458,1.3959798030141146,0.3436147284958468,0.9012858271598816,854.0442059054783,101.43436571791462,0.8833358342990616,0.4681218398834804,1.06828103410829,0.3102831483734217,1.7212802001499916,0.32432432432432434,0.4681218398834804,5.25,1.268918918918919,1.146401617715857,19.71,0.022876243699892933,862.818493150685,0.8685694116116245,0.8149029343678164,0.11644406745106126
