cell_mask_area,cell_mask_area_ratio,cell_mask_intensity,domain_area_mean,domain_area_std,domain_oop_mean,domain_oop_std,domain_slen_mean,myof_bending_mean,myof_bending_std,myof_length_max,myof_length_mean,myof_length_std,myof_straightness_mean,myof_straightness_std,n_domains,n_mbands,n_vectors,n_zbands,sarcomere_area,sarcomere_area_ratio,sarcomere_length_mean,sarcomere_length_std,sarcomere_oop,z_intensity_mean,z_intensity_std,z_lat_alignment_mean,z_lat_alignment_std,z_lat_dist_mean,z_lat_dist_std,z_lat_length_groups_mean,z_lat_neighbors_mean,z_lat_neighbors_std,z_length_max,z_length_mean,z_length_std,z_mask_area,z_mask_area_ratio,z_mask_intensity,z_oop,z_straightness_mean,z_straightness_std
603.7425,0.1399520158556303,627.5170126336973,109.1925,0.0,0.8954877853393555,0.0,1.4828316244974487,0.022580547977750737,0.01576202126054003,20.057939529418945,13.116166114807129,2.544020414352417,0.9338755164454874,0.038556966429069674,1.0,43.0,258.0,43.0,137.26100158691406,0.2273502388632804,1.4828316244974487,0.14135160432022653,0.8954878449440002,886.857589392657,104.14865749446686,0.8316203103943383,0.628337492377037,1.92300808932697,0.6397754415853741,4.564579903104446,1.0232558139534884,0.628337492377037,3.15,1.2453488372093022,0.8345597609468546,28.4625,0.047143442775686654,897.1588932806324,0.8086573070708837,0.8151224703105812,0.11317244692293323
