cell_mask_area,cell_mask_area_ratio,cell_mask_intensity,domain_area_mean,domain_area_std,domain_oop_mean,domain_oop_std,domain_slen_mean,myof_bending_mean,myof_bending_std,myof_length_max,myof_length_mean,myof_length_std,myof_straightness_mean,myof_straightness_std,n_domains,n_mbands,n_vectors,n_zbands,sarcomere_area,sarcomere_area_ratio,sarcomere_length_mean,sarcomere_length_std,sarcomere_oop,z_intensity_mean,z_intensity_std,z_lat_alignment_mean,z_lat_alignment_std,z_lat_dist_mean,z_lat_dist_std,z_lat_length_groups_mean,z_lat_neighbors_mean,z_lat_neighbors_std,z_length_max,z_length_mean,z_length_std,z_mask_area,z_mask_area_ratio,z_mask_intensity,z_oop,z_straightness_mean,z_straightness_std
673.5375,0.19090468476971548,598.8292634040421,64.485,0.0,0.9536165595054626,0.0,1.3877948264803721,0.014106226018900143,0.006517795624767982,23.429840087890625,19.442533493041992,3.3642895221710205,0.9635048087316594,0.013857822283633765,1.0,38.0,218.0,40.0,65.77782440185547,0.0976602258996054,1.3817484927618162,0.25260801054337567,0.9282647371292114,1071.4875692776357,240.6929698910621,0.8358267711468174,0.6144102863722254,1.4354761758168073,0.482366436883399,2.185599640208092,0.65,0.6144102863722254,2.55,1.0087499999999998,0.5459953639913071,15.84,0.02351762151327877,1105.1235795454545,0.8659305011639161,0.8670490932379856,0.08784748181877154
