cell_mask_area,cell_mask_area_ratio,cell_mask_intensity,domain_area_mean,domain_area_std,domain_oop_mean,domain_oop_std,domain_slen_mean,myof_bending_mean,myof_bending_std,myof_length_max,myof_length_mean,myof_length_std,myof_straightness_mean,myof_straightness_std,n_domains,n_mbands,n_vectors,n_zbands,sarcomere_area,sarcomere_area_ratio,sarcomere_length_mean,sarcomere_length_std,sarcomere_oop,z_intensity_mean,z_intensity_std,z_lat_alignment_mean,z_lat_alignment_std,z_lat_dist_mean,z_lat_dist_std,z_lat_length_groups_mean,z_lat_neighbors_mean,z_lat_neighbors_std,z_length_max,z_length_mean,z_length_std,z_mask_area,z_mask_area_ratio,z_mask_intensity,z_oop,z_straightness_mean,z_straightness_std
954.5849999999999,0.17523512137095276,595.1840145193985,70.3125,0.0,0.7034300565719604,0.0,1.3184799287448887,0.027314518278814492,0.013897413378431681,20.88916015625,10.585197448730469,4.83766508102417,0.9410170526901002,0.026151957124215523,1.0,58.0,254.0,51.0,122.41110229492188,0.1282348898159115,1.3353210114648597,0.2768852166555496,0.6531543731689453,940.5829698947174,138.68933141446536,0.8021839664068695,0.4882313567838719,1.7185987559273528,0.5853787800432756,1.6338045746164274,0.39215686274509803,0.4882313567838719,4.8,0.9764705882352941,0.8466400108419618,28.575,0.029934474143214068,940.9968503937008,0.614938806034116,0.8356445854793239,0.11261756701788249
