cell_mask_area,cell_mask_area_ratio,cell_mask_intensity,domain_area_mean,domain_area_std,domain_oop_mean,domain_oop_std,domain_slen_mean,myof_bending_mean,myof_bending_std,myof_length_max,myof_length_mean,myof_length_std,myof_straightness_mean,myof_straightness_std,n_domains,n_mbands,n_vectors,n_zbands,sarcomere_area,sarcomere_area_ratio,sarcomere_length_mean,sarcomere_length_std,sarcomere_oop,z_intensity_mean,z_intensity_std,z_lat_alignment_mean,z_lat_alignment_std,z_lat_dist_mean,z_lat_dist_std,z_lat_length_groups_mean,z_lat_neighbors_mean,z_lat_neighbors_std,z_length_max,z_length_mean,z_length_std,z_mask_area,z_mask_area_ratio,z_mask_intensity,z_oop,z_straightness_mean,z_straightness_std
1345.5449999999998,0.14626486752221415,602.0767700076921,94.12875,5.8387500000000045,0.8900907039642334,0.014940768480300903,1.4603197210207117,0.02503467746589066,0.030692621875622918,17.06523895263672,10.45180892944336,3.9848978519439697,0.9499488204449511,0.02617527805165357,2.0,97.0,448.0,106.0,225.1433868408203,0.1673250518123291,1.4666439877545578,0.23083923391929123,0.7431561350822449,819.8988053248515,135.8933944196672,0.7860219967381358,0.6266310152987025,1.7062768523276404,0.643957920372811,2.5863799105016003,0.7547169811320755,0.6266310152987025,5.1,0.9665094339622641,0.7659844355934249,51.1875,0.038042205946289424,820.7287912087912,0.6742347830995254,0.8199919251959719,0.11165357822282944
