cell_mask_area,cell_mask_area_ratio,cell_mask_intensity,domain_area_mean,domain_area_std,domain_oop_mean,domain_oop_std,domain_slen_mean,myof_bending_mean,myof_bending_std,myof_length_max,myof_length_mean,myof_length_std,myof_straightness_mean,myof_straightness_std,n_domains,n_mbands,n_vectors,n_zbands,sarcomere_area,sarcomere_area_ratio,sarcomere_length_mean,sarcomere_length_std,sarcomere_oop,z_intensity_mean,z_intensity_std,z_lat_alignment_mean,z_lat_alignment_std,z_lat_dist_mean,z_lat_dist_std,z_lat_length_groups_mean,z_lat_neighbors_mean,z_lat_neighbors_std,z_length_max,z_length_mean,z_length_std,z_mask_area,z_mask_area_ratio,z_mask_intensity,z_oop,z_straightness_mean,z_straightness_std
963.0,0.18187999320074794,581.1634345794392,84.8925,0.0,0.9039369225502014,0.0,1.3430042777506583,0.04748814272769612,0.04575942003829326,15.972729682922363,9.427754402160645,2.478036403656006,0.94827537261564,0.025334184217382802,1.0,65.0,238.0,61.0,115.8437728881836,0.12029467589634849,1.3487394070717111,0.2208918941237262,0.8818349838256836,916.5625066780141,124.19931063839985,0.6975959192764354,0.6735291339073487,1.744297146687753,0.7716893073860003,2.5557635946823307,0.8524590163934426,0.6735291339073487,1.7999999999999998,0.7229508196721309,0.4159301023493151,26.91,0.02794392523364486,926.871237458194,0.7840587043640789,0.8780099861239694,0.0752880436857218
