cell_mask_area,cell_mask_area_ratio,cell_mask_intensity,domain_area_mean,domain_area_std,domain_oop_mean,domain_oop_std,domain_slen_mean,myof_bending_mean,myof_bending_std,myof_length_max,myof_length_mean,myof_length_std,myof_straightness_mean,myof_straightness_std,n_domains,n_mbands,n_vectors,n_zbands,sarcomere_area,sarcomere_area_ratio,sarcomere_length_mean,sarcomere_length_std,sarcomere_oop,z_intensity_mean,z_intensity_std,z_lat_alignment_mean,z_lat_alignment_std,z_lat_dist_mean,z_lat_dist_std,z_lat_length_groups_mean,z_lat_neighbors_mean,z_lat_neighbors_std,z_length_max,z_length_mean,z_length_std,z_mask_area,z_mask_area_ratio,z_mask_intensity,z_oop,z_straightness_mean,z_straightness_std
1117.1025,0.350390977868112,567.8786682511229,31.286249999999995,2.171249999999999,0.8930140137672424,0.019775390625,1.6216807346814608,0.02110428404652774,0.01614656878226027,13.2835693359375,10.397272109985352,1.6494754552841187,0.9548374980430482,0.015534935128978099,2.0,41.0,140.0,42.0,96.1173095703125,0.08604162068414715,1.6081438184848016,0.25622393090515305,0.17919807136058807,855.9818664508606,112.85846749845952,0.7116667116375777,0.49943278484292924,1.3181942662409942,0.6411816251651061,1.4431857082003106,0.47619047619047616,0.49943278484292924,2.85,0.7857142857142856,0.5871932547018459,22.59,0.020221958146186228,855.6424302788845,0.38281108737281555,0.8733940981051029,0.08759632517352071
