cell_mask_area,cell_mask_area_ratio,cell_mask_intensity,domain_area_mean,domain_area_std,domain_oop_mean,domain_oop_std,domain_slen_mean,myof_bending_mean,myof_bending_std,myof_length_max,myof_length_mean,myof_length_std,myof_straightness_mean,myof_straightness_std,n_domains,n_mbands,n_vectors,n_zbands,sarcomere_area,sarcomere_area_ratio,sarcomere_length_mean,sarcomere_length_std,sarcomere_oop,z_intensity_mean,z_intensity_std,z_lat_alignment_mean,z_lat_alignment_std,z_lat_dist_mean,z_lat_dist_std,z_lat_length_groups_mean,z_lat_neighbors_mean,z_lat_neighbors_std,z_length_max,z_length_mean,z_length_std,z_mask_area,z_mask_area_ratio,z_mask_intensity,z_oop,z_straightness_mean,z_straightness_std
971.55,0.16883015326868941,554.7348309402502,48.3225,24.70193514686653,0.8665410876274109,0.036840926855802536,1.626052772624712,0.026712247379059136,0.016296063979083945,36.37564468383789,15.307805061340332,7.473254680633545,0.9490158807269228,0.03248418202885052,3.0,59.0,349.0,61.0,179.04261779785156,0.1842855414521657,1.6343377504451804,0.2038525352249534,0.7862284779548645,758.761796751226,66.9866732959664,0.6484379227204907,0.5805223347418287,1.7922141150455468,0.5951626381347457,2.000134068990746,0.39344262295081966,0.5805223347418287,4.8,1.2540983606557377,1.0494844589937686,38.97,0.040111162575266326,760.7621247113163,0.7190526933582151,0.8220956490453369,0.10840615326034744
