sarcomere_area,cell_mask_area_ratio,domain_area_std,domain_oop_mean,sarcomere_length_mean,z_mask_intensity,myof_straightness_std,z_mask_area,z_straightness_std,myof_length_mean,myof_bending_std,sarcomere_oop,n_domains,myof_straightness_mean,z_intensity_mean,myof_bending_mean,z_lat_dist_mean,z_lat_length_groups_mean,z_length_max,sarcomere_area_ratio,z_length_std,myof_length_max,domain_slen_mean,z_mask_area_ratio,z_lat_alignment_std,n_zbands,cell_mask_area,cell_mask_intensity,z_oop,z_lat_alignment_mean,z_length_mean,z_lat_dist_std,myof_length_std,n_vectors,z_straightness_mean,n_mbands,z_intensity_std,sarcomere_length_std,z_lat_neighbors_mean,z_lat_neighbors_std,domain_area_mean,domain_oop_std
156.87709045410156,0.14799214320887313,2.9611818665652727,0.9300143122673035,1.4916641520872487,860.6055865921787,0.015423445527269273,40.275,0.09057981741817053,13.848796844482422,0.02305222740823861,0.49044400453567505,4.0,0.9647351841791937,865.5996456260187,0.027111533776167956,1.2947705002847198,0.9633804653054587,2.1,0.08624299748028205,0.5125456979169102,19.51462173461914,1.5135695337223356,0.022141134269280723,0.4136742946422326,79.0,1819.0125,584.717805677531,0.339936147286107,0.7953864100910251,0.7632911392405064,0.5391773444195526,4.5544328689575195,284.0,0.869854564092402,80.0,104.50021124173915,0.2423494683604739,0.17721518987341772,0.4136742946422326,28.366874999999997,0.03552195057272911
