sarcomere_area,cell_mask_area_ratio,domain_area_std,domain_oop_mean,sarcomere_length_mean,z_mask_intensity,myof_straightness_std,z_mask_area,z_straightness_std,myof_length_mean,myof_bending_std,sarcomere_oop,n_domains,myof_straightness_mean,z_intensity_mean,myof_bending_mean,z_lat_dist_mean,z_lat_length_groups_mean,z_length_max,sarcomere_area_ratio,z_length_std,myof_length_max,domain_slen_mean,z_mask_area_ratio,z_lat_alignment_std,n_zbands,cell_mask_area,cell_mask_intensity,z_oop,z_lat_alignment_mean,z_length_mean,z_lat_dist_std,myof_length_std,n_vectors,z_straightness_mean,n_mbands,z_intensity_std,sarcomere_length_std,z_lat_neighbors_mean,z_lat_neighbors_std,domain_area_mean,domain_oop_std
86.01106262207031,0.23622693096377304,0.0,0.744576096534729,1.413147360189707,872.7809965237543,0.021689803305011197,19.4175,0.08277205876270773,7.871330738067627,0.02553353314751884,0.15086086094379425,1.0,0.9620075448129106,870.1394391551693,0.024737890574543744,2.278880552582097,1.340142024610016,2.85,0.13826366805245358,0.5152365961381238,10.785819053649902,1.4624295824014188,0.031213831018518524,0.44790320823880836,36.0,622.0799999999999,615.3249421296297,0.09389301569450338,0.7711114216871701,0.8374999999999999,0.5689494064177569,1.4397480487823486,161.0,0.8813118600712146,43.0,118.9888286500634,0.2343790995969398,0.2777777777777778,0.44790320823880836,35.82,0.0
