cell_mask_area,cell_mask_area_ratio,cell_mask_intensity,domain_area_mean,domain_area_std,domain_oop_mean,domain_oop_std,domain_slen_mean,myof_bending_mean,myof_bending_std,myof_length_max,myof_length_mean,myof_length_std,myof_straightness_mean,myof_straightness_std,n_domains,n_mbands,n_vectors,n_zbands,sarcomere_area,sarcomere_area_ratio,sarcomere_length_mean,sarcomere_length_std,sarcomere_oop,z_intensity_mean,z_intensity_std,z_lat_alignment_mean,z_lat_alignment_std,z_lat_dist_mean,z_lat_dist_std,z_lat_length_groups_mean,z_lat_neighbors_mean,z_lat_neighbors_std,z_length_max,z_length_mean,z_length_std,z_mask_area,z_mask_area_ratio,z_mask_intensity,z_oop,z_straightness_mean,z_straightness_std
975.5775,0.23287251869038414,601.226181415623,61.905,10.642449788465061,0.6976017951965332,0.1994529515504837,1.4523342728149673,0.03047974081156569,0.0363840409580363,18.60639762878418,11.564820289611816,3.2598206996917725,0.9379316089988318,0.05903784368473822,3.0,103.0,413.0,79.0,229.76715087890625,0.23551911650166824,1.452418846976495,0.24763149682197128,0.40477320551872253,858.1460380792513,141.97077636536295,0.7568945559980989,0.5929133381584997,1.693933288924853,0.6087610472691475,2.3423068964537017,0.6582278481012658,0.5929133381584997,3.9,1.0139240506329112,0.7884023545834362,48.915,0.05013953273830116,866.7755289788408,0.2063374681815655,0.8264247205202575,0.09922425788596186
