cell_mask_area,cell_mask_area_ratio,cell_mask_intensity,domain_area_mean,domain_area_std,domain_oop_mean,domain_oop_std,domain_slen_mean,myof_bending_mean,myof_bending_std,myof_length_max,myof_length_mean,myof_length_std,myof_straightness_mean,myof_straightness_std,n_domains,n_mbands,n_vectors,n_zbands,sarcomere_area,sarcomere_area_ratio,sarcomere_length_mean,sarcomere_length_std,sarcomere_oop,z_intensity_mean,z_intensity_std,z_lat_alignment_mean,z_lat_alignment_std,z_lat_dist_mean,z_lat_dist_std,z_lat_length_groups_mean,z_lat_neighbors_mean,z_lat_neighbors_std,z_length_max,z_length_mean,z_length_std,z_mask_area,z_mask_area_ratio,z_mask_intensity,z_oop,z_straightness_mean,z_straightness_std
886.05,0.2124124836833986,571.4679786693753,31.169999999999998,11.773748341118898,0.7978787422180176,0.24959930777549744,1.442337052114561,0.019742281224544894,0.019596969531852394,19.94532012939453,11.227388381958008,4.105608940124512,0.966031473144806,0.029639590922491802,3.0,43.0,235.0,46.0,104.7540512084961,0.11822589155069815,1.4412430553047157,0.2220859715472592,0.4893847107887268,777.1925205547267,123.26458213402756,0.717301165875601,0.7050989017489937,1.6247547733788876,0.7512899788130212,2.509339005084176,0.7391304347826086,0.7050989017489937,3.9,0.9815217391304347,0.8620853568939033,22.544999999999998,0.025444388014220415,807.3792415169661,0.6697052268805607,0.8492387059274873,0.12272799113900233
