cell_mask_area,cell_mask_area_ratio,cell_mask_intensity,domain_area_mean,domain_area_std,domain_oop_mean,domain_oop_std,domain_slen_mean,myof_bending_mean,myof_bending_std,myof_length_max,myof_length_mean,myof_length_std,myof_straightness_mean,myof_straightness_std,n_domains,n_mbands,n_vectors,n_zbands,sarcomere_area,sarcomere_area_ratio,sarcomere_length_mean,sarcomere_length_std,sarcomere_oop,z_intensity_mean,z_intensity_std,z_lat_alignment_mean,z_lat_alignment_std,z_lat_dist_mean,z_lat_dist_std,z_lat_length_groups_mean,z_lat_neighbors_mean,z_lat_neighbors_std,z_length_max,z_length_mean,z_length_std,z_mask_area,z_mask_area_ratio,z_mask_intensity,z_oop,z_straightness_mean,z_straightness_std
788.04,0.10235817763632803,600.551421882138,102.45374999999999,45.686249999999994,0.7867438793182373,0.14896848797798157,1.4318926739287186,0.024933329637930626,0.016664298408733437,40.15654373168945,16.029462814331055,7.039061546325684,0.945029978278454,0.03311950499627558,2.0,99.0,523.0,81.0,252.55352783203125,0.3204831326227492,1.4170309372929073,0.2070285976142452,0.7107074856758118,881.5594517362299,144.26176291281752,0.8335145874872675,0.67979752582401,1.4617729016652947,0.5203075859114716,3.03932107863856,0.7901234567901234,0.67979752582401,4.8,1.261111111111111,0.9890449315087813,50.535,0.06412745545911375,881.753339269813,0.6195917371101136,0.8168454234365948,0.11614093922564418
