cell_mask_area,cell_mask_area_ratio,cell_mask_intensity,domain_area_mean,domain_area_std,domain_oop_mean,domain_oop_std,domain_slen_mean,myof_bending_mean,myof_bending_std,myof_length_max,myof_length_mean,myof_length_std,myof_straightness_mean,myof_straightness_std,n_domains,n_mbands,n_vectors,n_zbands,sarcomere_area,sarcomere_area_ratio,sarcomere_length_mean,sarcomere_length_std,sarcomere_oop,z_intensity_mean,z_intensity_std,z_lat_alignment_mean,z_lat_alignment_std,z_lat_dist_mean,z_lat_dist_std,z_lat_length_groups_mean,z_lat_neighbors_mean,z_lat_neighbors_std,z_length_max,z_length_mean,z_length_std,z_mask_area,z_mask_area_ratio,z_mask_intensity,z_oop,z_straightness_mean,z_straightness_std
622.7099999999999,0.21256528417818737,576.3793178204943,29.272499999999997,0.0,0.7782531380653381,0.0,1.4052175175238766,0.04051417463903027,0.017293633155743626,11.779034614562988,9.341300010681152,1.9381662607192993,0.9230711945601657,0.02890354209873132,1.0,30.0,97.0,24.0,56.08433532714844,0.09006493444323753,1.3985096793482794,0.24796687814544047,0.7343015670776367,784.2589948094907,92.75041071530475,0.830426749291106,0.2763853991962833,0.8077747210701759,0.0,0.8242510748291383,0.08333333333333333,0.2763853991962833,2.25,0.75625,0.49839586424849064,13.657499999999999,0.021932360167654288,789.3607907742999,0.6610286684133102,0.8643517526934709,0.10595464719802161
