cell_mask_area,cell_mask_area_ratio,cell_mask_intensity,domain_area_mean,domain_area_std,domain_oop_mean,domain_oop_std,domain_slen_mean,myof_bending_mean,myof_bending_std,myof_length_max,myof_length_mean,myof_length_std,myof_straightness_mean,myof_straightness_std,n_domains,n_mbands,n_vectors,n_zbands,sarcomere_area,sarcomere_area_ratio,sarcomere_length_mean,sarcomere_length_std,sarcomere_oop,z_intensity_mean,z_intensity_std,z_lat_alignment_mean,z_lat_alignment_std,z_lat_dist_mean,z_lat_dist_std,z_lat_length_groups_mean,z_lat_neighbors_mean,z_lat_neighbors_std,z_length_max,z_length_mean,z_length_std,z_mask_area,z_mask_area_ratio,z_mask_intensity,z_oop,z_straightness_mean,z_straightness_std
1242.855,0.2277104460384203,561.7041167312358,87.08625,60.626250000000006,0.577657163143158,0.25493982434272766,1.442430760775589,0.028607125285810404,0.020337468758803632,25.079448699951172,11.555204391479492,5.120424270629883,0.9341249465929163,0.04602879425731534,2.0,84.0,461.0,84.0,198.53521728515625,0.159741254840795,1.4492425055551752,0.18773562271696626,0.3845536708831787,799.783211789889,82.5126210154984,0.8238885405320219,0.7006637604553411,1.5491587277075207,0.6672128789534114,3.073218079410561,0.9047619047619048,0.7006637604553411,4.2,0.9821428571428571,0.8158271750756018,40.567499999999995,0.0326405735182302,808.1930116472546,0.4704916301688099,0.8348296759305459,0.11503332797163776
