cell_mask_area,cell_mask_area_ratio,cell_mask_intensity,domain_area_mean,domain_area_std,domain_oop_mean,domain_oop_std,domain_slen_mean,myof_bending_mean,myof_bending_std,myof_length_max,myof_length_mean,myof_length_std,myof_straightness_mean,myof_straightness_std,n_domains,n_mbands,n_vectors,n_zbands,sarcomere_area,sarcomere_area_ratio,sarcomere_length_mean,sarcomere_length_std,sarcomere_oop,z_intensity_mean,z_intensity_std,z_lat_alignment_mean,z_lat_alignment_std,z_lat_dist_mean,z_lat_dist_std,z_lat_length_groups_mean,z_lat_neighbors_mean,z_lat_neighbors_std,z_length_max,z_length_mean,z_length_std,z_mask_area,z_mask_area_ratio,z_mask_intensity,z_oop,z_straightness_mean,z_straightness_std
661.1625,0.24552974598930485,595.667857750553,97.1325,3.7349999999999994,0.7262983322143555,0.1546422839164734,1.43818629083231,0.02540904154125091,0.018199224309267643,30.541147232055664,12.196385383605957,4.698841094970703,0.9316865892921953,0.05318300196009408,2.0,78.0,515.0,75.0,208.6389923095703,0.31556386260498787,1.438160613900761,0.22490328021835299,0.6632670164108276,832.4168249662943,102.75529604600914,0.7770428125690642,0.6733003292241385,1.8143661125223758,0.6939564897963273,6.006549168783565,1.2,0.6733003292241385,6.1499999999999995,1.314,1.197707810778572,43.695,0.06608814020758891,842.4979402677652,0.5098963869551218,0.8168878939267078,0.13437553870877267
