cell_mask_area,cell_mask_area_ratio,cell_mask_intensity,domain_area_mean,domain_area_std,domain_oop_mean,domain_oop_std,domain_slen_mean,myof_bending_mean,myof_bending_std,myof_length_max,myof_length_mean,myof_length_std,myof_straightness_mean,myof_straightness_std,n_domains,n_mbands,n_vectors,n_zbands,sarcomere_area,sarcomere_area_ratio,sarcomere_length_mean,sarcomere_length_std,sarcomere_oop,z_intensity_mean,z_intensity_std,z_lat_alignment_mean,z_lat_alignment_std,z_lat_dist_mean,z_lat_dist_std,z_lat_length_groups_mean,z_lat_neighbors_mean,z_lat_neighbors_std,z_length_max,z_length_mean,z_length_std,z_mask_area,z_mask_area_ratio,z_mask_intensity,z_oop,z_straightness_mean,z_straightness_std
454.14,0.30684098510185465,590.8645957193817,74.835,0.0,0.4665485918521881,0.0,1.6195620609273405,0.035766400980105986,0.03144996111723324,17.748485565185547,11.555492401123047,3.0866475105285645,0.9138270932777851,0.06201955383849122,1.0,36.0,176.0,42.0,110.31201171875,0.24290309534229534,1.6152068653066016,0.2191228195479941,0.37649306654930115,826.4010216009129,88.95189588344621,0.7092213633246811,0.6153737134914327,1.764702029216287,0.6332606538955544,2.15141815102799,0.6190476190476191,0.6153737134914327,3.15,0.9392857142857141,0.6913182468063077,21.9375,0.048305588585017836,827.8358974358974,0.2535299435893672,0.845597344317231,0.10407920516062745
