cell_mask_area,cell_mask_area_ratio,cell_mask_intensity,domain_area_mean,domain_area_std,domain_oop_mean,domain_oop_std,domain_slen_mean,myof_bending_mean,myof_bending_std,myof_length_max,myof_length_mean,myof_length_std,myof_straightness_mean,myof_straightness_std,n_domains,n_mbands,n_vectors,n_zbands,sarcomere_area,sarcomere_area_ratio,sarcomere_length_mean,sarcomere_length_std,sarcomere_oop,z_intensity_mean,z_intensity_std,z_lat_alignment_mean,z_lat_alignment_std,z_lat_dist_mean,z_lat_dist_std,z_lat_length_groups_mean,z_lat_neighbors_mean,z_lat_neighbors_std,z_length_max,z_length_mean,z_length_std,z_mask_area,z_mask_area_ratio,z_mask_intensity,z_oop,z_straightness_mean,z_straightness_std
767.52,0.177444860590928,567.6762136491557,39.262499999999996,0.0,0.8889632821083069,0.0,1.7940757778401726,0.009509225089899017,0.007019425612819399,9.032944679260254,7.700595378875732,0.6466584205627441,0.9750590398036542,0.008290165062118332,1.0,19.0,89.0,29.0,51.93447494506836,0.06766530506705801,1.7962312029241108,0.24526822353142022,0.7226648330688477,730.8254950221427,54.50513663083897,0.7183630097556334,0.6226024167333721,1.2595768636328921,0.5052245430364988,1.5394108202468295,0.4827586206896552,0.6226024167333721,2.85,0.863793103448276,0.760432788719249,15.817499999999999,0.02060858348968105,731.5163584637269,0.6307660501767357,0.8663334618417449,0.11471997982892523
