cell_mask_area,cell_mask_area_ratio,cell_mask_intensity,domain_area_mean,domain_area_std,domain_oop_mean,domain_oop_std,domain_slen_mean,myof_bending_mean,myof_bending_std,myof_length_max,myof_length_mean,myof_length_std,myof_straightness_mean,myof_straightness_std,n_domains,n_mbands,n_vectors,n_zbands,sarcomere_area,sarcomere_area_ratio,sarcomere_length_mean,sarcomere_length_std,sarcomere_oop,z_intensity_mean,z_intensity_std,z_lat_alignment_mean,z_lat_alignment_std,z_lat_dist_mean,z_lat_dist_std,z_lat_length_groups_mean,z_lat_neighbors_mean,z_lat_neighbors_std,z_length_max,z_length_mean,z_length_std,z_mask_area,z_mask_area_ratio,z_mask_intensity,z_oop,z_straightness_mean,z_straightness_std
1552.905,0.2027263995488311,540.8649337853893,39.8475,13.90530339474835,0.9330537915229797,0.06378748267889023,1.5528185129759022,0.012273346139844626,0.007882421485035828,30.952150344848633,13.453719139099121,7.330870151519775,0.949974777129095,0.04659388413384789,3.0,72.0,320.0,70.0,166.8377685546875,0.10743591433776535,1.5484181426012356,0.18361441196721393,0.8099370002746582,765.0029752991659,90.2717662518141,0.791211272601058,0.34992710611188266,2.726239075443688,0.23583999559856916,1.1674030058033606,0.14285714285714285,0.34992710611188266,2.6999999999999997,0.8892857142857142,0.4989913295226436,38.79,0.02497899098785824,766.0197215777263,0.7099414697834858,0.859295190467803,0.07612343978457142
