cell_mask_area,cell_mask_area_ratio,cell_mask_intensity,domain_area_mean,domain_area_std,domain_oop_mean,domain_oop_std,domain_slen_mean,myof_bending_mean,myof_bending_std,myof_length_max,myof_length_mean,myof_length_std,myof_straightness_mean,myof_straightness_std,n_domains,n_mbands,n_vectors,n_zbands,sarcomere_area,sarcomere_area_ratio,sarcomere_length_mean,sarcomere_length_std,sarcomere_oop,z_intensity_mean,z_intensity_std,z_lat_alignment_mean,z_lat_alignment_std,z_lat_dist_mean,z_lat_dist_std,z_lat_length_groups_mean,z_lat_neighbors_mean,z_lat_neighbors_std,z_length_max,z_length_mean,z_length_std,z_mask_area,z_mask_area_ratio,z_mask_intensity,z_oop,z_straightness_mean,z_straightness_std
597.42,0.16589193782176237,534.2196821331727,39.19499999999999,14.287499999999998,0.7383051514625549,0.1870313286781311,1.6699984423696916,0.017020083279243335,0.008379926745430793,33.8287467956543,15.939875602722168,10.225052833557129,0.9368333667126536,0.028082340280454563,2.0,39.0,180.0,33.0,100.02997589111328,0.1674366038818809,1.6742874755581543,0.20347661960539007,0.6767319440841675,669.0526273893985,88.61977883948204,0.773851182984458,0.385694607919935,1.2516410248387835,0.17576901018244676,1.240164102483878,0.18181818181818182,0.385694607919935,2.1,1.0136363636363637,0.43853625800699403,19.5525,0.032728231394998496,683.3486766398158,0.5384380946099544,0.8156050443140014,0.06242670764802356
