cell_mask_area,cell_mask_area_ratio,cell_mask_intensity,domain_area_mean,domain_area_std,domain_oop_mean,domain_oop_std,domain_slen_mean,myof_bending_mean,myof_bending_std,myof_length_max,myof_length_mean,myof_length_std,myof_straightness_mean,myof_straightness_std,n_domains,n_mbands,n_vectors,n_zbands,sarcomere_area,sarcomere_area_ratio,sarcomere_length_mean,sarcomere_length_std,sarcomere_oop,z_intensity_mean,z_intensity_std,z_lat_alignment_mean,z_lat_alignment_std,z_lat_dist_mean,z_lat_dist_std,z_lat_length_groups_mean,z_lat_neighbors_mean,z_lat_neighbors_std,z_length_max,z_length_mean,z_length_std,z_mask_area,z_mask_area_ratio,z_mask_intensity,z_oop,z_straightness_mean,z_straightness_std
636.525,0.22018305781264594,634.4407564510427,51.0975,0.0,0.5332081317901611,0.0,1.3461473544694733,0.01525096837040635,0.005606976265313874,21.394933700561523,11.685808181762695,4.84552001953125,0.9415784780899035,0.04065320928389871,1.0,28.0,152.0,26.0,58.910945892333984,0.0925508752874341,1.347540182156799,0.2623676959584602,0.5362324714660645,860.3199029606802,57.87674755916519,0.7298739122689977,0.49851851526214314,1.389503680466394,0.9077017016141367,1.9408697770139351,0.5384615384615384,0.49851851526214314,2.85,1.0442307692307693,0.7964255389258021,11.745,0.018451749734888653,860.7681992337165,0.4857270293066644,0.8108351672342813,0.11371027309465517
