cell_mask_area,cell_mask_area_ratio,cell_mask_intensity,domain_area_mean,domain_area_std,domain_oop_mean,domain_oop_std,domain_slen_mean,myof_bending_mean,myof_bending_std,myof_length_max,myof_length_mean,myof_length_std,myof_straightness_mean,myof_straightness_std,n_domains,n_mbands,n_vectors,n_zbands,sarcomere_area,sarcomere_area_ratio,sarcomere_length_mean,sarcomere_length_std,sarcomere_oop,z_intensity_mean,z_intensity_std,z_lat_alignment_mean,z_lat_alignment_std,z_lat_dist_mean,z_lat_dist_std,z_lat_length_groups_mean,z_lat_neighbors_mean,z_lat_neighbors_std,z_length_max,z_length_mean,z_length_std,z_mask_area,z_mask_area_ratio,z_mask_intensity,z_oop,z_straightness_mean,z_straightness_std
1318.725,0.16052036973639164,573.6757549906159,209.67749999999998,0.0,0.7363255620002747,0.0,1.466515113464606,0.024704437274521488,0.021694598816771164,29.180736541748047,16.166515350341797,6.5637664794921875,0.9421863407784443,0.045824828949517324,1.0,101.0,595.0,102.0,268.4046630859375,0.20353346079428047,1.4635397796022875,0.25435527297420274,0.732272744178772,804.6919962642596,121.63877375756525,0.8281748990918312,0.7786560647711678,1.685690792023741,0.6991931650039647,4.085543101576699,1.0392156862745099,0.7786560647711678,4.05,1.0867647058823529,0.8890104233764485,56.0925,0.042535403514758575,836.3172884075411,0.6635486607684122,0.8359394084905077,0.10431395147622739
