cell_mask_area,cell_mask_area_ratio,cell_mask_intensity,domain_area_mean,domain_area_std,domain_oop_mean,domain_oop_std,domain_slen_mean,myof_bending_mean,myof_bending_std,myof_length_max,myof_length_mean,myof_length_std,myof_straightness_mean,myof_straightness_std,n_domains,n_mbands,n_vectors,n_zbands,sarcomere_area,sarcomere_area_ratio,sarcomere_length_mean,sarcomere_length_std,sarcomere_oop,z_intensity_mean,z_intensity_std,z_lat_alignment_mean,z_lat_alignment_std,z_lat_dist_mean,z_lat_dist_std,z_lat_length_groups_mean,z_lat_neighbors_mean,z_lat_neighbors_std,z_length_max,z_length_mean,z_length_std,z_mask_area,z_mask_area_ratio,z_mask_intensity,z_oop,z_straightness_mean,z_straightness_std
1055.79,0.15214120820688404,567.6273335606512,20.0475,0.0,0.9536997079849243,0.0,1.4538906756887755,0.0052225695598969194,0.0,8.542400360107422,8.542399406433105,9.5367431640625e-07,0.9755501222493891,0.0,1.0,39.0,66.0,22.0,59.65487289428711,0.056502593218620285,1.4659322266253838,0.27753863721067523,0.7182089686393738,761.0749213946057,112.2762790016906,0.7343046006810017,0.4810456929208346,1.7636433812330403,0.6996870899429859,1.1669207513851199,0.36363636363636365,0.4810456929208346,2.25,0.6340909090909091,0.4521128086391019,13.545,0.012829255817918337,756.6162790697674,0.5000023734557619,0.8545493647766377,0.09500237268826076
