cell_mask_area,cell_mask_area_ratio,cell_mask_intensity,domain_area_mean,domain_area_std,domain_oop_mean,domain_oop_std,domain_slen_mean,myof_bending_mean,myof_bending_std,myof_length_max,myof_length_mean,myof_length_std,myof_straightness_mean,myof_straightness_std,n_domains,n_mbands,n_vectors,n_zbands,sarcomere_area,sarcomere_area_ratio,sarcomere_length_mean,sarcomere_length_std,sarcomere_oop,z_intensity_mean,z_intensity_std,z_lat_alignment_mean,z_lat_alignment_std,z_lat_dist_mean,z_lat_dist_std,z_lat_length_groups_mean,z_lat_neighbors_mean,z_lat_neighbors_std,z_length_max,z_length_mean,z_length_std,z_mask_area,z_mask_area_ratio,z_mask_intensity,z_oop,z_straightness_mean,z_straightness_std
1867.1174999999998,0.3560081169318684,536.743610137016,88.90500000000002,75.50407381393404,0.5928925275802612,0.23636887967586517,1.5598633155084942,0.030074195680975552,0.026639351920350402,49.22804641723633,12.44823169708252,7.102993488311768,0.9451896835859411,0.035978999054436106,3.0,139.0,588.0,121.0,314.828369140625,0.16861733080035135,1.540295337935178,0.2489477549604961,0.3281002938747406,639.9921058125348,65.55036244794731,0.819416697756106,0.7044697130950772,1.767989819219478,0.6900496510218721,2.5583670891212797,0.7603305785123967,0.7044697130950772,3.0,0.9136363636363636,0.6043232674407365,63.7425,0.034139522552812024,645.0864807624426,0.31301068293817463,0.8484847531579112,0.09629940522573936
