cell_mask_area,cell_mask_area_ratio,cell_mask_intensity,domain_area_mean,domain_area_std,domain_oop_mean,domain_oop_std,domain_slen_mean,myof_bending_mean,myof_bending_std,myof_length_max,myof_length_mean,myof_length_std,myof_straightness_mean,myof_straightness_std,n_domains,n_mbands,n_vectors,n_zbands,sarcomere_area,sarcomere_area_ratio,sarcomere_length_mean,sarcomere_length_std,sarcomere_oop,z_intensity_mean,z_intensity_std,z_lat_alignment_mean,z_lat_alignment_std,z_lat_dist_mean,z_lat_dist_std,z_lat_length_groups_mean,z_lat_neighbors_mean,z_lat_neighbors_std,z_length_max,z_length_mean,z_length_std,z_mask_area,z_mask_area_ratio,z_mask_intensity,z_oop,z_straightness_mean,z_straightness_std
970.11,0.24110318294674216,590.0568002597644,94.79249999999999,0.0,0.4712512791156769,0.0,1.4880045167944895,0.03241829875775481,0.042090032659015224,23.16404914855957,14.774368286132812,5.430327415466309,0.9123885027164754,0.09138924839941522,1.0,59.0,266.0,54.0,141.16781616210938,0.14551732912979906,1.4912396283816702,0.18388981508048113,0.3840324282646179,820.0030821356377,88.22824375091291,0.7408440158890468,0.6562979683951612,1.8554845085487097,0.6634783751752735,2.520120161783586,0.7037037037037037,0.6562979683951612,3.9,0.9805555555555556,0.7739040438812829,28.912499999999998,0.029803321272845344,832.4887159533074,0.21082488586275555,0.8401723240049029,0.10720396658838742
