cell_mask_area,cell_mask_area_ratio,cell_mask_intensity,domain_area_mean,domain_area_std,domain_oop_mean,domain_oop_std,domain_slen_mean,myof_bending_mean,myof_bending_std,myof_length_max,myof_length_mean,myof_length_std,myof_straightness_mean,myof_straightness_std,n_domains,n_mbands,n_vectors,n_zbands,sarcomere_area,sarcomere_area_ratio,sarcomere_length_mean,sarcomere_length_std,sarcomere_oop,z_intensity_mean,z_intensity_std,z_lat_alignment_mean,z_lat_alignment_std,z_lat_dist_mean,z_lat_dist_std,z_lat_length_groups_mean,z_lat_neighbors_mean,z_lat_neighbors_std,z_length_max,z_length_mean,z_length_std,z_mask_area,z_mask_area_ratio,z_mask_intensity,z_oop,z_straightness_mean,z_straightness_std
977.4449999999999,0.2573578199052133,567.3174347405736,28.485,0.0,0.5876134037971497,0.0,1.3383642429596923,0.025564873244153307,0.0,12.226419448852539,12.226418495178223,9.5367431640625e-07,0.8931591083781706,0.0,1.0,32.0,63.0,18.0,48.52095413208008,0.049640597815815805,1.4037642057755368,0.32118345041727575,0.6597448587417603,671.2615877949211,64.45478459762543,0.7994137380393285,0.4969039949999533,1.6979062638516036,0.629673978478937,1.3208303611004584,0.4444444444444444,0.4969039949999533,1.5,0.6499999999999999,0.3535533905932738,7.9875,0.00817181529395516,672.3521126760563,0.6900366938062688,0.888286462730655,0.10199297061125728
