cell_mask_area,cell_mask_area_ratio,cell_mask_intensity,domain_area_mean,domain_area_std,domain_oop_mean,domain_oop_std,domain_slen_mean,myof_bending_mean,myof_bending_std,myof_length_max,myof_length_mean,myof_length_std,myof_straightness_mean,myof_straightness_std,n_domains,n_mbands,n_vectors,n_zbands,sarcomere_area,sarcomere_area_ratio,sarcomere_length_mean,sarcomere_length_std,sarcomere_oop,z_intensity_mean,z_intensity_std,z_lat_alignment_mean,z_lat_alignment_std,z_lat_dist_mean,z_lat_dist_std,z_lat_length_groups_mean,z_lat_neighbors_mean,z_lat_neighbors_std,z_length_max,z_length_mean,z_length_std,z_mask_area,z_mask_area_ratio,z_mask_intensity,z_oop,z_straightness_mean,z_straightness_std
1889.6174999999998,0.28645541987857287,536.7249324268007,48.116249999999994,5.501250000000002,0.5525627732276917,0.29805490374565125,1.4912422606378144,0.03426211048373615,0.024233143632446014,21.689655303955078,11.109355926513672,3.807995319366455,0.9357716909213424,0.0734947838105082,2.0,75.0,267.0,69.0,166.91444396972656,0.0883323974136176,1.507339618757675,0.20422690208492275,0.443356454372406,620.1550294347192,38.40413628383242,0.75937177182474,0.5804343302753852,1.558553183369832,0.636072672888875,1.5306808484093681,0.4927536231884058,0.5804343302753852,2.1,0.769565217391304,0.4756549558777241,35.6625,0.018872867127871118,619.0,0.3385508243534808,0.8721240873108995,0.08961163553521106
