sarcomere_area,cell_mask_area_ratio,domain_area_std,domain_oop_mean,sarcomere_length_mean,z_mask_intensity,myof_straightness_std,z_mask_area,z_straightness_std,myof_length_mean,myof_bending_std,sarcomere_oop,n_domains,myof_straightness_mean,z_intensity_mean,myof_bending_mean,z_lat_dist_mean,z_lat_length_groups_mean,z_length_max,sarcomere_area_ratio,z_length_std,myof_length_max,domain_slen_mean,z_mask_area_ratio,z_lat_alignment_std,n_zbands,cell_mask_area,cell_mask_intensity,z_oop,z_lat_alignment_mean,z_length_mean,z_lat_dist_std,myof_length_std,n_vectors,z_straightness_mean,n_mbands,z_intensity_std,sarcomere_length_std,z_lat_neighbors_mean,z_lat_neighbors_std,domain_area_mean,domain_oop_std
44.944580078125,0.23055725987879572,0.0,0.8988339900970459,1.2595015550491524,639.569844789357,0.029507888442311697,10.147499999999999,0.10655360907463138,10.538459777832031,0.009040902925742557,0.798701286315918,1.0,0.9506582845074485,631.0584497724029,0.03086610575112524,1.6624545569814035,1.7105071818869069,2.6999999999999997,0.04663002223168941,0.589622184952071,12.008859634399414,1.2460180757359174,0.010528035856015685,0.5616944773371519,27.0,963.855,529.4626266398991,0.700975701831711,0.690211246132893,0.7111111111111111,0.7978454399015927,1.4348479509353638,91.0,0.8667653632707396,27.0,57.419138985354834,0.1735453445580255,0.5925925925925926,0.5616944773371519,26.235,0.0
