cell_mask_area,cell_mask_area_ratio,cell_mask_intensity,domain_area_mean,domain_area_std,domain_oop_mean,domain_oop_std,domain_slen_mean,myof_bending_mean,myof_bending_std,myof_length_max,myof_length_mean,myof_length_std,myof_straightness_mean,myof_straightness_std,n_domains,n_mbands,n_vectors,n_zbands,sarcomere_area,sarcomere_area_ratio,sarcomere_length_mean,sarcomere_length_std,sarcomere_oop,z_intensity_mean,z_intensity_std,z_lat_alignment_mean,z_lat_alignment_std,z_lat_dist_mean,z_lat_dist_std,z_lat_length_groups_mean,z_lat_neighbors_mean,z_lat_neighbors_std,z_length_max,z_length_mean,z_length_std,z_mask_area,z_mask_area_ratio,z_mask_intensity,z_oop,z_straightness_mean,z_straightness_std
969.6374999999999,0.24098575167199768,590.0920524422787,95.175,0.0,0.4700426161289215,0.0,1.4850106899512219,0.024730801907189428,0.020647816270756413,23.053247451782227,12.710315704345703,5.294020652770996,0.9402022168266269,0.044866769512748414,1.0,58.0,267.0,54.0,141.13409423828125,0.14555346120409046,1.4854639847457192,0.19483395794349903,0.3845294117927551,819.8888846047735,88.29275949025273,0.7436519005207115,0.6562979683951612,1.8554845085487097,0.6634783751752735,2.520120161783586,0.7037037037037037,0.6562979683951612,3.9,0.9805555555555556,0.7739040438812829,28.935,0.029841048845573735,832.3802488335925,0.21134520606636203,0.8403486908479365,0.10723956876987341
