cell_mask_area,cell_mask_area_ratio,cell_mask_intensity,domain_area_mean,domain_area_std,domain_oop_mean,domain_oop_std,domain_slen_mean,myof_bending_mean,myof_bending_std,myof_length_max,myof_length_mean,myof_length_std,myof_straightness_mean,myof_straightness_std,n_domains,n_mbands,n_vectors,n_zbands,sarcomere_area,sarcomere_area_ratio,sarcomere_length_mean,sarcomere_length_std,sarcomere_oop,z_intensity_mean,z_intensity_std,z_lat_alignment_mean,z_lat_alignment_std,z_lat_dist_mean,z_lat_dist_std,z_lat_length_groups_mean,z_lat_neighbors_mean,z_lat_neighbors_std,z_length_max,z_length_mean,z_length_std,z_mask_area,z_mask_area_ratio,z_mask_intensity,z_oop,z_straightness_mean,z_straightness_std
961.1999999999999,0.22992217521878125,529.5176029962547,26.3925,0.0,0.8966851234436035,0.0,1.278769756615398,0.02310439508932732,0.010717412860429437,10.997795104980469,9.807372093200684,1.0023972988128662,0.9513180444118415,0.03164270065500634,1.0,27.0,92.0,27.0,44.891029357910156,0.046703110026956055,1.2863197546035432,0.22339449164652705,0.8000046610832214,631.0584497724029,57.419138985354834,0.7248764440468205,0.5689737591013784,1.492241688183595,0.704070127222407,1.482284590864258,0.5185185185185185,0.5689737591013784,2.6999999999999997,0.7111111111111111,0.589622184952071,10.147499999999999,0.010557116104868914,639.569844789357,0.700975701831711,0.8667653632707396,0.10655360907463138
