sarcomere_area,cell_mask_area_ratio,domain_area_std,domain_oop_mean,sarcomere_length_mean,z_mask_intensity,myof_straightness_std,z_mask_area,z_straightness_std,myof_length_mean,myof_bending_std,sarcomere_oop,n_domains,myof_straightness_mean,z_intensity_mean,myof_bending_mean,z_lat_dist_mean,z_lat_length_groups_mean,z_length_max,sarcomere_area_ratio,z_length_std,myof_length_max,domain_slen_mean,z_mask_area_ratio,z_lat_alignment_std,n_zbands,cell_mask_area,cell_mask_intensity,z_oop,z_lat_alignment_mean,z_length_mean,z_lat_dist_std,myof_length_std,n_vectors,z_straightness_mean,n_mbands,z_intensity_std,sarcomere_length_std,z_lat_neighbors_mean,z_lat_neighbors_std,domain_area_mean,domain_oop_std
386.7337951660156,0.2945378690629012,48.071250000000006,0.7504189014434814,1.5892425955247715,848.0697534576067,0.03678120930896936,74.835,0.12197902107916828,19.715662002563477,0.013159949861150046,0.7147297263145447,2.0,0.9339901259148993,836.82266638492,0.01772786332407904,1.5925256632150004,4.705168829306389,8.549999999999999,0.37455966950783715,1.3769600816304304,38.86294174194336,1.5849477736836475,0.07247924339166248,0.6812989874659704,117.0,1032.5025,615.8203273115562,0.5178279087626515,0.7952721311994793,1.3141025641025645,0.5900404446199728,7.34561824798584,809.0,0.8257852174240956,108.0,136.6009677234763,0.14499617940455095,1.0769230769230769,0.6812989874659704,167.14125,0.09175974130630493
