cell_mask_area,cell_mask_area_ratio,cell_mask_intensity,domain_area_mean,domain_area_std,domain_oop_mean,domain_oop_std,domain_slen_mean,myof_bending_mean,myof_bending_std,myof_length_max,myof_length_mean,myof_length_std,myof_straightness_mean,myof_straightness_std,n_domains,n_mbands,n_vectors,n_zbands,sarcomere_area,sarcomere_area_ratio,sarcomere_length_mean,sarcomere_length_std,sarcomere_oop,z_intensity_mean,z_intensity_std,z_lat_alignment_mean,z_lat_alignment_std,z_lat_dist_mean,z_lat_dist_std,z_lat_length_groups_mean,z_lat_neighbors_mean,z_lat_neighbors_std,z_length_max,z_length_mean,z_length_std,z_mask_area,z_mask_area_ratio,z_mask_intensity,z_oop,z_straightness_mean,z_straightness_std
1056.9375,0.15230656498845746,567.5746035125067,20.1825,0.0,0.9541733264923096,0.0,1.4277529157312197,0.007385038755069037,0.005736925694081083,8.460198402404785,7.11624002456665,1.2142012119293213,0.9827272806786114,0.01163468851628256,1.0,39.0,67.0,22.0,59.574092864990234,0.05636482087634343,1.4594277702164238,0.30969001295279064,0.7197348475456238,761.0749213946057,112.2762790016906,0.7344063995477434,0.4810456929208346,1.7636433812330403,0.6996870899429859,1.1669207513851199,0.36363636363636365,0.4810456929208346,2.25,0.6340909090909091,0.4521128086391019,13.567499999999999,0.01283661522086216,756.6086235489221,0.5000023734557619,0.8545493647766377,0.09500237268826076
