cell_mask_area,cell_mask_area_ratio,cell_mask_intensity,domain_area_mean,domain_area_std,domain_oop_mean,domain_oop_std,domain_slen_mean,myof_bending_mean,myof_bending_std,myof_length_max,myof_length_mean,myof_length_std,myof_straightness_mean,myof_straightness_std,n_domains,n_mbands,n_vectors,n_zbands,sarcomere_area,sarcomere_area_ratio,sarcomere_length_mean,sarcomere_length_std,sarcomere_oop,z_intensity_mean,z_intensity_std,z_lat_alignment_mean,z_lat_alignment_std,z_lat_dist_mean,z_lat_dist_std,z_lat_length_groups_mean,z_lat_neighbors_mean,z_lat_neighbors_std,z_length_max,z_length_mean,z_length_std,z_mask_area,z_mask_area_ratio,z_mask_intensity,z_oop,z_straightness_mean,z_straightness_std
783.5625,0.15403839348903042,579.1257430007179,110.46375,40.826249999999995,0.6441783308982849,0.31747883558273315,1.5286077602608903,0.030046190892767527,0.02520637428309333,31.6455135345459,15.99553394317627,6.855618953704834,0.8954395285666962,0.0739605547656518,2.0,79.0,580.0,70.0,253.9790496826172,0.32413374770055636,1.5093100234142787,0.19202807883111161,0.4897356629371643,741.0542225752708,69.11799301148723,0.7880795028581586,0.60676458804558,1.8857122670196511,0.6047961931103721,5.418828905446275,1.0571428571428572,0.60676458804558,5.55,1.5578571428571428,1.1754523662429381,51.074999999999996,0.06518305814788226,746.8801762114538,0.34418059547589347,0.7797444480535477,0.11048062331119554
