cell_mask_area,cell_mask_area_ratio,cell_mask_intensity,domain_area_mean,domain_area_std,domain_oop_mean,domain_oop_std,domain_slen_mean,myof_bending_mean,myof_bending_std,myof_length_max,myof_length_mean,myof_length_std,myof_straightness_mean,myof_straightness_std,n_domains,n_mbands,n_vectors,n_zbands,sarcomere_area,sarcomere_area_ratio,sarcomere_length_mean,sarcomere_length_std,sarcomere_oop,z_intensity_mean,z_intensity_std,z_lat_alignment_mean,z_lat_alignment_std,z_lat_dist_mean,z_lat_dist_std,z_lat_length_groups_mean,z_lat_neighbors_mean,z_lat_neighbors_std,z_length_max,z_length_mean,z_length_std,z_mask_area,z_mask_area_ratio,z_mask_intensity,z_oop,z_straightness_mean,z_straightness_std
783.5174999999999,0.13014295057460523,549.8653763317348,43.8525,0.0,0.9640978574752808,0.0,1.3310894038067946,0.02562149142580896,0.013088500301200099,16.636159896850586,12.26962947845459,3.582611560821533,0.947305611243004,0.029383418360471567,1.0,28.0,122.0,29.0,46.29989242553711,0.059092352660326176,1.3290100730563659,0.26584380895550414,0.9583852887153625,774.2891643860446,88.46030946892608,0.8924219252614165,0.6071316159192762,1.6436058019202262,0.7147500683468746,2.8260547140601835,0.896551724137931,0.6071316159192762,3.0,0.8224137931034484,0.5509531250629647,10.98,0.014013726560032164,770.3524590163935,0.8846387423394253,0.8669131750436493,0.08941001264384121
