cell_mask_area,cell_mask_area_ratio,cell_mask_intensity,domain_area_mean,domain_area_std,domain_oop_mean,domain_oop_std,domain_slen_mean,myof_bending_mean,myof_bending_std,myof_length_max,myof_length_mean,myof_length_std,myof_straightness_mean,myof_straightness_std,n_domains,n_mbands,n_vectors,n_zbands,sarcomere_area,sarcomere_area_ratio,sarcomere_length_mean,sarcomere_length_std,sarcomere_oop,z_intensity_mean,z_intensity_std,z_lat_alignment_mean,z_lat_alignment_std,z_lat_dist_mean,z_lat_dist_std,z_lat_length_groups_mean,z_lat_neighbors_mean,z_lat_neighbors_std,z_length_max,z_length_mean,z_length_std,z_mask_area,z_mask_area_ratio,z_mask_intensity,z_oop,z_straightness_mean,z_straightness_std
1199.565,0.11723855849833315,596.4964924785235,35.1675,0.0,0.9426420331001282,0.0,1.4869921011529654,0.04657831170895821,0.03622100958769109,9.219348907470703,6.576361179351807,1.7872084379196167,0.9589474361841824,0.02059803873663636,1.0,36.0,101.0,33.0,67.19554138183594,0.05601659049891914,1.4589035369819927,0.23365319423689035,0.8289937376976013,886.8218743355977,159.15601566566542,0.8294818375486189,0.4942274675848512,1.5876686170154335,0.6358524691658468,1.3562953968887705,0.42424242424242425,0.4942274675848512,2.85,0.7318181818181818,0.57653854529847,13.1175,0.010935214015080467,892.8885077186964,0.7444272028478774,0.8631374324936715,0.09303666873821263
