cell_mask_area,cell_mask_area_ratio,cell_mask_intensity,domain_area_mean,domain_area_std,domain_oop_mean,domain_oop_std,domain_slen_mean,myof_bending_mean,myof_bending_std,myof_length_max,myof_length_mean,myof_length_std,myof_straightness_mean,myof_straightness_std,n_domains,n_mbands,n_vectors,n_zbands,sarcomere_area,sarcomere_area_ratio,sarcomere_length_mean,sarcomere_length_std,sarcomere_oop,z_intensity_mean,z_intensity_std,z_lat_alignment_mean,z_lat_alignment_std,z_lat_dist_mean,z_lat_dist_std,z_lat_length_groups_mean,z_lat_neighbors_mean,z_lat_neighbors_std,z_length_max,z_length_mean,z_length_std,z_mask_area,z_mask_area_ratio,z_mask_intensity,z_oop,z_straightness_mean,z_straightness_std
947.6775,0.15281325283719852,544.3784040456801,41.265,0.0,0.23914548754692078,0.0,1.461699695701521,0.021414296515233158,0.015306219342022738,9.92764663696289,8.88611125946045,1.0151419639587402,0.9357101824043625,0.04449900976233315,1.0,48.0,119.0,41.0,79.72601318359375,0.08412778944693078,1.4064302452754822,0.19294270961966115,0.3474116921424866,638.7049705294072,66.38711053841334,0.730930437029743,0.4549941001506739,1.7346053959579173,0.8230395618156339,1.1073609250213572,0.2926829268292683,0.4549941001506739,2.25,0.6914634146341463,0.37610040807501655,18.134999999999998,0.01913625679622023,643.62158808933,0.3854496874912152,0.8814446743791288,0.08447126099159151
