cell_mask_area,cell_mask_area_ratio,cell_mask_intensity,domain_area_mean,domain_area_std,domain_oop_mean,domain_oop_std,domain_slen_mean,myof_bending_mean,myof_bending_std,myof_length_max,myof_length_mean,myof_length_std,myof_straightness_mean,myof_straightness_std,n_domains,n_mbands,n_vectors,n_zbands,sarcomere_area,sarcomere_area_ratio,sarcomere_length_mean,sarcomere_length_std,sarcomere_oop,z_intensity_mean,z_intensity_std,z_lat_alignment_mean,z_lat_alignment_std,z_lat_dist_mean,z_lat_dist_std,z_lat_length_groups_mean,z_lat_neighbors_mean,z_lat_neighbors_std,z_length_max,z_length_mean,z_length_std,z_mask_area,z_mask_area_ratio,z_mask_intensity,z_oop,z_straightness_mean,z_straightness_std
1256.1074999999998,0.26682120154853506,603.4623390115894,50.107499999999995,0.0,0.9112895131111145,0.0,1.4748942314326106,0.027292015577786564,0.027639210074664477,17.88357162475586,13.107477188110352,4.090770721435547,0.9503310266373486,0.028456808021029487,1.0,38.0,173.0,33.0,81.19241333007812,0.06463810886415226,1.482417867025579,0.19738169180258539,0.7033321857452393,833.1591865011022,55.76569245232058,0.7670728135062994,0.6090833709770237,1.538456979640281,0.6800919950978002,1.9083062334848895,0.48484848484848486,0.6090833709770237,4.05,1.0727272727272725,0.9217975611823092,18.314999999999998,0.014580758414387303,846.1621621621622,0.5652309586249673,0.8313516254668343,0.10928317234074388
