cell_mask_area,cell_mask_area_ratio,cell_mask_intensity,domain_area_mean,domain_area_std,domain_oop_mean,domain_oop_std,domain_slen_mean,myof_bending_mean,myof_bending_std,myof_length_max,myof_length_mean,myof_length_std,myof_straightness_mean,myof_straightness_std,n_domains,n_mbands,n_vectors,n_zbands,sarcomere_area,sarcomere_area_ratio,sarcomere_length_mean,sarcomere_length_std,sarcomere_oop,z_intensity_mean,z_intensity_std,z_lat_alignment_mean,z_lat_alignment_std,z_lat_dist_mean,z_lat_dist_std,z_lat_length_groups_mean,z_lat_neighbors_mean,z_lat_neighbors_std,z_length_max,z_length_mean,z_length_std,z_mask_area,z_mask_area_ratio,z_mask_intensity,z_oop,z_straightness_mean,z_straightness_std
1013.6925,0.2930962696956686,576.8231416331876,,,,,,0.0349998082416871,0.020417424853934454,6.750068664550781,5.764233589172363,0.7289883494377136,0.9534086263907428,0.030303743812481198,0.0,54.0,98.0,33.0,87.523681640625,0.08634145131844716,1.4042303488561185,0.23020911971844124,0.7214066982269287,762.9081113053846,107.76264131779219,0.6858370685661017,0.459568208730397,1.6866796500496157,0.7187570925622266,0.9922642232231457,0.30303030303030304,0.459568208730397,1.3499999999999999,0.5863636363636364,0.31844145251158174,17.8875,0.017645883736932058,744.6025157232705,0.41454895941246034,0.8764005907398572,0.08839685250904798
