sarcomere_area,cell_mask_area_ratio,domain_area_std,domain_oop_mean,sarcomere_length_mean,z_mask_intensity,myof_straightness_std,z_mask_area,z_straightness_std,myof_length_mean,myof_bending_std,sarcomere_oop,n_domains,myof_straightness_mean,z_intensity_mean,myof_bending_mean,z_lat_dist_mean,z_lat_length_groups_mean,z_length_max,sarcomere_area_ratio,z_length_std,myof_length_max,domain_slen_mean,z_mask_area_ratio,z_lat_alignment_std,n_zbands,cell_mask_area,cell_mask_intensity,z_oop,z_lat_alignment_mean,z_length_mean,z_lat_dist_std,myof_length_std,n_vectors,z_straightness_mean,n_mbands,z_intensity_std,sarcomere_length_std,z_lat_neighbors_mean,z_lat_neighbors_std,domain_area_mean,domain_oop_std
87.52371215820312,0.2930962696956686,,,1.3966624026782306,744.6025157232705,0.030303743812481198,17.8875,0.08839685250904798,5.719543933868408,0.020417424853934454,0.7214059233665466,0.0,0.9534086263907428,762.9081113053846,0.0349998082416871,1.6866796500496157,0.9922642232231457,1.3499999999999999,0.08634148142380764,0.31844145251158174,6.600937366485596,,0.017645883736932058,0.459568208730397,33.0,1013.6925,576.8231416331876,0.41454895941246034,0.6858237459362924,0.5863636363636364,0.7187570925622266,0.6640712022781372,98.0,0.8764005907398572,54.0,107.76264131779219,0.23714913470926155,0.30303030303030304,0.459568208730397,,
