sarcomere_area,cell_mask_area_ratio,domain_area_std,domain_oop_mean,sarcomere_length_mean,z_mask_intensity,myof_straightness_std,z_mask_area,z_straightness_std,myof_length_mean,myof_bending_std,sarcomere_oop,n_domains,myof_straightness_mean,z_intensity_mean,myof_bending_mean,z_lat_dist_mean,z_lat_length_groups_mean,z_length_max,sarcomere_area_ratio,z_length_std,myof_length_max,domain_slen_mean,z_mask_area_ratio,z_lat_alignment_std,n_zbands,cell_mask_area,cell_mask_intensity,z_oop,z_lat_alignment_mean,z_length_mean,z_lat_dist_std,myof_length_std,n_vectors,z_straightness_mean,n_mbands,z_intensity_std,sarcomere_length_std,z_lat_neighbors_mean,z_lat_neighbors_std,domain_area_mean,domain_oop_std
314.7015380859375,0.3562183334548871,75.06061225769479,0.5942779183387756,1.5455524127514784,645.0690870637998,0.04212845955082175,63.832499999999996,0.09500125774893087,13.824463844299316,0.020407498429586723,0.33097347617149353,3.0,0.9362291878262591,639.7317319908365,0.03027889063584711,1.7642990118299187,2.585627380746749,3.0,0.16844993527846694,0.6075562223279738,48.99708557128906,1.5607775981538843,0.03416754986029483,0.7104245468859164,122.0,1868.22,536.728393872242,0.30552674850539596,0.8144884899634753,0.9098360655737705,0.6831280190952445,8.672754287719727,586.0,0.8469126071766794,140.0,65.34121209159932,0.2518782471653452,0.7704918032786885,0.7104245468859164,88.52999999999999,0.23525387048721313
