sarcomere_area,cell_mask_area_ratio,domain_area_std,domain_oop_mean,sarcomere_length_mean,z_mask_intensity,myof_straightness_std,z_mask_area,z_straightness_std,myof_length_mean,myof_bending_std,sarcomere_oop,n_domains,myof_straightness_mean,z_intensity_mean,myof_bending_mean,z_lat_dist_mean,z_lat_length_groups_mean,z_length_max,sarcomere_area_ratio,z_length_std,myof_length_max,domain_slen_mean,z_mask_area_ratio,z_lat_alignment_std,n_zbands,cell_mask_area,cell_mask_intensity,z_oop,z_lat_alignment_mean,z_length_mean,z_lat_dist_std,myof_length_std,n_vectors,z_straightness_mean,n_mbands,z_intensity_std,sarcomere_length_std,z_lat_neighbors_mean,z_lat_neighbors_std,domain_area_mean,domain_oop_std
268.4046630859375,0.16052036973639164,0.0,0.7363255620002747,1.4635397796022875,836.3172884075411,0.045824828949517324,56.0925,0.10431395147622739,16.166515350341797,0.021694598816771164,0.732272744178772,1.0,0.9421863407784443,804.6919962642596,0.024704437274521488,1.685690792023741,4.085543101576699,4.05,0.20353346079428047,0.8890104233764485,29.180736541748047,1.466515113464606,0.042535403514758575,0.7786560647711678,102.0,1318.725,573.6757549906159,0.6635486607684122,0.8281748990918312,1.0867647058823529,0.6991931650039647,6.5637664794921875,595.0,0.8359394084905077,101.0,121.63877375756525,0.25435527297420274,1.0392156862745099,0.7786560647711678,209.67749999999998,0.0
