sarcomere_area,cell_mask_area_ratio,domain_area_std,domain_oop_mean,sarcomere_length_mean,z_mask_intensity,myof_straightness_std,z_mask_area,z_straightness_std,myof_length_mean,myof_bending_std,sarcomere_oop,n_domains,myof_straightness_mean,z_intensity_mean,myof_bending_mean,z_lat_dist_mean,z_lat_length_groups_mean,z_length_max,sarcomere_area_ratio,z_length_std,myof_length_max,domain_slen_mean,z_mask_area_ratio,z_lat_alignment_std,n_zbands,cell_mask_area,cell_mask_intensity,z_oop,z_lat_alignment_mean,z_length_mean,z_lat_dist_std,myof_length_std,n_vectors,z_straightness_mean,n_mbands,z_intensity_std,sarcomere_length_std,z_lat_neighbors_mean,z_lat_neighbors_std,domain_area_mean,domain_oop_std
42.129920959472656,0.2689615784008307,,,1.4428030345435743,818.8988505747127,0.04213426408096302,9.7875,0.09899097484825864,9.666512489318848,0.03370590702257569,0.2283952236175537,0.0,0.9433271671727573,819.2083116222461,0.0342272993679594,1.5412836252220963,1.2165860263625468,2.4,0.07229222545585569,0.5269306924362823,12.566779136657715,,0.016794718350642834,0.5601782055097881,23.0,582.7724999999999,592.9673371684491,0.1301083904051872,0.7009940122309108,0.7369565217391304,0.5545897462288965,2.2570724487304688,70.0,0.8612548299978454,30.0,129.92925454252523,0.3687357600174968,0.34782608695652173,0.5601782055097881,,
