cell_mask_area,cell_mask_area_ratio,cell_mask_intensity,domain_area_mean,domain_area_std,domain_oop_mean,domain_oop_std,domain_slen_mean,myof_bending_mean,myof_bending_std,myof_length_max,myof_length_mean,myof_length_std,myof_straightness_mean,myof_straightness_std,n_domains,n_mbands,n_vectors,n_zbands,sarcomere_area,sarcomere_area_ratio,sarcomere_length_mean,sarcomere_length_std,sarcomere_oop,z_intensity_mean,z_intensity_std,z_lat_alignment_mean,z_lat_alignment_std,z_lat_dist_mean,z_lat_dist_std,z_lat_length_groups_mean,z_lat_neighbors_mean,z_lat_neighbors_std,z_length_max,z_length_mean,z_length_std,z_mask_area,z_mask_area_ratio,z_mask_intensity,z_oop,z_straightness_mean,z_straightness_std
1318.725,0.16052036973639164,573.6757549906159,209.25,0.0,0.7383399605751038,0.0,1.4653715529727764,0.023611136904224183,0.02083628354910205,30.098264694213867,15.005620956420898,6.171029567718506,0.9443954207487752,0.040683938877691075,1.0,101.0,594.0,102.0,268.4046325683594,0.2035334376525503,1.4630657712344488,0.2530647319556736,0.7339972257614136,804.6919962642596,121.63877375756525,0.8281746190654768,0.7786560647711678,1.685690792023741,0.6991931650039647,4.085543101576699,1.0392156862745099,0.7786560647711678,4.05,1.0867647058823529,0.8890104233764485,56.0925,0.042535403514758575,836.3172884075411,0.6635486607684122,0.8359394084905077,0.10431395147622739
