cell_mask_area,cell_mask_area_ratio,cell_mask_intensity,domain_area_mean,domain_area_std,domain_oop_mean,domain_oop_std,domain_slen_mean,myof_bending_mean,myof_bending_std,myof_length_max,myof_length_mean,myof_length_std,myof_straightness_mean,myof_straightness_std,n_domains,n_mbands,n_vectors,n_zbands,sarcomere_area,sarcomere_area_ratio,sarcomere_length_mean,sarcomere_length_std,sarcomere_oop,z_intensity_mean,z_intensity_std,z_lat_alignment_mean,z_lat_alignment_std,z_lat_dist_mean,z_lat_dist_std,z_lat_length_groups_mean,z_lat_neighbors_mean,z_lat_neighbors_std,z_length_max,z_length_mean,z_length_std,z_mask_area,z_mask_area_ratio,z_mask_intensity,z_oop,z_straightness_mean,z_straightness_std
976.4549999999999,0.25709715639810427,567.3611226323794,28.845,0.0,0.5964131951332092,0.0,1.3143027496759034,0.024932597203993427,0.0006322760401598782,12.561538696289062,9.766359329223633,2.8779783248901367,0.9259913188949678,0.032832210516797244,1.0,32.0,63.0,18.0,48.394046783447266,0.049560959576680205,1.390188935735553,0.32828389942915437,0.6690313220024109,671.2615877949211,64.45478459762543,0.7994176877381662,0.4969039949999533,1.6979062638516036,0.629673978478937,1.3208303611004584,0.4444444444444444,0.4969039949999533,1.5,0.6499999999999999,0.3535533905932738,7.965,0.008157057928936819,672.6214689265537,0.6900366938062688,0.888286462730655,0.10199297061125728
