sarcomere_area,cell_mask_area_ratio,domain_area_std,domain_oop_mean,sarcomere_length_mean,z_mask_intensity,myof_straightness_std,z_mask_area,z_straightness_std,myof_length_mean,myof_bending_std,sarcomere_oop,n_domains,myof_straightness_mean,z_intensity_mean,myof_bending_mean,z_lat_dist_mean,z_lat_length_groups_mean,z_length_max,sarcomere_area_ratio,z_length_std,myof_length_max,domain_slen_mean,z_mask_area_ratio,z_lat_alignment_std,n_zbands,cell_mask_area,cell_mask_intensity,z_oop,z_lat_alignment_mean,z_length_mean,z_lat_dist_std,myof_length_std,n_vectors,z_straightness_mean,n_mbands,z_intensity_std,sarcomere_length_std,z_lat_neighbors_mean,z_lat_neighbors_std,domain_area_mean,domain_oop_std
141.16781616210938,0.24110318294674216,0.0,0.4712512791156769,1.4912396283816702,832.4887159533074,0.09138924839941522,28.912499999999998,0.10720396658838742,14.774368286132812,0.042090032659015224,0.3840324282646179,1.0,0.9123885027164754,820.0030821356377,0.03241829875775481,1.8554845085487097,2.520120161783586,3.9,0.14551732912979906,0.7739040438812829,23.16404914855957,1.4880045167944895,0.029803321272845344,0.6562979683951612,54.0,970.11,590.0568002597644,0.21082488586275555,0.7408440158890468,0.9805555555555556,0.6634783751752735,5.430327415466309,266.0,0.8401723240049029,59.0,88.22824375091291,0.18388981508048113,0.7037037037037037,0.6562979683951612,94.79249999999999,0.0
