cell_mask_area,cell_mask_area_ratio,cell_mask_intensity,domain_area_mean,domain_area_std,domain_oop_mean,domain_oop_std,domain_slen_mean,myof_bending_mean,myof_bending_std,myof_length_max,myof_length_mean,myof_length_std,myof_straightness_mean,myof_straightness_std,n_domains,n_mbands,n_vectors,n_zbands,sarcomere_area,sarcomere_area_ratio,sarcomere_length_mean,sarcomere_length_std,sarcomere_oop,z_intensity_mean,z_intensity_std,z_lat_alignment_mean,z_lat_alignment_std,z_lat_dist_mean,z_lat_dist_std,z_lat_length_groups_mean,z_lat_neighbors_mean,z_lat_neighbors_std,z_length_max,z_length_mean,z_length_std,z_mask_area,z_mask_area_ratio,z_mask_intensity,z_oop,z_straightness_mean,z_straightness_std
1395.6074999999998,0.2577745454545454,594.5108420526545,38.25,9.809999999999999,0.8747028112411499,0.040503889322280884,1.5476160410736766,0.025490820132070068,0.020544440027035128,16.37453842163086,10.034396171569824,4.130583763122559,0.936812798629876,0.030584366923857086,2.0,41.0,148.0,39.0,101.64557647705078,0.07283249515143103,1.51927363254383,0.23206955935286483,0.8334320187568665,874.2778344516264,113.72590726100081,0.7261964676536526,0.6153846153846154,1.7033633920378761,0.6101664974949211,2.8957400503181794,0.9230769230769231,0.6153846153846154,3.15,0.7730769230769231,0.6138201266894024,22.162499999999998,0.015880181211407936,871.2781725888325,0.6147143235927949,0.853294587528163,0.12278341880036468
