cell_mask_area,cell_mask_area_ratio,cell_mask_intensity,domain_area_mean,domain_area_std,domain_oop_mean,domain_oop_std,domain_slen_mean,myof_bending_mean,myof_bending_std,myof_length_max,myof_length_mean,myof_length_std,myof_straightness_mean,myof_straightness_std,n_domains,n_mbands,n_vectors,n_zbands,sarcomere_area,sarcomere_area_ratio,sarcomere_length_mean,sarcomere_length_std,sarcomere_oop,z_intensity_mean,z_intensity_std,z_lat_alignment_mean,z_lat_alignment_std,z_lat_dist_mean,z_lat_dist_std,z_lat_length_groups_mean,z_lat_neighbors_mean,z_lat_neighbors_std,z_length_max,z_length_mean,z_length_std,z_mask_area,z_mask_area_ratio,z_mask_intensity,z_oop,z_straightness_mean,z_straightness_std
977.4449999999999,0.2573578199052133,567.3174347405736,28.7775,0.0,0.5815422534942627,0.0,1.333932025331995,0.017747867376235425,0.005415996763554092,7.0747551918029785,6.765589714050293,0.2884666323661804,0.9643276380126341,0.006274904122088768,1.0,32.0,64.0,18.0,48.52100372314453,0.04964064855121724,1.4017774292968683,0.3220555367313362,0.6556264758110046,671.2615877949211,64.45478459762543,0.7994137994430874,0.4969039949999533,1.6979062638516036,0.629673978478937,1.3208303611004584,0.4444444444444444,0.4969039949999533,1.5,0.6499999999999999,0.3535533905932738,7.9875,0.00817181529395516,672.3521126760563,0.6900366938062688,0.888286462730655,0.10199297061125728
