cell_mask_area,cell_mask_area_ratio,cell_mask_intensity,domain_area_mean,domain_area_std,domain_oop_mean,domain_oop_std,domain_slen_mean,myof_bending_mean,myof_bending_std,myof_length_max,myof_length_mean,myof_length_std,myof_straightness_mean,myof_straightness_std,n_domains,n_mbands,n_vectors,n_zbands,sarcomere_area,sarcomere_area_ratio,sarcomere_length_mean,sarcomere_length_std,sarcomere_oop,z_intensity_mean,z_intensity_std,z_lat_alignment_mean,z_lat_alignment_std,z_lat_dist_mean,z_lat_dist_std,z_lat_length_groups_mean,z_lat_neighbors_mean,z_lat_neighbors_std,z_length_max,z_length_mean,z_length_std,z_mask_area,z_mask_area_ratio,z_mask_intensity,z_oop,z_straightness_mean,z_straightness_std
1631.835,0.346879917352605,563.365082866834,72.5325,28.610778781780827,0.8696692585945129,0.04542894288897514,1.4498609845355646,0.03473489485505866,0.02740571585289201,27.727285385131836,13.491020202636719,6.53193473815918,0.9314755756642368,0.034603449503337845,3.0,144.0,591.0,137.0,334.63323974609375,0.20506561003170892,1.4565832433539494,0.21573508221393162,0.43306317925453186,733.0294672287331,74.01691692579246,0.7764633582554354,0.6963824993733168,1.6418266486369135,0.6197521729092038,2.579534473131693,0.8175182481751825,0.6963824993733168,3.9,0.8540145985401458,0.6743761213681532,74.295,0.04552850012409343,741.0036341611145,0.24400618562260676,0.8469354722748261,0.10886908632922358
