cell_mask_area,cell_mask_area_ratio,cell_mask_intensity,domain_area_mean,domain_area_std,domain_oop_mean,domain_oop_std,domain_slen_mean,myof_bending_mean,myof_bending_std,myof_length_max,myof_length_mean,myof_length_std,myof_straightness_mean,myof_straightness_std,n_domains,n_mbands,n_vectors,n_zbands,sarcomere_area,sarcomere_area_ratio,sarcomere_length_mean,sarcomere_length_std,sarcomere_oop,z_intensity_mean,z_intensity_std,z_lat_alignment_mean,z_lat_alignment_std,z_lat_dist_mean,z_lat_dist_std,z_lat_length_groups_mean,z_lat_neighbors_mean,z_lat_neighbors_std,z_length_max,z_length_mean,z_length_std,z_mask_area,z_mask_area_ratio,z_mask_intensity,z_oop,z_straightness_mean,z_straightness_std
1889.6174999999998,0.28645541987857287,536.7249324268007,48.082499999999996,5.467500000000001,0.5525633692741394,0.29805323481559753,1.4845570430604098,0.030780407982471756,0.020695486385417076,15.515326499938965,10.610136032104492,2.665199041366577,0.948391668860055,0.03845407084661743,2.0,75.0,267.0,69.0,166.91445922851562,0.08833240548868522,1.5036672070467783,0.2057793380287484,0.44335660338401794,620.1550294347192,38.40413628383242,0.7593714168990287,0.5804343302753852,1.558553183369832,0.636072672888875,1.5306808484093681,0.4927536231884058,0.5804343302753852,2.1,0.769565217391304,0.4756549558777241,35.6625,0.018872867127871118,619.0,0.3385508243534808,0.8721240873108995,0.08961163553521106
