cell_mask_area,cell_mask_area_ratio,cell_mask_intensity,domain_area_mean,domain_area_std,domain_oop_mean,domain_oop_std,domain_slen_mean,myof_bending_mean,myof_bending_std,myof_length_max,myof_length_mean,myof_length_std,myof_straightness_mean,myof_straightness_std,n_domains,n_mbands,n_vectors,n_zbands,sarcomere_area,sarcomere_area_ratio,sarcomere_length_mean,sarcomere_length_std,sarcomere_oop,z_intensity_mean,z_intensity_std,z_lat_alignment_mean,z_lat_alignment_std,z_lat_dist_mean,z_lat_dist_std,z_lat_length_groups_mean,z_lat_neighbors_mean,z_lat_neighbors_std,z_length_max,z_length_mean,z_length_std,z_mask_area,z_mask_area_ratio,z_mask_intensity,z_oop,z_straightness_mean,z_straightness_std
1317.96,0.1604272509414584,573.7109396339798,209.1375,0.0,0.7352245450019836,0.0,1.4759164582306423,0.028685678582450462,0.0218451731528574,29.255937576293945,15.39395809173584,6.054622650146484,0.942981509248835,0.03889748290427568,1.0,101.0,591.0,102.0,268.38592529296875,0.20363738299566658,1.4715686245700863,0.2554881773005392,0.7311734557151794,804.6965095134095,121.57045811140789,0.8310592097347064,0.7786560647711678,1.6880425426695291,0.696245400097307,4.085025607377246,1.0392156862745099,0.7786560647711678,4.05,1.0852941176470585,0.8882012069813038,56.07,0.04254302103250478,836.5930979133226,0.6635170118266958,0.8359049896971218,0.10425737699192256
