sarcomere_area,cell_mask_area_ratio,domain_area_std,domain_oop_mean,sarcomere_length_mean,z_mask_intensity,myof_straightness_std,z_mask_area,z_straightness_std,myof_length_mean,myof_bending_std,sarcomere_oop,n_domains,myof_straightness_mean,z_intensity_mean,myof_bending_mean,z_lat_dist_mean,z_lat_length_groups_mean,z_length_max,sarcomere_area_ratio,z_length_std,myof_length_max,domain_slen_mean,z_mask_area_ratio,z_lat_alignment_std,n_zbands,cell_mask_area,cell_mask_intensity,z_oop,z_lat_alignment_mean,z_length_mean,z_lat_dist_std,myof_length_std,n_vectors,z_straightness_mean,n_mbands,z_intensity_std,sarcomere_length_std,z_lat_neighbors_mean,z_lat_neighbors_std,domain_area_mean,domain_oop_std
28.73564910888672,0.19362606973815089,,,1.4922529795674635,682.5961538461538,0.0013805813314366477,7.02,0.05097899606954265,6.0261616706848145,0.009610960922284126,0.7119332551956177,0.0,0.9427818552167868,685.2262861130914,0.03947953234931995,1.1715374513859997,0.6093490347219999,1.05,0.020312042120919988,0.2417253037002531,6.1794514656066895,,0.004962147719320567,0.34992710611188266,14.0,1414.71,550.4014727399962,0.40005011778933264,0.404522015253524,0.4821428571428571,0.0,0.07279917597770691,28.0,0.8685408703388434,16.0,54.20375131711309,0.30786407999152915,0.14285714285714285,0.34992710611188266,,
