cell_mask_area,cell_mask_area_ratio,cell_mask_intensity,domain_area_mean,domain_area_std,domain_oop_mean,domain_oop_std,domain_slen_mean,myof_bending_mean,myof_bending_std,myof_length_max,myof_length_mean,myof_length_std,myof_straightness_mean,myof_straightness_std,n_domains,n_mbands,n_vectors,n_zbands,sarcomere_area,sarcomere_area_ratio,sarcomere_length_mean,sarcomere_length_std,sarcomere_oop,z_intensity_mean,z_intensity_std,z_lat_alignment_mean,z_lat_alignment_std,z_lat_dist_mean,z_lat_dist_std,z_lat_length_groups_mean,z_lat_neighbors_mean,z_lat_neighbors_std,z_length_max,z_length_mean,z_length_std,z_mask_area,z_mask_area_ratio,z_mask_intensity,z_oop,z_straightness_mean,z_straightness_std
1397.835,0.14499159820761764,524.8229082831665,21.3975,0.0,0.9030538201332092,0.0,1.5263751417876568,0.020256086607416946,0.022292814897930883,6.02896785736084,5.867210388183594,0.08588264137506485,0.9687945172543135,0.024408233104901898,1.0,29.0,55.0,23.0,52.46400451660156,0.0375323300079062,1.5462001382760036,0.29107389026944314,0.32436907291412354,618.9065134552859,41.51058781098932,0.5820127496364998,0.5768043113661565,1.3248327145140248,0.5150905537411833,1.0096757540316734,0.43478260869565216,0.5768043113661565,1.2,0.5021739130434782,0.27484314137876714,12.622499999999999,0.009030035733831245,606.9607843137255,0.046098476501534875,0.8698733277885119,0.08123381581147829
