sarcomere_area,cell_mask_area_ratio,domain_area_std,domain_oop_mean,sarcomere_length_mean,z_mask_intensity,myof_straightness_std,z_mask_area,z_straightness_std,myof_length_mean,myof_bending_std,sarcomere_oop,n_domains,myof_straightness_mean,z_intensity_mean,myof_bending_mean,z_lat_dist_mean,z_lat_length_groups_mean,z_length_max,sarcomere_area_ratio,z_length_std,myof_length_max,domain_slen_mean,z_mask_area_ratio,z_lat_alignment_std,n_zbands,cell_mask_area,cell_mask_intensity,z_oop,z_lat_alignment_mean,z_length_mean,z_lat_dist_std,myof_length_std,n_vectors,z_straightness_mean,n_mbands,z_intensity_std,sarcomere_length_std,z_lat_neighbors_mean,z_lat_neighbors_std,domain_area_mean,domain_oop_std
70.67147827148438,0.13486405059974924,2.8462499999999995,0.9310230016708374,1.3317448239386558,1044.0844062947067,0.028368310315964124,15.7275,0.12145318556463448,8.594010353088379,0.02049158934601679,0.9204797744750977,2.0,0.9596829279864442,1049.2542830299665,0.0242226350229834,1.7976249293309945,3.0567499528873294,2.85,0.14527332638840712,0.8709334073280229,16.872699737548828,1.3436642506790206,0.032329679478285,0.6,30.0,486.47249999999997,640.5897969566626,0.7801104317846791,0.8289513141343878,1.115,0.6922207837444175,2.0211424827575684,166.0,0.8139423339243302,25.0,204.52016510580447,0.19810575578632944,0.8,0.6,30.99375,0.020203351974487305
