cell_mask_area,cell_mask_area_ratio,cell_mask_intensity,domain_area_mean,domain_area_std,domain_oop_mean,domain_oop_std,domain_slen_mean,myof_bending_mean,myof_bending_std,myof_length_max,myof_length_mean,myof_length_std,myof_straightness_mean,myof_straightness_std,n_domains,n_mbands,n_vectors,n_zbands,sarcomere_area,sarcomere_area_ratio,sarcomere_length_mean,sarcomere_length_std,sarcomere_oop,z_intensity_mean,z_intensity_std,z_lat_alignment_mean,z_lat_alignment_std,z_lat_dist_mean,z_lat_dist_std,z_lat_length_groups_mean,z_lat_neighbors_mean,z_lat_neighbors_std,z_length_max,z_length_mean,z_length_std,z_mask_area,z_mask_area_ratio,z_mask_intensity,z_oop,z_straightness_mean,z_straightness_std
582.4575,0.268816199376947,593.0050990844826,,,,,,0.009200648745055015,0.005070598712172415,6.681889057159424,5.743041515350342,0.9426518678665161,0.971859575947167,0.011817064316805704,0.0,30.0,67.0,22.0,42.18193435668945,0.07242062185943086,1.449504969574677,0.3784720775121531,0.2495730072259903,799.7480833626512,94.54547064200347,0.7060175757870117,0.5677270907634906,1.5412836252220963,0.5545897462288965,1.2675074722715771,0.36363636363636365,0.5677270907634906,2.4,0.7568181818181817,0.5302862551459298,9.7425,0.016726542279908836,817.8983833718245,0.1747409439158749,0.8549482313613838,0.09659114137659151
