cell_mask_area,cell_mask_area_ratio,cell_mask_intensity,domain_area_mean,domain_area_std,domain_oop_mean,domain_oop_std,domain_slen_mean,myof_bending_mean,myof_bending_std,myof_length_max,myof_length_mean,myof_length_std,myof_straightness_mean,myof_straightness_std,n_domains,n_mbands,n_vectors,n_zbands,sarcomere_area,sarcomere_area_ratio,sarcomere_length_mean,sarcomere_length_std,sarcomere_oop,z_intensity_mean,z_intensity_std,z_lat_alignment_mean,z_lat_alignment_std,z_lat_dist_mean,z_lat_dist_std,z_lat_length_groups_mean,z_lat_neighbors_mean,z_lat_neighbors_std,z_length_max,z_length_mean,z_length_std,z_mask_area,z_mask_area_ratio,z_mask_intensity,z_oop,z_straightness_mean,z_straightness_std
1492.1775,0.25249952408147724,545.5475353970959,,,,,,0.018008444229375548,0.010458580757468458,11.159502029418945,8.435688972473145,1.7880560159683228,0.952919764004247,0.0191636650302826,0.0,35.0,85.0,35.0,62.5916862487793,0.041946542049306666,1.5232258106333751,0.1826636342338223,0.4823712110519409,659.7524043660591,47.24758880594467,0.8370864407602554,0.4199125273342591,1.6378297443951666,1.0259209172126555,0.8645586766961507,0.22857142857142856,0.4199125273342591,1.65,0.5785714285714286,0.35882461181030534,15.84,0.010615359097694477,665.5326704545455,0.32010191610160826,0.9081613884259682,0.07711184350435508
