sarcomere_area,cell_mask_area_ratio,domain_area_std,domain_oop_mean,sarcomere_length_mean,z_mask_intensity,myof_straightness_std,z_mask_area,z_straightness_std,myof_length_mean,myof_bending_std,sarcomere_oop,n_domains,myof_straightness_mean,z_intensity_mean,myof_bending_mean,z_lat_dist_mean,z_lat_length_groups_mean,z_length_max,sarcomere_area_ratio,z_length_std,myof_length_max,domain_slen_mean,z_mask_area_ratio,z_lat_alignment_std,n_zbands,cell_mask_area,cell_mask_intensity,z_oop,z_lat_alignment_mean,z_length_mean,z_lat_dist_std,myof_length_std,n_vectors,z_straightness_mean,n_mbands,z_intensity_std,sarcomere_length_std,z_lat_neighbors_mean,z_lat_neighbors_std,domain_area_mean,domain_oop_std
81.19245147705078,0.26682120154853506,0.0,0.9112874269485474,1.484809231392733,846.1621621621622,0.030073102992714304,18.314999999999998,0.10928317234074388,13.467443466186523,0.025744630885252646,0.703329861164093,1.0,0.949078432187575,833.1591865011022,0.027216229304524688,1.538456979640281,1.9083062334848895,4.05,0.0646381392333465,0.9217975611823092,18.268451690673828,1.4890293435553719,0.014580758414387303,0.6090833709770237,33.0,1256.1074999999998,603.4623390115894,0.5652309586249673,0.7671046210623282,1.0727272727272725,0.6800919950978002,4.205183506011963,173.0,0.8313516254668343,38.0,55.76569245232058,0.19688750110950098,0.48484848484848486,0.6090833709770237,50.107499999999995,0.0
