cell_mask_area,cell_mask_area_ratio,cell_mask_intensity,domain_area_mean,domain_area_std,domain_oop_mean,domain_oop_std,domain_slen_mean,myof_bending_mean,myof_bending_std,myof_length_max,myof_length_mean,myof_length_std,myof_straightness_mean,myof_straightness_std,n_domains,n_mbands,n_vectors,n_zbands,sarcomere_area,sarcomere_area_ratio,sarcomere_length_mean,sarcomere_length_std,sarcomere_oop,z_intensity_mean,z_intensity_std,z_lat_alignment_mean,z_lat_alignment_std,z_lat_dist_mean,z_lat_dist_std,z_lat_length_groups_mean,z_lat_neighbors_mean,z_lat_neighbors_std,z_length_max,z_length_mean,z_length_std,z_mask_area,z_mask_area_ratio,z_mask_intensity,z_oop,z_straightness_mean,z_straightness_std
963.855,0.23055725987879572,529.4626266398991,26.235,0.0,0.8988339900970459,0.0,1.2460180757359174,0.03086610575112524,0.009040902925742557,12.008859634399414,10.538459777832031,1.4348479509353638,0.9506582845074485,0.029507888442311697,1.0,27.0,91.0,27.0,44.944580078125,0.04663002223168941,1.2595015550491524,0.1735453445580255,0.798701286315918,631.0584497724029,57.419138985354834,0.690211246132893,0.5616944773371519,1.6624545569814035,0.7978454399015927,1.7105071818869069,0.5925925925925926,0.5616944773371519,2.6999999999999997,0.7111111111111111,0.589622184952071,10.147499999999999,0.010528035856015685,639.569844789357,0.700975701831711,0.8667653632707396,0.10655360907463138
