cell_mask_area,cell_mask_area_ratio,cell_mask_intensity,domain_area_mean,domain_area_std,domain_oop_mean,domain_oop_std,domain_slen_mean,myof_bending_mean,myof_bending_std,myof_length_max,myof_length_mean,myof_length_std,myof_straightness_mean,myof_straightness_std,n_domains,n_mbands,n_vectors,n_zbands,sarcomere_area,sarcomere_area_ratio,sarcomere_length_mean,sarcomere_length_std,sarcomere_oop,z_intensity_mean,z_intensity_std,z_lat_alignment_mean,z_lat_alignment_std,z_lat_dist_mean,z_lat_dist_std,z_lat_length_groups_mean,z_lat_neighbors_mean,z_lat_neighbors_std,z_length_max,z_length_mean,z_length_std,z_mask_area,z_mask_area_ratio,z_mask_intensity,z_oop,z_straightness_mean,z_straightness_std
1198.7775,0.11716159279425087,596.5306593592222,34.964999999999996,0.0,0.9426092505455017,0.0,1.4856286386570767,0.04809676567565766,0.035813856511358357,9.087945938110352,6.482728004455566,1.7705777883529663,0.9625745636028068,0.016588807846970685,1.0,36.0,100.0,33.0,67.24364471435547,0.05609351586458327,1.4577026760873388,0.21942943628147313,0.8277831673622131,886.8218743355977,159.15601566566542,0.826300736325235,0.4942274675848512,1.5876686170154335,0.6358524691658468,1.3562953968887705,0.42424242424242425,0.4942274675848512,2.85,0.7318181818181818,0.57653854529847,13.1175,0.010942397567521913,892.8885077186964,0.7444272028478774,0.8631374324936715,0.09303666873821263
