sarcomere_area,cell_mask_area_ratio,domain_area_std,domain_oop_mean,sarcomere_length_mean,z_mask_intensity,myof_straightness_std,z_mask_area,z_straightness_std,myof_length_mean,myof_bending_std,sarcomere_oop,n_domains,myof_straightness_mean,z_intensity_mean,myof_bending_mean,z_lat_dist_mean,z_lat_length_groups_mean,z_length_max,sarcomere_area_ratio,z_length_std,myof_length_max,domain_slen_mean,z_mask_area_ratio,z_lat_alignment_std,n_zbands,cell_mask_area,cell_mask_intensity,z_oop,z_lat_alignment_mean,z_length_mean,z_lat_dist_std,myof_length_std,n_vectors,z_straightness_mean,n_mbands,z_intensity_std,sarcomere_length_std,z_lat_neighbors_mean,z_lat_neighbors_std,domain_area_mean,domain_oop_std
74.95140075683594,0.2697230788795981,0.0,0.9231569170951843,1.4182173246337706,838.8124137931035,0.023573963726343187,16.3125,0.1115213857355968,8.773815155029297,0.0337321323640557,0.8943583369255066,1.0,0.9616677770371747,843.6519627293582,0.036173517693583845,1.6485359567720714,3.330678813914928,3.4499999999999997,0.07853207051182248,0.7253144110645804,11.032007217407227,1.4199552455509514,0.01709180065066717,0.6546536707079771,28.0,954.405,608.0905983308973,0.8694018302880673,0.8800802273928278,0.8410714285714285,0.5725948947688103,1.7881141901016235,134.0,0.8469952151248845,37.0,80.72067210323644,0.24985506320302786,1.0,0.6546536707079771,52.357499999999995,0.0
