cell_mask_area,cell_mask_area_ratio,cell_mask_intensity,domain_area_mean,domain_area_std,domain_oop_mean,domain_oop_std,domain_slen_mean,myof_bending_mean,myof_bending_std,myof_length_max,myof_length_mean,myof_length_std,myof_straightness_mean,myof_straightness_std,n_domains,n_mbands,n_vectors,n_zbands,sarcomere_area,sarcomere_area_ratio,sarcomere_length_mean,sarcomere_length_std,sarcomere_oop,z_intensity_mean,z_intensity_std,z_lat_alignment_mean,z_lat_alignment_std,z_lat_dist_mean,z_lat_dist_std,z_lat_length_groups_mean,z_lat_neighbors_mean,z_lat_neighbors_std,z_length_max,z_length_mean,z_length_std,z_mask_area,z_mask_area_ratio,z_mask_intensity,z_oop,z_straightness_mean,z_straightness_std
898.6949999999999,0.23239522665254755,596.0523509088177,62.31375,36.708749999999995,0.8722368478775024,0.08608448505401611,1.477050471676013,0.022670782662849217,0.014401702676084054,20.65413475036621,10.405763626098633,4.692108631134033,0.9460285438549413,0.038820422958270116,2.0,60.0,321.0,50.0,150.75344848632812,0.16774706489557428,1.4343090264526215,0.2150905436031239,0.8160003423690796,871.1542305612103,107.16198491081346,0.773026946695095,0.6462197768561404,1.7873866715346483,0.6334653093777081,2.8207749520026977,0.68,0.6462197768561404,6.6,1.2539999999999998,1.1228018525100498,33.21,0.036953582694907616,882.8136856368563,0.7512852526242221,0.8105364131235849,0.1418968020848664
