cell_mask_area,cell_mask_area_ratio,cell_mask_intensity,domain_area_mean,domain_area_std,domain_oop_mean,domain_oop_std,domain_slen_mean,myof_bending_mean,myof_bending_std,myof_length_max,myof_length_mean,myof_length_std,myof_straightness_mean,myof_straightness_std,n_domains,n_mbands,n_vectors,n_zbands,sarcomere_area,sarcomere_area_ratio,sarcomere_length_mean,sarcomere_length_std,sarcomere_oop,z_intensity_mean,z_intensity_std,z_lat_alignment_mean,z_lat_alignment_std,z_lat_dist_mean,z_lat_dist_std,z_lat_length_groups_mean,z_lat_neighbors_mean,z_lat_neighbors_std,z_length_max,z_length_mean,z_length_std,z_mask_area,z_mask_area_ratio,z_mask_intensity,z_oop,z_straightness_mean,z_straightness_std
1990.1924999999999,0.29070944502507673,558.1098888675342,144.21375,68.52776523287841,0.7526576519012451,0.2578944265842438,1.6011518384643861,0.02153541363587247,0.025004429019859803,31.60500717163086,14.561467170715332,5.759738922119141,0.9485846443769473,0.03507865649349189,4.0,223.0,1337.0,220.0,685.1631469726562,0.34426978645164036,1.5898742394763365,0.19996374806692355,0.6500439047813416,703.8393326865138,59.56460257802829,0.7970737245595255,0.713274372579383,1.8356157637000516,0.6461780080255568,4.291101532725979,1.018181818181818,0.713274372579383,5.55,1.1720454545454546,1.0176188327870976,140.1075,0.07039896894395893,706.1885338044002,0.5586437900807146,0.8252053134569979,0.11171802389937746
