cell_mask_area,cell_mask_area_ratio,cell_mask_intensity,domain_area_mean,domain_area_std,domain_oop_mean,domain_oop_std,domain_slen_mean,myof_bending_mean,myof_bending_std,myof_length_max,myof_length_mean,myof_length_std,myof_straightness_mean,myof_straightness_std,n_domains,n_mbands,n_vectors,n_zbands,sarcomere_area,sarcomere_area_ratio,sarcomere_length_mean,sarcomere_length_std,sarcomere_oop,z_intensity_mean,z_intensity_std,z_lat_alignment_mean,z_lat_alignment_std,z_lat_dist_mean,z_lat_dist_std,z_lat_length_groups_mean,z_lat_neighbors_mean,z_lat_neighbors_std,z_length_max,z_length_mean,z_length_std,z_mask_area,z_mask_area_ratio,z_mask_intensity,z_oop,z_straightness_mean,z_straightness_std
1658.655,0.18984316654219566,551.5874820260995,24.345,2.5208034433489654,0.954724133014679,0.007266810163855553,1.3863582744537037,0.014022800675730904,0.014809821641285132,15.756316184997559,7.955807685852051,3.191131830215454,0.9735781561563623,0.016803599766423025,3.0,64.0,279.0,65.0,134.0269775390625,0.08080461430439875,1.3759890380940576,0.3006475905801862,0.8001721501350403,909.3840653680545,142.71051876372775,0.8126655255599882,0.32852548467788645,1.9094149380280394,0.8644417819815104,1.229305897575609,0.12307692307692308,0.32852548467788645,3.0,1.036153846153846,0.7088185019023228,35.91,0.02165007189560216,915.1817042606516,0.699309393202071,0.8256908237871771,0.10777326909774725
