sarcomere_area,cell_mask_area_ratio,domain_area_std,domain_oop_mean,sarcomere_length_mean,z_mask_intensity,myof_straightness_std,z_mask_area,z_straightness_std,myof_length_mean,myof_bending_std,sarcomere_oop,n_domains,myof_straightness_mean,z_intensity_mean,myof_bending_mean,z_lat_dist_mean,z_lat_length_groups_mean,z_length_max,sarcomere_area_ratio,z_length_std,myof_length_max,domain_slen_mean,z_mask_area_ratio,z_lat_alignment_std,n_zbands,cell_mask_area,cell_mask_intensity,z_oop,z_lat_alignment_mean,z_length_mean,z_lat_dist_std,myof_length_std,n_vectors,z_straightness_mean,n_mbands,z_intensity_std,sarcomere_length_std,z_lat_neighbors_mean,z_lat_neighbors_std,domain_area_mean,domain_oop_std
658.1763305664062,0.20573553092734678,95.25807145919445,0.573472797870636,1.6171228953124992,751.673828125,0.04471796827022292,126.72,0.08761824498997835,17.18470001220703,0.01533505555937826,0.04175915941596031,4.0,0.9401554009433906,755.8716718025001,0.022213462763720482,1.895779561021664,2.847387053216584,4.2,0.33670528049111337,0.6657571402265234,45.869544982910156,1.6623165513185871,0.06482653836414283,0.7040786749420277,245.0,1954.7549999999999,557.9734340109119,0.15958250631112125,0.800314080716407,0.8920408163265304,0.6643168564137725,7.647877216339111,1161.0,0.8619125574039294,252.0,80.83732425649777,0.21384778256670403,0.8244897959183674,0.7040786749420277,136.3725,0.2923180162906647
