cell_mask_area,cell_mask_area_ratio,cell_mask_intensity,domain_area_mean,domain_area_std,domain_oop_mean,domain_oop_std,domain_slen_mean,myof_bending_mean,myof_bending_std,myof_length_max,myof_length_mean,myof_length_std,myof_straightness_mean,myof_straightness_std,n_domains,n_mbands,n_vectors,n_zbands,sarcomere_area,sarcomere_area_ratio,sarcomere_length_mean,sarcomere_length_std,sarcomere_oop,z_intensity_mean,z_intensity_std,z_lat_alignment_mean,z_lat_alignment_std,z_lat_dist_mean,z_lat_dist_std,z_lat_length_groups_mean,z_lat_neighbors_mean,z_lat_neighbors_std,z_length_max,z_length_mean,z_length_std,z_mask_area,z_mask_area_ratio,z_mask_intensity,z_oop,z_straightness_mean,z_straightness_std
1954.7549999999999,0.20573553092734678,557.9734340109119,136.130625,87.37192162629752,0.5433548092842102,0.257243275642395,1.6575064785956044,0.022042770989226104,0.014983041575737545,45.7733268737793,17.43414306640625,7.447785377502441,0.9415777788089792,0.043597307832190846,4.0,252.0,1160.0,245.0,658.1763916015625,0.3367053117150551,1.61438213673759,0.21257628595154157,0.042882490903139114,755.8716718025001,80.83732425649777,0.80031366968295,0.7040786749420277,1.895779561021664,0.6643168564137725,2.847387053216584,0.8244897959183674,0.7040786749420277,4.2,0.8920408163265304,0.6657571402265234,126.72,0.06482653836414283,751.673828125,0.15958250631112125,0.8619125574039294,0.08761824498997835
