sarcomere_area,cell_mask_area_ratio,domain_area_std,domain_oop_mean,sarcomere_length_mean,z_mask_intensity,myof_straightness_std,z_mask_area,z_straightness_std,myof_length_mean,myof_bending_std,sarcomere_oop,n_domains,myof_straightness_mean,z_intensity_mean,myof_bending_mean,z_lat_dist_mean,z_lat_length_groups_mean,z_length_max,sarcomere_area_ratio,z_length_std,myof_length_max,domain_slen_mean,z_mask_area_ratio,z_lat_alignment_std,n_zbands,cell_mask_area,cell_mask_intensity,z_oop,z_lat_alignment_mean,z_length_mean,z_lat_dist_std,myof_length_std,n_vectors,z_straightness_mean,n_mbands,z_intensity_std,sarcomere_length_std,z_lat_neighbors_mean,z_lat_neighbors_std,domain_area_mean,domain_oop_std
77.58123016357422,0.36751672349618675,0.06750000000000078,0.9728403091430664,1.5351977347974346,552.0576323987539,0.013244783262126709,14.445,0.07135145203275246,16.809043884277344,0.01107124361762519,0.8927466869354248,2.0,0.9701243114407836,547.5352412681095,0.016925381273784134,1.0802176007980822,0.8919212974051463,1.65,0.03052537402672373,0.29632097875273633,19.256311416625977,1.5220036706134068,0.00568357870694158,0.42591770999995987,42.0,2541.5325,520.6797896544703,0.8822564113265506,0.966742716180546,0.6571428571428571,0.31957774472894146,2.4397871494293213,153.0,0.9071732526868947,40.0,17.929230745120744,0.1542743361933616,0.23809523809523808,0.42591770999995987,26.28,0.013520926237106323
