cell_mask_area,cell_mask_area_ratio,cell_mask_intensity,domain_area_mean,domain_area_std,domain_oop_mean,domain_oop_std,domain_slen_mean,myof_bending_mean,myof_bending_std,myof_length_max,myof_length_mean,myof_length_std,myof_straightness_mean,myof_straightness_std,n_domains,n_mbands,n_vectors,n_zbands,sarcomere_area,sarcomere_area_ratio,sarcomere_length_mean,sarcomere_length_std,sarcomere_oop,z_intensity_mean,z_intensity_std,z_lat_alignment_mean,z_lat_alignment_std,z_lat_dist_mean,z_lat_dist_std,z_lat_length_groups_mean,z_lat_neighbors_mean,z_lat_neighbors_std,z_length_max,z_length_mean,z_length_std,z_mask_area,z_mask_area_ratio,z_mask_intensity,z_oop,z_straightness_mean,z_straightness_std
1640.25,0.13261031304401608,570.8990534979424,20.294999999999998,0.0,0.9477845430374146,0.0,1.5570837377784268,0.025411938445224075,0.013998601155480036,11.686721801757812,7.828084468841553,2.4161040782928467,0.9544707956379422,0.01850904470847991,1.0,35.0,88.0,35.0,65.2695083618164,0.03979241479153568,1.548053979966236,0.20947077126902014,0.12424205988645554,758.4523929384045,64.26051257610499,0.32488084435664055,0.2321153829895989,1.4849242404917506,0.0,0.7054389482497574,0.05714285714285714,0.2321153829895989,1.5,0.6428571428571429,0.3012220009852385,16.2225,0.009890260631001372,761.9278779472954,0.15342929275905084,0.8673315183524768,0.09170478332963393
