cell_mask_area,cell_mask_area_ratio,cell_mask_intensity,domain_area_mean,domain_area_std,domain_oop_mean,domain_oop_std,domain_slen_mean,myof_bending_mean,myof_bending_std,myof_length_max,myof_length_mean,myof_length_std,myof_straightness_mean,myof_straightness_std,n_domains,n_mbands,n_vectors,n_zbands,sarcomere_area,sarcomere_area_ratio,sarcomere_length_mean,sarcomere_length_std,sarcomere_oop,z_intensity_mean,z_intensity_std,z_lat_alignment_mean,z_lat_alignment_std,z_lat_dist_mean,z_lat_dist_std,z_lat_length_groups_mean,z_lat_neighbors_mean,z_lat_neighbors_std,z_length_max,z_length_mean,z_length_std,z_mask_area,z_mask_area_ratio,z_mask_intensity,z_oop,z_straightness_mean,z_straightness_std
1750.2075,0.2567990492225414,562.8015478164732,161.80499999999998,21.71663302632339,0.7854741215705872,0.10930483788251877,1.7098504187720678,0.01728074834028214,0.01760577853094116,39.99005126953125,16.091825485229492,7.767799377441406,0.9575853951336519,0.031787318118966644,3.0,140.0,1158.0,145.0,553.73046875,0.31637989709791553,1.7101704688931574,0.2292582614491189,0.641108512878418,738.1683106089678,81.94967151406256,0.7996351362988205,0.624509319871546,1.6069667581901574,0.5853698301687696,3.4803685744495407,0.7586206896551724,0.624509319871546,6.45,1.5506896551724139,1.162725487317837,115.11,0.06576934449201023,740.079945269742,0.49131237175834147,0.804321321088193,0.10829134279496161
