cell_mask_area,cell_mask_area_ratio,cell_mask_intensity,domain_area_mean,domain_area_std,domain_oop_mean,domain_oop_std,domain_slen_mean,myof_bending_mean,myof_bending_std,myof_length_max,myof_length_mean,myof_length_std,myof_straightness_mean,myof_straightness_std,n_domains,n_mbands,n_vectors,n_zbands,sarcomere_area,sarcomere_area_ratio,sarcomere_length_mean,sarcomere_length_std,sarcomere_oop,z_intensity_mean,z_intensity_std,z_lat_alignment_mean,z_lat_alignment_std,z_lat_dist_mean,z_lat_dist_std,z_lat_length_groups_mean,z_lat_neighbors_mean,z_lat_neighbors_std,z_length_max,z_length_mean,z_length_std,z_mask_area,z_mask_area_ratio,z_mask_intensity,z_oop,z_straightness_mean,z_straightness_std
1658.655,0.18984316654219566,551.5874820260995,24.382499999999997,2.819680833002203,0.9550430774688721,0.007434337865561247,1.3873561261201253,0.020597894237686487,0.017915479862435982,16.019790649414062,8.397964477539062,3.1489791870117188,0.9653410423914366,0.016153611706342996,3.0,64.0,282.0,65.0,134.02699279785156,0.08080462350389415,1.379812481766096,0.30417458409142767,0.8018476963043213,909.3840653680545,142.71051876372775,0.812639744462804,0.32852548467788645,1.9094149380280394,0.8644417819815104,1.229305897575609,0.12307692307692308,0.32852548467788645,3.0,1.036153846153846,0.7088185019023228,35.91,0.02165007189560216,915.1817042606516,0.699309393202071,0.8256908237871771,0.10777326909774725
