cell_mask_area,cell_mask_area_ratio,cell_mask_intensity,domain_area_mean,domain_area_std,domain_oop_mean,domain_oop_std,domain_slen_mean,myof_bending_mean,myof_bending_std,myof_length_max,myof_length_mean,myof_length_std,myof_straightness_mean,myof_straightness_std,n_domains,n_mbands,n_vectors,n_zbands,sarcomere_area,sarcomere_area_ratio,sarcomere_length_mean,sarcomere_length_std,sarcomere_oop,z_intensity_mean,z_intensity_std,z_lat_alignment_mean,z_lat_alignment_std,z_lat_dist_mean,z_lat_dist_std,z_lat_length_groups_mean,z_lat_neighbors_mean,z_lat_neighbors_std,z_length_max,z_length_mean,z_length_std,z_mask_area,z_mask_area_ratio,z_mask_intensity,z_oop,z_straightness_mean,z_straightness_std
1085.2875,0.1869776564898516,592.8973566911993,,,,,,0.022343594083897328,0.016019997947515022,10.02772045135498,7.362562656402588,1.4683833122253418,0.9663334127367311,0.01871281531190477,0.0,25.0,65.0,25.0,45.38294219970703,0.041816516084177725,1.3888226723513608,0.20825454681832034,0.361611008644104,889.670085844704,133.13192805507865,0.6415997373700169,0.36660605559646714,1.0790109801476504,0.13032768209713652,0.9155661721867523,0.16,0.36660605559646714,1.95,0.7559999999999999,0.5290217386837709,11.834999999999999,0.010904944542344771,912.3060836501901,0.40684232331279163,0.8602470737585683,0.09325742285145597
