cell_mask_area,cell_mask_area_ratio,cell_mask_intensity,domain_area_mean,domain_area_std,domain_oop_mean,domain_oop_std,domain_slen_mean,myof_bending_mean,myof_bending_std,myof_length_max,myof_length_mean,myof_length_std,myof_straightness_mean,myof_straightness_std,n_domains,n_mbands,n_vectors,n_zbands,sarcomere_area,sarcomere_area_ratio,sarcomere_length_mean,sarcomere_length_std,sarcomere_oop,z_intensity_mean,z_intensity_std,z_lat_alignment_mean,z_lat_alignment_std,z_lat_dist_mean,z_lat_dist_std,z_lat_length_groups_mean,z_lat_neighbors_mean,z_lat_neighbors_std,z_length_max,z_length_mean,z_length_std,z_mask_area,z_mask_area_ratio,z_mask_intensity,z_oop,z_straightness_mean,z_straightness_std
1733.6699999999998,0.25744499573998897,543.0117193583554,57.54375,15.671250000000004,0.9119617342948914,0.031988441944122314,1.495605022044279,0.022318948505647522,0.017796858302279946,40.168270111083984,13.366100311279297,8.01624584197998,0.963785237635672,0.01673188870244724,2.0,73.0,255.0,63.0,165.084716796875,0.09522268759156877,1.5010784939891764,0.2081351201691487,0.8956643342971802,774.2606224746252,95.21573829555338,0.7886337395824433,0.5862281051625202,1.948900353138546,0.5312519082384929,1.7865501305077234,0.5396825396825397,0.5862281051625202,2.6999999999999997,0.7785714285714284,0.5202040416009464,37.5975,0.021686653169288275,764.1232794733693,0.7555104386243806,0.8690992180970593,0.08678724564828282
