cell_mask_area,cell_mask_area_ratio,cell_mask_intensity,domain_area_mean,domain_area_std,domain_oop_mean,domain_oop_std,domain_slen_mean,myof_bending_mean,myof_bending_std,myof_length_max,myof_length_mean,myof_length_std,myof_straightness_mean,myof_straightness_std,n_domains,n_mbands,n_vectors,n_zbands,sarcomere_area,sarcomere_area_ratio,sarcomere_length_mean,sarcomere_length_std,sarcomere_oop,z_intensity_mean,z_intensity_std,z_lat_alignment_mean,z_lat_alignment_std,z_lat_dist_mean,z_lat_dist_std,z_lat_length_groups_mean,z_lat_neighbors_mean,z_lat_neighbors_std,z_length_max,z_length_mean,z_length_std,z_mask_area,z_mask_area_ratio,z_mask_intensity,z_oop,z_straightness_mean,z_straightness_std
717.0074999999999,0.2800435879184133,561.362600809615,34.7925,4.7503723538265925,0.9258944988250732,0.015352734364569187,1.5500837995340013,0.018628583764137126,0.018166004269358237,10.748902320861816,8.676764488220215,1.5135327577590942,0.9602431391186068,0.02458252466507933,3.0,38.0,282.0,48.0,112.07991790771484,0.15631624203054342,1.5130424886389144,0.23406126273525998,0.880132794380188,770.895798330329,74.51584657263675,0.7424696827610759,0.6718548123582124,1.849636177126039,0.8208812412685363,2.5219090141107223,0.5833333333333334,0.6718548123582124,3.75,1.246875,1.026137897348597,26.752499999999998,0.037311325195343144,781.1648444070647,0.8225531707181314,0.8340088686992027,0.12181162754802906
