cell_mask_area,cell_mask_area_ratio,cell_mask_intensity,domain_area_mean,domain_area_std,domain_oop_mean,domain_oop_std,domain_slen_mean,myof_bending_mean,myof_bending_std,myof_length_max,myof_length_mean,myof_length_std,myof_straightness_mean,myof_straightness_std,n_domains,n_mbands,n_vectors,n_zbands,sarcomere_area,sarcomere_area_ratio,sarcomere_length_mean,sarcomere_length_std,sarcomere_oop,z_intensity_mean,z_intensity_std,z_lat_alignment_mean,z_lat_alignment_std,z_lat_dist_mean,z_lat_dist_std,z_lat_length_groups_mean,z_lat_neighbors_mean,z_lat_neighbors_std,z_length_max,z_length_mean,z_length_std,z_mask_area,z_mask_area_ratio,z_mask_intensity,z_oop,z_straightness_mean,z_straightness_std
678.915,0.14239668524452456,586.21694173792,,,,,,0.024397110889113317,0.022396082468289138,6.50209379196167,5.701226711273193,0.6053841710090637,0.9561904202267147,0.024056639311559595,0.0,20.0,91.0,22.0,36.01840591430664,0.0530528945660453,1.3720791798646912,0.2520687431769729,0.943011462688446,997.1920940690326,172.74269901641088,0.7007921363850451,0.5677270907634906,1.7557286708381883,0.906182561295882,1.4818285935195972,0.36363636363636365,0.5677270907634906,2.6999999999999997,0.8931818181818181,0.6159426357855999,8.64,0.012726188108967987,1005.5859375,0.9053541244195066,0.8525820675580935,0.09845945402034682
