cell_mask_area,cell_mask_area_ratio,cell_mask_intensity,domain_area_mean,domain_area_std,domain_oop_mean,domain_oop_std,domain_slen_mean,myof_bending_mean,myof_bending_std,myof_length_max,myof_length_mean,myof_length_std,myof_straightness_mean,myof_straightness_std,n_domains,n_mbands,n_vectors,n_zbands,sarcomere_area,sarcomere_area_ratio,sarcomere_length_mean,sarcomere_length_std,sarcomere_oop,z_intensity_mean,z_intensity_std,z_lat_alignment_mean,z_lat_alignment_std,z_lat_dist_mean,z_lat_dist_std,z_lat_length_groups_mean,z_lat_neighbors_mean,z_lat_neighbors_std,z_length_max,z_length_mean,z_length_std,z_mask_area,z_mask_area_ratio,z_mask_intensity,z_oop,z_straightness_mean,z_straightness_std
994.0274999999999,0.1482636185464601,607.3652414042871,152.685,4.635000000000005,0.9237178564071655,0.012497544288635254,1.6052663282262318,0.014575288751967544,0.006557626320750601,51.1615104675293,22.74867820739746,10.6430025100708,0.9610191213918526,0.016867494551139377,2.0,94.0,823.0,106.0,296.42236328125,0.2982033829861347,1.6062578004789256,0.257254627772514,0.9231474995613098,876.8767705663818,157.14704015953242,0.7680354740913112,0.5262764407917491,1.3349922041625621,0.6816021780414876,2.1068804269107506,0.39622641509433965,0.5262764407917491,4.35,1.425,0.8785775918526835,68.985,0.06939948844473619,892.3845401174168,0.8730935105190013,0.8276196243994426,0.10253933727583162
