sarcomere_area,cell_mask_area_ratio,domain_area_std,domain_oop_mean,sarcomere_length_mean,z_mask_intensity,myof_straightness_std,z_mask_area,z_straightness_std,myof_length_mean,myof_bending_std,sarcomere_oop,n_domains,myof_straightness_mean,z_intensity_mean,myof_bending_mean,z_lat_dist_mean,z_lat_length_groups_mean,z_length_max,sarcomere_area_ratio,z_length_std,myof_length_max,domain_slen_mean,z_mask_area_ratio,z_lat_alignment_std,n_zbands,cell_mask_area,cell_mask_intensity,z_oop,z_lat_alignment_mean,z_length_mean,z_lat_dist_std,myof_length_std,n_vectors,z_straightness_mean,n_mbands,z_intensity_std,sarcomere_length_std,z_lat_neighbors_mean,z_lat_neighbors_std,domain_area_mean,domain_oop_std
165.084716796875,0.25744499573998897,15.671250000000004,0.9119617342948914,1.5010784939891764,764.1232794733693,0.01673188870244724,37.5975,0.08678724564828282,13.366100311279297,0.017796858302279946,0.8956643342971802,2.0,0.963785237635672,774.2606224746252,0.022318948505647522,1.948900353138546,1.7865501305077234,2.6999999999999997,0.09522268759156877,0.5202040416009464,40.168270111083984,1.495605022044279,0.021686653169288275,0.5862281051625202,63.0,1733.6699999999998,543.0117193583554,0.7555104386243806,0.7886337395824433,0.7785714285714284,0.5312519082384929,8.01624584197998,255.0,0.8690992180970593,73.0,95.21573829555338,0.2081351201691487,0.5396825396825397,0.5862281051625202,57.54375,0.031988441944122314
