cell_mask_area,cell_mask_area_ratio,cell_mask_intensity,domain_area_mean,domain_area_std,domain_oop_mean,domain_oop_std,domain_slen_mean,myof_bending_mean,myof_bending_std,myof_length_max,myof_length_mean,myof_length_std,myof_straightness_mean,myof_straightness_std,n_domains,n_mbands,n_vectors,n_zbands,sarcomere_area,sarcomere_area_ratio,sarcomere_length_mean,sarcomere_length_std,sarcomere_oop,z_intensity_mean,z_intensity_std,z_lat_alignment_mean,z_lat_alignment_std,z_lat_dist_mean,z_lat_dist_std,z_lat_length_groups_mean,z_lat_neighbors_mean,z_lat_neighbors_std,z_length_max,z_length_mean,z_length_std,z_mask_area,z_mask_area_ratio,z_mask_intensity,z_oop,z_straightness_mean,z_straightness_std
1261.6425,0.16982863581020916,577.1590070087208,50.051249999999996,2.9137500000000003,0.6597129702568054,0.2869253158569336,1.369340313116727,0.02732918692690537,0.018592994722705924,17.345081329345703,8.327753067016602,3.2104063034057617,0.9472153523129362,0.033116657563560255,2.0,65.0,252.0,58.0,138.03128051757812,0.10940601677383105,1.353897788632993,0.18254395927279046,0.44419753551483154,882.3214526773869,127.81307653334278,0.8033857049647909,0.5172413793103449,1.5693502879491172,0.5863191183106942,2.4498587606522775,0.7931034482758621,0.5172413793103449,4.05,0.8560344827586206,0.7453347770266875,26.775,0.021222335170224527,894.5285714285715,0.4877935670707785,0.8438797947103241,0.10765671234685474
