cell_mask_area,cell_mask_area_ratio,cell_mask_intensity,domain_area_mean,domain_area_std,domain_oop_mean,domain_oop_std,domain_slen_mean,myof_bending_mean,myof_bending_std,myof_length_max,myof_length_mean,myof_length_std,myof_straightness_mean,myof_straightness_std,n_domains,n_mbands,n_vectors,n_zbands,sarcomere_area,sarcomere_area_ratio,sarcomere_length_mean,sarcomere_length_std,sarcomere_oop,z_intensity_mean,z_intensity_std,z_lat_alignment_mean,z_lat_alignment_std,z_lat_dist_mean,z_lat_dist_std,z_lat_length_groups_mean,z_lat_neighbors_mean,z_lat_neighbors_std,z_length_max,z_length_mean,z_length_std,z_mask_area,z_mask_area_ratio,z_mask_intensity,z_oop,z_straightness_mean,z_straightness_std
678.4425,0.1422975823615745,586.2624946108182,,,,,,0.023907729432311696,0.022776342474591645,6.781556606292725,5.579926490783691,0.7961133718490601,0.9558259237359629,0.023787811820679888,0.0,20.0,92.0,22.0,35.983055114746094,0.05303773733919395,1.3600702880955944,0.2676325923646541,0.9438366293907166,997.1920940690326,172.74269901641088,0.7011723725996607,0.5677270907634906,1.7557286708381883,0.906182561295882,1.4818285935195972,0.36363636363636365,0.5677270907634906,2.6999999999999997,0.8931818181818181,0.6159426357855999,8.64,0.012735051238682718,1005.5859375,0.9053541244195066,0.8525820675580935,0.09845945402034682
