cell_mask_area,cell_mask_area_ratio,cell_mask_intensity,domain_area_mean,domain_area_std,domain_oop_mean,domain_oop_std,domain_slen_mean,myof_bending_mean,myof_bending_std,myof_length_max,myof_length_mean,myof_length_std,myof_straightness_mean,myof_straightness_std,n_domains,n_mbands,n_vectors,n_zbands,sarcomere_area,sarcomere_area_ratio,sarcomere_length_mean,sarcomere_length_std,sarcomere_oop,z_intensity_mean,z_intensity_std,z_lat_alignment_mean,z_lat_alignment_std,z_lat_dist_mean,z_lat_dist_std,z_lat_length_groups_mean,z_lat_neighbors_mean,z_lat_neighbors_std,z_length_max,z_length_mean,z_length_std,z_mask_area,z_mask_area_ratio,z_mask_intensity,z_oop,z_straightness_mean,z_straightness_std
808.6274999999999,0.28792200092932335,630.1594368235066,341.41499999999996,0.0,0.92502361536026,0.0,1.739232350550075,0.016849774735374055,0.013079715073346007,40.887611389160156,25.21366310119629,10.121337890625,0.9584371580553261,0.025572841155557684,1.0,85.0,898.0,83.0,387.5513916015625,0.47927060556506246,1.739232350550075,0.23188551532531768,0.92502361536026,888.3694672462827,96.13942245087006,0.8302563650219481,0.587279884672479,1.6980740904996054,0.5690832135361699,8.384930893215971,1.2771084337349397,0.587279884672479,6.6,1.9463855421686749,1.542583951993407,75.9825,0.09396477364423052,895.7391175599645,0.8343690539219232,0.7787500806542282,0.11509103380325438
