cell_mask_area,cell_mask_area_ratio,cell_mask_intensity,domain_area_mean,domain_area_std,domain_oop_mean,domain_oop_std,domain_slen_mean,myof_bending_mean,myof_bending_std,myof_length_max,myof_length_mean,myof_length_std,myof_straightness_mean,myof_straightness_std,n_domains,n_mbands,n_vectors,n_zbands,sarcomere_area,sarcomere_area_ratio,sarcomere_length_mean,sarcomere_length_std,sarcomere_oop,z_intensity_mean,z_intensity_std,z_lat_alignment_mean,z_lat_alignment_std,z_lat_dist_mean,z_lat_dist_std,z_lat_length_groups_mean,z_lat_neighbors_mean,z_lat_neighbors_std,z_length_max,z_length_mean,z_length_std,z_mask_area,z_mask_area_ratio,z_mask_intensity,z_oop,z_straightness_mean,z_straightness_std
1641.4875,0.13271036197703967,570.855047632102,20.384999999999998,0.0,0.947492241859436,0.0,1.5683315224622671,0.018143763727650388,0.009406293965974076,11.813854217529297,8.812240600585938,2.344233989715576,0.9591259627638168,0.018720696717016372,1.0,35.0,87.0,35.0,65.27721405029297,0.03976711004518339,1.557266525704531,0.20475156360309257,0.13607415556907654,758.4464669512755,64.24165200774894,0.32515034200435355,0.2321153829895989,1.4849242404917506,0.0,0.7010271835438749,0.05714285714285714,0.2321153829895989,1.5,0.6385714285714285,0.3070797277315347,16.2225,0.009882804468507984,761.9805825242719,0.15196105410310784,0.8660544620754205,0.09152249299492587
