cell_mask_area,cell_mask_area_ratio,cell_mask_intensity,domain_area_mean,domain_area_std,domain_oop_mean,domain_oop_std,domain_slen_mean,myof_bending_mean,myof_bending_std,myof_length_max,myof_length_mean,myof_length_std,myof_straightness_mean,myof_straightness_std,n_domains,n_mbands,n_vectors,n_zbands,sarcomere_area,sarcomere_area_ratio,sarcomere_length_mean,sarcomere_length_std,sarcomere_oop,z_intensity_mean,z_intensity_std,z_lat_alignment_mean,z_lat_alignment_std,z_lat_dist_mean,z_lat_dist_std,z_lat_length_groups_mean,z_lat_neighbors_mean,z_lat_neighbors_std,z_length_max,z_length_mean,z_length_std,z_mask_area,z_mask_area_ratio,z_mask_intensity,z_oop,z_straightness_mean,z_straightness_std
1281.9375,0.3634907875261573,644.7361474330847,255.49875,153.05625,0.8816167116165161,0.013512581586837769,1.6983220758961748,0.0188922898791601,0.014468632308993068,36.09026336669922,18.923551559448242,6.913598537445068,0.9658026914875825,0.016328616409871897,2.0,143.0,1313.0,170.0,535.4549560546875,0.4176919358819658,1.679928622380539,0.22177983268404572,0.8636359572410583,877.4995785756425,101.28915112451696,0.788704739469147,0.5842216008440064,1.6441305879866697,0.6558873898644438,9.514426857922562,1.4470588235294117,0.5842216008440064,6.75,1.4408823529411765,1.252593468737513,112.7025,0.08791575252303642,889.4230385306448,0.7434295288113199,0.833453019939886,0.11466177558352399
