sarcomere_area,cell_mask_area_ratio,domain_area_std,domain_oop_mean,sarcomere_length_mean,z_mask_intensity,myof_straightness_std,z_mask_area,z_straightness_std,myof_length_mean,myof_bending_std,sarcomere_oop,n_domains,myof_straightness_mean,z_intensity_mean,myof_bending_mean,z_lat_dist_mean,z_lat_length_groups_mean,z_length_max,sarcomere_area_ratio,z_length_std,myof_length_max,domain_slen_mean,z_mask_area_ratio,z_lat_alignment_std,n_zbands,cell_mask_area,cell_mask_intensity,z_oop,z_lat_alignment_mean,z_length_mean,z_lat_dist_std,myof_length_std,n_vectors,z_straightness_mean,n_mbands,z_intensity_std,sarcomere_length_std,z_lat_neighbors_mean,z_lat_neighbors_std,domain_area_mean,domain_oop_std
387.5513916015625,0.28792200092932335,0.0,0.92502361536026,1.739232350550075,895.7391175599645,0.025572841155557684,75.9825,0.11509103380325438,25.21366310119629,0.013079715073346007,0.92502361536026,1.0,0.9584371580553261,888.3694672462827,0.016849774735374055,1.6980740904996054,8.384930893215971,6.6,0.47927060556506246,1.542583951993407,40.887611389160156,1.739232350550075,0.09396477364423052,0.587279884672479,83.0,808.6274999999999,630.1594368235066,0.8343690539219232,0.8302563650219481,1.9463855421686749,0.5690832135361699,10.121337890625,898.0,0.7787500806542282,85.0,96.13942245087006,0.23188551532531768,1.2771084337349397,0.587279884672479,341.41499999999996,0.0
