sarcomere_area,cell_mask_area_ratio,domain_area_std,domain_oop_mean,sarcomere_length_mean,z_mask_intensity,myof_straightness_std,z_mask_area,z_straightness_std,myof_length_mean,myof_bending_std,sarcomere_oop,n_domains,myof_straightness_mean,z_intensity_mean,myof_bending_mean,z_lat_dist_mean,z_lat_length_groups_mean,z_length_max,sarcomere_area_ratio,z_length_std,myof_length_max,domain_slen_mean,z_mask_area_ratio,z_lat_alignment_std,n_zbands,cell_mask_area,cell_mask_intensity,z_oop,z_lat_alignment_mean,z_length_mean,z_lat_dist_std,myof_length_std,n_vectors,z_straightness_mean,n_mbands,z_intensity_std,sarcomere_length_std,z_lat_neighbors_mean,z_lat_neighbors_std,domain_area_mean,domain_oop_std
102.84907531738281,0.30746659319465497,3.465,0.7958838939666748,1.41849089335014,697.6463157894736,0.024904197164055814,21.375,0.1234927454295449,9.925397872924805,0.02443993046407404,0.3581182062625885,2.0,0.9556025916555062,687.5133284246601,0.03066240536683838,1.4580705780018357,2.618552933501377,4.6499999999999995,0.10240310977431566,0.7843819873255735,24.127315521240234,1.4038143959562617,0.021282315515928133,0.7095078297976828,42.0,1004.355,546.0858237376226,0.29051901725447865,0.7083398965382531,0.8714285714285713,0.6356336913391163,4.799741268157959,207.0,0.8315059977127086,50.0,76.43666824857762,0.23144772896665958,0.8571428571428571,0.7095078297976828,36.9225,0.055550843477249146
