cell_mask_area,cell_mask_area_ratio,cell_mask_intensity,domain_area_mean,domain_area_std,domain_oop_mean,domain_oop_std,domain_slen_mean,myof_bending_mean,myof_bending_std,myof_length_max,myof_length_mean,myof_length_std,myof_straightness_mean,myof_straightness_std,n_domains,n_mbands,n_vectors,n_zbands,sarcomere_area,sarcomere_area_ratio,sarcomere_length_mean,sarcomere_length_std,sarcomere_oop,z_intensity_mean,z_intensity_std,z_lat_alignment_mean,z_lat_alignment_std,z_lat_dist_mean,z_lat_dist_std,z_lat_length_groups_mean,z_lat_neighbors_mean,z_lat_neighbors_std,z_length_max,z_length_mean,z_length_std,z_mask_area,z_mask_area_ratio,z_mask_intensity,z_oop,z_straightness_mean,z_straightness_std
1514.115,0.3102421303040921,576.4142122626089,123.705,42.72155764365339,0.6334766745567322,0.24357572197914124,1.507591891174216,0.033717287074620045,0.0368852232976916,36.329681396484375,15.442792892456055,7.406885623931885,0.9324630655260322,0.04271463566092068,3.0,189.0,808.0,163.0,456.0570373535156,0.3012036981031927,1.5113360478407667,0.23439171074379686,0.5659437775611877,727.7676171017498,79.70556594451784,0.755919215617904,0.6678386827324307,1.852140327724306,0.6287847994857687,3.893358049443154,1.0429447852760736,0.6678386827324307,3.9,0.897239263803681,0.7210943356540401,89.7975,0.05930692186524802,731.4956151340516,0.44265519437729267,0.8354880003870017,0.09612252343982852
