cell_mask_area,cell_mask_area_ratio,cell_mask_intensity,domain_area_mean,domain_area_std,domain_oop_mean,domain_oop_std,domain_slen_mean,myof_bending_mean,myof_bending_std,myof_length_max,myof_length_mean,myof_length_std,myof_straightness_mean,myof_straightness_std,n_domains,n_mbands,n_vectors,n_zbands,sarcomere_area,sarcomere_area_ratio,sarcomere_length_mean,sarcomere_length_std,sarcomere_oop,z_intensity_mean,z_intensity_std,z_lat_alignment_mean,z_lat_alignment_std,z_lat_dist_mean,z_lat_dist_std,z_lat_length_groups_mean,z_lat_neighbors_mean,z_lat_neighbors_std,z_length_max,z_length_mean,z_length_std,z_mask_area,z_mask_area_ratio,z_mask_intensity,z_oop,z_straightness_mean,z_straightness_std
1514.1375,0.3102467405535988,576.4132996507913,123.45749999999998,42.48273296293448,0.634250819683075,0.2424917072057724,1.5073429008133425,0.03484271703471309,0.03690959285386253,36.179683685302734,15.631409645080566,7.238344192504883,0.9351233303620169,0.03674946297564929,3.0,189.0,807.0,163.0,456.0570373535156,0.3011992222327996,1.5119252957232598,0.23271612167596312,0.5675030946731567,727.7676171017498,79.70556594451784,0.7559196715302164,0.6678386827324307,1.852140327724306,0.6287847994857687,3.893358049443154,1.0429447852760736,0.6678386827324307,3.9,0.897239263803681,0.7210943356540401,89.7975,0.0593060405676499,731.4956151340516,0.44265519437729267,0.8354880003870017,0.09612252343982852
