sarcomere_area,cell_mask_area_ratio,domain_area_std,domain_oop_mean,sarcomere_length_mean,z_mask_intensity,myof_straightness_std,z_mask_area,z_straightness_std,myof_length_mean,myof_bending_std,sarcomere_oop,n_domains,myof_straightness_mean,z_intensity_mean,myof_bending_mean,z_lat_dist_mean,z_lat_length_groups_mean,z_length_max,sarcomere_area_ratio,z_length_std,myof_length_max,domain_slen_mean,z_mask_area_ratio,z_lat_alignment_std,n_zbands,cell_mask_area,cell_mask_intensity,z_oop,z_lat_alignment_mean,z_length_mean,z_lat_dist_std,myof_length_std,n_vectors,z_straightness_mean,n_mbands,z_intensity_std,sarcomere_length_std,z_lat_neighbors_mean,z_lat_neighbors_std,domain_area_mean,domain_oop_std
346.35552978515625,0.27612012256530033,0.0,0.8278355598449707,1.5009424022185092,766.5038977237293,0.025383006087428123,72.1575,0.09456801301829147,16.588491439819336,0.012833936173539338,0.8139157891273499,1.0,0.9383627293886148,764.2833084099034,0.022026517374475058,1.7315539573210381,4.741880706989743,3.9,0.298643497944757,0.7544399827024015,33.546546936035156,1.495426106678578,0.06221747987195654,0.7041658962027343,128.0,1159.7625,595.0846056843535,0.7025280483104369,0.8171281550316826,1.0499999999999998,0.6674232312395054,7.444249629974365,684.0,0.8381794589034682,130.0,81.04834266369733,0.21507051676153782,1.140625,0.7041658962027343,275.3775,0.0
