cell_mask_area,cell_mask_area_ratio,cell_mask_intensity,domain_area_mean,domain_area_std,domain_oop_mean,domain_oop_std,domain_slen_mean,myof_bending_mean,myof_bending_std,myof_length_max,myof_length_mean,myof_length_std,myof_straightness_mean,myof_straightness_std,n_domains,n_mbands,n_vectors,n_zbands,sarcomere_area,sarcomere_area_ratio,sarcomere_length_mean,sarcomere_length_std,sarcomere_oop,z_intensity_mean,z_intensity_std,z_lat_alignment_mean,z_lat_alignment_std,z_lat_dist_mean,z_lat_dist_std,z_lat_length_groups_mean,z_lat_neighbors_mean,z_lat_neighbors_std,z_length_max,z_length_mean,z_length_std,z_mask_area,z_mask_area_ratio,z_mask_intensity,z_oop,z_straightness_mean,z_straightness_std
1573.74,0.17811595974412256,558.5952333295207,67.515,12.162720193279137,0.408130019903183,0.18246808648109436,1.4792646837994143,0.036943893281404974,0.032063310452971276,13.093025207519531,8.292586326599121,2.094818353652954,0.9469592026039043,0.020919048237710507,3.0,118.0,392.0,100.0,250.4835662841797,0.15916451655558078,1.4887623583873848,0.2936781722859613,0.16854006052017212,779.114208440209,84.43933774110764,0.6710059602876395,0.6082762530298219,2.08341923748644,0.7256474907773255,1.726473079162146,0.5,0.6082762530298219,2.6999999999999997,0.7739999999999998,0.5111985915473555,60.9075,0.03870239048381562,776.5075729589952,0.19314795689738734,0.8430871419298523,0.09078201409348248
