cell_mask_area,cell_mask_area_ratio,cell_mask_intensity,domain_area_mean,domain_area_std,domain_oop_mean,domain_oop_std,domain_slen_mean,myof_bending_mean,myof_bending_std,myof_length_max,myof_length_mean,myof_length_std,myof_straightness_mean,myof_straightness_std,n_domains,n_mbands,n_vectors,n_zbands,sarcomere_area,sarcomere_area_ratio,sarcomere_length_mean,sarcomere_length_std,sarcomere_oop,z_intensity_mean,z_intensity_std,z_lat_alignment_mean,z_lat_alignment_std,z_lat_dist_mean,z_lat_dist_std,z_lat_length_groups_mean,z_lat_neighbors_mean,z_lat_neighbors_std,z_length_max,z_length_mean,z_length_std,z_mask_area,z_mask_area_ratio,z_mask_intensity,z_oop,z_straightness_mean,z_straightness_std
1933.0649999999998,0.3506851328018809,571.4933654584818,96.89849999999998,57.01058613538366,0.6494771242141724,0.23353654146194458,1.4910365775163466,0.02956973856114535,0.02221079492208861,28.560155868530273,12.172052383422852,5.151464462280273,0.9450967986855554,0.03032676969626483,5.0,257.0,976.0,238.0,597.01025390625,0.3088412722315339,1.4890582866629576,0.196693048200164,0.04156165197491646,756.8905416986532,69.74651741200613,0.7328024332460783,0.6641978744830214,1.7694719840330382,0.6834253167281469,3.4315780618273255,0.9957983193277311,0.6641978744830214,3.75,0.8231092436974788,0.6344219202863062,122.67,0.06345880764485416,754.8879310344828,0.10831214983633171,0.8542666717791603,0.10751702506643925
