cell_mask_area,cell_mask_area_ratio,cell_mask_intensity,domain_area_mean,domain_area_std,domain_oop_mean,domain_oop_std,domain_slen_mean,myof_bending_mean,myof_bending_std,myof_length_max,myof_length_mean,myof_length_std,myof_straightness_mean,myof_straightness_std,n_domains,n_mbands,n_vectors,n_zbands,sarcomere_area,sarcomere_area_ratio,sarcomere_length_mean,sarcomere_length_std,sarcomere_oop,z_intensity_mean,z_intensity_std,z_lat_alignment_mean,z_lat_alignment_std,z_lat_dist_mean,z_lat_dist_std,z_lat_length_groups_mean,z_lat_neighbors_mean,z_lat_neighbors_std,z_length_max,z_length_mean,z_length_std,z_mask_area,z_mask_area_ratio,z_mask_intensity,z_oop,z_straightness_mean,z_straightness_std
1293.6825,0.2136481866825208,603.8572621180235,149.97375,10.60875,0.5469558238983154,0.10707423090934753,1.5025935405295239,0.025364430749537387,0.022372199752890697,35.49774169921875,16.485244750976562,8.118680953979492,0.9367930419165758,0.03754730858284525,2.0,136.0,722.0,134.0,376.14849853515625,0.290757970781205,1.5049100692155373,0.22809912657021883,0.20734058320522308,869.2152867211176,105.6719799926979,0.8023418642154162,0.7292079701675289,1.635334697201712,0.6262688609476769,3.281121544812585,0.9253731343283582,0.7292079701675289,4.05,1.0063432835820896,0.72907172736907,75.3975,0.05828130163312868,876.7248582512683,0.02904516168635392,0.8359615964003361,0.10365584337433253
