sarcomere_area,cell_mask_area_ratio,domain_area_std,domain_oop_mean,sarcomere_length_mean,z_mask_intensity,myof_straightness_std,z_mask_area,z_straightness_std,myof_length_mean,myof_bending_std,sarcomere_oop,n_domains,myof_straightness_mean,z_intensity_mean,myof_bending_mean,z_lat_dist_mean,z_lat_length_groups_mean,z_length_max,sarcomere_area_ratio,z_length_std,myof_length_max,domain_slen_mean,z_mask_area_ratio,z_lat_alignment_std,n_zbands,cell_mask_area,cell_mask_intensity,z_oop,z_lat_alignment_mean,z_length_mean,z_lat_dist_std,myof_length_std,n_vectors,z_straightness_mean,n_mbands,z_intensity_std,sarcomere_length_std,z_lat_neighbors_mean,z_lat_neighbors_std,domain_area_mean,domain_oop_std
376.1485595703125,0.2136481866825208,11.148749999999993,0.5461133718490601,1.5064285796026822,876.7248582512683,0.033846753307940756,75.3975,0.10365584337433253,16.919225692749023,0.020507964273071985,0.20825718343257904,2.0,0.9381082042969349,869.2152867211176,0.025442186380538037,1.635334697201712,3.281121544812585,4.05,0.2907580179605989,0.72907172736907,34.418270111083984,1.503640588510157,0.05828130163312868,0.7292079701675289,134.0,1293.6825,603.8572621180235,0.02904516168635392,0.8023396601556063,1.0063432835820896,0.6262688609476769,7.280933856964111,721.0,0.8359615964003361,136.0,105.6719799926979,0.22251560494919465,0.9253731343283582,0.7292079701675289,149.52375,0.10791683197021484
