cell_mask_area,cell_mask_area_ratio,cell_mask_intensity,domain_area_mean,domain_area_std,domain_oop_mean,domain_oop_std,domain_slen_mean,myof_bending_mean,myof_bending_std,myof_length_max,myof_length_mean,myof_length_std,myof_straightness_mean,myof_straightness_std,n_domains,n_mbands,n_vectors,n_zbands,sarcomere_area,sarcomere_area_ratio,sarcomere_length_mean,sarcomere_length_std,sarcomere_oop,z_intensity_mean,z_intensity_std,z_lat_alignment_mean,z_lat_alignment_std,z_lat_dist_mean,z_lat_dist_std,z_lat_length_groups_mean,z_lat_neighbors_mean,z_lat_neighbors_std,z_length_max,z_length_mean,z_length_std,z_mask_area,z_mask_area_ratio,z_mask_intensity,z_oop,z_straightness_mean,z_straightness_std
1641.4875,0.13271036197703967,570.855047632102,20.4075,0.0,0.947492241859436,0.0,1.564612770751846,0.028132988525971975,0.014145262908290821,11.936785697937012,9.447854995727539,1.7188518047332764,0.9502749500674823,0.02174482679568236,1.0,35.0,87.0,35.0,65.27718353271484,0.03976709145376669,1.554062305327997,0.2041478290445054,0.13607414066791534,758.4464669512755,64.24165200774894,0.3251503420043532,0.2321153829895989,1.4849242404917506,0.0,0.7010271835438749,0.05714285714285714,0.2321153829895989,1.5,0.6385714285714285,0.3070797277315347,16.2225,0.009882804468507984,761.9805825242719,0.15196105410310787,0.8660544620754205,0.09152249299492587
