cell_mask_area,cell_mask_area_ratio,cell_mask_intensity,domain_area_mean,domain_area_std,domain_oop_mean,domain_oop_std,domain_slen_mean,myof_bending_mean,myof_bending_std,myof_length_max,myof_length_mean,myof_length_std,myof_straightness_mean,myof_straightness_std,n_domains,n_mbands,n_vectors,n_zbands,sarcomere_area,sarcomere_area_ratio,sarcomere_length_mean,sarcomere_length_std,sarcomere_oop,z_intensity_mean,z_intensity_std,z_lat_alignment_mean,z_lat_alignment_std,z_lat_dist_mean,z_lat_dist_std,z_lat_length_groups_mean,z_lat_neighbors_mean,z_lat_neighbors_std,z_length_max,z_length_mean,z_length_std,z_mask_area,z_mask_area_ratio,z_mask_intensity,z_oop,z_straightness_mean,z_straightness_std
1273.0725,0.17975918159867837,579.9016984500097,41.4225,0.0,0.9662704467773438,0.0,1.418896732802786,0.016835930552961193,0.013608025750727665,17.429241180419922,11.731748580932617,4.461191177368164,0.9613331473258176,0.033913820817959094,1.0,39.0,156.0,39.0,67.99830627441406,0.05341275243508446,1.4322538880710605,0.2743216372957886,0.9150558114051819,902.7843169375582,139.47587909518725,0.8428857079427093,0.49188015623720205,1.8598486051026235,0.5974639454375676,1.3367424419268565,0.2564102564102564,0.49188015623720205,2.25,0.9269230769230771,0.5662343170235692,18.81,0.014775277920149873,910.0968899521531,0.8676590008693186,0.8500691596630421,0.07798190884436089
