cell_mask_area,cell_mask_area_ratio,cell_mask_intensity,domain_area_mean,domain_area_std,domain_oop_mean,domain_oop_std,domain_slen_mean,myof_bending_mean,myof_bending_std,myof_length_max,myof_length_mean,myof_length_std,myof_straightness_mean,myof_straightness_std,n_domains,n_mbands,n_vectors,n_zbands,sarcomere_area,sarcomere_area_ratio,sarcomere_length_mean,sarcomere_length_std,sarcomere_oop,z_intensity_mean,z_intensity_std,z_lat_alignment_mean,z_lat_alignment_std,z_lat_dist_mean,z_lat_dist_std,z_lat_length_groups_mean,z_lat_neighbors_mean,z_lat_neighbors_std,z_length_max,z_length_mean,z_length_std,z_mask_area,z_mask_area_ratio,z_mask_intensity,z_oop,z_straightness_mean,z_straightness_std
1282.3425,0.3636056244577145,644.6957521099082,254.925,88.4475,0.8260502815246582,0.10181286931037903,1.6870026815322947,0.018854299629381406,0.013241470806657144,35.860252380371094,18.59272575378418,6.975923538208008,0.964698638776169,0.018270086033224973,2.0,143.0,1313.0,170.0,535.584716796875,0.4176612073583111,1.6822059901890825,0.2182841954838281,0.8639284372329712,877.4800197521132,101.30304408145395,0.7900196920126205,0.5842216008440064,1.6441305879866697,0.6558873898644438,9.514426857922562,1.4470588235294117,0.5842216008440064,6.75,1.4408823529411765,1.252593468737513,112.725,0.08790553225834752,889.3960079840319,0.7430750194764552,0.8334914666911355,0.1146792599992929
