cell_mask_area,cell_mask_area_ratio,cell_mask_intensity,domain_area_mean,domain_area_std,domain_oop_mean,domain_oop_std,domain_slen_mean,myof_bending_mean,myof_bending_std,myof_length_max,myof_length_mean,myof_length_std,myof_straightness_mean,myof_straightness_std,n_domains,n_mbands,n_vectors,n_zbands,sarcomere_area,sarcomere_area_ratio,sarcomere_length_mean,sarcomere_length_std,sarcomere_oop,z_intensity_mean,z_intensity_std,z_lat_alignment_mean,z_lat_alignment_std,z_lat_dist_mean,z_lat_dist_std,z_lat_length_groups_mean,z_lat_neighbors_mean,z_lat_neighbors_std,z_length_max,z_length_mean,z_length_std,z_mask_area,z_mask_area_ratio,z_mask_intensity,z_oop,z_straightness_mean,z_straightness_std
1749.1725,0.2566471889340068,562.8294079057383,161.5275,22.469431735137412,0.7863009572029114,0.11024650931358337,1.716878483892817,0.01568130824401783,0.016406509827604242,40.506595611572266,16.28867530822754,8.055278778076172,0.9606412495493002,0.02271505730411799,3.0,140.0,1163.0,145.0,553.7782592773438,0.3165944235216045,1.7167488151058259,0.22830625147949207,0.6407670378684998,738.1561347388609,81.94915474479181,0.7998583082738523,0.624509319871546,1.6069667581901574,0.5853698301687696,3.4803685744495407,0.7586206896551724,0.624509319871546,6.45,1.5506896551724139,1.162725487317837,115.1325,0.06582112398862891,740.0576509673637,0.49130949637859256,0.8043889343403905,0.10819002458611972
