cell_mask_area,cell_mask_area_ratio,cell_mask_intensity,domain_area_mean,domain_area_std,domain_oop_mean,domain_oop_std,domain_slen_mean,myof_bending_mean,myof_bending_std,myof_length_max,myof_length_mean,myof_length_std,myof_straightness_mean,myof_straightness_std,n_domains,n_mbands,n_vectors,n_zbands,sarcomere_area,sarcomere_area_ratio,sarcomere_length_mean,sarcomere_length_std,sarcomere_oop,z_intensity_mean,z_intensity_std,z_lat_alignment_mean,z_lat_alignment_std,z_lat_dist_mean,z_lat_dist_std,z_lat_length_groups_mean,z_lat_neighbors_mean,z_lat_neighbors_std,z_length_max,z_length_mean,z_length_std,z_mask_area,z_mask_area_ratio,z_mask_intensity,z_oop,z_straightness_mean,z_straightness_std
689.76,0.229891263592051,718.2778901356994,59.5575,0.0,0.7290416359901428,0.0,1.3626903468062672,0.06392424548747175,0.042669607658227096,9.23759937286377,7.337069988250732,1.120368242263794,0.9362369524920461,0.0399956889748917,1.0,42.0,132.0,31.0,81.936767578125,0.11879025686923712,1.3626903468062672,0.2971316819458083,0.729041576385498,1176.3434215972177,278.35834924672054,0.7830892676213104,0.6579380017539076,1.6909402469238755,0.5512223519896701,2.6074359454256055,0.7741935483870968,0.6579380017539076,2.55,0.9435483870967741,0.5805645105278959,17.1225,0.02482385177453027,1160.1537450722733,0.5232697510672214,0.8382463888287943,0.10119032565984679
