cell_mask_area,cell_mask_area_ratio,cell_mask_intensity,domain_area_mean,domain_area_std,domain_oop_mean,domain_oop_std,domain_slen_mean,myof_bending_mean,myof_bending_std,myof_length_max,myof_length_mean,myof_length_std,myof_straightness_mean,myof_straightness_std,n_domains,n_mbands,n_vectors,n_zbands,sarcomere_area,sarcomere_area_ratio,sarcomere_length_mean,sarcomere_length_std,sarcomere_oop,z_intensity_mean,z_intensity_std,z_lat_alignment_mean,z_lat_alignment_std,z_lat_dist_mean,z_lat_dist_std,z_lat_length_groups_mean,z_lat_neighbors_mean,z_lat_neighbors_std,z_length_max,z_length_mean,z_length_std,z_mask_area,z_mask_area_ratio,z_mask_intensity,z_oop,z_straightness_mean,z_straightness_std
808.4925,0.2878739324798513,630.1775804970362,174.375,23.512500000000003,0.9225239753723145,0.033404767513275146,1.756349036735458,0.013610858290729692,0.01041701192988186,41.91581726074219,23.932708740234375,9.697572708129883,0.9569112032521462,0.025993222667794254,2.0,85.0,898.0,83.0,387.571044921875,0.47937494153857335,1.7437875083643892,0.23448753068677997,0.9250036478042603,888.4107850757399,96.11873538260348,0.8302029069911862,0.587279884672479,1.6980740904996054,0.5690832135361699,8.384930893215971,1.2771084337349397,0.587279884672479,6.6,1.9463855421686749,1.542583951993407,76.005,0.09400829321236746,895.7368265245708,0.8350195435779324,0.7790942843937159,0.1152205662067495
