sarcomere_area,cell_mask_area_ratio,domain_area_std,domain_oop_mean,sarcomere_length_mean,z_mask_intensity,myof_straightness_std,z_mask_area,z_straightness_std,myof_length_mean,myof_bending_std,sarcomere_oop,n_domains,myof_straightness_mean,z_intensity_mean,myof_bending_mean,z_lat_dist_mean,z_lat_length_groups_mean,z_length_max,sarcomere_area_ratio,z_length_std,myof_length_max,domain_slen_mean,z_mask_area_ratio,z_lat_alignment_std,n_zbands,cell_mask_area,cell_mask_intensity,z_oop,z_lat_alignment_mean,z_length_mean,z_lat_dist_std,myof_length_std,n_vectors,z_straightness_mean,n_mbands,z_intensity_std,sarcomere_length_std,z_lat_neighbors_mean,z_lat_neighbors_std,domain_area_mean,domain_oop_std
65.27718353271484,0.13271036197703967,0.0,0.947492241859436,1.554062305327997,761.9805825242719,0.02174482679568236,16.2225,0.09152249299492587,9.447854995727539,0.014145262908290821,0.13607414066791534,1.0,0.9502749500674823,758.4464669512755,0.028132988525971975,1.4849242404917506,0.7010271835438749,1.5,0.03976709145376669,0.3070797277315347,11.936785697937012,1.564612770751846,0.009882804468507984,0.2321153829895989,35.0,1641.4875,570.855047632102,0.15196105410310787,0.3251503420043532,0.6385714285714285,0.0,1.7188518047332764,87.0,0.8660544620754205,35.0,64.24165200774894,0.2041478290445054,0.05714285714285714,0.2321153829895989,20.4075,0.0
