sarcomere_area,cell_mask_area_ratio,domain_area_std,domain_oop_mean,sarcomere_length_mean,z_mask_intensity,myof_straightness_std,z_mask_area,z_straightness_std,myof_length_mean,myof_bending_std,sarcomere_oop,n_domains,myof_straightness_mean,z_intensity_mean,myof_bending_mean,z_lat_dist_mean,z_lat_length_groups_mean,z_length_max,sarcomere_area_ratio,z_length_std,myof_length_max,domain_slen_mean,z_mask_area_ratio,z_lat_alignment_std,n_zbands,cell_mask_area,cell_mask_intensity,z_oop,z_lat_alignment_mean,z_length_mean,z_lat_dist_std,myof_length_std,n_vectors,z_straightness_mean,n_mbands,z_intensity_std,sarcomere_length_std,z_lat_neighbors_mean,z_lat_neighbors_std,domain_area_mean,domain_oop_std
267.0044250488281,0.10179822394753528,10.970832494619536,0.8888219594955444,1.4588630913990546,956.0430544272949,0.03942403237251707,55.394999999999996,0.08821501674324085,16.18756103515625,0.00938308726660073,0.7399145364761353,4.0,0.953691612579701,943.2160258146779,0.015651802747762508,1.8409633079680572,1.7665881642357222,4.6499999999999995,0.2267178047362247,0.8952983042727755,37.105224609375,1.454982996753934,0.0470367964540904,0.5107940364258603,103.0,1177.695,591.5849604524092,0.7579875549512065,0.820708334758884,1.0310679611650484,0.6370667929780239,8.158750534057617,530.0,0.8162524859063368,105.0,196.7271590948637,0.1995461440075496,0.4077669902912621,0.5107940364258603,51.00750000000001,0.11957020312547684
