cell_mask_area,cell_mask_area_ratio,cell_mask_intensity,domain_area_mean,domain_area_std,domain_oop_mean,domain_oop_std,domain_slen_mean,myof_bending_mean,myof_bending_std,myof_length_max,myof_length_mean,myof_length_std,myof_straightness_mean,myof_straightness_std,n_domains,n_mbands,n_vectors,n_zbands,sarcomere_area,sarcomere_area_ratio,sarcomere_length_mean,sarcomere_length_std,sarcomere_oop,z_intensity_mean,z_intensity_std,z_lat_alignment_mean,z_lat_alignment_std,z_lat_dist_mean,z_lat_dist_std,z_lat_length_groups_mean,z_lat_neighbors_mean,z_lat_neighbors_std,z_length_max,z_length_mean,z_length_std,z_mask_area,z_mask_area_ratio,z_mask_intensity,z_oop,z_straightness_mean,z_straightness_std
689.8275,0.2299137607799025,718.2585211520271,59.4675,0.0,0.732780396938324,0.0,1.3858130579010886,0.052688453150133076,0.030175813839957284,13.761134147644043,8.876945495605469,2.347590684890747,0.9470953748088586,0.017804452053498655,1.0,42.0,129.0,31.0,81.89958953857422,0.11872473848690321,1.3858130579010886,0.3220639959023293,0.7327803373336792,1175.197026191548,276.40949767713096,0.782045374797578,0.6579380017539076,1.6909402469238755,0.5512223519896701,2.5995412085835,0.7741935483870968,0.6579380017539076,2.55,0.9387096774193547,0.5815315814544625,17.1675,0.024886656446720376,1160.6880733944954,0.5224862011066126,0.838883838532458,0.10123378357525978
