sarcomere_area,cell_mask_area_ratio,domain_area_std,domain_oop_mean,sarcomere_length_mean,z_mask_intensity,myof_straightness_std,z_mask_area,z_straightness_std,myof_length_mean,myof_bending_std,sarcomere_oop,n_domains,myof_straightness_mean,z_intensity_mean,myof_bending_mean,z_lat_dist_mean,z_lat_length_groups_mean,z_length_max,sarcomere_area_ratio,z_length_std,myof_length_max,domain_slen_mean,z_mask_area_ratio,z_lat_alignment_std,n_zbands,cell_mask_area,cell_mask_intensity,z_oop,z_lat_alignment_mean,z_length_mean,z_lat_dist_std,myof_length_std,n_vectors,z_straightness_mean,n_mbands,z_intensity_std,sarcomere_length_std,z_lat_neighbors_mean,z_lat_neighbors_std,domain_area_mean,domain_oop_std
151.6727752685547,0.16194010481040194,8.100000000000001,0.7280741930007935,1.356112664010231,772.060465116279,0.04252635728332985,38.699999999999996,0.09903604307852937,11.862810134887695,0.016170373675895425,0.5617679953575134,2.0,0.9375136528315544,782.6111019722136,0.02715219070056727,1.7909827417954505,1.8207193458547977,3.75,0.12862317987670033,0.7665483493440489,20.727203369140625,1.3636010806221819,0.03281879066572535,0.45175395145262554,63.0,1179.2024999999999,565.1718597950734,0.4959199705807289,0.8070037898592931,1.3047619047619048,0.4742160041487974,6.087404251098633,384.0,0.818056256807163,67.0,121.43435596103129,0.26804221148745216,0.2857142857142857,0.45175395145262554,54.675,0.18748041987419128
