cell_mask_area,cell_mask_area_ratio,cell_mask_intensity,domain_area_mean,domain_area_std,domain_oop_mean,domain_oop_std,domain_slen_mean,myof_bending_mean,myof_bending_std,myof_length_max,myof_length_mean,myof_length_std,myof_straightness_mean,myof_straightness_std,n_domains,n_mbands,n_vectors,n_zbands,sarcomere_area,sarcomere_area_ratio,sarcomere_length_mean,sarcomere_length_std,sarcomere_oop,z_intensity_mean,z_intensity_std,z_lat_alignment_mean,z_lat_alignment_std,z_lat_dist_mean,z_lat_dist_std,z_lat_length_groups_mean,z_lat_neighbors_mean,z_lat_neighbors_std,z_length_max,z_length_mean,z_length_std,z_mask_area,z_mask_area_ratio,z_mask_intensity,z_oop,z_straightness_mean,z_straightness_std
1487.9025,0.21487965842293558,606.5557168564472,64.7325,44.2125,0.8502630591392517,0.10371023416519165,1.4488026778266903,0.023528039219172733,0.02696634990782833,28.52067756652832,12.78690242767334,5.21127986907959,0.9536402354409048,0.03285383872282327,2.0,70.0,343.0,76.0,172.17593383789062,0.11571721523277946,1.4546576187592972,0.24144388423108326,0.7650749087333679,823.4986181387757,108.04370388788566,0.763243481260244,0.6652223505139231,1.7326301185131858,0.6630682763393576,2.365939044895021,0.7105263157894737,0.6652223505139231,4.5,0.9098684210526314,0.6952384926299384,37.192499999999995,0.02499659755931588,833.9981851179673,0.6273544119527309,0.842473636052152,0.10584268350639083
