cell_mask_area,cell_mask_area_ratio,cell_mask_intensity,domain_area_mean,domain_area_std,domain_oop_mean,domain_oop_std,domain_slen_mean,myof_bending_mean,myof_bending_std,myof_length_max,myof_length_mean,myof_length_std,myof_straightness_mean,myof_straightness_std,n_domains,n_mbands,n_vectors,n_zbands,sarcomere_area,sarcomere_area_ratio,sarcomere_length_mean,sarcomere_length_std,sarcomere_oop,z_intensity_mean,z_intensity_std,z_lat_alignment_mean,z_lat_alignment_std,z_lat_dist_mean,z_lat_dist_std,z_lat_length_groups_mean,z_lat_neighbors_mean,z_lat_neighbors_std,z_length_max,z_length_mean,z_length_std,z_mask_area,z_mask_area_ratio,z_mask_intensity,z_oop,z_straightness_mean,z_straightness_std
821.2724999999999,0.21251659330678405,563.268376208871,215.70749999999998,0.0,0.49826139211654663,0.0,1.5524252938226153,0.020256651083813228,0.010115449122133666,31.049339294433594,16.8415470123291,6.84691047668457,0.9274557942680292,0.053082844248401484,1.0,74.0,588.0,76.0,259.7327880859375,0.31625652640985485,1.5525619239226078,0.16440096033947726,0.4684368669986725,786.643283398156,99.68396217983296,0.7805440020353569,0.7249988059976795,1.700193120628594,0.6416003778637422,4.808311667689599,1.0263157894736843,0.7249988059976795,6.3,1.468421052631579,1.2635279063333356,49.86,0.060710665461220246,793.4562274368232,0.37165303353697876,0.8047911423130392,0.13387102935216025
