cell_mask_area,cell_mask_area_ratio,cell_mask_intensity,domain_area_mean,domain_area_std,domain_oop_mean,domain_oop_std,domain_slen_mean,myof_bending_mean,myof_bending_std,myof_length_max,myof_length_mean,myof_length_std,myof_straightness_mean,myof_straightness_std,n_domains,n_mbands,n_vectors,n_zbands,sarcomere_area,sarcomere_area_ratio,sarcomere_length_mean,sarcomere_length_std,sarcomere_oop,z_intensity_mean,z_intensity_std,z_lat_alignment_mean,z_lat_alignment_std,z_lat_dist_mean,z_lat_dist_std,z_lat_length_groups_mean,z_lat_neighbors_mean,z_lat_neighbors_std,z_length_max,z_length_mean,z_length_std,z_mask_area,z_mask_area_ratio,z_mask_intensity,z_oop,z_straightness_mean,z_straightness_std
1293.6825,0.2136481866825208,603.8572621180235,149.52375,11.148749999999993,0.5461133718490601,0.10791683197021484,1.503640588510157,0.025442186380538037,0.020507964273071985,34.418270111083984,16.919225692749023,7.280933856964111,0.9381082042969349,0.033846753307940756,2.0,136.0,721.0,134.0,376.1485595703125,0.2907580179605989,1.5064285796026822,0.22251560494919465,0.20825718343257904,869.2152867211176,105.6719799926979,0.8023396601556063,0.7292079701675289,1.635334697201712,0.6262688609476769,3.281121544812585,0.9253731343283582,0.7292079701675289,4.05,1.0063432835820896,0.72907172736907,75.3975,0.05828130163312868,876.7248582512683,0.02904516168635392,0.8359615964003361,0.10365584337433253
