cell_mask_area,cell_mask_area_ratio,cell_mask_intensity,domain_area_mean,domain_area_std,domain_oop_mean,domain_oop_std,domain_slen_mean,myof_bending_mean,myof_bending_std,myof_length_max,myof_length_mean,myof_length_std,myof_straightness_mean,myof_straightness_std,n_domains,n_mbands,n_vectors,n_zbands,sarcomere_area,sarcomere_area_ratio,sarcomere_length_mean,sarcomere_length_std,sarcomere_oop,z_intensity_mean,z_intensity_std,z_lat_alignment_mean,z_lat_alignment_std,z_lat_dist_mean,z_lat_dist_std,z_lat_length_groups_mean,z_lat_neighbors_mean,z_lat_neighbors_std,z_length_max,z_length_mean,z_length_std,z_mask_area,z_mask_area_ratio,z_mask_intensity,z_oop,z_straightness_mean,z_straightness_std
1271.8125,0.17958126826788665,579.9614506855373,42.345,0.0,0.9602002501487732,0.0,1.42154466183751,0.02229746725025713,0.021724098510307252,17.535816192626953,10.000096321105957,4.250921249389648,0.9525184417188683,0.02008986620621735,1.0,39.0,157.0,38.0,67.95783233642578,0.0534338452691932,1.4393538084207338,0.27569428142783153,0.9090500473976135,906.1646059797746,139.71337732021644,0.8314121514749038,0.4965253227398213,1.8598486051026235,0.5974639454375676,1.3681588795610038,0.2631578947368421,0.4965253227398213,2.25,0.9434210526315789,0.5643080360554745,18.787499999999998,0.01477222467934542,910.3233532934132,0.86854951373638,0.8498830097293628,0.07899276985719468
