cell_mask_area,cell_mask_area_ratio,cell_mask_intensity,domain_area_mean,domain_area_std,domain_oop_mean,domain_oop_std,domain_slen_mean,myof_bending_mean,myof_bending_std,myof_length_max,myof_length_mean,myof_length_std,myof_straightness_mean,myof_straightness_std,n_domains,n_mbands,n_vectors,n_zbands,sarcomere_area,sarcomere_area_ratio,sarcomere_length_mean,sarcomere_length_std,sarcomere_oop,z_intensity_mean,z_intensity_std,z_lat_alignment_mean,z_lat_alignment_std,z_lat_dist_mean,z_lat_dist_std,z_lat_length_groups_mean,z_lat_neighbors_mean,z_lat_neighbors_std,z_length_max,z_length_mean,z_length_std,z_mask_area,z_mask_area_ratio,z_mask_intensity,z_oop,z_straightness_mean,z_straightness_std
1159.7849999999999,0.2761254794403137,595.083032631048,269.73,0.0,0.8261206150054932,0.0,1.495384889381985,0.02196457972063048,0.011583988446811124,33.70083999633789,16.643911361694336,7.328188419342041,0.9383397703738263,0.025118964976445935,1.0,130.0,684.0,128.0,346.35552978515625,0.2986377042168646,1.5036433216274878,0.21561876493698423,0.8138753771781921,764.2833084099034,81.04834266369733,0.8171309763586365,0.7041658962027343,1.7315539573210381,0.6674232312395054,4.741880706989743,1.140625,0.7041658962027343,3.9,1.0499999999999998,0.7544399827024015,72.1575,0.06221627284367362,766.5038977237293,0.7025280483104369,0.8381794589034682,0.09456801301829147
