cell_mask_area,cell_mask_area_ratio,cell_mask_intensity,domain_area_mean,domain_area_std,domain_oop_mean,domain_oop_std,domain_slen_mean,myof_bending_mean,myof_bending_std,myof_length_max,myof_length_mean,myof_length_std,myof_straightness_mean,myof_straightness_std,n_domains,n_mbands,n_vectors,n_zbands,sarcomere_area,sarcomere_area_ratio,sarcomere_length_mean,sarcomere_length_std,sarcomere_oop,z_intensity_mean,z_intensity_std,z_lat_alignment_mean,z_lat_alignment_std,z_lat_dist_mean,z_lat_dist_std,z_lat_length_groups_mean,z_lat_neighbors_mean,z_lat_neighbors_std,z_length_max,z_length_mean,z_length_std,z_mask_area,z_mask_area_ratio,z_mask_intensity,z_oop,z_straightness_mean,z_straightness_std
954.405,0.2697230788795981,608.0905983308973,52.199999999999996,0.0,0.9217082858085632,0.0,1.426772299548017,0.031990008704406686,0.03816091814797712,11.013428688049316,9.592645645141602,1.4141621589660645,0.972686929480124,0.014625456419217158,1.0,37.0,131.0,28.0,74.95143127441406,0.07853210248732358,1.4255038834367808,0.24629517712748894,0.8922964334487915,843.6519627293582,80.72067210323644,0.8800759421788575,0.6546536707079771,1.6485359567720714,0.5725948947688103,3.330678813914928,1.0,0.6546536707079771,3.4499999999999997,0.8410714285714285,0.7253144110645804,16.3125,0.01709180065066717,838.8124137931035,0.8694018302880673,0.8469952151248845,0.1115213857355968
