cell_mask_area,cell_mask_area_ratio,cell_mask_intensity,domain_area_mean,domain_area_std,domain_oop_mean,domain_oop_std,domain_slen_mean,myof_bending_mean,myof_bending_std,myof_length_max,myof_length_mean,myof_length_std,myof_straightness_mean,myof_straightness_std,n_domains,n_mbands,n_vectors,n_zbands,sarcomere_area,sarcomere_area_ratio,sarcomere_length_mean,sarcomere_length_std,sarcomere_oop,z_intensity_mean,z_intensity_std,z_lat_alignment_mean,z_lat_alignment_std,z_lat_dist_mean,z_lat_dist_std,z_lat_length_groups_mean,z_lat_neighbors_mean,z_lat_neighbors_std,z_length_max,z_length_mean,z_length_std,z_mask_area,z_mask_area_ratio,z_mask_intensity,z_oop,z_straightness_mean,z_straightness_std
696.2175,0.18486235243511925,605.2207930711307,137.8125,0.0,0.7410512566566467,0.0,1.3912657018367576,0.03812295705655124,0.03151746541213891,16.272171020507812,10.114828109741211,2.870954990386963,0.9328558731677397,0.04311129630245883,1.0,61.0,339.0,60.0,166.83921813964844,0.23963663386750325,1.3910994957684255,0.3004396698690332,0.7414349317550659,865.8848271494048,143.3377656144057,0.7625087367054963,0.8137703743822469,1.691586894981464,0.7067328184872768,4.440385022835959,1.0666666666666667,0.8137703743822469,3.75,1.1699999999999997,0.822405009712368,31.904999999999998,0.045826196554955886,889.8568406205924,0.6244841392149777,0.791951494992034,0.10878311791083353
