cell_mask_area,cell_mask_area_ratio,cell_mask_intensity,domain_area_mean,domain_area_std,domain_oop_mean,domain_oop_std,domain_slen_mean,myof_bending_mean,myof_bending_std,myof_length_max,myof_length_mean,myof_length_std,myof_straightness_mean,myof_straightness_std,n_domains,n_mbands,n_vectors,n_zbands,sarcomere_area,sarcomere_area_ratio,sarcomere_length_mean,sarcomere_length_std,sarcomere_oop,z_intensity_mean,z_intensity_std,z_lat_alignment_mean,z_lat_alignment_std,z_lat_dist_mean,z_lat_dist_std,z_lat_length_groups_mean,z_lat_neighbors_mean,z_lat_neighbors_std,z_length_max,z_length_mean,z_length_std,z_mask_area,z_mask_area_ratio,z_mask_intensity,z_oop,z_straightness_mean,z_straightness_std
1067.0175,0.21566005902763566,561.3693144676633,49.995,0.0,0.5344750881195068,0.0,1.6272523082049763,0.057596941363315855,0.04003671814502044,12.957159042358398,9.7584228515625,3.0031416416168213,0.9407157742385677,0.023148746404922704,1.0,43.0,120.0,50.0,105.3954849243164,0.09877577914543709,1.6160769949144798,0.2004868681100672,0.42837101221084595,759.3239290973116,92.33683845927577,0.6380229747860675,0.6248199740725323,1.8871770891502622,0.8072717226475508,1.889553924306005,0.64,0.6248199740725323,3.9,0.6809999999999998,0.644274010029894,28.259999999999998,0.026485038905172596,763.2786624203821,0.11836861547318929,0.8483470215842217,0.1029945712063709
