cell_mask_area,cell_mask_area_ratio,cell_mask_intensity,domain_area_mean,domain_area_std,domain_oop_mean,domain_oop_std,domain_slen_mean,myof_bending_mean,myof_bending_std,myof_length_max,myof_length_mean,myof_length_std,myof_straightness_mean,myof_straightness_std,n_domains,n_mbands,n_vectors,n_zbands,sarcomere_area,sarcomere_area_ratio,sarcomere_length_mean,sarcomere_length_std,sarcomere_oop,z_intensity_mean,z_intensity_std,z_lat_alignment_mean,z_lat_alignment_std,z_lat_dist_mean,z_lat_dist_std,z_lat_length_groups_mean,z_lat_neighbors_mean,z_lat_neighbors_std,z_length_max,z_length_mean,z_length_std,z_mask_area,z_mask_area_ratio,z_mask_intensity,z_oop,z_straightness_mean,z_straightness_std
1067.5575,0.21576920103503003,561.3450586970725,48.78,0.0,0.5449842214584351,0.0,1.6245901035670307,0.08113735108799214,0.028791458636986123,10.982501983642578,7.856253623962402,1.9333710670471191,0.9444999064097312,0.025890114263791168,1.0,43.0,119.0,50.0,105.394775390625,0.09872515100181958,1.619683140922959,0.20004070741249652,0.42456749081611633,759.3239290973116,92.33683845927577,0.6384416064370916,0.6248199740725323,1.8871770891502622,0.8072717226475508,1.889553924306005,0.64,0.6248199740725323,3.9,0.6809999999999998,0.644274010029894,28.2375,0.02645056589457711,763.3880478087649,0.11836861547318929,0.8483470215842217,0.1029945712063709
