cell_mask_area,cell_mask_area_ratio,cell_mask_intensity,domain_area_mean,domain_area_std,domain_oop_mean,domain_oop_std,domain_slen_mean,myof_bending_mean,myof_bending_std,myof_length_max,myof_length_mean,myof_length_std,myof_straightness_mean,myof_straightness_std,n_domains,n_mbands,n_vectors,n_zbands,sarcomere_area,sarcomere_area_ratio,sarcomere_length_mean,sarcomere_length_std,sarcomere_oop,z_intensity_mean,z_intensity_std,z_lat_alignment_mean,z_lat_alignment_std,z_lat_dist_mean,z_lat_dist_std,z_lat_length_groups_mean,z_lat_neighbors_mean,z_lat_neighbors_std,z_length_max,z_length_mean,z_length_std,z_mask_area,z_mask_area_ratio,z_mask_intensity,z_oop,z_straightness_mean,z_straightness_std
1954.2375,0.20568106469640998,557.9857808991998,136.1025,87.47889900927538,0.5407279133796692,0.2588157653808594,1.6612541002030352,0.022380362882158444,0.013784141693067724,34.266231536865234,17.045040130615234,8.186583518981934,0.9265800374583032,0.05366222464364869,4.0,252.0,1156.0,243.0,658.2891845703125,0.3368521914917263,1.6182613894705986,0.21380726579489165,0.04159680753946304,755.8846699254348,80.62618660087969,0.7920191043695484,0.6950469874931351,1.8874423758720138,0.6647452728396082,2.844015647462947,0.823045267489712,0.6950469874931351,4.2,0.8969135802469136,0.6663122057223544,126.8325,0.06490127223533475,751.5909171545148,0.1626578610423244,0.8619732535754399,0.08796659803340527
