sarcomere_area,cell_mask_area_ratio,domain_area_std,domain_oop_mean,sarcomere_length_mean,z_mask_intensity,myof_straightness_std,z_mask_area,z_straightness_std,myof_length_mean,myof_bending_std,sarcomere_oop,n_domains,myof_straightness_mean,z_intensity_mean,myof_bending_mean,z_lat_dist_mean,z_lat_length_groups_mean,z_length_max,sarcomere_area_ratio,z_length_std,myof_length_max,domain_slen_mean,z_mask_area_ratio,z_lat_alignment_std,n_zbands,cell_mask_area,cell_mask_intensity,z_oop,z_lat_alignment_mean,z_length_mean,z_lat_dist_std,myof_length_std,n_vectors,z_straightness_mean,n_mbands,z_intensity_std,sarcomere_length_std,z_lat_neighbors_mean,z_lat_neighbors_std,domain_area_mean,domain_oop_std
137.2759246826172,0.36279424585876197,0.0,0.40148845314979553,1.4560347701145957,848.1604316546762,0.03567871466945598,31.275,0.0982668281491869,9.421974182128906,0.024347718730679323,0.07038965821266174,1.0,0.9509588616393192,854.0372352420886,0.030761937136340116,1.7695764072503486,1.3987386993605462,2.1,0.12218188060711566,0.5171119514968867,18.43276596069336,1.4231944076692413,0.027836187043156106,0.5571631343484302,53.0,1123.5375,608.2465004505858,0.1005244882757174,0.6648599039793279,0.8009433962264152,0.3682381551427637,3.1324329376220703,214.0,0.8521627863683277,71.0,117.47775978006872,0.2125205923566352,0.37735849056603776,0.5571631343484302,64.0575,0.0
