cell_mask_area,cell_mask_area_ratio,cell_mask_intensity,domain_area_mean,domain_area_std,domain_oop_mean,domain_oop_std,domain_slen_mean,myof_bending_mean,myof_bending_std,myof_length_max,myof_length_mean,myof_length_std,myof_straightness_mean,myof_straightness_std,n_domains,n_mbands,n_vectors,n_zbands,sarcomere_area,sarcomere_area_ratio,sarcomere_length_mean,sarcomere_length_std,sarcomere_oop,z_intensity_mean,z_intensity_std,z_lat_alignment_mean,z_lat_alignment_std,z_lat_dist_mean,z_lat_dist_std,z_lat_length_groups_mean,z_lat_neighbors_mean,z_lat_neighbors_std,z_length_max,z_length_mean,z_length_std,z_mask_area,z_mask_area_ratio,z_mask_intensity,z_oop,z_straightness_mean,z_straightness_std
743.3774999999999,0.2547575720189994,577.95859438845,60.78375,30.206249999999997,0.6033172607421875,0.15242531895637512,1.4554170464087959,0.02457662592438131,0.01754775238029728,17.82338523864746,11.937728881835938,4.084989547729492,0.9416601492462912,0.025753671934308178,2.0,49.0,315.0,49.0,134.14801025390625,0.18045745298170346,1.4570160597869533,0.20872593462185385,0.6958562135696411,688.7250015010292,40.22715616523068,0.7390613393976994,0.5984848285149053,1.4969220261559613,0.668374481566382,3.0224063377679777,0.7346938775510204,0.5984848285149053,5.3999999999999995,1.3622448979591835,1.3710390299541595,32.4225,0.04361512152304852,691.8743927827898,0.4252157730176754,0.8335578595726113,0.11878395242775641
