sarcomere_area,cell_mask_area_ratio,domain_area_std,domain_oop_mean,sarcomere_length_mean,z_mask_intensity,myof_straightness_std,z_mask_area,z_straightness_std,myof_length_mean,myof_bending_std,sarcomere_oop,n_domains,myof_straightness_mean,z_intensity_mean,myof_bending_mean,z_lat_dist_mean,z_lat_length_groups_mean,z_length_max,sarcomere_area_ratio,z_length_std,myof_length_max,domain_slen_mean,z_mask_area_ratio,z_lat_alignment_std,n_zbands,cell_mask_area,cell_mask_intensity,z_oop,z_lat_alignment_mean,z_length_mean,z_lat_dist_std,myof_length_std,n_vectors,z_straightness_mean,n_mbands,z_intensity_std,sarcomere_length_std,z_lat_neighbors_mean,z_lat_neighbors_std,domain_area_mean,domain_oop_std
365.9137268066406,0.24243485933769338,1.9334950542993357,0.7762851715087891,1.4926731983245387,731.2830134631911,0.03701906055902303,78.5475,0.09027289712012829,13.122441291809082,0.021496593427206598,0.41206100583076477,4.0,0.9423329712329647,729.8807565334688,0.025983115737160715,1.9328744353885896,2.104747324706053,2.6999999999999997,0.21761537631158487,0.5578346331929767,25.29655647277832,1.4998719191752532,0.04671358989455655,0.6696817186677266,154.0,1681.47,557.8364288390516,0.3408772432435939,0.8050118880358877,0.7938311688311688,0.6889458737965145,3.9752347469329834,643.0,0.8702216004254321,165.0,63.967324176519455,0.2022091501489236,0.6493506493506493,0.6696817186677266,65.85749999999999,0.12602877616882324
