cell_mask_area,cell_mask_area_ratio,cell_mask_intensity,domain_area_mean,domain_area_std,domain_oop_mean,domain_oop_std,domain_slen_mean,myof_bending_mean,myof_bending_std,myof_length_max,myof_length_mean,myof_length_std,myof_straightness_mean,myof_straightness_std,n_domains,n_mbands,n_vectors,n_zbands,sarcomere_area,sarcomere_area_ratio,sarcomere_length_mean,sarcomere_length_std,sarcomere_oop,z_intensity_mean,z_intensity_std,z_lat_alignment_mean,z_lat_alignment_std,z_lat_dist_mean,z_lat_dist_std,z_lat_length_groups_mean,z_lat_neighbors_mean,z_lat_neighbors_std,z_length_max,z_length_mean,z_length_std,z_mask_area,z_mask_area_ratio,z_mask_intensity,z_oop,z_straightness_mean,z_straightness_std
935.8199999999999,0.2094091110484553,602.6734227736104,,,,,,0.013738414447358703,0.014888216760362118,8.084152221679688,6.842202663421631,0.45146816968917847,0.9733167763383841,0.017196611120450095,0.0,33.0,117.0,38.0,80.88663482666016,0.08643396681697352,1.6148350826572897,0.19175536032501067,0.8824019432067871,796.8858118138763,78.31577485135027,0.8347056591963449,0.5907880084379907,1.3924073104100612,0.5104673171875168,1.2713086161093499,0.42105263157894735,0.5907880084379907,1.95,0.7105263157894736,0.4279937737398884,17.91,0.019138295826120408,800.6570351758794,0.7603746954319777,0.8603716219044456,0.06456109627302306
