cell_mask_area,cell_mask_area_ratio,cell_mask_intensity,domain_area_mean,domain_area_std,domain_oop_mean,domain_oop_std,domain_slen_mean,myof_bending_mean,myof_bending_std,myof_length_max,myof_length_mean,myof_length_std,myof_straightness_mean,myof_straightness_std,n_domains,n_mbands,n_vectors,n_zbands,sarcomere_area,sarcomere_area_ratio,sarcomere_length_mean,sarcomere_length_std,sarcomere_oop,z_intensity_mean,z_intensity_std,z_lat_alignment_mean,z_lat_alignment_std,z_lat_dist_mean,z_lat_dist_std,z_lat_length_groups_mean,z_lat_neighbors_mean,z_lat_neighbors_std,z_length_max,z_length_mean,z_length_std,z_mask_area,z_mask_area_ratio,z_mask_intensity,z_oop,z_straightness_mean,z_straightness_std
550.125,0.11176018868959466,556.4748466257669,,,,,,0.020162797225110936,0.007314026008857394,16.13443946838379,15.941286087036133,0.14530929923057556,0.9651506931106073,0.01767333217917144,0.0,14.0,38.0,18.0,27.107257843017578,0.04927472454990698,1.6560875084454134,0.306778838855436,0.8076995015144348,754.8791461624796,74.27817796419454,0.4871306759789665,0.3142696805273545,1.0920164833920778,0.0,0.6730597931407104,0.1111111111111111,0.3142696805273545,1.05,0.5750000000000001,0.2610076627227637,6.8175,0.012392638036809817,737.3036303630363,0.8001364225570093,0.9120401745976459,0.08564836099315179
