cell_mask_area,cell_mask_area_ratio,cell_mask_intensity,domain_area_mean,domain_area_std,domain_oop_mean,domain_oop_std,domain_slen_mean,myof_bending_mean,myof_bending_std,myof_length_max,myof_length_mean,myof_length_std,myof_straightness_mean,myof_straightness_std,n_domains,n_mbands,n_vectors,n_zbands,sarcomere_area,sarcomere_area_ratio,sarcomere_length_mean,sarcomere_length_std,sarcomere_oop,z_intensity_mean,z_intensity_std,z_lat_alignment_mean,z_lat_alignment_std,z_lat_dist_mean,z_lat_dist_std,z_lat_length_groups_mean,z_lat_neighbors_mean,z_lat_neighbors_std,z_length_max,z_length_mean,z_length_std,z_mask_area,z_mask_area_ratio,z_mask_intensity,z_oop,z_straightness_mean,z_straightness_std
1077.6375,0.21407691482514482,569.3061279883077,20.88,0.0,0.9604108333587646,0.0,1.5690715791194116,0.03264917601434546,0.017487284701045054,12.785523414611816,8.582103729248047,2.3037049770355225,0.9411107000247144,0.022995115148419714,1.0,30.0,83.0,22.0,57.054359436035156,0.05294392542579036,1.5330427009646874,0.2576492173511042,0.5208274722099304,768.914554574409,90.79449690731735,0.33712416412999474,0.2874797872880344,2.294558781116754,0.0,0.9449789895769884,0.09090909090909091,0.2874797872880344,2.1,0.797727272727273,0.5816272769189891,12.532499999999999,0.011629606430733895,760.0682226211849,0.3086396007216355,0.868289009960019,0.09276366571236913
