cell_mask_area,cell_mask_area_ratio,cell_mask_intensity,domain_area_mean,domain_area_std,domain_oop_mean,domain_oop_std,domain_slen_mean,myof_bending_mean,myof_bending_std,myof_length_max,myof_length_mean,myof_length_std,myof_straightness_mean,myof_straightness_std,n_domains,n_mbands,n_vectors,n_zbands,sarcomere_area,sarcomere_area_ratio,sarcomere_length_mean,sarcomere_length_std,sarcomere_oop,z_intensity_mean,z_intensity_std,z_lat_alignment_mean,z_lat_alignment_std,z_lat_dist_mean,z_lat_dist_std,z_lat_length_groups_mean,z_lat_neighbors_mean,z_lat_neighbors_std,z_length_max,z_length_mean,z_length_std,z_mask_area,z_mask_area_ratio,z_mask_intensity,z_oop,z_straightness_mean,z_straightness_std
974.295,0.20689754027865376,593.637568703524,28.8675,0.0,0.5033146739006042,0.0,1.616136908178887,0.054418899997659614,0.033254985393146815,7.381616592407227,6.7312774658203125,0.6081359386444092,0.9558227641333962,0.01695149487993135,1.0,49.0,90.0,48.0,79.26353454589844,0.08135475861612596,1.5272720657176124,0.2133151447532015,0.28194594383239746,893.8961469260463,135.45040678948257,0.7073362003292104,0.4714045207910317,1.3965766563449797,0.45779213946099456,0.9430653312689958,0.3333333333333333,0.4714045207910317,2.4,0.553125,0.3598909339994549,23.0175,0.023624774837189968,899.7174975562073,0.3925808069427364,0.8759289274124505,0.06393889198109402
