cell_mask_area,cell_mask_area_ratio,cell_mask_intensity,domain_area_mean,domain_area_std,domain_oop_mean,domain_oop_std,domain_slen_mean,myof_bending_mean,myof_bending_std,myof_length_max,myof_length_mean,myof_length_std,myof_straightness_mean,myof_straightness_std,n_domains,n_mbands,n_vectors,n_zbands,sarcomere_area,sarcomere_area_ratio,sarcomere_length_mean,sarcomere_length_std,sarcomere_oop,z_intensity_mean,z_intensity_std,z_lat_alignment_mean,z_lat_alignment_std,z_lat_dist_mean,z_lat_dist_std,z_lat_length_groups_mean,z_lat_neighbors_mean,z_lat_neighbors_std,z_length_max,z_length_mean,z_length_std,z_mask_area,z_mask_area_ratio,z_mask_intensity,z_oop,z_straightness_mean,z_straightness_std
1266.9975,0.18925140986603753,584.2192999591554,38.865,14.500714206548585,0.8192265033721924,0.09804526716470718,1.4622918272437222,0.03632182025502704,0.03794058738027667,17.71601676940918,9.6220703125,4.025111198425293,0.9524099063443903,0.03194651639647666,3.0,84.0,274.0,75.0,154.7696075439453,0.12215462741161313,1.4971924036476687,0.3066601295026069,0.6096570491790771,882.9056278935519,170.33038293034903,0.7461446611780449,0.5205125678918169,1.8496216476413512,0.5501361291321362,1.307070790026924,0.32,0.5205125678918169,2.55,0.802,0.5250676146935744,39.2175,0.030953099749604876,872.1101549053357,0.3377735155585148,0.8385947906104306,0.09545847165628395
