cell_mask_area,cell_mask_area_ratio,cell_mask_intensity,domain_area_mean,domain_area_std,domain_oop_mean,domain_oop_std,domain_slen_mean,myof_bending_mean,myof_bending_std,myof_length_max,myof_length_mean,myof_length_std,myof_straightness_mean,myof_straightness_std,n_domains,n_mbands,n_vectors,n_zbands,sarcomere_area,sarcomere_area_ratio,sarcomere_length_mean,sarcomere_length_std,sarcomere_oop,z_intensity_mean,z_intensity_std,z_lat_alignment_mean,z_lat_alignment_std,z_lat_dist_mean,z_lat_dist_std,z_lat_length_groups_mean,z_lat_neighbors_mean,z_lat_neighbors_std,z_length_max,z_length_mean,z_length_std,z_mask_area,z_mask_area_ratio,z_mask_intensity,z_oop,z_straightness_mean,z_straightness_std
974.1825,0.2068736502111882,593.647365868305,28.619999999999997,0.0,0.5033599734306335,0.0,1.5962923340887574,0.04257261649861248,0.03299946227327176,6.379684925079346,6.124425411224365,0.2564466893672943,0.9523043615454742,0.018849484608372546,1.0,49.0,93.0,48.0,79.1800537109375,0.08127846036131577,1.5074697837657594,0.2163139848122284,0.2991248071193695,893.9592192703686,135.38016938147592,0.705144787597721,0.4714045207910317,1.3965766563449797,0.45779213946099456,0.9430653312689958,0.3333333333333333,0.4714045207910317,2.4,0.553125,0.3598909339994549,23.0175,0.023627503060258216,899.7810361681329,0.39443481832429306,0.8772310107457839,0.06326679379126522
