sarcomere_area,cell_mask_area_ratio,domain_area_std,domain_oop_mean,sarcomere_length_mean,z_mask_intensity,myof_straightness_std,z_mask_area,z_straightness_std,myof_length_mean,myof_bending_std,sarcomere_oop,n_domains,myof_straightness_mean,z_intensity_mean,myof_bending_mean,z_lat_dist_mean,z_lat_length_groups_mean,z_length_max,sarcomere_area_ratio,z_length_std,myof_length_max,domain_slen_mean,z_mask_area_ratio,z_lat_alignment_std,n_zbands,cell_mask_area,cell_mask_intensity,z_oop,z_lat_alignment_mean,z_length_mean,z_lat_dist_std,myof_length_std,n_vectors,z_straightness_mean,n_mbands,z_intensity_std,sarcomere_length_std,z_lat_neighbors_mean,z_lat_neighbors_std,domain_area_mean,domain_oop_std
248.57337951660156,0.29909314168465145,12.150066406068529,0.6440859436988831,1.3866191799416168,838.6923076923077,0.05066591089918654,50.6025,0.09944355372081812,10.962855339050293,0.034132171256316866,0.33988481760025024,4.0,0.9291510039787485,841.296907009578,0.04228168826199191,1.76726379785931,2.3810981557666997,3.0,0.1963478078465397,0.5085183637549311,23.35989761352539,1.379923369137162,0.03997085273522198,0.5715365817445212,115.0,1265.985,589.71504994135,0.3454835838396726,0.76722674261219,0.7578260869565216,0.6835778439767394,4.651528835296631,453.0,0.8487591076703107,133.0,88.76617568773392,0.22778680787838806,0.782608695652174,0.5715365817445212,52.959374999999994,0.0686538964509964
