sarcomere_area,cell_mask_area_ratio,domain_area_std,domain_oop_mean,sarcomere_length_mean,z_mask_intensity,myof_straightness_std,z_mask_area,z_straightness_std,myof_length_mean,myof_bending_std,sarcomere_oop,n_domains,myof_straightness_mean,z_intensity_mean,myof_bending_mean,z_lat_dist_mean,z_lat_length_groups_mean,z_length_max,sarcomere_area_ratio,z_length_std,myof_length_max,domain_slen_mean,z_mask_area_ratio,z_lat_alignment_std,n_zbands,cell_mask_area,cell_mask_intensity,z_oop,z_lat_alignment_mean,z_length_mean,z_lat_dist_std,myof_length_std,n_vectors,z_straightness_mean,n_mbands,z_intensity_std,sarcomere_length_std,z_lat_neighbors_mean,z_lat_neighbors_std,domain_area_mean,domain_oop_std
131.93150329589844,0.2432988779927555,0.4612499999999997,0.4481022357940674,1.5043304315097143,817.5824915824916,0.05962879671037022,26.73,0.09564849336711881,8.67686939239502,0.047109560238177244,0.21996988356113434,2.0,0.9257486410419733,811.4974487764008,0.05992207083502679,1.7404634467272062,1.6734469648590626,1.5,0.10646033568224332,0.3296308688446682,17.79253387451172,1.4576417358397147,0.02156941065398163,0.525144896389325,57.0,1239.2549999999999,551.7128254475471,0.07998581055796097,0.8103133917751886,0.6552631578947369,0.7466938438803463,3.055488109588623,191.0,0.8726021706627257,66.0,193.88689868347208,0.3047597024399674,0.5964912280701754,0.525144896389325,37.54125,0.07612420618534088
