sarcomere_area,cell_mask_area_ratio,domain_area_std,domain_oop_mean,sarcomere_length_mean,z_mask_intensity,myof_straightness_std,z_mask_area,z_straightness_std,myof_length_mean,myof_bending_std,sarcomere_oop,n_domains,myof_straightness_mean,z_intensity_mean,myof_bending_mean,z_lat_dist_mean,z_lat_length_groups_mean,z_length_max,sarcomere_area_ratio,z_length_std,myof_length_max,domain_slen_mean,z_mask_area_ratio,z_lat_alignment_std,n_zbands,cell_mask_area,cell_mask_intensity,z_oop,z_lat_alignment_mean,z_length_mean,z_lat_dist_std,myof_length_std,n_vectors,z_straightness_mean,n_mbands,z_intensity_std,sarcomere_length_std,z_lat_neighbors_mean,z_lat_neighbors_std,domain_area_mean,domain_oop_std
127.64720916748047,0.22064327485380117,3.8812499999999996,0.8844424486160278,1.5372622335448263,689.469144460028,0.021095001471717445,32.085,0.08945920056768882,11.159343719482422,0.016265105069956935,0.7338200211524963,2.0,0.9571112592250042,700.2087308254954,0.024126600151361366,2.045942959464619,1.2788078108117487,2.55,0.11566411744036505,0.4758478885292563,20.593786239624023,1.5246912391409222,0.029072967848478053,0.5014771080925114,52.0,1103.6025,552.868009541479,0.6409455643847529,0.7362155896549025,0.7673076923076922,0.9180781048566359,4.317066669464111,175.0,0.8566522082839211,62.0,83.93385161801281,0.2573415435247823,0.3076923076923077,0.5014771080925114,23.92875,0.04157420992851257
