sarcomere_area,cell_mask_area_ratio,domain_area_std,domain_oop_mean,sarcomere_length_mean,z_mask_intensity,myof_straightness_std,z_mask_area,z_straightness_std,myof_length_mean,myof_bending_std,sarcomere_oop,n_domains,myof_straightness_mean,z_intensity_mean,myof_bending_mean,z_lat_dist_mean,z_lat_length_groups_mean,z_length_max,sarcomere_area_ratio,z_length_std,myof_length_max,domain_slen_mean,z_mask_area_ratio,z_lat_alignment_std,n_zbands,cell_mask_area,cell_mask_intensity,z_oop,z_lat_alignment_mean,z_length_mean,z_lat_dist_std,myof_length_std,n_vectors,z_straightness_mean,n_mbands,z_intensity_std,sarcomere_length_std,z_lat_neighbors_mean,z_lat_neighbors_std,domain_area_mean,domain_oop_std
107.11089324951172,0.21662799218368342,0.0,0.6934435367584229,1.5603152512877432,756.6969178082192,0.022643564554128366,26.279999999999998,0.0879316894926801,9.832598686218262,0.01098897441796567,0.7472125887870789,1.0,0.9579192112881716,766.8772245872162,0.01889797248277351,1.464615223969915,1.9008817110075131,2.25,0.09585189055517454,0.4665828811271771,20.246307373046875,1.486335585727629,0.023517567703614215,0.6487668591258342,64.0,1117.4624999999999,568.0685593476292,0.655314756531708,0.7764447708729036,0.69140625,0.6629234217516067,4.428678512573242,180.0,0.8940506342217703,46.0,110.75161498310702,0.24964366501455348,0.71875,0.6487668591258342,55.3275,0.0
