cell_mask_area,cell_mask_area_ratio,cell_mask_intensity,domain_area_mean,domain_area_std,domain_oop_mean,domain_oop_std,domain_slen_mean,myof_bending_mean,myof_bending_std,myof_length_max,myof_length_mean,myof_length_std,myof_straightness_mean,myof_straightness_std,n_domains,n_mbands,n_vectors,n_zbands,sarcomere_area,sarcomere_area_ratio,sarcomere_length_mean,sarcomere_length_std,sarcomere_oop,z_intensity_mean,z_intensity_std,z_lat_alignment_mean,z_lat_alignment_std,z_lat_dist_mean,z_lat_dist_std,z_lat_length_groups_mean,z_lat_neighbors_mean,z_lat_neighbors_std,z_length_max,z_length_mean,z_length_std,z_mask_area,z_mask_area_ratio,z_mask_intensity,z_oop,z_straightness_mean,z_straightness_std
1486.98,0.27849978929624947,571.5525662752693,56.295,18.8775,0.8182373046875,0.020511120557785034,1.450616602229838,0.037354324210100265,0.01606803267297247,16.812503814697266,10.16399097442627,3.7766475677490234,0.9476908818894499,0.020747289476240795,2.0,71.0,229.0,58.0,142.1016387939453,0.09556392069425636,1.4334826218711396,0.27826658482845607,0.38179388642311096,770.5895758207088,89.80592594524688,0.7588563145922771,0.6376980003071355,1.8742083973728643,0.7595957743167729,2.2272534147251393,0.7241379310344828,0.6376980003071355,3.4499999999999997,0.7422413793103445,0.5963828991727409,34.335,0.023090424888028083,766.427260812582,0.12067555587442877,0.8524770642698677,0.0901978212473508
