cell_mask_area,cell_mask_area_ratio,cell_mask_intensity,domain_area_mean,domain_area_std,domain_oop_mean,domain_oop_std,domain_slen_mean,myof_bending_mean,myof_bending_std,myof_length_max,myof_length_mean,myof_length_std,myof_straightness_mean,myof_straightness_std,n_domains,n_mbands,n_vectors,n_zbands,sarcomere_area,sarcomere_area_ratio,sarcomere_length_mean,sarcomere_length_std,sarcomere_oop,z_intensity_mean,z_intensity_std,z_lat_alignment_mean,z_lat_alignment_std,z_lat_dist_mean,z_lat_dist_std,z_lat_length_groups_mean,z_lat_neighbors_mean,z_lat_neighbors_std,z_length_max,z_length_mean,z_length_std,z_mask_area,z_mask_area_ratio,z_mask_intensity,z_oop,z_straightness_mean,z_straightness_std
1681.47,0.24243485933769338,557.8364288390516,68.99625,5.87768090427679,0.7379769682884216,0.13606968522071838,1.5002833272294596,0.025089311254161566,0.021532075337328732,19.781797409057617,12.74639892578125,3.5448360443115234,0.9417001029425175,0.04161670950016887,4.0,165.0,643.0,154.0,365.9136657714844,0.2176153400128961,1.4923101778746954,0.20086498695744495,0.41206154227256775,729.8807565334688,63.967324176519455,0.8050102415182561,0.6696817186677266,1.9328744353885896,0.6889458737965145,2.104747324706053,0.6493506493506493,0.6696817186677266,2.6999999999999997,0.7938311688311688,0.5578346331929767,78.5475,0.04671358989455655,731.2830134631911,0.3408772432435939,0.8702216004254321,0.09027289712012829
