cell_mask_area,cell_mask_area_ratio,cell_mask_intensity,domain_area_mean,domain_area_std,domain_oop_mean,domain_oop_std,domain_slen_mean,myof_bending_mean,myof_bending_std,myof_length_max,myof_length_mean,myof_length_std,myof_straightness_mean,myof_straightness_std,n_domains,n_mbands,n_vectors,n_zbands,sarcomere_area,sarcomere_area_ratio,sarcomere_length_mean,sarcomere_length_std,sarcomere_oop,z_intensity_mean,z_intensity_std,z_lat_alignment_mean,z_lat_alignment_std,z_lat_dist_mean,z_lat_dist_std,z_lat_length_groups_mean,z_lat_neighbors_mean,z_lat_neighbors_std,z_length_max,z_length_mean,z_length_std,z_mask_area,z_mask_area_ratio,z_mask_intensity,z_oop,z_straightness_mean,z_straightness_std
1642.2075,0.32543384044659257,536.3728061161577,26.9775,0.0,0.34191659092903137,0.0,1.6542502488714734,0.02359552154574902,0.0011751017412236712,15.771056175231934,12.098752975463867,3.2645528316497803,0.9622739012933486,0.006865435282345127,1.0,43.0,100.0,32.0,75.71194458007812,0.046103762514833314,1.560671904747901,0.31195831928296586,0.19057928025722504,713.2361848805748,66.17347331917091,0.35653013496260366,0.24206145913796356,1.2000000000000028,0.0,0.7258064516129035,0.0625,0.24206145913796356,2.25,0.665625,0.4291047184254678,18.855,0.011481496704892652,718.6050119331742,0.14341148793441771,0.8733548009273551,0.09196934989878257
