cell_mask_area,cell_mask_area_ratio,cell_mask_intensity,domain_area_mean,domain_area_std,domain_oop_mean,domain_oop_std,domain_slen_mean,myof_bending_mean,myof_bending_std,myof_length_max,myof_length_mean,myof_length_std,myof_straightness_mean,myof_straightness_std,n_domains,n_mbands,n_vectors,n_zbands,sarcomere_area,sarcomere_area_ratio,sarcomere_length_mean,sarcomere_length_std,sarcomere_oop,z_intensity_mean,z_intensity_std,z_lat_alignment_mean,z_lat_alignment_std,z_lat_dist_mean,z_lat_dist_std,z_lat_length_groups_mean,z_lat_neighbors_mean,z_lat_neighbors_std,z_length_max,z_length_mean,z_length_std,z_mask_area,z_mask_area_ratio,z_mask_intensity,z_oop,z_straightness_mean,z_straightness_std
935.8199999999999,0.2094091110484553,602.6734227736104,,,,,,0.012966967084423747,0.015179357009564099,8.234004020690918,6.85815954208374,0.510040819644928,0.9750295300201075,0.017929183409656085,0.0,33.0,116.0,38.0,80.88665008544922,0.08643398312223421,1.612702070865736,0.18955806194906763,0.8814113140106201,796.8858118138763,78.31577485135027,0.8347173963429131,0.5907880084379907,1.3924073104100612,0.5104673171875168,1.2713086161093499,0.42105263157894735,0.5907880084379907,1.95,0.7105263157894736,0.4279937737398884,17.91,0.019138295826120408,800.6570351758794,0.7603746954319777,0.8603716219044456,0.06456109627302306
