cell_mask_area,cell_mask_area_ratio,cell_mask_intensity,domain_area_mean,domain_area_std,domain_oop_mean,domain_oop_std,domain_slen_mean,myof_bending_mean,myof_bending_std,myof_length_max,myof_length_mean,myof_length_std,myof_straightness_mean,myof_straightness_std,n_domains,n_mbands,n_vectors,n_zbands,sarcomere_area,sarcomere_area_ratio,sarcomere_length_mean,sarcomere_length_std,sarcomere_oop,z_intensity_mean,z_intensity_std,z_lat_alignment_mean,z_lat_alignment_std,z_lat_dist_mean,z_lat_dist_std,z_lat_length_groups_mean,z_lat_neighbors_mean,z_lat_neighbors_std,z_length_max,z_length_mean,z_length_std,z_mask_area,z_mask_area_ratio,z_mask_intensity,z_oop,z_straightness_mean,z_straightness_std
2149.3125,0.32503547233498137,564.2094530227689,22.4775,0.0,0.941047728061676,0.0,1.437128538763954,0.018580185875266487,0.017891427308226203,9.953052520751953,8.432435989379883,0.9996317028999329,0.971418878810574,0.012175335723227048,1.0,33.0,99.0,27.0,65.31951141357422,0.03039088611524579,1.455812725726753,0.16033307337448807,0.4921441376209259,778.5743089724283,110.46602080688763,0.914407117772366,0.2618914004394621,1.4849242404917509,0.0,0.8994201630958365,0.07407407407407407,0.2618914004394621,2.25,0.8111111111111112,0.5586580039989572,13.41,0.0062392043967547765,771.2080536912752,0.43050304200900874,0.8679221321255501,0.10684612858514712
