sarcomere_area,cell_mask_area_ratio,domain_area_std,domain_oop_mean,sarcomere_length_mean,z_mask_intensity,myof_straightness_std,z_mask_area,z_straightness_std,myof_length_mean,myof_bending_std,sarcomere_oop,n_domains,myof_straightness_mean,z_intensity_mean,myof_bending_mean,z_lat_dist_mean,z_lat_length_groups_mean,z_length_max,sarcomere_area_ratio,z_length_std,myof_length_max,domain_slen_mean,z_mask_area_ratio,z_lat_alignment_std,n_zbands,cell_mask_area,cell_mask_intensity,z_oop,z_lat_alignment_mean,z_length_mean,z_lat_dist_std,myof_length_std,n_vectors,z_straightness_mean,n_mbands,z_intensity_std,sarcomere_length_std,z_lat_neighbors_mean,z_lat_neighbors_std,domain_area_mean,domain_oop_std
142.1016387939453,0.27849978929624947,18.8775,0.8182373046875,1.4334826218711396,766.427260812582,0.020747289476240795,34.335,0.0901978212473508,10.16399097442627,0.01606803267297247,0.38179388642311096,2.0,0.9476908818894499,770.5895758207088,0.037354324210100265,1.8742083973728643,2.2272534147251393,3.4499999999999997,0.09556392069425636,0.5963828991727409,16.812503814697266,1.450616602229838,0.023090424888028083,0.6376980003071355,58.0,1486.98,571.5525662752693,0.12067555587442877,0.7588563145922771,0.7422413793103445,0.7595957743167729,3.7766475677490234,229.0,0.8524770642698677,71.0,89.80592594524688,0.27826658482845607,0.7241379310344828,0.6376980003071355,56.295,0.020511120557785034
