cell_mask_area,cell_mask_area_ratio,cell_mask_intensity,domain_area_mean,domain_area_std,domain_oop_mean,domain_oop_std,domain_slen_mean,myof_bending_mean,myof_bending_std,myof_length_max,myof_length_mean,myof_length_std,myof_straightness_mean,myof_straightness_std,n_domains,n_mbands,n_vectors,n_zbands,sarcomere_area,sarcomere_area_ratio,sarcomere_length_mean,sarcomere_length_std,sarcomere_oop,z_intensity_mean,z_intensity_std,z_lat_alignment_mean,z_lat_alignment_std,z_lat_dist_mean,z_lat_dist_std,z_lat_length_groups_mean,z_lat_neighbors_mean,z_lat_neighbors_std,z_length_max,z_length_mean,z_length_std,z_mask_area,z_mask_area_ratio,z_mask_intensity,z_oop,z_straightness_mean,z_straightness_std
1275.4125,0.27302151516465095,594.508106200935,24.412499999999998,0.0,0.9788039922714233,0.0,1.690897138564796,0.013464702651519911,0.004870741186759507,14.124482154846191,12.610283851623535,2.2132749557495117,0.9743956648392033,0.008190535317525434,1.0,30.0,96.0,26.0,63.31142807006836,0.049639962028024946,1.6018107699384458,0.22113486953525044,0.5064775347709656,738.3168641166395,69.97031073662995,0.8159005130851895,0.42132504423474315,0.9524877118960245,0.47462317546352006,1.0698897015516553,0.23076923076923078,0.42132504423474315,2.55,0.8365384615384616,0.5395079118810479,13.229999999999999,0.010373114580576872,747.0969387755102,0.3565635509713821,0.8708425136600646,0.08546787499832464
