sarcomere_area,cell_mask_area_ratio,domain_area_std,domain_oop_mean,sarcomere_length_mean,z_mask_intensity,myof_straightness_std,z_mask_area,z_straightness_std,myof_length_mean,myof_bending_std,sarcomere_oop,n_domains,myof_straightness_mean,z_intensity_mean,myof_bending_mean,z_lat_dist_mean,z_lat_length_groups_mean,z_length_max,sarcomere_area_ratio,z_length_std,myof_length_max,domain_slen_mean,z_mask_area_ratio,z_lat_alignment_std,n_zbands,cell_mask_area,cell_mask_intensity,z_oop,z_lat_alignment_mean,z_length_mean,z_lat_dist_std,myof_length_std,n_vectors,z_straightness_mean,n_mbands,z_intensity_std,sarcomere_length_std,z_lat_neighbors_mean,z_lat_neighbors_std,domain_area_mean,domain_oop_std
43.31166076660156,0.1980424263160467,0.0,0.8932108283042908,1.507731293576429,860.9594882729211,0.04672654577415991,10.5525,0.11192570783748497,9.1495943069458,0.07590684266872771,0.841910719871521,1.0,0.9175967531579454,837.0195167405693,0.09350964394673333,1.5058365622543584,1.6025940276686037,2.55,0.059386768085945806,0.4900790903445069,11.264219284057617,1.4552311921813952,0.014469056580489914,0.5600084530215783,26.0,729.3149999999999,575.344141420374,0.7437058424723224,0.6664216580972075,0.6461538461538462,0.60643940157115,2.1424663066864014,77.0,0.8700762330406656,19.0,132.2002678334979,0.21819414434764287,0.6153846153846154,0.5600084530215783,29.654999999999998,0.0
