cell_mask_area,cell_mask_area_ratio,cell_mask_intensity,domain_area_mean,domain_area_std,domain_oop_mean,domain_oop_std,domain_slen_mean,myof_bending_mean,myof_bending_std,myof_length_max,myof_length_mean,myof_length_std,myof_straightness_mean,myof_straightness_std,n_domains,n_mbands,n_vectors,n_zbands,sarcomere_area,sarcomere_area_ratio,sarcomere_length_mean,sarcomere_length_std,sarcomere_oop,z_intensity_mean,z_intensity_std,z_lat_alignment_mean,z_lat_alignment_std,z_lat_dist_mean,z_lat_dist_std,z_lat_length_groups_mean,z_lat_neighbors_mean,z_lat_neighbors_std,z_length_max,z_length_mean,z_length_std,z_mask_area,z_mask_area_ratio,z_mask_intensity,z_oop,z_straightness_mean,z_straightness_std
1117.4624999999999,0.21662799218368342,568.0685593476292,55.3275,0.0,0.6934435367584229,0.0,1.486335585727629,0.01889797248277351,0.01098897441796567,20.246307373046875,9.832598686218262,4.428678512573242,0.9579192112881716,0.022643564554128366,1.0,46.0,180.0,64.0,107.11089324951172,0.09585189055517454,1.5603152512877432,0.24964366501455348,0.7472125887870789,766.8772245872162,110.75161498310702,0.7764447708729036,0.6487668591258342,1.464615223969915,0.6629234217516067,1.9008817110075131,0.71875,0.6487668591258342,2.25,0.69140625,0.4665828811271771,26.279999999999998,0.023517567703614215,756.6969178082192,0.655314756531708,0.8940506342217703,0.0879316894926801
