cell_mask_area,cell_mask_area_ratio,cell_mask_intensity,domain_area_mean,domain_area_std,domain_oop_mean,domain_oop_std,domain_slen_mean,myof_bending_mean,myof_bending_std,myof_length_max,myof_length_mean,myof_length_std,myof_straightness_mean,myof_straightness_std,n_domains,n_mbands,n_vectors,n_zbands,sarcomere_area,sarcomere_area_ratio,sarcomere_length_mean,sarcomere_length_std,sarcomere_oop,z_intensity_mean,z_intensity_std,z_lat_alignment_mean,z_lat_alignment_std,z_lat_dist_mean,z_lat_dist_std,z_lat_length_groups_mean,z_lat_neighbors_mean,z_lat_neighbors_std,z_length_max,z_length_mean,z_length_std,z_mask_area,z_mask_area_ratio,z_mask_intensity,z_oop,z_straightness_mean,z_straightness_std
1486.125,0.2783396544458491,571.5841029523089,56.5875,19.1025,0.8139411211013794,0.022927314043045044,1.45226716857864,0.029213043900483907,0.014211264911517139,17.303266525268555,12.243132591247559,2.610027313232422,0.9506919190662728,0.019461530092109405,2.0,72.0,234.0,58.0,142.23428344726562,0.09570815607520607,1.4329526876525505,0.27690819757695473,0.3889533579349518,770.641751103532,89.76016440091456,0.7485561145634348,0.6487892318009234,1.896767569887719,0.771458220399678,2.1351408262566944,0.6896551724137931,0.6487892318009234,3.4499999999999997,0.7448275862068964,0.5999777046987269,34.29,0.02307342922028766,766.5282152230972,0.11866759401087468,0.8499417674362549,0.09313561942778703
