cell_mask_area,cell_mask_area_ratio,cell_mask_intensity,domain_area_mean,domain_area_std,domain_oop_mean,domain_oop_std,domain_slen_mean,myof_bending_mean,myof_bending_std,myof_length_max,myof_length_mean,myof_length_std,myof_straightness_mean,myof_straightness_std,n_domains,n_mbands,n_vectors,n_zbands,sarcomere_area,sarcomere_area_ratio,sarcomere_length_mean,sarcomere_length_std,sarcomere_oop,z_intensity_mean,z_intensity_std,z_lat_alignment_mean,z_lat_alignment_std,z_lat_dist_mean,z_lat_dist_std,z_lat_length_groups_mean,z_lat_neighbors_mean,z_lat_neighbors_std,z_length_max,z_length_mean,z_length_std,z_mask_area,z_mask_area_ratio,z_mask_intensity,z_oop,z_straightness_mean,z_straightness_std
1797.3899999999999,0.23790577163619037,555.6120124180061,35.521874999999994,16.095753455395464,0.8274035453796387,0.1387326717376709,1.4911568684058922,0.018412008887769685,0.01609892314458236,22.448108673095703,10.073861122131348,4.500936985015869,0.9580453050243269,0.024667456844361498,4.0,108.0,314.0,91.0,216.37725830078125,0.12038414495506332,1.474445359964874,0.21451486421221733,0.674584150314331,711.5433247581147,86.69281872324942,0.7194132508817334,0.4754573110501964,1.7370419268782629,0.6780860777824875,1.1221992955053512,0.2857142857142857,0.4754573110501964,2.6999999999999997,0.7137362637362638,0.5013753575162044,50.265,0.02796555004756898,710.601163831692,0.48224819260439905,0.8692164996008921,0.09133227871806075
