cell_mask_area,cell_mask_area_ratio,cell_mask_intensity,domain_area_mean,domain_area_std,domain_oop_mean,domain_oop_std,domain_slen_mean,myof_bending_mean,myof_bending_std,myof_length_max,myof_length_mean,myof_length_std,myof_straightness_mean,myof_straightness_std,n_domains,n_mbands,n_vectors,n_zbands,sarcomere_area,sarcomere_area_ratio,sarcomere_length_mean,sarcomere_length_std,sarcomere_oop,z_intensity_mean,z_intensity_std,z_lat_alignment_mean,z_lat_alignment_std,z_lat_dist_mean,z_lat_dist_std,z_lat_length_groups_mean,z_lat_neighbors_mean,z_lat_neighbors_std,z_length_max,z_length_mean,z_length_std,z_mask_area,z_mask_area_ratio,z_mask_intensity,z_oop,z_straightness_mean,z_straightness_std
1989.225,0.3304700816363147,547.4467028616672,51.790499999999994,31.120844397284596,0.8723440170288086,0.14402586221694946,1.5368333529426266,0.01130113201546392,0.007550126506143684,52.11116027832031,24.51991081237793,12.874761581420898,0.9347225265930765,0.06730192742469374,5.0,117.0,626.0,116.0,299.241455078125,0.15043117549705287,1.5547244695081657,0.2023489968843592,0.5829963684082031,791.6870699906241,116.951643465857,0.706163656336253,0.46647411236098907,1.8700584928946467,0.5641262057463223,1.4757923421620098,0.2413793103448276,0.46647411236098907,3.0,1.0719827586206896,0.5260166180467643,61.605,0.030969347358896053,784.600073046019,0.583916152698159,0.858188811151791,0.08842659151040491
