cell_mask_area,cell_mask_area_ratio,cell_mask_intensity,domain_area_mean,domain_area_std,domain_oop_mean,domain_oop_std,domain_slen_mean,myof_bending_mean,myof_bending_std,myof_length_max,myof_length_mean,myof_length_std,myof_straightness_mean,myof_straightness_std,n_domains,n_mbands,n_vectors,n_zbands,sarcomere_area,sarcomere_area_ratio,sarcomere_length_mean,sarcomere_length_std,sarcomere_oop,z_intensity_mean,z_intensity_std,z_lat_alignment_mean,z_lat_alignment_std,z_lat_dist_mean,z_lat_dist_std,z_lat_length_groups_mean,z_lat_neighbors_mean,z_lat_neighbors_std,z_length_max,z_length_mean,z_length_std,z_mask_area,z_mask_area_ratio,z_mask_intensity,z_oop,z_straightness_mean,z_straightness_std
1317.33,0.1616901408450704,549.5405137664821,46.949999999999996,3.559285391760543,0.9242529273033142,0.04048801586031914,1.552012925547978,0.015764564766716054,0.01207028335895149,20.185590744018555,12.442707061767578,3.5934183597564697,0.967749296256506,0.013085976336487774,3.0,88.0,311.0,73.0,187.71693420410156,0.14249803329773222,1.5339095611749862,0.2706944434067226,0.8283530473709106,754.4124060745636,98.7536688144414,0.8701810863106306,0.44599508482464956,1.6649203272920576,0.5809821888575456,1.3023683059193742,0.273972602739726,0.44599508482464956,3.4499999999999997,0.895890410958904,0.726822387183272,45.315,0.03439912550386008,753.9518371400198,0.6626746967249026,0.8389403817251435,0.09633470604864579
