cell_mask_area,cell_mask_area_ratio,cell_mask_intensity,domain_area_mean,domain_area_std,domain_oop_mean,domain_oop_std,domain_slen_mean,myof_bending_mean,myof_bending_std,myof_length_max,myof_length_mean,myof_length_std,myof_straightness_mean,myof_straightness_std,n_domains,n_mbands,n_vectors,n_zbands,sarcomere_area,sarcomere_area_ratio,sarcomere_length_mean,sarcomere_length_std,sarcomere_oop,z_intensity_mean,z_intensity_std,z_lat_alignment_mean,z_lat_alignment_std,z_lat_dist_mean,z_lat_dist_std,z_lat_length_groups_mean,z_lat_neighbors_mean,z_lat_neighbors_std,z_length_max,z_length_mean,z_length_std,z_mask_area,z_mask_area_ratio,z_mask_intensity,z_oop,z_straightness_mean,z_straightness_std
1317.375,0.16169566418116543,549.5375918018788,47.0625,3.712810593068277,0.9262209534645081,0.03928762301802635,1.5482978049551999,0.016546336669916856,0.009653932405495589,20.404714584350586,11.630989074707031,3.9142215251922607,0.9638544181926851,0.019617168205476192,3.0,88.0,315.0,75.0,187.83778381347656,0.1425849008926665,1.5295580804796802,0.2837278750270936,0.827625572681427,756.8733459011794,106.14655085894253,0.8379641442037248,0.4552898954390366,1.7291737743678963,0.590033792439127,1.337826742469482,0.29333333333333333,0.4552898954390366,3.4499999999999997,0.8879999999999999,0.7223960132780357,45.36,0.03443210930828352,753.8268849206349,0.6527405118595875,0.8376780470865878,0.09561808638383522
