cell_mask_area,cell_mask_area_ratio,cell_mask_intensity,domain_area_mean,domain_area_std,domain_oop_mean,domain_oop_std,domain_slen_mean,myof_bending_mean,myof_bending_std,myof_length_max,myof_length_mean,myof_length_std,myof_straightness_mean,myof_straightness_std,n_domains,n_mbands,n_vectors,n_zbands,sarcomere_area,sarcomere_area_ratio,sarcomere_length_mean,sarcomere_length_std,sarcomere_oop,z_intensity_mean,z_intensity_std,z_lat_alignment_mean,z_lat_alignment_std,z_lat_dist_mean,z_lat_dist_std,z_lat_length_groups_mean,z_lat_neighbors_mean,z_lat_neighbors_std,z_length_max,z_length_mean,z_length_std,z_mask_area,z_mask_area_ratio,z_mask_intensity,z_oop,z_straightness_mean,z_straightness_std
1386.6525,0.20238877139516862,562.0237063720002,47.512499999999996,19.703203736956077,0.7602121829986572,0.1479613482952118,1.5291979390007795,0.020581527103736855,0.017492770431118472,29.675376892089844,13.806215286254883,6.363356590270996,0.95393409333255,0.0340694532342733,3.0,69.0,311.0,64.0,178.2933349609375,0.12857823785046182,1.5361590289653493,0.18817700337252874,0.43087509274482727,740.4030850682282,82.30274317061328,0.765659606679175,0.5555121510822243,2.2996455444182042,0.7063652020088039,2.026900752437097,0.4375,0.5555121510822243,3.75,1.0804687499999999,0.829750394861875,43.0875,0.031073033799023188,738.779634464752,0.30977730839425455,0.8274911793724395,0.10992682511468083
