cell_mask_area,cell_mask_area_ratio,cell_mask_intensity,domain_area_mean,domain_area_std,domain_oop_mean,domain_oop_std,domain_slen_mean,myof_bending_mean,myof_bending_std,myof_length_max,myof_length_mean,myof_length_std,myof_straightness_mean,myof_straightness_std,n_domains,n_mbands,n_vectors,n_zbands,sarcomere_area,sarcomere_area_ratio,sarcomere_length_mean,sarcomere_length_std,sarcomere_oop,z_intensity_mean,z_intensity_std,z_lat_alignment_mean,z_lat_alignment_std,z_lat_dist_mean,z_lat_dist_std,z_lat_length_groups_mean,z_lat_neighbors_mean,z_lat_neighbors_std,z_length_max,z_length_mean,z_length_std,z_mask_area,z_mask_area_ratio,z_mask_intensity,z_oop,z_straightness_mean,z_straightness_std
2308.725,0.35490453790813503,533.7992983140044,48.285,0.0,0.6744569540023804,0.0,1.4787808412257117,0.01882915781754609,0.014744111726801935,15.033379554748535,8.991270065307617,3.708437442779541,0.9695646895026288,0.01816331001878585,1.0,70.0,154.0,58.0,122.93062591552734,0.0532461102623861,1.5419052978871761,0.38827715250472283,0.5007519125938416,643.2758783804555,43.92975694497478,0.7576568716778976,0.5517241379310346,1.4935899285393914,0.5342650328869486,1.549615467842726,0.6206896551724138,0.5517241379310346,2.25,0.6051724137931034,0.39975096290371764,28.98,0.01255238280869311,652.2655279503106,0.3415478248076601,0.8883794902813057,0.09183558585178342
