cell_mask_area,cell_mask_area_ratio,cell_mask_intensity,domain_area_mean,domain_area_std,domain_oop_mean,domain_oop_std,domain_slen_mean,myof_bending_mean,myof_bending_std,myof_length_max,myof_length_mean,myof_length_std,myof_straightness_mean,myof_straightness_std,n_domains,n_mbands,n_vectors,n_zbands,sarcomere_area,sarcomere_area_ratio,sarcomere_length_mean,sarcomere_length_std,sarcomere_oop,z_intensity_mean,z_intensity_std,z_lat_alignment_mean,z_lat_alignment_std,z_lat_dist_mean,z_lat_dist_std,z_lat_length_groups_mean,z_lat_neighbors_mean,z_lat_neighbors_std,z_length_max,z_length_mean,z_length_std,z_mask_area,z_mask_area_ratio,z_mask_intensity,z_oop,z_straightness_mean,z_straightness_std
743.805,0.2549040774782555,577.9237703430334,61.1325,30.0375,0.6010423302650452,0.15535712242126465,1.4515039170189574,0.023806898789050197,0.01645053948323646,17.098159790039062,11.293571472167969,4.267663478851318,0.9474508707883842,0.026777488193726825,2.0,49.0,316.0,49.0,134.18614196777344,0.1804050012675008,1.4532828051887698,0.2032600944716817,0.6932939291000366,688.6776440965289,40.26680394999827,0.7448191361101411,0.5984848285149053,1.503852491697744,0.6668415728000796,3.0215917693728844,0.7346938775510204,0.5984848285149053,5.3999999999999995,1.3591836734693876,1.3729037255880123,32.4225,0.0435900538447577,691.9014573213046,0.4235751968806972,0.8350155855201332,0.11950057153523594
