cell_mask_area,cell_mask_area_ratio,cell_mask_intensity,domain_area_mean,domain_area_std,domain_oop_mean,domain_oop_std,domain_slen_mean,myof_bending_mean,myof_bending_std,myof_length_max,myof_length_mean,myof_length_std,myof_straightness_mean,myof_straightness_std,n_domains,n_mbands,n_vectors,n_zbands,sarcomere_area,sarcomere_area_ratio,sarcomere_length_mean,sarcomere_length_std,sarcomere_oop,z_intensity_mean,z_intensity_std,z_lat_alignment_mean,z_lat_alignment_std,z_lat_dist_mean,z_lat_dist_std,z_lat_length_groups_mean,z_lat_neighbors_mean,z_lat_neighbors_std,z_length_max,z_length_mean,z_length_std,z_mask_area,z_mask_area_ratio,z_mask_intensity,z_oop,z_straightness_mean,z_straightness_std
1557.405,0.3283056812468578,568.4399000260048,47.861999999999995,29.501052074459988,0.786599338054657,0.10376010835170746,1.5051744997739678,0.03820476613887582,0.039365217974357644,26.125614166259766,11.31054973602295,5.928526878356934,0.9250519101647151,0.04354644771287871,5.0,123.0,510.0,108.0,299.4242248535156,0.1922584201627166,1.527839720364594,0.2499810591409246,0.25277969241142273,751.960998571862,93.82214761147287,0.7310454570119087,0.5911440629449024,1.7168267247926658,0.6316402549488394,2.467759637559691,0.7592592592592593,0.5911440629449024,3.4499999999999997,0.8791666666666665,0.7417485909809485,67.725,0.0434857984917218,762.8076411960133,0.2674232600264362,0.8575619389847652,0.11263530842573483
