sarcomere_area,cell_mask_area_ratio,domain_area_std,domain_oop_mean,sarcomere_length_mean,z_mask_intensity,myof_straightness_std,z_mask_area,z_straightness_std,myof_length_mean,myof_bending_std,sarcomere_oop,n_domains,myof_straightness_mean,z_intensity_mean,myof_bending_mean,z_lat_dist_mean,z_lat_length_groups_mean,z_length_max,sarcomere_area_ratio,z_length_std,myof_length_max,domain_slen_mean,z_mask_area_ratio,z_lat_alignment_std,n_zbands,cell_mask_area,cell_mask_intensity,z_oop,z_lat_alignment_mean,z_length_mean,z_lat_dist_std,myof_length_std,n_vectors,z_straightness_mean,n_mbands,z_intensity_std,sarcomere_length_std,z_lat_neighbors_mean,z_lat_neighbors_std,domain_area_mean,domain_oop_std
217.7415008544922,0.3085562847046946,11.013691106839477,0.7962691187858582,1.4835814532940914,786.2859649122807,0.03193221313559768,51.3,0.11482183520891043,9.984164237976074,0.020541433810340133,0.546786367893219,4.0,0.9560295720987884,775.5001468834533,0.018444535420180336,1.65086652634919,2.818193221079352,4.2,0.1583214730139457,0.6789649780055116,16.03247833251953,1.4766223131890537,0.03730061349693251,0.6431020501550127,108.0,1375.3125,573.5410552147239,0.39429241875623344,0.7907739840293484,0.8319444444444445,0.6818740442191343,3.0519845485687256,401.0,0.8501263401462216,102.0,98.39268443341443,0.2240915857119765,0.8888888888888888,0.6431020501550127,44.994375,0.10353090614080429
