cell_mask_area,cell_mask_area_ratio,cell_mask_intensity,domain_area_mean,domain_area_std,domain_oop_mean,domain_oop_std,domain_slen_mean,myof_bending_mean,myof_bending_std,myof_length_max,myof_length_mean,myof_length_std,myof_straightness_mean,myof_straightness_std,n_domains,n_mbands,n_vectors,n_zbands,sarcomere_area,sarcomere_area_ratio,sarcomere_length_mean,sarcomere_length_std,sarcomere_oop,z_intensity_mean,z_intensity_std,z_lat_alignment_mean,z_lat_alignment_std,z_lat_dist_mean,z_lat_dist_std,z_lat_length_groups_mean,z_lat_neighbors_mean,z_lat_neighbors_std,z_length_max,z_length_mean,z_length_std,z_mask_area,z_mask_area_ratio,z_mask_intensity,z_oop,z_straightness_mean,z_straightness_std
1267.8075,0.18937239956174842,584.175732514597,38.58,14.407783052919694,0.8143458366394043,0.09841849654912949,1.4747746967783228,0.02642414173961523,0.017528029899250643,17.651473999023438,10.425264358520508,3.6588871479034424,0.9562507618456919,0.017396798739841304,3.0,84.0,272.0,75.0,154.6239013671875,0.12196165535161096,1.5022791169001204,0.3089561453154858,0.6136099696159363,883.2085084381281,170.82780086572865,0.7466320059144979,0.5205125678918169,1.8496216476413512,0.5501361291321362,1.3023088852650195,0.32,0.5205125678918169,2.55,0.7980000000000002,0.5277272022551045,39.15,0.03088008234688626,872.0172413793103,0.33950341104781634,0.8389577609734009,0.0957968208567279
