cell_mask_area,cell_mask_area_ratio,cell_mask_intensity,domain_area_mean,domain_area_std,domain_oop_mean,domain_oop_std,domain_slen_mean,myof_bending_mean,myof_bending_std,myof_length_max,myof_length_mean,myof_length_std,myof_straightness_mean,myof_straightness_std,n_domains,n_mbands,n_vectors,n_zbands,sarcomere_area,sarcomere_area_ratio,sarcomere_length_mean,sarcomere_length_std,sarcomere_oop,z_intensity_mean,z_intensity_std,z_lat_alignment_mean,z_lat_alignment_std,z_lat_dist_mean,z_lat_dist_std,z_lat_length_groups_mean,z_lat_neighbors_mean,z_lat_neighbors_std,z_length_max,z_length_mean,z_length_std,z_mask_area,z_mask_area_ratio,z_mask_intensity,z_oop,z_straightness_mean,z_straightness_std
600.0975,0.16460430411464472,552.7746616174871,,,,,,0.031064865065041174,0.0316165599916318,12.017594337463379,8.901012420654297,2.9941258430480957,0.9747911635995732,0.013316684135668019,0.0,21.0,46.0,19.0,42.050113677978516,0.07007213607451876,1.5788349443206684,0.25222457607017806,0.9116962552070618,796.4122072212871,94.12467681925492,0.7889298996569123,0.5210260492953508,1.1136643351347064,0.3636643351347064,0.7839605100158478,0.21052631578947367,0.5210260492953508,1.2,0.5842105263157895,0.33326638293482264,11.295,0.018821941434516893,771.9521912350598,0.866428526470963,0.880488260956784,0.08510244156253127
