sarcomere_area,cell_mask_area_ratio,domain_area_std,domain_oop_mean,sarcomere_length_mean,z_mask_intensity,myof_straightness_std,z_mask_area,z_straightness_std,myof_length_mean,myof_bending_std,sarcomere_oop,n_domains,myof_straightness_mean,z_intensity_mean,myof_bending_mean,z_lat_dist_mean,z_lat_length_groups_mean,z_length_max,sarcomere_area_ratio,z_length_std,myof_length_max,domain_slen_mean,z_mask_area_ratio,z_lat_alignment_std,n_zbands,cell_mask_area,cell_mask_intensity,z_oop,z_lat_alignment_mean,z_length_mean,z_lat_dist_std,myof_length_std,n_vectors,z_straightness_mean,n_mbands,z_intensity_std,sarcomere_length_std,z_lat_neighbors_mean,z_lat_neighbors_std,domain_area_mean,domain_oop_std
308.07562255859375,0.27172916329542834,9.91978704408517,0.8411633372306824,1.4858811111858894,758.1702692453546,0.018102840498974194,59.332499999999996,0.08808950738685122,10.404961585998535,0.026250911398919764,0.6646578907966614,6.0,0.9544837794974474,763.1362405822518,0.028558998570171825,1.894143010124281,1.1180013316684791,2.55,0.08236336119327882,0.50669602562378,15.164802551269531,1.4975338483909724,0.015862417439636192,0.4814455340838483,124.0,3740.4449999999997,558.5885937368415,0.6108254581276812,0.6794583946287583,0.7536290322580644,0.5492925060451228,2.8819854259490967,478.0,0.8602005670528722,150.0,103.58678559638993,0.25025580024543853,0.24193548387096775,0.4814455340838483,30.5325,0.0565604604780674
