cell_mask_area,cell_mask_area_ratio,cell_mask_intensity,domain_area_mean,domain_area_std,domain_oop_mean,domain_oop_std,domain_slen_mean,myof_bending_mean,myof_bending_std,myof_length_max,myof_length_mean,myof_length_std,myof_straightness_mean,myof_straightness_std,n_domains,n_mbands,n_vectors,n_zbands,sarcomere_area,sarcomere_area_ratio,sarcomere_length_mean,sarcomere_length_std,sarcomere_oop,z_intensity_mean,z_intensity_std,z_lat_alignment_mean,z_lat_alignment_std,z_lat_dist_mean,z_lat_dist_std,z_lat_length_groups_mean,z_lat_neighbors_mean,z_lat_neighbors_std,z_length_max,z_length_mean,z_length_std,z_mask_area,z_mask_area_ratio,z_mask_intensity,z_oop,z_straightness_mean,z_straightness_std
836.1899999999999,0.23971515925538914,556.2077279087289,39.161249999999995,8.403749999999999,0.4907301664352417,0.26048892736434937,1.3616783416942573,0.09169801298840134,0.07737474611335109,12.533747673034668,8.123507499694824,2.726024866104126,0.9221685353478162,0.02932443589182183,2.0,66.0,169.0,48.0,114.86275482177734,0.1373644205524789,1.3701409217797287,0.23885690152516492,0.3425537645816803,721.5616688202394,62.4283814812506,0.7873570704649935,0.6123724356957945,1.8006350881568622,0.5119455823603994,1.529378362718954,0.5,0.6123724356957945,2.55,0.696875,0.43569941975517934,27.8325,0.03328489936497686,728.1511721907841,0.17112573191967786,0.8539446755296453,0.0899699190967359
