sarcomere_area,cell_mask_area_ratio,domain_area_std,domain_oop_mean,sarcomere_length_mean,z_mask_intensity,myof_straightness_std,z_mask_area,z_straightness_std,myof_length_mean,myof_bending_std,sarcomere_oop,n_domains,myof_straightness_mean,z_intensity_mean,myof_bending_mean,z_lat_dist_mean,z_lat_length_groups_mean,z_length_max,sarcomere_area_ratio,z_length_std,myof_length_max,domain_slen_mean,z_mask_area_ratio,z_lat_alignment_std,n_zbands,cell_mask_area,cell_mask_intensity,z_oop,z_lat_alignment_mean,z_length_mean,z_lat_dist_std,myof_length_std,n_vectors,z_straightness_mean,n_mbands,z_intensity_std,sarcomere_length_std,z_lat_neighbors_mean,z_lat_neighbors_std,domain_area_mean,domain_oop_std
46.7938117980957,0.23928045638571951,0.0,0.9686921834945679,1.4878198119225088,743.073482428115,0.015145931263545603,14.084999999999999,0.07829771906621778,7.810956954956055,0.01844961034160303,0.8485525250434875,1.0,0.9570399625327265,739.7805032998757,0.030745513456684147,1.3452532719652186,0.9178599884934784,1.3499999999999999,0.0571243158954117,0.28311191174275435,10.441710472106934,1.4040479376303214,0.017194495564039885,0.46482951928041294,38.0,819.1574999999999,546.2995852445958,0.6588089975409028,0.6898730889473744,0.5605263157894737,0.5790454509508504,1.7201130390167236,80.0,0.899053312482344,25.0,86.35673603193153,0.22343630253000912,0.3157894736842105,0.46482951928041294,20.07,0.0
