cell_mask_area,cell_mask_area_ratio,cell_mask_intensity,domain_area_mean,domain_area_std,domain_oop_mean,domain_oop_std,domain_slen_mean,myof_bending_mean,myof_bending_std,myof_length_max,myof_length_mean,myof_length_std,myof_straightness_mean,myof_straightness_std,n_domains,n_mbands,n_vectors,n_zbands,sarcomere_area,sarcomere_area_ratio,sarcomere_length_mean,sarcomere_length_std,sarcomere_oop,z_intensity_mean,z_intensity_std,z_lat_alignment_mean,z_lat_alignment_std,z_lat_dist_mean,z_lat_dist_std,z_lat_length_groups_mean,z_lat_neighbors_mean,z_lat_neighbors_std,z_length_max,z_length_mean,z_length_std,z_mask_area,z_mask_area_ratio,z_mask_intensity,z_oop,z_straightness_mean,z_straightness_std
3808.2149999999997,0.3563902365069739,538.8852198470937,97.8975,20.823832050081467,0.7966548800468445,0.036093272268772125,1.3906360410925545,0.017814144935941783,0.013832609787483213,26.58348846435547,13.005626678466797,6.304368019104004,0.957278146632051,0.02472146552162864,4.0,246.0,1032.0,222.0,527.0960693359375,0.13841027077933823,1.389223759665429,0.20253707379566394,0.3118715286254883,672.3906703188835,80.08062800667912,0.7852420177543807,0.6504604326553044,1.8942449074003544,0.6184610945925921,2.3524836504275815,0.6846846846846847,0.6504604326553044,4.35,0.8986486486486487,0.7436202974788264,114.2325,0.029996336866484695,672.8940319086074,0.17421857418012893,0.8437936044730342,0.10737556391184958
