cell_mask_area,cell_mask_area_ratio,cell_mask_intensity,domain_area_mean,domain_area_std,domain_oop_mean,domain_oop_std,domain_slen_mean,myof_bending_mean,myof_bending_std,myof_length_max,myof_length_mean,myof_length_std,myof_straightness_mean,myof_straightness_std,n_domains,n_mbands,n_vectors,n_zbands,sarcomere_area,sarcomere_area_ratio,sarcomere_length_mean,sarcomere_length_std,sarcomere_oop,z_intensity_mean,z_intensity_std,z_lat_alignment_mean,z_lat_alignment_std,z_lat_dist_mean,z_lat_dist_std,z_lat_length_groups_mean,z_lat_neighbors_mean,z_lat_neighbors_std,z_length_max,z_length_mean,z_length_std,z_mask_area,z_mask_area_ratio,z_mask_intensity,z_oop,z_straightness_mean,z_straightness_std
1681.47,0.24243485933769338,557.8364288390516,65.85749999999999,1.9334950542993357,0.7762851715087891,0.12602877616882324,1.4998719191752532,0.025983115737160715,0.021496593427206598,25.29655647277832,13.122441291809082,3.9752347469329834,0.9423329712329647,0.03701906055902303,4.0,165.0,643.0,154.0,365.9137268066406,0.21761537631158487,1.4926731983245387,0.2022091501489236,0.41206100583076477,729.8807565334688,63.967324176519455,0.8050118880358877,0.6696817186677266,1.9328744353885896,0.6889458737965145,2.104747324706053,0.6493506493506493,0.6696817186677266,2.6999999999999997,0.7938311688311688,0.5578346331929767,78.5475,0.04671358989455655,731.2830134631911,0.3408772432435939,0.8702216004254321,0.09027289712012829
