sarcomere_area,cell_mask_area_ratio,domain_area_std,domain_oop_mean,sarcomere_length_mean,z_mask_intensity,myof_straightness_std,z_mask_area,z_straightness_std,myof_length_mean,myof_bending_std,sarcomere_oop,n_domains,myof_straightness_mean,z_intensity_mean,myof_bending_mean,z_lat_dist_mean,z_lat_length_groups_mean,z_length_max,sarcomere_area_ratio,z_length_std,myof_length_max,domain_slen_mean,z_mask_area_ratio,z_lat_alignment_std,n_zbands,cell_mask_area,cell_mask_intensity,z_oop,z_lat_alignment_mean,z_length_mean,z_lat_dist_std,myof_length_std,n_vectors,z_straightness_mean,n_mbands,z_intensity_std,sarcomere_length_std,z_lat_neighbors_mean,z_lat_neighbors_std,domain_area_mean,domain_oop_std
154.62393188476562,0.18937239956174842,14.348736878206388,0.8152610659599304,1.5027746346053512,872.0172413793103,0.019596816884850616,39.15,0.0957968208567279,10.652975082397461,0.016597584830431004,0.6170772314071655,3.0,0.9515233730204776,883.2085084381281,0.03826747061622405,1.8496216476413512,1.3023088852650195,2.55,0.12196167942275593,0.5277272022551045,16.991350173950195,1.4724023111965705,0.03088008234688626,0.5205125678918169,75.0,1267.8075,584.175732514597,0.33950341104781634,0.7466320312199662,0.7980000000000002,0.5501361291321362,3.4739530086517334,274.0,0.8389577609734009,84.0,170.82780086572865,0.30966090059989965,0.32,0.5205125678918169,38.685,0.09513800591230392
