sarcomere_area,cell_mask_area_ratio,domain_area_std,domain_oop_mean,sarcomere_length_mean,z_mask_intensity,myof_straightness_std,z_mask_area,z_straightness_std,myof_length_mean,myof_bending_std,sarcomere_oop,n_domains,myof_straightness_mean,z_intensity_mean,myof_bending_mean,z_lat_dist_mean,z_lat_length_groups_mean,z_length_max,sarcomere_area_ratio,z_length_std,myof_length_max,domain_slen_mean,z_mask_area_ratio,z_lat_alignment_std,n_zbands,cell_mask_area,cell_mask_intensity,z_oop,z_lat_alignment_mean,z_length_mean,z_lat_dist_std,myof_length_std,n_vectors,z_straightness_mean,n_mbands,z_intensity_std,sarcomere_length_std,z_lat_neighbors_mean,z_lat_neighbors_std,domain_area_mean,domain_oop_std
42.72294616699219,0.21135072203708452,,,1.3996940146612382,834.8984375,0.04331907872923101,11.52,0.0792941031270891,9.380632400512695,0.008884409525265225,0.4473069906234741,0.0,0.9310047570094552,839.3857778577632,0.022509571116188183,2.221457160156354,0.9721457160156355,1.3499999999999999,0.04797972476113392,0.29214934480402566,12.737150192260742,,0.01293746051800379,0.38569460791993493,22.0,890.4375,562.5536070751738,0.1672526776343397,0.766878040878384,0.6818181818181818,0.5444061770315116,2.327545166015625,57.0,0.8682122413595912,23.0,117.99118403383143,0.2283589323943592,0.18181818181818182,0.38569460791993493,,
