cell_mask_area,cell_mask_area_ratio,cell_mask_intensity,domain_area_mean,domain_area_std,domain_oop_mean,domain_oop_std,domain_slen_mean,myof_bending_mean,myof_bending_std,myof_length_max,myof_length_mean,myof_length_std,myof_straightness_mean,myof_straightness_std,n_domains,n_mbands,n_vectors,n_zbands,sarcomere_area,sarcomere_area_ratio,sarcomere_length_mean,sarcomere_length_std,sarcomere_oop,z_intensity_mean,z_intensity_std,z_lat_alignment_mean,z_lat_alignment_std,z_lat_dist_mean,z_lat_dist_std,z_lat_length_groups_mean,z_lat_neighbors_mean,z_lat_neighbors_std,z_length_max,z_length_mean,z_length_std,z_mask_area,z_mask_area_ratio,z_mask_intensity,z_oop,z_straightness_mean,z_straightness_std
836.7975,0.23988931460195828,556.1794251297357,39.29625,7.751250000000001,0.4808165729045868,0.269285649061203,1.3691049047238066,0.048129831552128674,0.022920556653374814,11.673343658447266,7.701157569885254,2.277822732925415,0.9425930542157531,0.023676741406767184,2.0,66.0,169.0,48.0,114.78981018066406,0.13717752524435609,1.3754247851043833,0.2530030321370239,0.3291727900505066,721.614066148788,62.390357590296524,0.7873963583258864,0.6123724356957945,1.8006350881568622,0.5119455823603994,1.5252116960522875,0.5,0.6123724356957945,2.55,0.69375,0.4315216535702467,27.765,0.03318007044715119,728.3257698541329,0.1741865659003322,0.8539866105806381,0.08815135668864749
