cell_mask_area,cell_mask_area_ratio,cell_mask_intensity,domain_area_mean,domain_area_std,domain_oop_mean,domain_oop_std,domain_slen_mean,myof_bending_mean,myof_bending_std,myof_length_max,myof_length_mean,myof_length_std,myof_straightness_mean,myof_straightness_std,n_domains,n_mbands,n_vectors,n_zbands,sarcomere_area,sarcomere_area_ratio,sarcomere_length_mean,sarcomere_length_std,sarcomere_oop,z_intensity_mean,z_intensity_std,z_lat_alignment_mean,z_lat_alignment_std,z_lat_dist_mean,z_lat_dist_std,z_lat_length_groups_mean,z_lat_neighbors_mean,z_lat_neighbors_std,z_length_max,z_length_mean,z_length_std,z_mask_area,z_mask_area_ratio,z_mask_intensity,z_oop,z_straightness_mean,z_straightness_std
1642.2075,0.32543384044659257,536.3728061161577,27.404999999999998,0.0,0.3225747048854828,0.0,1.6462982200514376,0.038772532499889704,0.014733001248111032,15.638331413269043,11.527034759521484,2.4361672401428223,0.9410992839411009,0.03044305202457294,1.0,43.0,102.0,32.0,75.71196746826172,0.0461037764522825,1.5567467156419725,0.3100012767274387,0.17929378151893616,713.2361848805748,66.17347331917091,0.35653013496260366,0.24206145913796356,1.2000000000000028,0.0,0.7258064516129035,0.0625,0.24206145913796356,2.25,0.665625,0.4291047184254678,18.855,0.011481496704892652,718.6050119331742,0.14341148793441771,0.8733548009273551,0.09196934989878257
