cell_mask_area,cell_mask_area_ratio,cell_mask_intensity,domain_area_mean,domain_area_std,domain_oop_mean,domain_oop_std,domain_slen_mean,myof_bending_mean,myof_bending_std,myof_length_max,myof_length_mean,myof_length_std,myof_straightness_mean,myof_straightness_std,n_domains,n_mbands,n_vectors,n_zbands,sarcomere_area,sarcomere_area_ratio,sarcomere_length_mean,sarcomere_length_std,sarcomere_oop,z_intensity_mean,z_intensity_std,z_lat_alignment_mean,z_lat_alignment_std,z_lat_dist_mean,z_lat_dist_std,z_lat_length_groups_mean,z_lat_neighbors_mean,z_lat_neighbors_std,z_length_max,z_length_mean,z_length_std,z_mask_area,z_mask_area_ratio,z_mask_intensity,z_oop,z_straightness_mean,z_straightness_std
1796.5125,0.23778962415867536,555.6334898866554,35.33624999999999,16.082499659956472,0.8258262276649475,0.13911865651607513,1.4958598976468294,0.023429121941369715,0.020293806652867164,19.88922691345215,10.429499626159668,4.007608890533447,0.9530492546185485,0.020576253780931086,4.0,108.0,314.0,91.0,216.56199645996094,0.12054577769982727,1.4733381310430487,0.212934340077992,0.6741695404052734,711.6245151163229,86.69588983748676,0.718130199283875,0.4754573110501964,1.7370419268782629,0.6780860777824875,1.1221992955053512,0.2857142857142857,0.4754573110501964,2.6999999999999997,0.7137362637362638,0.5013753575162044,50.2875,0.027991733984595153,710.5928411633109,0.48300357102151004,0.86847341970872,0.09151422926789649
