sarcomere_area,cell_mask_area_ratio,domain_area_std,domain_oop_mean,sarcomere_length_mean,z_mask_intensity,myof_straightness_std,z_mask_area,z_straightness_std,myof_length_mean,myof_bending_std,sarcomere_oop,n_domains,myof_straightness_mean,z_intensity_mean,myof_bending_mean,z_lat_dist_mean,z_lat_length_groups_mean,z_length_max,sarcomere_area_ratio,z_length_std,myof_length_max,domain_slen_mean,z_mask_area_ratio,z_lat_alignment_std,n_zbands,cell_mask_area,cell_mask_intensity,z_oop,z_lat_alignment_mean,z_length_mean,z_lat_dist_std,myof_length_std,n_vectors,z_straightness_mean,n_mbands,z_intensity_std,sarcomere_length_std,z_lat_neighbors_mean,z_lat_neighbors_std,domain_area_mean,domain_oop_std
317.9332275390625,0.18386940022213993,7.3247176780064365,0.8490220308303833,1.6350623797055717,774.2732648615001,0.030305585169757693,72.2925,0.09084792853893843,16.243404388427734,0.011913591796825912,0.554480791091919,4.0,0.9479519464174265,766.5419366867002,0.01728047892117857,1.6287122004999095,1.435529562104981,3.15,0.1778276848819267,0.6414783187609218,34.74587631225586,1.644944603447164,0.04043493034318723,0.5255574577052775,121.0,1787.8725,554.6493625803854,0.3467369453354776,0.739340306911571,0.9037190082644627,0.6348313584386238,8.792881965637207,548.0,0.8599177426209412,128.0,106.50801717331252,0.17254113000347787,0.34710743801652894,0.5255574577052775,58.62375,0.07970809191465378
