cell_mask_area,cell_mask_area_ratio,cell_mask_intensity,domain_area_mean,domain_area_std,domain_oop_mean,domain_oop_std,domain_slen_mean,myof_bending_mean,myof_bending_std,myof_length_max,myof_length_mean,myof_length_std,myof_straightness_mean,myof_straightness_std,n_domains,n_mbands,n_vectors,n_zbands,sarcomere_area,sarcomere_area_ratio,sarcomere_length_mean,sarcomere_length_std,sarcomere_oop,z_intensity_mean,z_intensity_std,z_lat_alignment_mean,z_lat_alignment_std,z_lat_dist_mean,z_lat_dist_std,z_lat_length_groups_mean,z_lat_neighbors_mean,z_lat_neighbors_std,z_length_max,z_length_mean,z_length_std,z_mask_area,z_mask_area_ratio,z_mask_intensity,z_oop,z_straightness_mean,z_straightness_std
3806.8199999999997,0.35625968600498614,538.89464040853,97.295625,20.885408361386546,0.7983890771865845,0.039134684950113297,1.3900217294335535,0.021154399304601973,0.021162809731053795,26.516036987304688,13.185563087463379,6.695865631103516,0.9571839955757406,0.022350114551503777,4.0,246.0,1033.0,223.0,527.3078002929688,0.13851660974066773,1.3909899309411586,0.2074315785530968,0.31215599179267883,672.2225976163655,79.96515420914763,0.7791270153646073,0.6549234858101212,1.884959827816078,0.6049936831161904,2.3615884023413565,0.6905829596412556,0.6549234858101212,4.35,0.8952914798206277,0.7424132147310062,114.27749999999999,0.030019149841600076,672.828115770821,0.17048173304720698,0.8445156668860847,0.10757843065666155
