sarcomere_area,cell_mask_area_ratio,domain_area_std,domain_oop_mean,sarcomere_length_mean,z_mask_intensity,myof_straightness_std,z_mask_area,z_straightness_std,myof_length_mean,myof_bending_std,sarcomere_oop,n_domains,myof_straightness_mean,z_intensity_mean,myof_bending_mean,z_lat_dist_mean,z_lat_length_groups_mean,z_length_max,sarcomere_area_ratio,z_length_std,myof_length_max,domain_slen_mean,z_mask_area_ratio,z_lat_alignment_std,n_zbands,cell_mask_area,cell_mask_intensity,z_oop,z_lat_alignment_mean,z_length_mean,z_lat_dist_std,myof_length_std,n_vectors,z_straightness_mean,n_mbands,z_intensity_std,sarcomere_length_std,z_lat_neighbors_mean,z_lat_neighbors_std,domain_area_mean,domain_oop_std
70.14924621582031,0.2788995264042369,0.0,0.8834195733070374,1.6328040179472467,726.0631136044881,0.004039364611269081,16.0425,0.08441919250454465,9.926610946655273,0.006907052238639706,0.4706490635871887,1.0,0.9910052340012179,726.005890728868,0.008795032548965463,1.5646491069701003,0.7740590097245547,1.3499999999999999,0.0474390876015076,0.3448781991112547,13.869355201721191,1.6506738339244447,0.010848891526300575,0.37267799624996495,36.0,1478.7224999999999,557.1244959754113,0.33856717972162226,0.7932680992320059,0.5791666666666667,0.737816489418381,3.944474220275879,69.0,0.888600178755394,35.0,73.08519605759052,0.2709666916942613,0.16666666666666666,0.37267799624996495,26.099999999999998,0.0
