cell_mask_area,cell_mask_area_ratio,cell_mask_intensity,domain_area_mean,domain_area_std,domain_oop_mean,domain_oop_std,domain_slen_mean,myof_bending_mean,myof_bending_std,myof_length_max,myof_length_mean,myof_length_std,myof_straightness_mean,myof_straightness_std,n_domains,n_mbands,n_vectors,n_zbands,sarcomere_area,sarcomere_area_ratio,sarcomere_length_mean,sarcomere_length_std,sarcomere_oop,z_intensity_mean,z_intensity_std,z_lat_alignment_mean,z_lat_alignment_std,z_lat_dist_mean,z_lat_dist_std,z_lat_length_groups_mean,z_lat_neighbors_mean,z_lat_neighbors_std,z_length_max,z_length_mean,z_length_std,z_mask_area,z_mask_area_ratio,z_mask_intensity,z_oop,z_straightness_mean,z_straightness_std
549.9449999999999,0.11172362093869416,556.4843711643891,,,,,,0.032420104218912525,0.0072195937422931886,16.29770851135254,16.29126739501953,0.0038020929787307978,0.9709957850368809,0.005611169652265713,0.0,14.0,38.0,18.0,27.079174041748047,0.04923978587267463,1.6133631956459054,0.3144387448512261,0.807555079460144,754.981615298282,74.22560436428124,0.48774391001682377,0.3142696805273545,1.0920164833920778,0.0,0.6818833225524751,0.1111111111111111,0.3142696805273545,1.05,0.5833333333333334,0.25440562537456246,6.75,0.012273954668194094,737.8966666666666,0.7997457674487919,0.9065928441503153,0.08855111225696492
