cell_mask_area,cell_mask_area_ratio,cell_mask_intensity,domain_area_mean,domain_area_std,domain_oop_mean,domain_oop_std,domain_slen_mean,myof_bending_mean,myof_bending_std,myof_length_max,myof_length_mean,myof_length_std,myof_straightness_mean,myof_straightness_std,n_domains,n_mbands,n_vectors,n_zbands,sarcomere_area,sarcomere_area_ratio,sarcomere_length_mean,sarcomere_length_std,sarcomere_oop,z_intensity_mean,z_intensity_std,z_lat_alignment_mean,z_lat_alignment_std,z_lat_dist_mean,z_lat_dist_std,z_lat_length_groups_mean,z_lat_neighbors_mean,z_lat_neighbors_std,z_length_max,z_length_mean,z_length_std,z_mask_area,z_mask_area_ratio,z_mask_intensity,z_oop,z_straightness_mean,z_straightness_std
1606.0275,0.16308117617491832,548.8195127418428,40.7925,13.27691935277156,0.9190736413002014,0.06263776123523712,1.5332055682757086,0.02481201001043282,0.01427487107074386,15.127828598022461,9.379894256591797,2.7436604499816895,0.9638182044758016,0.01609406918080959,3.0,96.0,205.0,73.0,166.60511779785156,0.10373740038564194,1.535013114861458,0.2312662739518882,0.6663135290145874,699.6121288284327,89.70503802837646,0.7724933427480802,0.4455741360901532,2.0036925907263976,0.7105656210851531,0.9966083188586334,0.2191780821917808,0.4455741360901532,1.7999999999999998,0.667808219178082,0.36323978485610314,40.0725,0.024951316213452136,693.4014598540145,0.498711597935901,0.8755117499225047,0.08550969051964598
