cell_mask_area,cell_mask_area_ratio,cell_mask_intensity,domain_area_mean,domain_area_std,domain_oop_mean,domain_oop_std,domain_slen_mean,myof_bending_mean,myof_bending_std,myof_length_max,myof_length_mean,myof_length_std,myof_straightness_mean,myof_straightness_std,n_domains,n_mbands,n_vectors,n_zbands,sarcomere_area,sarcomere_area_ratio,sarcomere_length_mean,sarcomere_length_std,sarcomere_oop,z_intensity_mean,z_intensity_std,z_lat_alignment_mean,z_lat_alignment_std,z_lat_dist_mean,z_lat_dist_std,z_lat_length_groups_mean,z_lat_neighbors_mean,z_lat_neighbors_std,z_length_max,z_length_mean,z_length_std,z_mask_area,z_mask_area_ratio,z_mask_intensity,z_oop,z_straightness_mean,z_straightness_std
1639.7549999999999,0.3713793595466683,573.6928565547902,38.8575,14.107499999999998,0.744025468826294,0.11396047472953796,1.5385015885357556,0.04860764400683475,0.057388254272483036,18.30845069885254,10.337018966674805,3.357130527496338,0.9387139581044226,0.03528073381140474,2.0,54.0,210.0,46.0,142.55787658691406,0.08693852227126252,1.5744485405800874,0.2930121386808148,0.3354697525501251,969.9000137578676,154.5509921766107,0.6427788818428072,0.5377963859501296,1.7319547503153043,0.6163057219110111,1.568598541754251,0.43478260869565216,0.5377963859501296,2.55,0.8510869565217389,0.579307038290125,33.48,0.02041768434918631,969.0383064516129,0.23509154212839226,0.8592722490395787,0.10818970211663567
