cell_mask_area,cell_mask_area_ratio,cell_mask_intensity,domain_area_mean,domain_area_std,domain_oop_mean,domain_oop_std,domain_slen_mean,myof_bending_mean,myof_bending_std,myof_length_max,myof_length_mean,myof_length_std,myof_straightness_mean,myof_straightness_std,n_domains,n_mbands,n_vectors,n_zbands,sarcomere_area,sarcomere_area_ratio,sarcomere_length_mean,sarcomere_length_std,sarcomere_oop,z_intensity_mean,z_intensity_std,z_lat_alignment_mean,z_lat_alignment_std,z_lat_dist_mean,z_lat_dist_std,z_lat_length_groups_mean,z_lat_neighbors_mean,z_lat_neighbors_std,z_length_max,z_length_mean,z_length_std,z_mask_area,z_mask_area_ratio,z_mask_intensity,z_oop,z_straightness_mean,z_straightness_std
935.6624999999999,0.2093738671607524,602.6872189491403,,,,,,0.005902655295747788,0.004528634944321215,8.079093933105469,6.8781867027282715,0.5996768474578857,0.981837120544584,0.007132798686399552,0.0,33.0,118.0,38.0,80.78973388671875,0.08634495225224775,1.612996944926121,0.18826887990597607,0.8841456174850464,796.923157524992,78.31862533074666,0.8311625112442529,0.5907880084379907,1.3924073104100612,0.5104673171875168,1.2713086161093499,0.42105263157894735,0.5907880084379907,1.95,0.7105263157894736,0.4279937737398884,17.842499999999998,0.019069375976914753,800.5372005044136,0.7601824745731205,0.8598336390161904,0.06504023055840753
