cell_mask_area,cell_mask_area_ratio,cell_mask_intensity,domain_area_mean,domain_area_std,domain_oop_mean,domain_oop_std,domain_slen_mean,myof_bending_mean,myof_bending_std,myof_length_max,myof_length_mean,myof_length_std,myof_straightness_mean,myof_straightness_std,n_domains,n_mbands,n_vectors,n_zbands,sarcomere_area,sarcomere_area_ratio,sarcomere_length_mean,sarcomere_length_std,sarcomere_oop,z_intensity_mean,z_intensity_std,z_lat_alignment_mean,z_lat_alignment_std,z_lat_dist_mean,z_lat_dist_std,z_lat_length_groups_mean,z_lat_neighbors_mean,z_lat_neighbors_std,z_length_max,z_length_mean,z_length_std,z_mask_area,z_mask_area_ratio,z_mask_intensity,z_oop,z_straightness_mean,z_straightness_std
720.135,0.25331222793826674,567.8457164281697,25.29,0.0,0.7041926980018616,0.0,1.5788385028542626,0.012956638715123672,0.007450109332936512,9.715705871582031,8.996910095214844,0.581359326839447,0.9794151945752171,0.0093422018744872,1.0,35.0,96.0,30.0,66.7879638671875,0.09274367148824526,1.5776161235632111,0.2298385061749798,0.25097137689590454,752.4894604920428,60.86911269083613,0.5894843260792553,0.4000000000000001,1.7337373139870393,0.7047374873589545,0.9815263682207821,0.2,0.4000000000000001,1.95,0.7100000000000001,0.4773887304912004,17.9325,0.024901580953571208,762.4002509410288,0.36483783101931533,0.8725465000147395,0.09744414941856103
