cell_mask_area,cell_mask_area_ratio,cell_mask_intensity,domain_area_mean,domain_area_std,domain_oop_mean,domain_oop_std,domain_slen_mean,myof_bending_mean,myof_bending_std,myof_length_max,myof_length_mean,myof_length_std,myof_straightness_mean,myof_straightness_std,n_domains,n_mbands,n_vectors,n_zbands,sarcomere_area,sarcomere_area_ratio,sarcomere_length_mean,sarcomere_length_std,sarcomere_oop,z_intensity_mean,z_intensity_std,z_lat_alignment_mean,z_lat_alignment_std,z_lat_dist_mean,z_lat_dist_std,z_lat_length_groups_mean,z_lat_neighbors_mean,z_lat_neighbors_std,z_length_max,z_length_mean,z_length_std,z_mask_area,z_mask_area_ratio,z_mask_intensity,z_oop,z_straightness_mean,z_straightness_std
890.4375,0.21135072203708452,562.5536070751738,,,,,,0.023357792458393548,0.007639486301284649,12.885053634643555,10.234406471252441,3.0181076526641846,0.9026213975523092,0.057378602447690386,0.0,23.0,57.0,22.0,42.72298049926758,0.047979763317770846,1.4121292948055286,0.2362558548108275,0.4473070204257965,839.3857778577632,117.99118403383143,0.766877419117688,0.38569460791993493,2.221457160156354,0.5444061770315116,0.9721457160156355,0.18181818181818182,0.38569460791993493,1.3499999999999999,0.6818181818181818,0.29214934480402566,11.52,0.01293746051800379,834.8984375,0.1672526776343397,0.8682122413595912,0.0792941031270891
