cell_mask_area,cell_mask_area_ratio,cell_mask_intensity,domain_area_mean,domain_area_std,domain_oop_mean,domain_oop_std,domain_slen_mean,myof_bending_mean,myof_bending_std,myof_length_max,myof_length_mean,myof_length_std,myof_straightness_mean,myof_straightness_std,n_domains,n_mbands,n_vectors,n_zbands,sarcomere_area,sarcomere_area_ratio,sarcomere_length_mean,sarcomere_length_std,sarcomere_oop,z_intensity_mean,z_intensity_std,z_lat_alignment_mean,z_lat_alignment_std,z_lat_dist_mean,z_lat_dist_std,z_lat_length_groups_mean,z_lat_neighbors_mean,z_lat_neighbors_std,z_length_max,z_length_mean,z_length_std,z_mask_area,z_mask_area_ratio,z_mask_intensity,z_oop,z_straightness_mean,z_straightness_std
1238.805,0.243210530965633,551.7237821933234,37.6875,0.17999999999999972,0.4431230127811432,0.06770196557044983,1.491154196558215,0.07040184452518683,0.0752750247112969,13.259206771850586,8.159482955932617,2.202054977416992,0.9224884816758177,0.054768175727162666,2.0,65.0,188.0,57.0,131.82664489746094,0.10641436295257198,1.532875877453306,0.32039525755232545,0.21881496906280518,811.4974487764008,193.88689868347208,0.8083052181051865,0.525144896389325,1.7404634467272062,0.7466938438803463,1.6734469648590626,0.5964912280701754,0.525144896389325,1.5,0.6552631578947369,0.3296308688446682,26.73,0.021577245813505758,817.6363636363636,0.07998581055796097,0.8726021706627257,0.09564849336711881
