sarcomere_area,cell_mask_area_ratio,domain_area_std,domain_oop_mean,sarcomere_length_mean,z_mask_intensity,myof_straightness_std,z_mask_area,z_straightness_std,myof_length_mean,myof_bending_std,sarcomere_oop,n_domains,myof_straightness_mean,z_intensity_mean,myof_bending_mean,z_lat_dist_mean,z_lat_length_groups_mean,z_length_max,sarcomere_area_ratio,z_length_std,myof_length_max,domain_slen_mean,z_mask_area_ratio,z_lat_alignment_std,n_zbands,cell_mask_area,cell_mask_intensity,z_oop,z_lat_alignment_mean,z_length_mean,z_lat_dist_std,myof_length_std,n_vectors,z_straightness_mean,n_mbands,z_intensity_std,sarcomere_length_std,z_lat_neighbors_mean,z_lat_neighbors_std,domain_area_mean,domain_oop_std
81.35735321044922,0.28232878619153673,0.0,0.9004490971565247,1.5030351040344658,826.0495689655172,0.004776196645529211,20.88,0.08206482706847186,10.083202362060547,0.008825606072558117,0.7708295583724976,1.0,0.9677656035883095,817.6626645904136,0.0169931845079786,1.8121453181566165,1.3270899624930697,2.1,0.07428165423618173,0.4259936481161358,13.818629264831543,1.4532346366448874,0.019064053576564363,0.6932419423397524,51.0,1095.2549999999999,593.8763301696865,0.6113596237851144,0.6874704950206241,0.6500000000000001,0.6578147573397611,2.966320037841797,129.0,0.862444461241356,46.0,110.06418100555065,0.27130704903224645,0.43137254901960786,0.6932419423397524,29.9025,0.0
