cell_mask_area,cell_mask_area_ratio,cell_mask_intensity,domain_area_mean,domain_area_std,domain_oop_mean,domain_oop_std,domain_slen_mean,myof_bending_mean,myof_bending_std,myof_length_max,myof_length_mean,myof_length_std,myof_straightness_mean,myof_straightness_std,n_domains,n_mbands,n_vectors,n_zbands,sarcomere_area,sarcomere_area_ratio,sarcomere_length_mean,sarcomere_length_std,sarcomere_oop,z_intensity_mean,z_intensity_std,z_lat_alignment_mean,z_lat_alignment_std,z_lat_dist_mean,z_lat_dist_std,z_lat_length_groups_mean,z_lat_neighbors_mean,z_lat_neighbors_std,z_length_max,z_length_mean,z_length_std,z_mask_area,z_mask_area_ratio,z_mask_intensity,z_oop,z_straightness_mean,z_straightness_std
1239.2549999999999,0.2432988779927555,551.7128254475471,37.54125,0.4612499999999997,0.4481022357940674,0.07612420618534088,1.4576417358397147,0.05992207083502679,0.047109560238177244,17.79253387451172,8.67686939239502,3.055488109588623,0.9257486410419733,0.05962879671037022,2.0,66.0,191.0,57.0,131.93150329589844,0.10646033568224332,1.5043304315097143,0.3047597024399674,0.21996988356113434,811.4974487764008,193.88689868347208,0.8103133917751886,0.525144896389325,1.7404634467272062,0.7466938438803463,1.6734469648590626,0.5964912280701754,0.525144896389325,1.5,0.6552631578947369,0.3296308688446682,26.73,0.02156941065398163,817.5824915824916,0.07998581055796097,0.8726021706627257,0.09564849336711881
