sarcomere_area,cell_mask_area_ratio,domain_area_std,domain_oop_mean,sarcomere_length_mean,z_mask_intensity,myof_straightness_std,z_mask_area,z_straightness_std,myof_length_mean,myof_bending_std,sarcomere_oop,n_domains,myof_straightness_mean,z_intensity_mean,myof_bending_mean,z_lat_dist_mean,z_lat_length_groups_mean,z_length_max,sarcomere_area_ratio,z_length_std,myof_length_max,domain_slen_mean,z_mask_area_ratio,z_lat_alignment_std,n_zbands,cell_mask_area,cell_mask_intensity,z_oop,z_lat_alignment_mean,z_length_mean,z_lat_dist_std,myof_length_std,n_vectors,z_straightness_mean,n_mbands,z_intensity_std,sarcomere_length_std,z_lat_neighbors_mean,z_lat_neighbors_std,domain_area_mean,domain_oop_std
299.4242858886719,0.3283056812468578,30.230152637722487,0.7841649651527405,1.5242790701556581,762.8076411960133,0.05714802801855512,67.725,0.11263530842573483,13.431150436401367,0.03549433315619308,0.25380584597587585,5.0,0.9190627665540094,751.960998571862,0.03200287931284914,1.7168267247926658,2.467759637559691,3.4499999999999997,0.19225845935300828,0.7417485909809485,27.47806739807129,1.4999122141226082,0.0434857984917218,0.5911440629449024,108.0,1557.405,568.4399000260048,0.2674232600264362,0.7310503153014541,0.8791666666666665,0.6316402549488394,6.283342361450195,510.0,0.8575619389847652,123.0,93.82214761147287,0.24741168925372872,0.7592592592592593,0.5911440629449024,47.7495,0.10652056336402893
