cell_mask_area,cell_mask_area_ratio,cell_mask_intensity,domain_area_mean,domain_area_std,domain_oop_mean,domain_oop_std,domain_slen_mean,myof_bending_mean,myof_bending_std,myof_length_max,myof_length_mean,myof_length_std,myof_straightness_mean,myof_straightness_std,n_domains,n_mbands,n_vectors,n_zbands,sarcomere_area,sarcomere_area_ratio,sarcomere_length_mean,sarcomere_length_std,sarcomere_oop,z_intensity_mean,z_intensity_std,z_lat_alignment_mean,z_lat_alignment_std,z_lat_dist_mean,z_lat_dist_std,z_lat_length_groups_mean,z_lat_neighbors_mean,z_lat_neighbors_std,z_length_max,z_length_mean,z_length_std,z_mask_area,z_mask_area_ratio,z_mask_intensity,z_oop,z_straightness_mean,z_straightness_std
1988.8425,0.3304065368858587,547.4529770456936,51.741,31.057478229888527,0.8735349774360657,0.14336928725242615,1.5371605043312182,0.010939531900825292,0.006142136246251244,52.28328323364258,23.902725219726562,12.605551719665527,0.9389598085932115,0.06615126520887604,5.0,117.0,626.0,117.0,299.2186584472656,0.15044864459969334,1.555833242559741,0.20815504983807984,0.582892894744873,789.906839500793,117.70578327008185,0.7056338556516707,0.4650075387601861,1.8700584928946467,0.5641262057463223,1.464376882529369,0.23931623931623933,0.4650075387601861,3.0,1.0653846153846154,0.5263753469884012,61.7175,0.031031869039403574,784.419248997448,0.574995690120655,0.8589534947539837,0.08799226003120164
