cell_mask_area,cell_mask_area_ratio,cell_mask_intensity,domain_area_mean,domain_area_std,domain_oop_mean,domain_oop_std,domain_slen_mean,myof_bending_mean,myof_bending_std,myof_length_max,myof_length_mean,myof_length_std,myof_straightness_mean,myof_straightness_std,n_domains,n_mbands,n_vectors,n_zbands,sarcomere_area,sarcomere_area_ratio,sarcomere_length_mean,sarcomere_length_std,sarcomere_oop,z_intensity_mean,z_intensity_std,z_lat_alignment_mean,z_lat_alignment_std,z_lat_dist_mean,z_lat_dist_std,z_lat_length_groups_mean,z_lat_neighbors_mean,z_lat_neighbors_std,z_length_max,z_length_mean,z_length_std,z_mask_area,z_mask_area_ratio,z_mask_intensity,z_oop,z_straightness_mean,z_straightness_std
1103.6025,0.22064327485380117,552.868009541479,23.92875,3.8812499999999996,0.8844424486160278,0.04157420992851257,1.5246912391409222,0.024126600151361366,0.016265105069956935,20.593786239624023,11.159343719482422,4.317066669464111,0.9571112592250042,0.021095001471717445,2.0,62.0,175.0,52.0,127.64720916748047,0.11566411744036505,1.5372622335448263,0.2573415435247823,0.7338200211524963,700.2087308254954,83.93385161801281,0.7362155896549025,0.5014771080925114,2.045942959464619,0.9180781048566359,1.2788078108117487,0.3076923076923077,0.5014771080925114,2.55,0.7673076923076922,0.4758478885292563,32.085,0.029072967848478053,689.469144460028,0.6409455643847529,0.8566522082839211,0.08945920056768882
