cell_mask_area,cell_mask_area_ratio,cell_mask_intensity,domain_area_mean,domain_area_std,domain_oop_mean,domain_oop_std,domain_slen_mean,myof_bending_mean,myof_bending_std,myof_length_max,myof_length_mean,myof_length_std,myof_straightness_mean,myof_straightness_std,n_domains,n_mbands,n_vectors,n_zbands,sarcomere_area,sarcomere_area_ratio,sarcomere_length_mean,sarcomere_length_std,sarcomere_oop,z_intensity_mean,z_intensity_std,z_lat_alignment_mean,z_lat_alignment_std,z_lat_dist_mean,z_lat_dist_std,z_lat_length_groups_mean,z_lat_neighbors_mean,z_lat_neighbors_std,z_length_max,z_length_mean,z_length_std,z_mask_area,z_mask_area_ratio,z_mask_intensity,z_oop,z_straightness_mean,z_straightness_std
1375.3125,0.3085562847046946,573.5410552147239,45.0675,9.199914062098625,0.784731924533844,0.10165055841207504,1.4762274535304902,0.028009744501912178,0.024822557241334118,16.02574348449707,10.286140441894531,3.046724557876587,0.9494897747209395,0.029278750813508107,4.0,102.0,400.0,108.0,217.74151611328125,0.1583214841087253,1.483592437485517,0.2236702288519897,0.5430147647857666,775.5001468834533,98.39268443341443,0.7907703476071791,0.6431020501550127,1.65086652634919,0.6818740442191343,2.818193221079352,0.8888888888888888,0.6431020501550127,4.2,0.8319444444444445,0.6789649780055116,51.3,0.03730061349693251,786.2859649122807,0.39429241875623344,0.8501263401462216,0.11482183520891043
