cell_mask_area,cell_mask_area_ratio,cell_mask_intensity,domain_area_mean,domain_area_std,domain_oop_mean,domain_oop_std,domain_slen_mean,myof_bending_mean,myof_bending_std,myof_length_max,myof_length_mean,myof_length_std,myof_straightness_mean,myof_straightness_std,n_domains,n_mbands,n_vectors,n_zbands,sarcomere_area,sarcomere_area_ratio,sarcomere_length_mean,sarcomere_length_std,sarcomere_oop,z_intensity_mean,z_intensity_std,z_lat_alignment_mean,z_lat_alignment_std,z_lat_dist_mean,z_lat_dist_std,z_lat_length_groups_mean,z_lat_neighbors_mean,z_lat_neighbors_std,z_length_max,z_length_mean,z_length_std,z_mask_area,z_mask_area_ratio,z_mask_intensity,z_oop,z_straightness_mean,z_straightness_std
1639.7324999999998,0.37137426364173753,573.6921250874761,38.44125,13.916249999999998,0.7470532059669495,0.11497217416763306,1.540734398077936,0.05359834350427709,0.03418954860116654,15.074745178222656,8.529989242553711,2.2307443618774414,0.9416531185604027,0.034507917788519485,2.0,54.0,206.0,46.0,142.35362243652344,0.08681514968845434,1.5749049950388458,0.2939018601590448,0.3339010179042816,970.0811731781574,154.63791440528058,0.6452107152882413,0.5377963859501296,1.7319547503153043,0.6163057219110111,1.568598541754251,0.43478260869565216,0.5377963859501296,2.55,0.8510869565217389,0.579307038290125,33.457499999999996,0.02040424276520713,969.0242098184264,0.2413978127035858,0.8592722490395787,0.10818970211663567
