cell_mask_area,cell_mask_area_ratio,cell_mask_intensity,domain_area_mean,domain_area_std,domain_oop_mean,domain_oop_std,domain_slen_mean,myof_bending_mean,myof_bending_std,myof_length_max,myof_length_mean,myof_length_std,myof_straightness_mean,myof_straightness_std,n_domains,n_mbands,n_vectors,n_zbands,sarcomere_area,sarcomere_area_ratio,sarcomere_length_mean,sarcomere_length_std,sarcomere_oop,z_intensity_mean,z_intensity_std,z_lat_alignment_mean,z_lat_alignment_std,z_lat_dist_mean,z_lat_dist_std,z_lat_length_groups_mean,z_lat_neighbors_mean,z_lat_neighbors_std,z_length_max,z_length_mean,z_length_std,z_mask_area,z_mask_area_ratio,z_mask_intensity,z_oop,z_straightness_mean,z_straightness_std
1190.6325,0.17452778849673978,584.921688682276,36.48,1.2125438136413897,0.7882559895515442,0.13956239819526672,1.5556999349917937,0.01671009665795158,0.00970186026408647,37.97935485839844,19.53951644897461,9.341715812683105,0.9486340043461867,0.024428396648732253,3.0,71.0,307.0,66.0,171.4287872314453,0.14398127653280532,1.5278396828850136,0.1723354469995871,0.5932855010032654,840.4989922669013,118.69127056942537,0.7537076939078093,0.4625556824992044,1.3128333355824833,0.4719307501989792,1.2026321842182734,0.24242424242424243,0.4625556824992044,2.6999999999999997,0.8977272727272726,0.5663835178182699,35.122499999999995,0.029499026777784074,843.2863549007046,0.4306331105038408,0.8510313514165702,0.1004527143591798
