cell_mask_area,cell_mask_area_ratio,cell_mask_intensity,domain_area_mean,domain_area_std,domain_oop_mean,domain_oop_std,domain_slen_mean,myof_bending_mean,myof_bending_std,myof_length_max,myof_length_mean,myof_length_std,myof_straightness_mean,myof_straightness_std,n_domains,n_mbands,n_vectors,n_zbands,sarcomere_area,sarcomere_area_ratio,sarcomere_length_mean,sarcomere_length_std,sarcomere_oop,z_intensity_mean,z_intensity_std,z_lat_alignment_mean,z_lat_alignment_std,z_lat_dist_mean,z_lat_dist_std,z_lat_length_groups_mean,z_lat_neighbors_mean,z_lat_neighbors_std,z_length_max,z_length_mean,z_length_std,z_mask_area,z_mask_area_ratio,z_mask_intensity,z_oop,z_straightness_mean,z_straightness_std
550.125,0.11176018868959466,556.4748466257669,,,,,,0.020810810964715952,0.006784518570797353,16.314470291137695,16.276466369628906,0.02143491618335247,0.9770691910056395,0.0008837326284004132,0.0,14.0,38.0,18.0,27.10725975036621,0.04927472801702561,1.6641867254773086,0.30025583213082085,0.8077060580253601,754.8791461624796,74.27817796419454,0.4871306759789665,0.3142696805273545,1.0920164833920778,0.0,0.6730597931407104,0.1111111111111111,0.3142696805273545,1.05,0.5750000000000001,0.2610076627227637,6.8175,0.012392638036809817,737.3036303630363,0.8001364225570093,0.9120401745976459,0.08564836099315179
