cell_mask_area,cell_mask_area_ratio,cell_mask_intensity,domain_area_mean,domain_area_std,domain_oop_mean,domain_oop_std,domain_slen_mean,myof_bending_mean,myof_bending_std,myof_length_max,myof_length_mean,myof_length_std,myof_straightness_mean,myof_straightness_std,n_domains,n_mbands,n_vectors,n_zbands,sarcomere_area,sarcomere_area_ratio,sarcomere_length_mean,sarcomere_length_std,sarcomere_oop,z_intensity_mean,z_intensity_std,z_lat_alignment_mean,z_lat_alignment_std,z_lat_dist_mean,z_lat_dist_std,z_lat_length_groups_mean,z_lat_neighbors_mean,z_lat_neighbors_std,z_length_max,z_length_mean,z_length_std,z_mask_area,z_mask_area_ratio,z_mask_intensity,z_oop,z_straightness_mean,z_straightness_std
1096.6725,0.15145611156685806,562.8003118524446,53.3025,18.99117294955738,0.7741304039955139,0.11923959851264954,1.5994361070347465,0.02597892643758836,0.026477391042663678,20.65734100341797,11.222217559814453,3.6618919372558594,0.9615615146062064,0.025803457980530305,3.0,91.0,383.0,90.0,191.18499755859375,0.1743318972241884,1.5551705929895394,0.2545493816643054,0.5921129584312439,805.9545309358349,93.05466055893069,0.7809682222549176,0.6008224815375899,1.615444001884795,0.6954146578406699,1.8038091349753773,0.5111111111111111,0.6008224815375899,2.55,0.9299999999999998,0.5814636704042653,47.2275,0.04306436059990563,802.7246307765603,0.4762796756430298,0.8430525185842314,0.0945172827382399
