sarcomere_area,cell_mask_area_ratio,domain_area_std,domain_oop_mean,sarcomere_length_mean,z_mask_intensity,myof_straightness_std,z_mask_area,z_straightness_std,myof_length_mean,myof_bending_std,sarcomere_oop,n_domains,myof_straightness_mean,z_intensity_mean,myof_bending_mean,z_lat_dist_mean,z_lat_length_groups_mean,z_length_max,sarcomere_area_ratio,z_length_std,myof_length_max,domain_slen_mean,z_mask_area_ratio,z_lat_alignment_std,n_zbands,cell_mask_area,cell_mask_intensity,z_oop,z_lat_alignment_mean,z_length_mean,z_lat_dist_std,myof_length_std,n_vectors,z_straightness_mean,n_mbands,z_intensity_std,sarcomere_length_std,z_lat_neighbors_mean,z_lat_neighbors_std,domain_area_mean,domain_oop_std
63.31142807006836,0.27302151516465095,0.0,0.9788039922714233,1.6018107699384458,747.0969387755102,0.008190535317525434,13.229999999999999,0.08546787499832464,12.610283851623535,0.004870741186759507,0.5064775347709656,1.0,0.9743956648392033,738.3168641166395,0.013464702651519911,0.9524877118960245,1.0698897015516553,2.55,0.049639962028024946,0.5395079118810479,14.124482154846191,1.690897138564796,0.010373114580576872,0.42132504423474315,26.0,1275.4125,594.508106200935,0.3565635509713821,0.8159005130851895,0.8365384615384616,0.47462317546352006,2.2132749557495117,96.0,0.8708425136600646,30.0,69.97031073662995,0.22113486953525044,0.23076923076923078,0.42132504423474315,24.412499999999998,0.0
