sarcomere_area,cell_mask_area_ratio,domain_area_std,domain_oop_mean,sarcomere_length_mean,z_mask_intensity,myof_straightness_std,z_mask_area,z_straightness_std,myof_length_mean,myof_bending_std,sarcomere_oop,n_domains,myof_straightness_mean,z_intensity_mean,myof_bending_mean,z_lat_dist_mean,z_lat_length_groups_mean,z_length_max,sarcomere_area_ratio,z_length_std,myof_length_max,domain_slen_mean,z_mask_area_ratio,z_lat_alignment_std,n_zbands,cell_mask_area,cell_mask_intensity,z_oop,z_lat_alignment_mean,z_length_mean,z_lat_dist_std,myof_length_std,n_vectors,z_straightness_mean,n_mbands,z_intensity_std,sarcomere_length_std,z_lat_neighbors_mean,z_lat_neighbors_std,domain_area_mean,domain_oop_std
191.1700897216797,0.1515990503890422,18.526187208921318,0.7746410965919495,1.5568655549694275,802.949427480916,0.02561675258683319,47.16,0.0943332268942521,8.902417182922363,0.018603751121579092,0.5916926860809326,3.0,0.9692921400061214,806.0736152891296,0.016111405063722318,1.615444001884795,1.8038091349753773,2.55,0.174153943306099,0.5814636704042653,17.09400177001953,1.6026682475121927,0.04296226453768422,0.6008224815375899,90.0,1097.7075,562.7523110664727,0.47571044795268774,0.7815072987370657,0.9299999999999998,0.6954146578406699,2.63515567779541,381.0,0.8439882076746823,92.0,93.00747456837209,0.24531922194809025,0.5111111111111111,0.6008224815375899,53.1675,0.11908137798309326
