cell_mask_area,cell_mask_area_ratio,cell_mask_intensity,domain_area_mean,domain_area_std,domain_oop_mean,domain_oop_std,domain_slen_mean,myof_bending_mean,myof_bending_std,myof_length_max,myof_length_mean,myof_length_std,myof_straightness_mean,myof_straightness_std,n_domains,n_mbands,n_vectors,n_zbands,sarcomere_area,sarcomere_area_ratio,sarcomere_length_mean,sarcomere_length_std,sarcomere_oop,z_intensity_mean,z_intensity_std,z_lat_alignment_mean,z_lat_alignment_std,z_lat_dist_mean,z_lat_dist_std,z_lat_length_groups_mean,z_lat_neighbors_mean,z_lat_neighbors_std,z_length_max,z_length_mean,z_length_std,z_mask_area,z_mask_area_ratio,z_mask_intensity,z_oop,z_straightness_mean,z_straightness_std
1731.735,0.26720130535159436,560.1781565886236,62.60625,47.41505857517736,0.6580156087875366,0.3387114703655243,1.5554554044694053,0.031077882143311995,0.021554830995127932,15.71334457397461,8.99416446685791,2.362187147140503,0.9460540656606352,0.03580812237317749,4.0,139.0,545.0,123.0,342.6371154785156,0.19785770656510127,1.4987574901967713,0.21478761300778096,0.13304457068443298,740.8372499553434,155.1722767593536,0.791784387160774,0.7160935734586926,1.8197318557837059,0.7331317910485077,2.620628387701572,0.7804878048780488,0.7160935734586926,4.05,0.8878048780487804,0.6940320938496128,65.02499999999999,0.03754904763142167,751.721107266436,0.15649643837163704,0.8325519785060427,0.10752455402830767
