cell_mask_area,cell_mask_area_ratio,cell_mask_intensity,domain_area_mean,domain_area_std,domain_oop_mean,domain_oop_std,domain_slen_mean,myof_bending_mean,myof_bending_std,myof_length_max,myof_length_mean,myof_length_std,myof_straightness_mean,myof_straightness_std,n_domains,n_mbands,n_vectors,n_zbands,sarcomere_area,sarcomere_area_ratio,sarcomere_length_mean,sarcomere_length_std,sarcomere_oop,z_intensity_mean,z_intensity_std,z_lat_alignment_mean,z_lat_alignment_std,z_lat_dist_mean,z_lat_dist_std,z_lat_length_groups_mean,z_lat_neighbors_mean,z_lat_neighbors_std,z_length_max,z_length_mean,z_length_std,z_mask_area,z_mask_area_ratio,z_mask_intensity,z_oop,z_straightness_mean,z_straightness_std
2310.0525,0.3551086054233536,533.7866249793025,47.925,0.0,0.6887584328651428,0.0,1.4854578015884767,0.020664949249043933,0.015539914075156338,15.657251358032227,10.347363471984863,3.8143177032470703,0.9540955212517387,0.023402815900463673,1.0,70.0,152.0,59.0,122.82054138183594,0.05316785717287202,1.5353924270556931,0.366075859134422,0.5013694763183594,643.3349253421902,43.62156095667362,0.7409678315102409,0.5752733135076998,1.4724544840579539,0.5276900034547202,1.5844158799275279,0.6440677966101694,0.5752733135076998,2.25,0.5999999999999999,0.39638194215654754,29.025,0.012564649504719048,652.353488372093,0.33061912678292693,0.8877155387376623,0.09135803420473552
