cell_mask_area,cell_mask_area_ratio,cell_mask_intensity,domain_area_mean,domain_area_std,domain_oop_mean,domain_oop_std,domain_slen_mean,myof_bending_mean,myof_bending_std,myof_length_max,myof_length_mean,myof_length_std,myof_straightness_mean,myof_straightness_std,n_domains,n_mbands,n_vectors,n_zbands,sarcomere_area,sarcomere_area_ratio,sarcomere_length_mean,sarcomere_length_std,sarcomere_oop,z_intensity_mean,z_intensity_std,z_lat_alignment_mean,z_lat_alignment_std,z_lat_dist_mean,z_lat_dist_std,z_lat_length_groups_mean,z_lat_neighbors_mean,z_lat_neighbors_std,z_length_max,z_length_mean,z_length_std,z_mask_area,z_mask_area_ratio,z_mask_intensity,z_oop,z_straightness_mean,z_straightness_std
1335.69,0.15396106624340603,567.0396873526042,54.30375,30.568539663966614,0.7449942231178284,0.044853538274765015,1.4262152718124839,0.015500355691336572,0.00877831237961046,45.640933990478516,15.402644157409668,11.6776704788208,0.9580781692781664,0.03233209033025108,4.0,121.0,526.0,118.0,242.34103393554688,0.18143508893197288,1.426105877279222,0.24614691252257923,0.6226455569267273,773.2495596988517,94.93721396149874,0.6520197922131229,0.5710128992516277,2.060651212567022,0.6850850897122646,1.6511237138468997,0.4067796610169492,0.5710128992516277,5.1,0.8961864406779659,0.6338327313586516,58.4775,0.04378074253756485,783.5979222777992,0.5475302903541939,0.8422048356291734,0.10226691962746873
