cell_mask_area,cell_mask_area_ratio,cell_mask_intensity,domain_area_mean,domain_area_std,domain_oop_mean,domain_oop_std,domain_slen_mean,myof_bending_mean,myof_bending_std,myof_length_max,myof_length_mean,myof_length_std,myof_straightness_mean,myof_straightness_std,n_domains,n_mbands,n_vectors,n_zbands,sarcomere_area,sarcomere_area_ratio,sarcomere_length_mean,sarcomere_length_std,sarcomere_oop,z_intensity_mean,z_intensity_std,z_lat_alignment_mean,z_lat_alignment_std,z_lat_dist_mean,z_lat_dist_std,z_lat_length_groups_mean,z_lat_neighbors_mean,z_lat_neighbors_std,z_length_max,z_length_mean,z_length_std,z_mask_area,z_mask_area_ratio,z_mask_intensity,z_oop,z_straightness_mean,z_straightness_std
729.3149999999999,0.1980424263160467,575.344141420374,29.654999999999998,0.0,0.8932108283042908,0.0,1.4552311921813952,0.09350964394673333,0.07590684266872771,11.264219284057617,9.1495943069458,2.1424663066864014,0.9175967531579454,0.04672654577415991,1.0,19.0,77.0,26.0,43.31166076660156,0.059386768085945806,1.507731293576429,0.21819414434764287,0.841910719871521,837.0195167405693,132.2002678334979,0.6664216580972075,0.5600084530215783,1.5058365622543584,0.60643940157115,1.6025940276686037,0.6153846153846154,0.5600084530215783,2.55,0.6461538461538462,0.4900790903445069,10.5525,0.014469056580489914,860.9594882729211,0.7437058424723224,0.8700762330406656,0.11192570783748497
