sarcomere_area,cell_mask_area_ratio,domain_area_std,domain_oop_mean,sarcomere_length_mean,z_mask_intensity,myof_straightness_std,z_mask_area,z_straightness_std,myof_length_mean,myof_bending_std,sarcomere_oop,n_domains,myof_straightness_mean,z_intensity_mean,myof_bending_mean,z_lat_dist_mean,z_lat_length_groups_mean,z_length_max,sarcomere_area_ratio,z_length_std,myof_length_max,domain_slen_mean,z_mask_area_ratio,z_lat_alignment_std,n_zbands,cell_mask_area,cell_mask_intensity,z_oop,z_lat_alignment_mean,z_length_mean,z_lat_dist_std,myof_length_std,n_vectors,z_straightness_mean,n_mbands,z_intensity_std,sarcomere_length_std,z_lat_neighbors_mean,z_lat_neighbors_std,domain_area_mean,domain_oop_std
527.0960693359375,0.3563902365069739,20.823832050081467,0.7966548800468445,1.389223759665429,672.8940319086074,0.02472146552162864,114.2325,0.10737556391184958,13.005626678466797,0.013832609787483213,0.3118715286254883,4.0,0.957278146632051,672.3906703188835,0.017814144935941783,1.8942449074003544,2.3524836504275815,4.35,0.13841027077933823,0.7436202974788264,26.58348846435547,1.3906360410925545,0.029996336866484695,0.6504604326553044,222.0,3808.2149999999997,538.8852198470937,0.17421857418012893,0.7852420177543807,0.8986486486486487,0.6184610945925921,6.304368019104004,1032.0,0.8437936044730342,246.0,80.08062800667912,0.20253707379566394,0.6846846846846847,0.6504604326553044,97.8975,0.036093272268772125
