cell_mask_area,cell_mask_area_ratio,cell_mask_intensity,domain_area_mean,domain_area_std,domain_oop_mean,domain_oop_std,domain_slen_mean,myof_bending_mean,myof_bending_std,myof_length_max,myof_length_mean,myof_length_std,myof_straightness_mean,myof_straightness_std,n_domains,n_mbands,n_vectors,n_zbands,sarcomere_area,sarcomere_area_ratio,sarcomere_length_mean,sarcomere_length_std,sarcomere_oop,z_intensity_mean,z_intensity_std,z_lat_alignment_mean,z_lat_alignment_std,z_lat_dist_mean,z_lat_dist_std,z_lat_length_groups_mean,z_lat_neighbors_mean,z_lat_neighbors_std,z_length_max,z_length_mean,z_length_std,z_mask_area,z_mask_area_ratio,z_mask_intensity,z_oop,z_straightness_mean,z_straightness_std
1787.8725,0.18386940022213993,554.6493625803854,58.550625,7.303951493669369,0.8490219712257385,0.0797080397605896,1.6434847978491731,0.01733207706626431,0.012007946971847282,34.74587631225586,16.2015323638916,8.520572662353516,0.9476530283536049,0.031365957542956256,4.0,128.0,548.0,121.0,317.9333190917969,0.1778277360895684,1.6342045012002955,0.17368181666600338,0.5544806122779846,766.5419366867002,106.50801717331252,0.7393441695060109,0.5255574577052775,1.6287122004999095,0.6348313584386238,1.435529562104981,0.34710743801652894,0.5255574577052775,3.15,0.9037190082644627,0.6414783187609218,72.2925,0.04043493034318723,774.2732648615001,0.3467369453354776,0.8599177426209412,0.09084792853893843
