cell_mask_area,cell_mask_area_ratio,cell_mask_intensity,domain_area_mean,domain_area_std,domain_oop_mean,domain_oop_std,domain_slen_mean,myof_bending_mean,myof_bending_std,myof_length_max,myof_length_mean,myof_length_std,myof_straightness_mean,myof_straightness_std,n_domains,n_mbands,n_vectors,n_zbands,sarcomere_area,sarcomere_area_ratio,sarcomere_length_mean,sarcomere_length_std,sarcomere_oop,z_intensity_mean,z_intensity_std,z_lat_alignment_mean,z_lat_alignment_std,z_lat_dist_mean,z_lat_dist_std,z_lat_length_groups_mean,z_lat_neighbors_mean,z_lat_neighbors_std,z_length_max,z_length_mean,z_length_std,z_mask_area,z_mask_area_ratio,z_mask_intensity,z_oop,z_straightness_mean,z_straightness_std
1386.6525,0.20238877139516862,562.0237063720002,47.392500000000005,19.89120754252994,0.7593396306037903,0.14866903424263,1.5290252969120743,0.02040447803175459,0.017406605279197098,29.64336395263672,13.821487426757812,6.360224723815918,0.9539806045833656,0.03406599850738068,3.0,69.0,311.0,64.0,178.2933349609375,0.12857823785046182,1.5354615146648583,0.18950232454380686,0.4308745861053467,740.4030850682282,82.30274317061328,0.76565561807018,0.5555121510822243,2.2996455444182042,0.7063652020088039,2.026900752437097,0.4375,0.5555121510822243,3.75,1.0804687499999999,0.829750394861875,43.0875,0.031073033799023188,738.779634464752,0.30977730839425455,0.8274911793724395,0.10992682511468083
