sarcomere_area,cell_mask_area_ratio,domain_area_std,domain_oop_mean,sarcomere_length_mean,z_mask_intensity,myof_straightness_std,z_mask_area,z_straightness_std,myof_length_mean,myof_bending_std,sarcomere_oop,n_domains,myof_straightness_mean,z_intensity_mean,myof_bending_mean,z_lat_dist_mean,z_lat_length_groups_mean,z_length_max,sarcomere_area_ratio,z_length_std,myof_length_max,domain_slen_mean,z_mask_area_ratio,z_lat_alignment_std,n_zbands,cell_mask_area,cell_mask_intensity,z_oop,z_lat_alignment_mean,z_length_mean,z_lat_dist_std,myof_length_std,n_vectors,z_straightness_mean,n_mbands,z_intensity_std,sarcomere_length_std,z_lat_neighbors_mean,z_lat_neighbors_std,domain_area_mean,domain_oop_std
216.3772735595703,0.23790577163619037,16.14980798792589,0.8274052739143372,1.4758372448540185,710.601163831692,0.024241177325158556,50.265,0.09133227871806075,10.255051612854004,0.01736060025913313,0.6745867729187012,4.0,0.9562827328418299,711.5433247581147,0.018234203590674847,1.7370419268782629,1.1221992955053512,2.6999999999999997,0.120384153444478,0.5013753575162044,23.936742782592773,1.4918753883843803,0.02796555004756898,0.4754573110501964,91.0,1797.3899999999999,555.6120124180061,0.48224819260439905,0.7194004426094895,0.7137362637362638,0.6780860777824875,4.522658824920654,314.0,0.8692164996008921,108.0,86.69281872324942,0.2140398050501783,0.2857142857142857,0.4754573110501964,35.386874999999996,0.1387299746274948
