sarcomere_area,cell_mask_area_ratio,domain_area_std,domain_oop_mean,sarcomere_length_mean,z_mask_intensity,myof_straightness_std,z_mask_area,z_straightness_std,myof_length_mean,myof_bending_std,sarcomere_oop,n_domains,myof_straightness_mean,z_intensity_mean,myof_bending_mean,z_lat_dist_mean,z_lat_length_groups_mean,z_length_max,sarcomere_area_ratio,z_length_std,myof_length_max,domain_slen_mean,z_mask_area_ratio,z_lat_alignment_std,n_zbands,cell_mask_area,cell_mask_intensity,z_oop,z_lat_alignment_mean,z_length_mean,z_lat_dist_std,myof_length_std,n_vectors,z_straightness_mean,n_mbands,z_intensity_std,sarcomere_length_std,z_lat_neighbors_mean,z_lat_neighbors_std,domain_area_mean,domain_oop_std
17.579994201660156,0.14455487318925508,,,1.477446113634013,806.2581699346405,0.03370786516853952,6.885,0.0821523135814401,7.174312591552734,0.021704657848786196,0.9504486322402954,0.0,0.9662921348314605,821.9879226777139,0.021704657848786196,1.460786410284778,1.0421572820569558,1.5,0.02533916249811384,0.3211308144666283,7.208737850189209,,0.009923787903356575,0.5773502691896257,18.0,693.7875,557.6304524079779,0.9173854391187096,0.5456174101716876,0.6250000000000001,0.918478667976187,0.02685837633907795,37.0,0.8945213550816999,11.0,73.74342436294596,0.315403871514631,0.3333333333333333,0.5773502691896257,,
