cell_mask_area,cell_mask_area_ratio,cell_mask_intensity,domain_area_mean,domain_area_std,domain_oop_mean,domain_oop_std,domain_slen_mean,myof_bending_mean,myof_bending_std,myof_length_max,myof_length_mean,myof_length_std,myof_straightness_mean,myof_straightness_std,n_domains,n_mbands,n_vectors,n_zbands,sarcomere_area,sarcomere_area_ratio,sarcomere_length_mean,sarcomere_length_std,sarcomere_oop,z_intensity_mean,z_intensity_std,z_lat_alignment_mean,z_lat_alignment_std,z_lat_dist_mean,z_lat_dist_std,z_lat_length_groups_mean,z_lat_neighbors_mean,z_lat_neighbors_std,z_length_max,z_length_mean,z_length_std,z_mask_area,z_mask_area_ratio,z_mask_intensity,z_oop,z_straightness_mean,z_straightness_std
984.735,0.28273523046610033,643.0240826212129,24.69375,4.376250000000001,0.8841462135314941,0.05057063698768616,1.4956956408426183,0.011356261371023116,0.010187802612766842,12.313933372497559,9.028846740722656,2.3349859714508057,0.9702110102310437,0.020658135838550522,2.0,23.0,116.0,31.0,60.03046417236328,0.06096103436189765,1.5241973273260854,0.2582079637649419,0.4331151247024536,986.9428186680659,105.70399148423252,0.6910707690158524,0.5982979674513358,1.4506243135966674,0.7732652202202036,1.7907734826650792,0.6451612903225806,0.5982979674513358,2.25,0.7451612903225806,0.5631642799783172,14.872499999999999,0.015103048028149704,964.0121028744327,0.29238193888287073,0.8405552953802642,0.10599453035853885
