cell_mask_area,cell_mask_area_ratio,cell_mask_intensity,domain_area_mean,domain_area_std,domain_oop_mean,domain_oop_std,domain_slen_mean,myof_bending_mean,myof_bending_std,myof_length_max,myof_length_mean,myof_length_std,myof_straightness_mean,myof_straightness_std,n_domains,n_mbands,n_vectors,n_zbands,sarcomere_area,sarcomere_area_ratio,sarcomere_length_mean,sarcomere_length_std,sarcomere_oop,z_intensity_mean,z_intensity_std,z_lat_alignment_mean,z_lat_alignment_std,z_lat_dist_mean,z_lat_dist_std,z_lat_length_groups_mean,z_lat_neighbors_mean,z_lat_neighbors_std,z_length_max,z_length_mean,z_length_std,z_mask_area,z_mask_area_ratio,z_mask_intensity,z_oop,z_straightness_mean,z_straightness_std
819.1574999999999,0.23928045638571951,546.2995852445958,20.07,0.0,0.9686921834945679,0.0,1.4040479376303214,0.030745513456684147,0.01844961034160303,10.441710472106934,7.810956954956055,1.7201130390167236,0.9570399625327265,0.015145931263545603,1.0,25.0,80.0,38.0,46.7938117980957,0.0571243158954117,1.4878198119225088,0.22343630253000912,0.8485525250434875,739.7805032998757,86.35673603193153,0.6898730889473744,0.46482951928041294,1.3452532719652186,0.5790454509508504,0.9178599884934784,0.3157894736842105,0.46482951928041294,1.3499999999999999,0.5605263157894737,0.28311191174275435,14.084999999999999,0.017194495564039885,743.073482428115,0.6588089975409028,0.899053312482344,0.07829771906621778
