sarcomere_area,cell_mask_area_ratio,domain_area_std,domain_oop_mean,sarcomere_length_mean,z_mask_intensity,myof_straightness_std,z_mask_area,z_straightness_std,myof_length_mean,myof_bending_std,sarcomere_oop,n_domains,myof_straightness_mean,z_intensity_mean,myof_bending_mean,z_lat_dist_mean,z_lat_length_groups_mean,z_length_max,sarcomere_area_ratio,z_length_std,myof_length_max,domain_slen_mean,z_mask_area_ratio,z_lat_alignment_std,n_zbands,cell_mask_area,cell_mask_intensity,z_oop,z_lat_alignment_mean,z_length_mean,z_lat_dist_std,myof_length_std,n_vectors,z_straightness_mean,n_mbands,z_intensity_std,sarcomere_length_std,z_lat_neighbors_mean,z_lat_neighbors_std,domain_area_mean,domain_oop_std
114.78981018066406,0.23988931460195828,7.751250000000001,0.4808165729045868,1.3754247851043833,728.3257698541329,0.023676741406767184,27.765,0.08815135668864749,7.701157569885254,0.022920556653374814,0.3291727900505066,2.0,0.9425930542157531,721.614066148788,0.048129831552128674,1.8006350881568622,1.5252116960522875,2.55,0.13717752524435609,0.4315216535702467,11.673343658447266,1.3691049047238066,0.03318007044715119,0.6123724356957945,48.0,836.7975,556.1794251297357,0.1741865659003322,0.7873963583258864,0.69375,0.5119455823603994,2.277822732925415,169.0,0.8539866105806381,66.0,62.390357590296524,0.2530030321370239,0.5,0.6123724356957945,39.29625,0.269285649061203
