cell_mask_area,cell_mask_area_ratio,cell_mask_intensity,domain_area_mean,domain_area_std,domain_oop_mean,domain_oop_std,domain_slen_mean,myof_bending_mean,myof_bending_std,myof_length_max,myof_length_mean,myof_length_std,myof_straightness_mean,myof_straightness_std,n_domains,n_mbands,n_vectors,n_zbands,sarcomere_area,sarcomere_area_ratio,sarcomere_length_mean,sarcomere_length_std,sarcomere_oop,z_intensity_mean,z_intensity_std,z_lat_alignment_mean,z_lat_alignment_std,z_lat_dist_mean,z_lat_dist_std,z_lat_length_groups_mean,z_lat_neighbors_mean,z_lat_neighbors_std,z_length_max,z_length_mean,z_length_std,z_mask_area,z_mask_area_ratio,z_mask_intensity,z_oop,z_straightness_mean,z_straightness_std
890.1,0.21127061437238315,562.5731799797776,,,,,,0.039604661171881286,0.03821239579315246,8.011384963989258,7.273347854614258,0.697208046913147,0.9549663939219397,0.021945002481450055,0.0,23.0,57.0,23.0,42.766971588134766,0.048047378483467885,1.4374106754375309,0.22837159918835473,0.44702354073524475,839.2240773711936,115.40014686515465,0.7273126829870503,0.43910891036356847,1.9052355088161654,0.6305375928095076,1.050785326322425,0.2608695652173913,0.43910891036356847,1.3499999999999999,0.6652173913043479,0.2961472836454625,11.5425,0.012967644084934277,834.8830409356725,0.1525788545982785,0.8739421439091741,0.08207607492026046
