cell_mask_area,cell_mask_area_ratio,cell_mask_intensity,domain_area_mean,domain_area_std,domain_oop_mean,domain_oop_std,domain_slen_mean,myof_bending_mean,myof_bending_std,myof_length_max,myof_length_mean,myof_length_std,myof_straightness_mean,myof_straightness_std,n_domains,n_mbands,n_vectors,n_zbands,sarcomere_area,sarcomere_area_ratio,sarcomere_length_mean,sarcomere_length_std,sarcomere_oop,z_intensity_mean,z_intensity_std,z_lat_alignment_mean,z_lat_alignment_std,z_lat_dist_mean,z_lat_dist_std,z_lat_length_groups_mean,z_lat_neighbors_mean,z_lat_neighbors_std,z_length_max,z_length_mean,z_length_std,z_mask_area,z_mask_area_ratio,z_mask_intensity,z_oop,z_straightness_mean,z_straightness_std
1123.5375,0.36279424585876197,608.2465004505858,64.2375,0.0,0.3992326259613037,0.0,1.423411173909034,0.0245203338429171,0.015634852787067416,16.96357536315918,9.645503997802734,3.010972023010254,0.9455178157414786,0.0367448744825424,1.0,71.0,215.0,53.0,137.27590942382812,0.12218186702609227,1.4550965045516293,0.2099642722476329,0.06576887518167496,854.0372352420886,117.47775978006872,0.6648612763754178,0.5571631343484302,1.7695764072503486,0.3682381551427637,1.3987386993605462,0.37735849056603776,0.5571631343484302,2.1,0.8009433962264152,0.5171119514968867,31.275,0.027836187043156106,848.1604316546762,0.1005244882757174,0.8521627863683277,0.0982668281491869
