sarcomere_area,cell_mask_area_ratio,domain_area_std,domain_oop_mean,sarcomere_length_mean,z_mask_intensity,myof_straightness_std,z_mask_area,z_straightness_std,myof_length_mean,myof_bending_std,sarcomere_oop,n_domains,myof_straightness_mean,z_intensity_mean,myof_bending_mean,z_lat_dist_mean,z_lat_length_groups_mean,z_length_max,sarcomere_area_ratio,z_length_std,myof_length_max,domain_slen_mean,z_mask_area_ratio,z_lat_alignment_std,n_zbands,cell_mask_area,cell_mask_intensity,z_oop,z_lat_alignment_mean,z_length_mean,z_lat_dist_std,myof_length_std,n_vectors,z_straightness_mean,n_mbands,z_intensity_std,sarcomere_length_std,z_lat_neighbors_mean,z_lat_neighbors_std,domain_area_mean,domain_oop_std
75.71196746826172,0.32543384044659257,0.0,0.3225747048854828,1.5567467156419725,718.6050119331742,0.03044305202457294,18.855,0.09196934989878257,11.527034759521484,0.014733001248111032,0.17929378151893616,1.0,0.9410992839411009,713.2361848805748,0.038772532499889704,1.2000000000000028,0.7258064516129035,2.25,0.0461037764522825,0.4291047184254678,15.638331413269043,1.6462982200514376,0.011481496704892652,0.24206145913796356,32.0,1642.2075,536.3728061161577,0.14341148793441771,0.35653013496260366,0.665625,0.0,2.4361672401428223,102.0,0.8733548009273551,43.0,66.17347331917091,0.3100012767274387,0.0625,0.24206145913796356,27.404999999999998,0.0
