sarcomere_area,cell_mask_area_ratio,domain_area_std,domain_oop_mean,sarcomere_length_mean,z_mask_intensity,myof_straightness_std,z_mask_area,z_straightness_std,myof_length_mean,myof_bending_std,sarcomere_oop,n_domains,myof_straightness_mean,z_intensity_mean,myof_bending_mean,z_lat_dist_mean,z_lat_length_groups_mean,z_length_max,sarcomere_area_ratio,z_length_std,myof_length_max,domain_slen_mean,z_mask_area_ratio,z_lat_alignment_std,n_zbands,cell_mask_area,cell_mask_intensity,z_oop,z_lat_alignment_mean,z_length_mean,z_lat_dist_std,myof_length_std,n_vectors,z_straightness_mean,n_mbands,z_intensity_std,sarcomere_length_std,z_lat_neighbors_mean,z_lat_neighbors_std,domain_area_mean,domain_oop_std
61.659053802490234,0.22725796308198398,0.0,0.9361991286277771,1.4360838018878705,788.2664756446991,0.00876884440961495,15.705,0.08565172535405015,9.654850006103516,0.04111829374161849,0.35561197996139526,1.0,0.9716893486676227,776.0036993230468,0.03284359572521302,1.583692495703758,1.7207546414250618,2.1,0.08333543337859714,0.5141461864298987,11.060193061828613,1.4313396094873716,0.021226128208247173,0.5669467095138409,28.0,739.89,566.4066111178689,0.23895773347569363,0.7745268066070343,0.8946428571428572,0.7663388427508736,0.814017117023468,92.0,0.8219103450980654,25.0,79.48872321540613,0.18890780652165937,0.5,0.5669467095138409,23.4,0.0
