cell_mask_area,cell_mask_area_ratio,cell_mask_intensity,domain_area_mean,domain_area_std,domain_oop_mean,domain_oop_std,domain_slen_mean,myof_bending_mean,myof_bending_std,myof_length_max,myof_length_mean,myof_length_std,myof_straightness_mean,myof_straightness_std,n_domains,n_mbands,n_vectors,n_zbands,sarcomere_area,sarcomere_area_ratio,sarcomere_length_mean,sarcomere_length_std,sarcomere_oop,z_intensity_mean,z_intensity_std,z_lat_alignment_mean,z_lat_alignment_std,z_lat_dist_mean,z_lat_dist_std,z_lat_length_groups_mean,z_lat_neighbors_mean,z_lat_neighbors_std,z_length_max,z_length_mean,z_length_std,z_mask_area,z_mask_area_ratio,z_mask_intensity,z_oop,z_straightness_mean,z_straightness_std
585.8325,0.2367344340995054,622.4088796712371,31.095,0.0,0.8954871892929077,0.0,1.4167902462844657,0.09278560513922599,0.0005767029561543485,6.789283752441406,6.753521919250488,0.016944970935583115,0.9293639406982306,0.003969392635102542,1.0,24.0,65.0,26.0,51.71309280395508,0.08827283020992362,1.437831980357688,0.19693108815288618,0.9129454493522644,911.9414937343954,173.79685422115315,0.8714230163122384,0.49851851526214314,2.081313371104432,0.7612904982268445,1.6589049261963698,0.5384615384615384,0.49851851526214314,1.65,0.6519230769230769,0.42004596113693987,11.6775,0.01993317202442678,897.1772639691715,0.8843853034419065,0.8797806857723021,0.10835477777656481
