cell_mask_area,cell_mask_area_ratio,cell_mask_intensity,domain_area_mean,domain_area_std,domain_oop_mean,domain_oop_std,domain_slen_mean,myof_bending_mean,myof_bending_std,myof_length_max,myof_length_mean,myof_length_std,myof_straightness_mean,myof_straightness_std,n_domains,n_mbands,n_vectors,n_zbands,sarcomere_area,sarcomere_area_ratio,sarcomere_length_mean,sarcomere_length_std,sarcomere_oop,z_intensity_mean,z_intensity_std,z_lat_alignment_mean,z_lat_alignment_std,z_lat_dist_mean,z_lat_dist_std,z_lat_length_groups_mean,z_lat_neighbors_mean,z_lat_neighbors_std,z_length_max,z_length_mean,z_length_std,z_mask_area,z_mask_area_ratio,z_mask_intensity,z_oop,z_straightness_mean,z_straightness_std
1340.5049999999999,0.21288881742330848,581.053593608379,26.91,0.0,0.8813151121139526,0.0,1.47297967727866,0.02765209430564989,0.0,10.180606842041016,10.180608749389648,1.9073486328125e-06,0.9063719115734723,0.0,1.0,29.0,57.0,23.0,48.73965835571289,0.036359176844333214,1.5011993663323409,0.22931092784654675,0.8664458990097046,785.8489934090597,94.48365566079721,0.7505172432124054,0.5768043113661565,2.6952829815048926,0.18560616802817692,1.4236897170846925,0.43478260869565216,0.5768043113661565,1.3499999999999999,0.5282608695652175,0.2792949535482242,12.33,0.009198026117023063,791.198905109489,0.7779886845000579,0.8535559027129225,0.0701264591445847
