cell_mask_area,cell_mask_area_ratio,cell_mask_intensity,domain_area_mean,domain_area_std,domain_oop_mean,domain_oop_std,domain_slen_mean,myof_bending_mean,myof_bending_std,myof_length_max,myof_length_mean,myof_length_std,myof_straightness_mean,myof_straightness_std,n_domains,n_mbands,n_vectors,n_zbands,sarcomere_area,sarcomere_area_ratio,sarcomere_length_mean,sarcomere_length_std,sarcomere_oop,z_intensity_mean,z_intensity_std,z_lat_alignment_mean,z_lat_alignment_std,z_lat_dist_mean,z_lat_dist_std,z_lat_length_groups_mean,z_lat_neighbors_mean,z_lat_neighbors_std,z_length_max,z_length_mean,z_length_std,z_mask_area,z_mask_area_ratio,z_mask_intensity,z_oop,z_straightness_mean,z_straightness_std
613.3275,0.2816768966871267,618.6133753989508,22.162499999999998,0.0,0.9103812575340271,0.0,1.527854231664453,0.0630832175925527,0.0,12.602972984313965,12.602972984313965,0.0,0.9679245283018868,0.0,1.0,15.0,51.0,10.0,31.48110008239746,0.05132836874654644,1.4877273004400047,0.2259513372461675,0.6579762697219849,832.5673355402766,141.3101552452285,0.7984625298596173,0.4898979485566356,1.8489732684346833,0.28292729209810086,1.3997433171086708,0.4,0.4898979485566356,2.25,0.7499999999999999,0.5572252686302013,6.9975,0.011409075901537107,895.347266881029,0.45007025361923914,0.8483595352016404,0.08056236022772936
