sarcomere_area,cell_mask_area_ratio,domain_area_std,domain_oop_mean,sarcomere_length_mean,z_mask_intensity,myof_straightness_std,z_mask_area,z_straightness_std,myof_length_mean,myof_bending_std,sarcomere_oop,n_domains,myof_straightness_mean,z_intensity_mean,myof_bending_mean,z_lat_dist_mean,z_lat_length_groups_mean,z_length_max,sarcomere_area_ratio,z_length_std,myof_length_max,domain_slen_mean,z_mask_area_ratio,z_lat_alignment_std,n_zbands,cell_mask_area,cell_mask_intensity,z_oop,z_lat_alignment_mean,z_length_mean,z_lat_dist_std,myof_length_std,n_vectors,z_straightness_mean,n_mbands,z_intensity_std,sarcomere_length_std,z_lat_neighbors_mean,z_lat_neighbors_std,domain_area_mean,domain_oop_std
212.41429138183594,0.2615222810450576,31.71375,0.7485628724098206,1.4750961142601537,1026.909182643794,0.040834469688053224,44.595,0.11363357871337161,13.072854995727539,0.019447133888420343,0.7448552250862122,2.0,0.9379408696600975,1009.1009323001507,0.026526041920880726,1.31126843166609,2.3708516071373924,4.6499999999999995,0.18253002015672634,0.9393920730550765,22.102537155151367,1.4610762957212242,0.03832099147348273,0.6738740833369663,69.0,1163.7224999999999,619.731714390673,0.6669490355066644,0.825128578314054,1.143478260869565,0.63590836442214,4.7109856605529785,417.0,0.836217807853027,72.0,209.9163256485076,0.2578267534160742,0.6666666666666666,0.6738740833369663,87.28875,0.01913905143737793
