cell_mask_area,cell_mask_area_ratio,cell_mask_intensity,domain_area_mean,domain_area_std,domain_oop_mean,domain_oop_std,domain_slen_mean,myof_bending_mean,myof_bending_std,myof_length_max,myof_length_mean,myof_length_std,myof_straightness_mean,myof_straightness_std,n_domains,n_mbands,n_vectors,n_zbands,sarcomere_area,sarcomere_area_ratio,sarcomere_length_mean,sarcomere_length_std,sarcomere_oop,z_intensity_mean,z_intensity_std,z_lat_alignment_mean,z_lat_alignment_std,z_lat_dist_mean,z_lat_dist_std,z_lat_length_groups_mean,z_lat_neighbors_mean,z_lat_neighbors_std,z_length_max,z_length_mean,z_length_std,z_mask_area,z_mask_area_ratio,z_mask_intensity,z_oop,z_straightness_mean,z_straightness_std
1890.9675,0.2920755949733096,598.42945872946,138.465,29.812500000000007,0.6113449335098267,0.053764015436172485,1.4102882225564168,0.04250344908509578,0.046892633593104485,29.949296951293945,13.204705238342285,5.249351501464844,0.9240774952859282,0.06031091712274823,2.0,121.0,748.0,123.0,322.75762939453125,0.17068385860387936,1.4083119185748882,0.255458917587409,0.3972455561161041,874.4012547075688,125.22327777075992,0.7314345237772832,0.6697331813534624,1.6428306969201698,0.6586536969919302,4.790839223842438,1.1219512195121952,0.6697331813534624,4.5,1.1817073170731704,0.969206118275446,66.55499999999999,0.035196268576799965,883.0720081135903,0.4405346031362329,0.8132494892898015,0.12807688495664774
