sarcomere_area,cell_mask_area_ratio,domain_area_std,domain_oop_mean,sarcomere_length_mean,z_mask_intensity,myof_straightness_std,z_mask_area,z_straightness_std,myof_length_mean,myof_bending_std,sarcomere_oop,n_domains,myof_straightness_mean,z_intensity_mean,myof_bending_mean,z_lat_dist_mean,z_lat_length_groups_mean,z_length_max,sarcomere_area_ratio,z_length_std,myof_length_max,domain_slen_mean,z_mask_area_ratio,z_lat_alignment_std,n_zbands,cell_mask_area,cell_mask_intensity,z_oop,z_lat_alignment_mean,z_length_mean,z_lat_dist_std,myof_length_std,n_vectors,z_straightness_mean,n_mbands,z_intensity_std,sarcomere_length_std,z_lat_neighbors_mean,z_lat_neighbors_std,domain_area_mean,domain_oop_std
99.13290405273438,0.3309273453725866,0.0,0.7750905156135559,1.5315706444745962,888.4507317073171,0.02346318585770381,23.0625,0.09196924550707129,7.279304027557373,0.02753767886805991,0.4389207661151886,1.0,0.9621495774945817,855.1767919692498,0.028604826556601372,1.7722074506775238,1.5109333455030534,2.4,0.06199913946285313,0.504639392161726,13.489527702331543,1.6023462721600763,0.014423618147022404,0.6265967111543965,41.0,1598.9399999999998,589.1735618597321,0.2806092826706675,0.6081999220020364,0.7902439024390242,0.7309451085841339,1.971756100654602,143.0,0.8510670467169715,58.0,124.7439875323507,0.21691655156403758,0.43902439024390244,0.6265967111543965,40.4775,0.0
