cell_mask_area,cell_mask_area_ratio,cell_mask_intensity,domain_area_mean,domain_area_std,domain_oop_mean,domain_oop_std,domain_slen_mean,myof_bending_mean,myof_bending_std,myof_length_max,myof_length_mean,myof_length_std,myof_straightness_mean,myof_straightness_std,n_domains,n_mbands,n_vectors,n_zbands,sarcomere_area,sarcomere_area_ratio,sarcomere_length_mean,sarcomere_length_std,sarcomere_oop,z_intensity_mean,z_intensity_std,z_lat_alignment_mean,z_lat_alignment_std,z_lat_dist_mean,z_lat_dist_std,z_lat_length_groups_mean,z_lat_neighbors_mean,z_lat_neighbors_std,z_length_max,z_length_mean,z_length_std,z_mask_area,z_mask_area_ratio,z_mask_intensity,z_oop,z_straightness_mean,z_straightness_std
2929.7475,0.269151108759281,594.2261713680103,50.9535,12.800373197684511,0.7497124075889587,0.1547977477312088,1.4457435680635284,0.02529867091056251,0.018653747399441454,28.127281188964844,12.30826473236084,7.319066524505615,0.9538098941370695,0.02668263025064625,5.0,175.0,559.0,148.0,359.5486755371094,0.12272343454072727,1.4492413843940162,0.22335685719741888,0.13667529821395874,823.018306355343,108.59691476838425,0.7799999014977456,0.5813952638999716,1.985830065815835,0.6439538990645871,1.9103875507626753,0.581081081081081,0.5813952638999716,3.0,0.7783783783783783,0.5223440593031209,72.7875,0.02484429118891645,816.2757341576507,0.10410003535710059,0.8614103634908504,0.092784206623789
