cell_mask_area,cell_mask_area_ratio,cell_mask_intensity,domain_area_mean,domain_area_std,domain_oop_mean,domain_oop_std,domain_slen_mean,myof_bending_mean,myof_bending_std,myof_length_max,myof_length_mean,myof_length_std,myof_straightness_mean,myof_straightness_std,n_domains,n_mbands,n_vectors,n_zbands,sarcomere_area,sarcomere_area_ratio,sarcomere_length_mean,sarcomere_length_std,sarcomere_oop,z_intensity_mean,z_intensity_std,z_lat_alignment_mean,z_lat_alignment_std,z_lat_dist_mean,z_lat_dist_std,z_lat_length_groups_mean,z_lat_neighbors_mean,z_lat_neighbors_std,z_length_max,z_length_mean,z_length_std,z_mask_area,z_mask_area_ratio,z_mask_intensity,z_oop,z_straightness_mean,z_straightness_std
1572.435,0.2771109657209699,572.8033797899436,44.745000000000005,18.58818979890188,0.8055246472358704,0.18044984340667725,1.4953319200779032,0.02614778699263669,0.022154024921947464,17.988618850708008,10.600995063781738,3.292043924331665,0.9545507730433466,0.028481174000131844,3.0,75.0,342.0,69.0,176.4423828125,0.11220965115410177,1.4868457743414343,0.26630031485320377,0.40086936950683594,759.7364341597355,103.04682457546899,0.7068444460828172,0.6491071210596722,1.7559019007341088,0.6658734582236829,2.1522427222789613,0.5507246376811594,0.6491071210596722,3.15,1.076086956521739,0.7154915557514335,39.285,0.024983544629825716,769.9238258877434,0.2930611917275914,0.8160926104513803,0.09642499780865664
