sarcomere_area,cell_mask_area_ratio,domain_area_std,domain_oop_mean,sarcomere_length_mean,z_mask_intensity,myof_straightness_std,z_mask_area,z_straightness_std,myof_length_mean,myof_bending_std,sarcomere_oop,n_domains,myof_straightness_mean,z_intensity_mean,myof_bending_mean,z_lat_dist_mean,z_lat_length_groups_mean,z_length_max,sarcomere_area_ratio,z_length_std,myof_length_max,domain_slen_mean,z_mask_area_ratio,z_lat_alignment_std,n_zbands,cell_mask_area,cell_mask_intensity,z_oop,z_lat_alignment_mean,z_length_mean,z_lat_dist_std,myof_length_std,n_vectors,z_straightness_mean,n_mbands,z_intensity_std,sarcomere_length_std,z_lat_neighbors_mean,z_lat_neighbors_std,domain_area_mean,domain_oop_std
68.1168441772461,0.22976484999879904,8.122500000000002,0.74366295337677,1.544910393432084,906.360450563204,0.013826550608044762,17.9775,0.10288228228553341,12.365608215332031,0.04506424031182356,0.5819161534309387,2.0,0.9359644027993811,922.4577134306019,0.06475043830066395,1.4690196063052625,1.19426289005653,2.25,0.06329664631847819,0.5037263487003633,13.858859062194824,1.5354971600182117,0.0167053461289176,0.46351240544347894,32.0,1076.1525,597.5585732505384,0.5032560147438204,0.6419505503806308,0.778125,0.7778055002960127,1.6971678733825684,100.0,0.8705643711401637,36.0,131.1898280587416,0.23367679833922914,0.3125,0.46351240544347894,29.43,0.020379751920700073
