cell_mask_area,cell_mask_area_ratio,cell_mask_intensity,domain_area_mean,domain_area_std,domain_oop_mean,domain_oop_std,domain_slen_mean,myof_bending_mean,myof_bending_std,myof_length_max,myof_length_mean,myof_length_std,myof_straightness_mean,myof_straightness_std,n_domains,n_mbands,n_vectors,n_zbands,sarcomere_area,sarcomere_area_ratio,sarcomere_length_mean,sarcomere_length_std,sarcomere_oop,z_intensity_mean,z_intensity_std,z_lat_alignment_mean,z_lat_alignment_std,z_lat_dist_mean,z_lat_dist_std,z_lat_length_groups_mean,z_lat_neighbors_mean,z_lat_neighbors_std,z_length_max,z_length_mean,z_length_std,z_mask_area,z_mask_area_ratio,z_mask_intensity,z_oop,z_straightness_mean,z_straightness_std
1064.295,0.24504745327199637,683.7427592913618,35.11125,11.261249999999999,0.641364574432373,0.2543034553527832,1.5092514559181631,0.03742870082365091,0.027016954589027496,8.539982795715332,7.257686614990234,0.8758008480072021,0.937093337064297,0.03700251534109724,2.0,40.0,147.0,41.0,94.31806945800781,0.08862023166322101,1.494215204202105,0.18689236724372504,0.6158459782600403,918.2938915611046,116.97689258934784,0.792218790902282,0.6443826738352637,1.6371665385857836,0.5999985207773757,2.4217865846949014,0.7804878048780488,0.6443826738352637,4.35,0.8378048780487806,0.7273222260209083,21.779999999999998,0.02046425098304511,910.4369834710744,0.48165837607174605,0.8550414450553063,0.10686737460036962
