cell_mask_area,cell_mask_area_ratio,cell_mask_intensity,domain_area_mean,domain_area_std,domain_oop_mean,domain_oop_std,domain_slen_mean,myof_bending_mean,myof_bending_std,myof_length_max,myof_length_mean,myof_length_std,myof_straightness_mean,myof_straightness_std,n_domains,n_mbands,n_vectors,n_zbands,sarcomere_area,sarcomere_area_ratio,sarcomere_length_mean,sarcomere_length_std,sarcomere_oop,z_intensity_mean,z_intensity_std,z_lat_alignment_mean,z_lat_alignment_std,z_lat_dist_mean,z_lat_dist_std,z_lat_length_groups_mean,z_lat_neighbors_mean,z_lat_neighbors_std,z_length_max,z_length_mean,z_length_std,z_mask_area,z_mask_area_ratio,z_mask_intensity,z_oop,z_straightness_mean,z_straightness_std
534.375,0.1270427130974351,683.6425263157895,25.02,0.0,0.9061888456344604,0.0,1.298559969646637,0.03344153662964305,0.020686281408115747,10.174175262451172,6.9218363761901855,1.9242184162139893,0.934362298327607,0.0414062686354518,1.0,26.0,86.0,18.0,40.52200698852539,0.07583065635279605,1.2930125094501161,0.22360132838854166,0.9035018086433411,1098.5583659207286,146.4363816969049,0.8047994960118439,0.4969039949999533,2.1241217842257414,0.7420287364904783,1.9592776093175925,0.5555555555555556,0.4969039949999533,2.1,0.8249999999999998,0.5320949163448191,9.54,0.017852631578947366,1072.6556603773586,0.882662059411014,0.836962289659658,0.10021535452073063
