cell_mask_area,cell_mask_area_ratio,cell_mask_intensity,domain_area_mean,domain_area_std,domain_oop_mean,domain_oop_std,domain_slen_mean,myof_bending_mean,myof_bending_std,myof_length_max,myof_length_mean,myof_length_std,myof_straightness_mean,myof_straightness_std,n_domains,n_mbands,n_vectors,n_zbands,sarcomere_area,sarcomere_area_ratio,sarcomere_length_mean,sarcomere_length_std,sarcomere_oop,z_intensity_mean,z_intensity_std,z_lat_alignment_mean,z_lat_alignment_std,z_lat_dist_mean,z_lat_dist_std,z_lat_length_groups_mean,z_lat_neighbors_mean,z_lat_neighbors_std,z_length_max,z_length_mean,z_length_std,z_mask_area,z_mask_area_ratio,z_mask_intensity,z_oop,z_straightness_mean,z_straightness_std
448.28999999999996,0.22071563088512242,597.9718931941377,,,,,,0.01257847265882596,0.0069040308653979705,6.05090856552124,6.04845666885376,0.00191889435518533,0.9731261050026823,0.018336008124318626,0.0,5.0,20.0,9.0,15.790194511413574,0.03522316917935617,1.4986604054926287,0.14731682334764074,0.9899266362190247,917.5996946767555,83.14267997322852,0.7468880429964453,0.41573970964154905,0.4499999999999993,0.0,0.7687499999999999,0.2222222222222222,0.41573970964154905,1.65,0.6333333333333333,0.4515405728048022,5.0175,0.011192531620156597,920.1076233183857,0.7028587278352166,0.8873683164380839,0.12328764279722307
