cell_mask_area,cell_mask_area_ratio,cell_mask_intensity,domain_area_mean,domain_area_std,domain_oop_mean,domain_oop_std,domain_slen_mean,myof_bending_mean,myof_bending_std,myof_length_max,myof_length_mean,myof_length_std,myof_straightness_mean,myof_straightness_std,n_domains,n_mbands,n_vectors,n_zbands,sarcomere_area,sarcomere_area_ratio,sarcomere_length_mean,sarcomere_length_std,sarcomere_oop,z_intensity_mean,z_intensity_std,z_lat_alignment_mean,z_lat_alignment_std,z_lat_dist_mean,z_lat_dist_std,z_lat_length_groups_mean,z_lat_neighbors_mean,z_lat_neighbors_std,z_length_max,z_length_mean,z_length_std,z_mask_area,z_mask_area_ratio,z_mask_intensity,z_oop,z_straightness_mean,z_straightness_std
534.5775,0.1270908555992404,683.5852519045415,25.47,0.0,0.9061697721481323,0.0,1.3396415708458393,0.04562501500075838,0.026912018162182274,10.64854907989502,7.544467449188232,2.303548812866211,0.928968924383999,0.04319778894398287,1.0,26.0,86.0,18.0,40.46476745605469,0.0756948570713408,1.3269310625799282,0.24501659055602196,0.9034847021102905,1099.5576536700164,146.36663522813228,0.8025897371577349,0.4969039949999533,2.1241217842257414,0.7420287364904783,1.9592776093175925,0.5555555555555556,0.4969039949999533,2.1,0.8249999999999998,0.5320949163448191,9.5175,0.01780377962035439,1073.1489361702127,0.8817764568657743,0.836962289659658,0.10021535452073063
