cell_mask_area,cell_mask_area_ratio,cell_mask_intensity,domain_area_mean,domain_area_std,domain_oop_mean,domain_oop_std,domain_slen_mean,myof_bending_mean,myof_bending_std,myof_length_max,myof_length_mean,myof_length_std,myof_straightness_mean,myof_straightness_std,n_domains,n_mbands,n_vectors,n_zbands,sarcomere_area,sarcomere_area_ratio,sarcomere_length_mean,sarcomere_length_std,sarcomere_oop,z_intensity_mean,z_intensity_std,z_lat_alignment_mean,z_lat_alignment_std,z_lat_dist_mean,z_lat_dist_std,z_lat_length_groups_mean,z_lat_neighbors_mean,z_lat_neighbors_std,z_length_max,z_length_mean,z_length_std,z_mask_area,z_mask_area_ratio,z_mask_intensity,z_oop,z_straightness_mean,z_straightness_std
1071.27,0.14916554141903388,617.7499789968915,44.2125,0.0,0.9428206086158752,0.0,1.493284437560232,0.038278164076475295,0.02861646348675662,14.642908096313477,9.341996192932129,3.1313185691833496,0.9323659930590461,0.03534633204531239,1.0,45.0,119.0,42.0,86.25189208984375,0.08051368197545321,1.5541802101500852,0.294157638718681,0.8258278965950012,932.9163398526521,136.96492532745611,0.826234927914505,0.5450249115361713,2.04234401162019,0.7069872263337896,1.5007325036313095,0.47619047619047616,0.5450249115361713,2.4,0.6571428571428571,0.4535011194099993,20.025,0.018692766529446358,962.2191011235955,0.6373183016443458,0.8747478726176711,0.09632260242264827
