cell_mask_area,cell_mask_area_ratio,cell_mask_intensity,domain_area_mean,domain_area_std,domain_oop_mean,domain_oop_std,domain_slen_mean,myof_bending_mean,myof_bending_std,myof_length_max,myof_length_mean,myof_length_std,myof_straightness_mean,myof_straightness_std,n_domains,n_mbands,n_vectors,n_zbands,sarcomere_area,sarcomere_area_ratio,sarcomere_length_mean,sarcomere_length_std,sarcomere_oop,z_intensity_mean,z_intensity_std,z_lat_alignment_mean,z_lat_alignment_std,z_lat_dist_mean,z_lat_dist_std,z_lat_length_groups_mean,z_lat_neighbors_mean,z_lat_neighbors_std,z_length_max,z_length_mean,z_length_std,z_mask_area,z_mask_area_ratio,z_mask_intensity,z_oop,z_straightness_mean,z_straightness_std
1724.7825,0.19915461196325393,610.3048775715199,148.3425,85.03765585021732,0.8587539792060852,0.1025901734828949,1.423595330693498,0.0198364175683917,0.013891409081182684,40.31217575073242,15.830225944519043,9.535514831542969,0.954340252179135,0.023879358164406634,3.0,133.0,1290.0,150.0,478.0213623046875,0.27714877806603877,1.4413543953659163,0.17349471803357577,0.8016698956489563,855.3801308874669,113.17797612933688,0.8230149744090023,0.5720916787446649,1.643884109824605,0.6784651327657061,8.590852410892222,1.3733333333333333,0.5720916787446649,8.1,1.5629999999999997,1.484850497524919,102.91499999999999,0.059668392971287676,865.2728465238304,0.6931410665136309,0.8119159956230145,0.1260618422893098
