cell_mask_area,cell_mask_area_ratio,cell_mask_intensity,domain_area_mean,domain_area_std,domain_oop_mean,domain_oop_std,domain_slen_mean,myof_bending_mean,myof_bending_std,myof_length_max,myof_length_mean,myof_length_std,myof_straightness_mean,myof_straightness_std,n_domains,n_mbands,n_vectors,n_zbands,sarcomere_area,sarcomere_area_ratio,sarcomere_length_mean,sarcomere_length_std,sarcomere_oop,z_intensity_mean,z_intensity_std,z_lat_alignment_mean,z_lat_alignment_std,z_lat_dist_mean,z_lat_dist_std,z_lat_length_groups_mean,z_lat_neighbors_mean,z_lat_neighbors_std,z_length_max,z_length_mean,z_length_std,z_mask_area,z_mask_area_ratio,z_mask_intensity,z_oop,z_straightness_mean,z_straightness_std
571.8375,0.21770787825833696,611.1454652764115,,,,,,0.03294111118997867,0.03222897664286733,14.327042579650879,10.627405166625977,3.659663438796997,0.9593629396111735,0.03174044712550024,0.0,20.0,61.0,22.0,47.36640930175781,0.08283193967124894,1.7757034788078965,0.2070026072518181,0.7897618412971497,900.8827993413014,103.38012732561258,0.3398111917648949,0.2874797872880344,1.8309833423600552,0.0,0.7871896829695265,0.09090909090909091,0.2874797872880344,1.2,0.6681818181818182,0.3189276971870863,11.924999999999999,0.020853826480424945,901.8622641509434,0.7433617270219378,0.8734260012984041,0.07120256916418807
