sarcomere_area,cell_mask_area_ratio,domain_area_std,domain_oop_mean,sarcomere_length_mean,z_mask_intensity,myof_straightness_std,z_mask_area,z_straightness_std,myof_length_mean,myof_bending_std,sarcomere_oop,n_domains,myof_straightness_mean,z_intensity_mean,myof_bending_mean,z_lat_dist_mean,z_lat_length_groups_mean,z_length_max,sarcomere_area_ratio,z_length_std,myof_length_max,domain_slen_mean,z_mask_area_ratio,z_lat_alignment_std,n_zbands,cell_mask_area,cell_mask_intensity,z_oop,z_lat_alignment_mean,z_length_mean,z_lat_dist_std,myof_length_std,n_vectors,z_straightness_mean,n_mbands,z_intensity_std,sarcomere_length_std,z_lat_neighbors_mean,z_lat_neighbors_std,domain_area_mean,domain_oop_std
61.54814910888672,0.08988644391804845,0.0,0.8143929243087769,1.3099699138808187,847.1693548387096,0.02298282821489532,16.74,0.1150009349136468,7.196996212005615,0.04516119182424464,0.6517254710197449,1.0,0.9538444925421553,837.6345591848622,0.05296313038199489,1.0808773946351706,2.1264684324500744,3.15,0.07904393023747504,0.756323206961435,9.717666625976562,1.310789777934466,0.021498540757650182,0.5471354571293269,33.0,778.6575,572.7416418643627,0.6426750547038194,0.8512965517236497,1.1545454545454545,0.637733531944717,1.388103723526001,161.0,0.8162596298214898,32.0,103.24285769597077,0.28341721034268524,0.6060606060606061,0.5471354571293269,39.1275,0.0
