cell_mask_area,cell_mask_area_ratio,cell_mask_intensity,domain_area_mean,domain_area_std,domain_oop_mean,domain_oop_std,domain_slen_mean,myof_bending_mean,myof_bending_std,myof_length_max,myof_length_mean,myof_length_std,myof_straightness_mean,myof_straightness_std,n_domains,n_mbands,n_vectors,n_zbands,sarcomere_area,sarcomere_area_ratio,sarcomere_length_mean,sarcomere_length_std,sarcomere_oop,z_intensity_mean,z_intensity_std,z_lat_alignment_mean,z_lat_alignment_std,z_lat_dist_mean,z_lat_dist_std,z_lat_length_groups_mean,z_lat_neighbors_mean,z_lat_neighbors_std,z_length_max,z_length_mean,z_length_std,z_mask_area,z_mask_area_ratio,z_mask_intensity,z_oop,z_straightness_mean,z_straightness_std
1598.9399999999998,0.3309273453725866,589.1735618597321,40.455,0.0,0.7750914096832275,0.0,1.6022545199162062,0.028604826556601372,0.02753767886805991,13.394451141357422,7.259156227111816,1.9492316246032715,0.9621495774945817,0.02346318585770381,1.0,58.0,143.0,41.0,99.13289642333984,0.06199913469132041,1.5358164262125213,0.21129074342138096,0.4389208257198334,855.1767919692498,124.7439875323507,0.6081999579938024,0.6265967111543965,1.7722074506775238,0.7309451085841339,1.5109333455030534,0.43902439024390244,0.6265967111543965,2.4,0.7902439024390242,0.504639392161726,23.0625,0.014423618147022404,888.4507317073171,0.2806092826706675,0.8510670467169715,0.09196924550707129
