sarcomere_area,cell_mask_area_ratio,domain_area_std,domain_oop_mean,sarcomere_length_mean,z_mask_intensity,myof_straightness_std,z_mask_area,z_straightness_std,myof_length_mean,myof_bending_std,sarcomere_oop,n_domains,myof_straightness_mean,z_intensity_mean,myof_bending_mean,z_lat_dist_mean,z_lat_length_groups_mean,z_length_max,sarcomere_area_ratio,z_length_std,myof_length_max,domain_slen_mean,z_mask_area_ratio,z_lat_alignment_std,n_zbands,cell_mask_area,cell_mask_intensity,z_oop,z_lat_alignment_mean,z_length_mean,z_lat_dist_std,myof_length_std,n_vectors,z_straightness_mean,n_mbands,z_intensity_std,sarcomere_length_std,z_lat_neighbors_mean,z_lat_neighbors_std,domain_area_mean,domain_oop_std
104.59041595458984,0.2635908209437621,16.50375,0.5400996208190918,1.4370865696966508,1000.1214421252372,0.01933622865977414,23.715,0.11012421856629684,6.718625068664551,0.0429944123387788,0.44984471797943115,2.0,0.930385927074633,1001.9540521240701,0.061155782239132504,1.5389396067492536,1.801703481446676,4.8,0.14249472537904187,0.78670801384937,7.6602959632873535,1.4420777080092737,0.03230948439703268,0.6478114967717972,46.0,733.995,655.0439887192692,0.372358015085186,0.7458446347348942,0.8576086956521741,0.7414457565158595,0.7549352645874023,191.0,0.8507352566183326,51.0,163.8509883901273,0.24077820233429464,0.5652173913043478,0.6478114967717972,43.256249999999994,0.10251855850219727
