cell_mask_area,cell_mask_area_ratio,cell_mask_intensity,domain_area_mean,domain_area_std,domain_oop_mean,domain_oop_std,domain_slen_mean,myof_bending_mean,myof_bending_std,myof_length_max,myof_length_mean,myof_length_std,myof_straightness_mean,myof_straightness_std,n_domains,n_mbands,n_vectors,n_zbands,sarcomere_area,sarcomere_area_ratio,sarcomere_length_mean,sarcomere_length_std,sarcomere_oop,z_intensity_mean,z_intensity_std,z_lat_alignment_mean,z_lat_alignment_std,z_lat_dist_mean,z_lat_dist_std,z_lat_length_groups_mean,z_lat_neighbors_mean,z_lat_neighbors_std,z_length_max,z_length_mean,z_length_std,z_mask_area,z_mask_area_ratio,z_mask_intensity,z_oop,z_straightness_mean,z_straightness_std
604.485,0.2556718690521508,655.3849475173081,42.165,0.0,0.7578770518302917,0.0,1.6042148423622444,0.0465902960194608,0.1044975770079716,16.408863067626953,10.615896224975586,2.6433684825897217,0.9339545578178116,0.06371034962340145,1.0,35.0,173.0,32.0,85.06298065185547,0.14071975425669034,1.5566394984684966,0.22113352926736782,0.36021095514297485,1001.802438647889,202.11449195285772,0.6687386347317371,0.3903123748998999,1.8116704940785755,0.507789346959043,1.4443107407667493,0.1875,0.3903123748998999,2.85,1.1390624999999999,0.7498681524733197,19.9575,0.033015707585796174,969.0552423900789,0.333749039963613,0.7995423876461814,0.0978318027004715
