cell_mask_area,cell_mask_area_ratio,cell_mask_intensity,domain_area_mean,domain_area_std,domain_oop_mean,domain_oop_std,domain_slen_mean,myof_bending_mean,myof_bending_std,myof_length_max,myof_length_mean,myof_length_std,myof_straightness_mean,myof_straightness_std,n_domains,n_mbands,n_vectors,n_zbands,sarcomere_area,sarcomere_area_ratio,sarcomere_length_mean,sarcomere_length_std,sarcomere_oop,z_intensity_mean,z_intensity_std,z_lat_alignment_mean,z_lat_alignment_std,z_lat_dist_mean,z_lat_dist_std,z_lat_length_groups_mean,z_lat_neighbors_mean,z_lat_neighbors_std,z_length_max,z_length_mean,z_length_std,z_mask_area,z_mask_area_ratio,z_mask_intensity,z_oop,z_straightness_mean,z_straightness_std
973.2375,0.26640101497832086,648.6122529187377,,,,,,0.06593326808299521,0.04381803271257833,8.806572914123535,7.946028232574463,0.8506453037261963,0.931305870765167,0.02948684799156107,0.0,17.0,45.0,13.0,27.205080032348633,0.027953176929936048,1.4059853997375478,0.2587921149981005,0.5097163319587708,837.7546846253297,97.58722524456975,0.7635251471879902,0.6343239424027171,2.1387375785985157,0.2613456903998036,1.586621273579555,0.46153846153846156,0.6343239424027171,2.4,0.7269230769230769,0.5576790449351341,5.49,0.005640966362270258,865.1147540983607,0.5173211700042467,0.8288375875332398,0.09354343589193852
