cell_mask_area,cell_mask_area_ratio,cell_mask_intensity,domain_area_mean,domain_area_std,domain_oop_mean,domain_oop_std,domain_slen_mean,myof_bending_mean,myof_bending_std,myof_length_max,myof_length_mean,myof_length_std,myof_straightness_mean,myof_straightness_std,n_domains,n_mbands,n_vectors,n_zbands,sarcomere_area,sarcomere_area_ratio,sarcomere_length_mean,sarcomere_length_std,sarcomere_oop,z_intensity_mean,z_intensity_std,z_lat_alignment_mean,z_lat_alignment_std,z_lat_dist_mean,z_lat_dist_std,z_lat_length_groups_mean,z_lat_neighbors_mean,z_lat_neighbors_std,z_length_max,z_length_mean,z_length_std,z_mask_area,z_mask_area_ratio,z_mask_intensity,z_oop,z_straightness_mean,z_straightness_std
946.3725,0.3209489363000946,612.1644754047693,88.49249999999999,45.427499999999995,0.7666629552841187,0.15115240216255188,1.6778937467840587,0.023991379719058424,0.01949797265174936,20.20102310180664,13.671839714050293,3.784151792526245,0.9555281374373901,0.018284600072022723,2.0,80.0,335.0,77.0,226.94020080566406,0.23980007957296315,1.6345667465551637,0.2192578430415179,0.6386896967887878,863.4523707568652,100.17900834044845,0.7938427363758761,0.6872081327440495,1.8948686426044918,0.6162455205191527,3.118342916456125,0.9090909090909091,0.6872081327440495,3.4499999999999997,0.8396103896103895,0.6258675880840403,47.6325,0.05033166115879319,871.3887576759565,0.5442973003136184,0.8552668974936252,0.09667355914660034
