sarcomere_area,cell_mask_area_ratio,domain_area_std,domain_oop_mean,sarcomere_length_mean,z_mask_intensity,myof_straightness_std,z_mask_area,z_straightness_std,myof_length_mean,myof_bending_std,sarcomere_oop,n_domains,myof_straightness_mean,z_intensity_mean,myof_bending_mean,z_lat_dist_mean,z_lat_length_groups_mean,z_length_max,sarcomere_area_ratio,z_length_std,myof_length_max,domain_slen_mean,z_mask_area_ratio,z_lat_alignment_std,n_zbands,cell_mask_area,cell_mask_intensity,z_oop,z_lat_alignment_mean,z_length_mean,z_lat_dist_std,myof_length_std,n_vectors,z_straightness_mean,n_mbands,z_intensity_std,sarcomere_length_std,z_lat_neighbors_mean,z_lat_neighbors_std,domain_area_mean,domain_oop_std
40.46474075317383,0.1270908555992404,0.0,0.9061697721481323,1.3259906087330673,1073.1489361702127,0.0472778938060182,9.5175,0.10021535452073063,7.634059429168701,0.028648078265637675,0.9034837484359741,1.0,0.9327667795057663,1099.5576536700164,0.044339600800964336,2.1241217842257414,1.9592776093175925,2.1,0.07569480711996639,0.5320949163448191,10.668582916259766,1.3384796914185726,0.01780377962035439,0.4969039949999533,18.0,534.5775,683.5852519045415,0.8817764568657743,0.8025895524963851,0.8249999999999998,0.7420287364904783,2.3041558265686035,86.0,0.836962289659658,26.0,146.36663522813228,0.2427418665931108,0.5555555555555556,0.4969039949999533,25.4925,0.0
