cell_mask_area,cell_mask_area_ratio,cell_mask_intensity,domain_area_mean,domain_area_std,domain_oop_mean,domain_oop_std,domain_slen_mean,myof_bending_mean,myof_bending_std,myof_length_max,myof_length_mean,myof_length_std,myof_straightness_mean,myof_straightness_std,n_domains,n_mbands,n_vectors,n_zbands,sarcomere_area,sarcomere_area_ratio,sarcomere_length_mean,sarcomere_length_std,sarcomere_oop,z_intensity_mean,z_intensity_std,z_lat_alignment_mean,z_lat_alignment_std,z_lat_dist_mean,z_lat_dist_std,z_lat_length_groups_mean,z_lat_neighbors_mean,z_lat_neighbors_std,z_length_max,z_length_mean,z_length_std,z_mask_area,z_mask_area_ratio,z_mask_intensity,z_oop,z_straightness_mean,z_straightness_std
534.5775,0.1270908555992404,683.5852519045415,25.4925,0.0,0.9061697721481323,0.0,1.3384796914185726,0.044339600800964336,0.028648078265637675,10.668582916259766,7.634059429168701,2.3041558265686035,0.9327667795057663,0.0472778938060182,1.0,26.0,86.0,18.0,40.46474075317383,0.07569480711996639,1.3259906087330673,0.2427418665931108,0.9034837484359741,1099.5576536700164,146.36663522813228,0.8025895524963851,0.4969039949999533,2.1241217842257414,0.7420287364904783,1.9592776093175925,0.5555555555555556,0.4969039949999533,2.1,0.8249999999999998,0.5320949163448191,9.5175,0.01780377962035439,1073.1489361702127,0.8817764568657743,0.836962289659658,0.10021535452073063
