sarcomere_area,cell_mask_area_ratio,domain_area_std,domain_oop_mean,sarcomere_length_mean,z_mask_intensity,myof_straightness_std,z_mask_area,z_straightness_std,myof_length_mean,myof_bending_std,sarcomere_oop,n_domains,myof_straightness_mean,z_intensity_mean,myof_bending_mean,z_lat_dist_mean,z_lat_length_groups_mean,z_length_max,sarcomere_area_ratio,z_length_std,myof_length_max,domain_slen_mean,z_mask_area_ratio,z_lat_alignment_std,n_zbands,cell_mask_area,cell_mask_intensity,z_oop,z_lat_alignment_mean,z_length_mean,z_lat_dist_std,myof_length_std,n_vectors,z_straightness_mean,n_mbands,z_intensity_std,sarcomere_length_std,z_lat_neighbors_mean,z_lat_neighbors_std,domain_area_mean,domain_oop_std
45.974945068359375,0.24572304025874542,0.056250000000000355,0.838410496711731,1.3641561321080906,1022.351598173516,0.043723600114446426,9.855,0.08566065203196266,9.61721134185791,0.029716850537395655,0.728471040725708,2.0,0.9189425439071844,1051.1285274547529,0.03952446077203504,0.9467001754466473,1.2244500292411078,2.25,0.05055497283208183,0.576141280859308,11.86410903930664,1.3637760516528865,0.010836755900836261,0.45175395145262565,21.0,909.405,667.2299470532931,0.7197556228000195,0.5800608335773815,0.9142857142857143,0.4541572170617664,1.404619812965393,103.0,0.8488714869430635,20.0,119.03855180420636,0.21181527117974908,0.2857142857142857,0.45175395145262565,20.17125,0.07159015536308289
