cell_mask_area,cell_mask_area_ratio,cell_mask_intensity,domain_area_mean,domain_area_std,domain_oop_mean,domain_oop_std,domain_slen_mean,myof_bending_mean,myof_bending_std,myof_length_max,myof_length_mean,myof_length_std,myof_straightness_mean,myof_straightness_std,n_domains,n_mbands,n_vectors,n_zbands,sarcomere_area,sarcomere_area_ratio,sarcomere_length_mean,sarcomere_length_std,sarcomere_oop,z_intensity_mean,z_intensity_std,z_lat_alignment_mean,z_lat_alignment_std,z_lat_dist_mean,z_lat_dist_std,z_lat_length_groups_mean,z_lat_neighbors_mean,z_lat_neighbors_std,z_length_max,z_length_mean,z_length_std,z_mask_area,z_mask_area_ratio,z_mask_intensity,z_oop,z_straightness_mean,z_straightness_std
909.135,0.24565008572158117,667.268202742167,20.058749999999996,0.0337499999999995,0.8362138271331787,0.0745404064655304,1.3656408133984992,0.043776594756801596,0.028043988937962255,11.696941375732422,9.48555850982666,1.4430973529815674,0.9181850578894514,0.04031208736184252,2.0,20.0,103.0,21.0,45.972511291503906,0.05056730990612385,1.3659501566954146,0.2059300998591632,0.724662721157074,1051.1285274547529,119.03855180420636,0.5047344448534782,0.45175395145262565,0.9467001754466473,0.4541572170617664,1.2244500292411078,0.2857142857142857,0.45175395145262565,2.25,0.9142857142857143,0.576141280859308,9.855,0.01083997426124833,1022.351598173516,0.7197556228000195,0.8488714869430635,0.08566065203196266
