sarcomere_area,cell_mask_area_ratio,domain_area_std,domain_oop_mean,sarcomere_length_mean,z_mask_intensity,myof_straightness_std,z_mask_area,z_straightness_std,myof_length_mean,myof_bending_std,sarcomere_oop,n_domains,myof_straightness_mean,z_intensity_mean,myof_bending_mean,z_lat_dist_mean,z_lat_length_groups_mean,z_length_max,sarcomere_area_ratio,z_length_std,myof_length_max,domain_slen_mean,z_mask_area_ratio,z_lat_alignment_std,n_zbands,cell_mask_area,cell_mask_intensity,z_oop,z_lat_alignment_mean,z_length_mean,z_lat_dist_std,myof_length_std,n_vectors,z_straightness_mean,n_mbands,z_intensity_std,sarcomere_length_std,z_lat_neighbors_mean,z_lat_neighbors_std,domain_area_mean,domain_oop_std
131.38296508789062,0.23574099035041074,12.329999999999998,0.7710951566696167,1.5816229351091948,760.7805810397554,0.02868607069074154,29.43,0.08910993556929706,9.62976360321045,0.020136194783041798,0.7643502354621887,2.0,0.9552788528835326,758.8146080399014,0.025027533444532127,1.9290399273187593,2.379489961388091,2.4,0.10210073075825112,0.5917118094754571,16.749448776245117,1.5709482693573198,0.0228707314087881,0.7614186982113319,49.0,1286.7975,583.6087146579007,0.5680307247812871,0.7299057332626632,0.8846938775510205,0.6829729259886995,3.5109171867370605,201.0,0.8331556437935719,55.0,90.35348316829827,0.2673100367178275,0.6938775510204082,0.7614186982113319,46.26,0.06332215666770935
