sarcomere_area,cell_mask_area_ratio,domain_area_std,domain_oop_mean,sarcomere_length_mean,z_mask_intensity,myof_straightness_std,z_mask_area,z_straightness_std,myof_length_mean,myof_bending_std,sarcomere_oop,n_domains,myof_straightness_mean,z_intensity_mean,myof_bending_mean,z_lat_dist_mean,z_lat_length_groups_mean,z_length_max,sarcomere_area_ratio,z_length_std,myof_length_max,domain_slen_mean,z_mask_area_ratio,z_lat_alignment_std,n_zbands,cell_mask_area,cell_mask_intensity,z_oop,z_lat_alignment_mean,z_length_mean,z_lat_dist_std,myof_length_std,n_vectors,z_straightness_mean,n_mbands,z_intensity_std,sarcomere_length_std,z_lat_neighbors_mean,z_lat_neighbors_std,domain_area_mean,domain_oop_std
95.35415649414062,0.2140551838608211,0.0,0.8115087151527405,1.5081154327820032,938.540350877193,0.041351897681525904,19.2375,0.0778598293979144,12.080229759216309,0.010943268253625585,0.8020588159561157,1.0,0.9354878023642641,922.8973452575307,0.020026414904707728,1.5850128596615756,2.103133037288485,2.4,0.06761699072772184,0.49667533714947465,21.779560089111328,1.4843650456950246,0.013641585295807007,0.658729875828981,39.0,1410.21,654.1817282532389,0.6875749104387087,0.7970238042620436,0.6846153846153846,0.49013695505178667,5.7872843742370605,138.0,0.8696534102409235,39.0,117.04078846370386,0.19660607257733348,0.7692307692307693,0.658729875828981,52.0425,0.0
