cell_mask_area,cell_mask_area_ratio,cell_mask_intensity,domain_area_mean,domain_area_std,domain_oop_mean,domain_oop_std,domain_slen_mean,myof_bending_mean,myof_bending_std,myof_length_max,myof_length_mean,myof_length_std,myof_straightness_mean,myof_straightness_std,n_domains,n_mbands,n_vectors,n_zbands,sarcomere_area,sarcomere_area_ratio,sarcomere_length_mean,sarcomere_length_std,sarcomere_oop,z_intensity_mean,z_intensity_std,z_lat_alignment_mean,z_lat_alignment_std,z_lat_dist_mean,z_lat_dist_std,z_lat_length_groups_mean,z_lat_neighbors_mean,z_lat_neighbors_std,z_length_max,z_length_mean,z_length_std,z_mask_area,z_mask_area_ratio,z_mask_intensity,z_oop,z_straightness_mean,z_straightness_std
772.245,0.11299647071217868,596.3066546238564,59.084999999999994,17.955,0.9192157983779907,0.005029916763305664,1.5182017264316645,0.01965627319248916,0.011430121228424002,32.67824172973633,16.713666915893555,8.443022727966309,0.9464713456952927,0.035446632985258755,2.0,50.0,295.0,51.0,138.42747497558594,0.1792533133598611,1.531634451933194,0.22003199380031863,0.26476550102233887,901.7308696218464,225.68642180451553,0.8757230553496352,0.42418250299576354,1.6474775896500136,0.8878725086412916,1.5863303452866686,0.23529411764705882,0.42418250299576354,3.3,1.2058823529411764,0.8237079638370515,31.724999999999998,0.04108152205582425,912.2893617021276,0.3899816358016592,0.8249314554615835,0.10363865736579346
