cell_mask_area,cell_mask_area_ratio,cell_mask_intensity,domain_area_mean,domain_area_std,domain_oop_mean,domain_oop_std,domain_slen_mean,myof_bending_mean,myof_bending_std,myof_length_max,myof_length_mean,myof_length_std,myof_straightness_mean,myof_straightness_std,n_domains,n_mbands,n_vectors,n_zbands,sarcomere_area,sarcomere_area_ratio,sarcomere_length_mean,sarcomere_length_std,sarcomere_oop,z_intensity_mean,z_intensity_std,z_lat_alignment_mean,z_lat_alignment_std,z_lat_dist_mean,z_lat_dist_std,z_lat_length_groups_mean,z_lat_neighbors_mean,z_lat_neighbors_std,z_length_max,z_length_mean,z_length_std,z_mask_area,z_mask_area_ratio,z_mask_intensity,z_oop,z_straightness_mean,z_straightness_std
1753.6499999999999,0.26442030411388323,583.8464203233257,39.3825,10.570328755530738,0.825854480266571,0.06246010586619377,1.5390785634875097,0.0358864874818148,0.028422301119405934,15.468706130981445,9.54636001586914,3.419111728668213,0.9363789443358373,0.039041792207109384,3.0,74.0,271.0,74.0,154.820556640625,0.08828475273893024,1.536023894955524,0.20563479957885572,0.7457453012466431,757.8289054548541,86.59172451428446,0.8040067732180686,0.5177633529910274,1.785674770563835,0.6235909025729905,1.4556800264145344,0.40540540540540543,0.5177633529910274,3.3,0.7986486486486487,0.6654084791463026,32.22,0.018373107518604055,763.5349162011173,0.6473204744777994,0.8546875996054741,0.10299714086350842
