cell_mask_area,cell_mask_area_ratio,cell_mask_intensity,domain_area_mean,domain_area_std,domain_oop_mean,domain_oop_std,domain_slen_mean,myof_bending_mean,myof_bending_std,myof_length_max,myof_length_mean,myof_length_std,myof_straightness_mean,myof_straightness_std,n_domains,n_mbands,n_vectors,n_zbands,sarcomere_area,sarcomere_area_ratio,sarcomere_length_mean,sarcomere_length_std,sarcomere_oop,z_intensity_mean,z_intensity_std,z_lat_alignment_mean,z_lat_alignment_std,z_lat_dist_mean,z_lat_dist_std,z_lat_length_groups_mean,z_lat_neighbors_mean,z_lat_neighbors_std,z_length_max,z_length_mean,z_length_std,z_mask_area,z_mask_area_ratio,z_mask_intensity,z_oop,z_straightness_mean,z_straightness_std
1597.59,0.27855192543075036,640.541828629373,56.5425,0.0,0.753960132598877,0.0,1.4206074919097915,0.029763539064083324,0.025390785847911924,17.282001495361328,8.084052085876465,3.407254457473755,0.9541864345263882,0.02138793110056716,1.0,67.0,237.0,59.0,138.42112731933594,0.0866437116652808,1.399537504854132,0.27246370392421754,0.4627275764942169,900.2541539043235,122.77482888376288,0.7742344687223135,0.4811887988670641,1.4595201000586333,0.6926767482201431,1.228944329420962,0.2711864406779661,0.4811887988670641,2.6999999999999997,0.8644067796610169,0.5407191419420166,28.349999999999998,0.017745479127936455,896.9563492063492,0.22944716003780918,0.846683154904186,0.08774222017665399
