sarcomere_area,cell_mask_area_ratio,domain_area_std,domain_oop_mean,sarcomere_length_mean,z_mask_intensity,myof_straightness_std,z_mask_area,z_straightness_std,myof_length_mean,myof_bending_std,sarcomere_oop,n_domains,myof_straightness_mean,z_intensity_mean,myof_bending_mean,z_lat_dist_mean,z_lat_length_groups_mean,z_length_max,sarcomere_area_ratio,z_length_std,myof_length_max,domain_slen_mean,z_mask_area_ratio,z_lat_alignment_std,n_zbands,cell_mask_area,cell_mask_intensity,z_oop,z_lat_alignment_mean,z_length_mean,z_lat_dist_std,myof_length_std,n_vectors,z_straightness_mean,n_mbands,z_intensity_std,sarcomere_length_std,z_lat_neighbors_mean,z_lat_neighbors_std,domain_area_mean,domain_oop_std
81.931396484375,0.17678227795495408,,,1.7044864935672628,773.0659090909091,0.007269680989602791,19.8,0.08161921917595194,10.620203018188477,0.023503871863854598,0.6675840616226196,0.0,0.9701520286933867,799.1736846005961,0.021012314894912447,1.9178345253951425,1.4068263979291673,1.3499999999999999,0.09304702694022117,0.368223553046021,14.904335021972656,,0.022486265491248242,0.5581522088358155,29.0,880.5375,553.9710744857545,0.3602437421032764,0.8102549941529994,0.7189655172413792,0.5942732815821308,3.4994611740112305,104.0,0.8702597554795218,37.0,98.12154841984527,0.27435106710770074,0.41379310344827586,0.5581522088358155,,
