cell_mask_area,cell_mask_area_ratio,cell_mask_intensity,domain_area_mean,domain_area_std,domain_oop_mean,domain_oop_std,domain_slen_mean,myof_bending_mean,myof_bending_std,myof_length_max,myof_length_mean,myof_length_std,myof_straightness_mean,myof_straightness_std,n_domains,n_mbands,n_vectors,n_zbands,sarcomere_area,sarcomere_area_ratio,sarcomere_length_mean,sarcomere_length_std,sarcomere_oop,z_intensity_mean,z_intensity_std,z_lat_alignment_mean,z_lat_alignment_std,z_lat_dist_mean,z_lat_dist_std,z_lat_length_groups_mean,z_lat_neighbors_mean,z_lat_neighbors_std,z_length_max,z_length_mean,z_length_std,z_mask_area,z_mask_area_ratio,z_mask_intensity,z_oop,z_straightness_mean,z_straightness_std
529.0875,0.21942593733086985,588.4157771635126,21.341250000000002,0.5962499999999995,0.9136713147163391,0.0347939133644104,1.7598453140900636,0.025564824896397626,0.02398192118035195,13.999092102050781,11.433059692382812,2.5613555908203125,0.9551372864369257,0.008297657419169706,2.0,24.0,66.0,24.0,50.718788146972656,0.0958608701717063,1.7534249069731354,0.25256996686327143,0.8500139713287354,829.6033664565304,56.84118141061047,0.8742931368525975,0.2763853991962833,0.6184658438426485,0.0,0.7508028627757674,0.08333333333333333,0.2763853991962833,1.95,0.69375,0.43043401062183734,13.567499999999999,0.025643206463959175,839.5339966832504,0.6894130396444981,0.9023664912211569,0.07884947836949566
