cell_mask_area,cell_mask_area_ratio,cell_mask_intensity,domain_area_mean,domain_area_std,domain_oop_mean,domain_oop_std,domain_slen_mean,myof_bending_mean,myof_bending_std,myof_length_max,myof_length_mean,myof_length_std,myof_straightness_mean,myof_straightness_std,n_domains,n_mbands,n_vectors,n_zbands,sarcomere_area,sarcomere_area_ratio,sarcomere_length_mean,sarcomere_length_std,sarcomere_oop,z_intensity_mean,z_intensity_std,z_lat_alignment_mean,z_lat_alignment_std,z_lat_dist_mean,z_lat_dist_std,z_lat_length_groups_mean,z_lat_neighbors_mean,z_lat_neighbors_std,z_length_max,z_length_mean,z_length_std,z_mask_area,z_mask_area_ratio,z_mask_intensity,z_oop,z_straightness_mean,z_straightness_std
1572.0974999999999,0.2770514879359226,572.8143722001975,44.565,19.00507695327751,0.809912383556366,0.18096642196178436,1.498184195026024,0.02793690045369485,0.02564001887859763,16.52805519104004,10.289355278015137,3.074514389038086,0.9611105705331411,0.020155743898640277,3.0,75.0,343.0,70.0,176.46604919433594,0.11224879448910513,1.4897424562191128,0.2707582236025308,0.4048433005809784,759.7312708145964,102.30813712711773,0.7327694641928371,0.6477590885002648,1.821690118145191,0.7166242925062316,2.143374749897228,0.5428571428571428,0.6477590885002648,3.15,1.067142857142857,0.7142371412056018,39.33,0.02501753230954187,769.8478260869565,0.29931093071300713,0.8171325572862018,0.09612272125187266
