cell_mask_area,cell_mask_area_ratio,cell_mask_intensity,domain_area_mean,domain_area_std,domain_oop_mean,domain_oop_std,domain_slen_mean,myof_bending_mean,myof_bending_std,myof_length_max,myof_length_mean,myof_length_std,myof_straightness_mean,myof_straightness_std,n_domains,n_mbands,n_vectors,n_zbands,sarcomere_area,sarcomere_area_ratio,sarcomere_length_mean,sarcomere_length_std,sarcomere_oop,z_intensity_mean,z_intensity_std,z_lat_alignment_mean,z_lat_alignment_std,z_lat_dist_mean,z_lat_dist_std,z_lat_length_groups_mean,z_lat_neighbors_mean,z_lat_neighbors_std,z_length_max,z_length_mean,z_length_std,z_mask_area,z_mask_area_ratio,z_mask_intensity,z_oop,z_straightness_mean,z_straightness_std
602.28,0.25464231354642314,598.0500597728632,24.0075,0.0,0.07037391513586044,0.0,1.5509283568791055,0.016981294462880013,0.01224415177303766,10.33415412902832,9.278639793395996,0.8542778491973877,0.9643710433122078,0.022312387533844822,1.0,22.0,105.0,24.0,54.99444580078125,0.09131043003384016,1.6021323856438514,0.21805131838671782,0.47829195857048035,772.3484749321457,90.65998587153732,0.6083413280825154,0.4330127018922193,1.7998153682477358,0.8664090490174161,1.3214021954639623,0.25,0.4330127018922193,2.6999999999999997,0.9312499999999999,0.622965438447431,12.014999999999999,0.019949193066347876,775.9887640449438,0.48452906132783335,0.8563923259568543,0.0981751931270321
