cell_mask_area,cell_mask_area_ratio,cell_mask_intensity,domain_area_mean,domain_area_std,domain_oop_mean,domain_oop_std,domain_slen_mean,myof_bending_mean,myof_bending_std,myof_length_max,myof_length_mean,myof_length_std,myof_straightness_mean,myof_straightness_std,n_domains,n_mbands,n_vectors,n_zbands,sarcomere_area,sarcomere_area_ratio,sarcomere_length_mean,sarcomere_length_std,sarcomere_oop,z_intensity_mean,z_intensity_std,z_lat_alignment_mean,z_lat_alignment_std,z_lat_dist_mean,z_lat_dist_std,z_lat_length_groups_mean,z_lat_neighbors_mean,z_lat_neighbors_std,z_length_max,z_length_mean,z_length_std,z_mask_area,z_mask_area_ratio,z_mask_intensity,z_oop,z_straightness_mean,z_straightness_std
604.5074999999999,0.2556813856109631,655.3809506085532,41.894999999999996,0.0,0.7583045363426208,0.0,1.608143456686855,0.01085713432263228,0.00999175153432144,19.509990692138672,11.337275505065918,3.737706184387207,0.9650415592960564,0.03056074357632769,1.0,36.0,170.0,32.0,85.13029479980469,0.14082587031559526,1.5585097733798146,0.2052323208988249,0.37428194284439087,1001.802438647889,202.11449195285772,0.6781395840399204,0.3903123748998999,1.8116704940785755,0.507789346959043,1.4443107407667493,0.1875,0.3903123748998999,2.85,1.1390624999999999,0.7498681524733197,19.98,0.033051699110432875,968.990990990991,0.333749039963613,0.7995423876461814,0.0978318027004715
