cell_mask_area,cell_mask_area_ratio,cell_mask_intensity,domain_area_mean,domain_area_std,domain_oop_mean,domain_oop_std,domain_slen_mean,myof_bending_mean,myof_bending_std,myof_length_max,myof_length_mean,myof_length_std,myof_straightness_mean,myof_straightness_std,n_domains,n_mbands,n_vectors,n_zbands,sarcomere_area,sarcomere_area_ratio,sarcomere_length_mean,sarcomere_length_std,sarcomere_oop,z_intensity_mean,z_intensity_std,z_lat_alignment_mean,z_lat_alignment_std,z_lat_dist_mean,z_lat_dist_std,z_lat_length_groups_mean,z_lat_neighbors_mean,z_lat_neighbors_std,z_length_max,z_length_mean,z_length_std,z_mask_area,z_mask_area_ratio,z_mask_intensity,z_oop,z_straightness_mean,z_straightness_std
906.5024999999999,0.1788976363967372,600.9217156047556,69.16499999999999,0.0,0.9243559241294861,0.0,1.3296190409668645,0.019559561380400613,0.012352268050266858,26.96230125427246,16.497177124023438,7.185181140899658,0.9510429656159523,0.014892604416935544,1.0,44.0,189.0,40.0,80.49652862548828,0.08879901448202104,1.3243856592781489,0.25313837189579724,0.9148389101028442,968.3244421449803,88.68506566571662,0.7993850623046447,0.6,2.2589603100418594,0.7551904417892742,2.600978628484078,0.7,0.6,2.6999999999999997,0.9,0.5196152422706631,18.697499999999998,0.020625977313907022,963.0986762936221,0.8399248384684092,0.8180439165162013,0.07471601452874689
