cell_mask_area,cell_mask_area_ratio,cell_mask_intensity,domain_area_mean,domain_area_std,domain_oop_mean,domain_oop_std,domain_slen_mean,myof_bending_mean,myof_bending_std,myof_length_max,myof_length_mean,myof_length_std,myof_straightness_mean,myof_straightness_std,n_domains,n_mbands,n_vectors,n_zbands,sarcomere_area,sarcomere_area_ratio,sarcomere_length_mean,sarcomere_length_std,sarcomere_oop,z_intensity_mean,z_intensity_std,z_lat_alignment_mean,z_lat_alignment_std,z_lat_dist_mean,z_lat_dist_std,z_lat_length_groups_mean,z_lat_neighbors_mean,z_lat_neighbors_std,z_length_max,z_length_mean,z_length_std,z_mask_area,z_mask_area_ratio,z_mask_intensity,z_oop,z_straightness_mean,z_straightness_std
575.1225,0.19194262972140871,641.009976135519,24.21,0.0,0.787200927734375,0.0,1.3012206667015875,0.04576036130798697,0.03066248909330437,7.979881763458252,6.4372639656066895,1.4444442987442017,0.969778146514046,0.010074864539201199,1.0,30.0,96.0,29.0,54.587890625,0.09491524088346397,1.3137858705600243,0.22085974987940868,0.34758609533309937,843.0384233824543,134.7147124098353,0.6929947211311315,0.64695389790668,1.8081225134678138,0.7404005512496828,2.3792629506831626,0.8275862068965517,0.64695389790668,1.7999999999999998,0.6465517241379312,0.44059736770441765,11.43,0.019874026837760652,850.2992125984252,0.4254989855340527,0.8485022343053196,0.0939023013382641
