sarcomere_area,cell_mask_area_ratio,domain_area_std,domain_oop_mean,sarcomere_length_mean,z_mask_intensity,myof_straightness_std,z_mask_area,z_straightness_std,myof_length_mean,myof_bending_std,sarcomere_oop,n_domains,myof_straightness_mean,z_intensity_mean,myof_bending_mean,z_lat_dist_mean,z_lat_length_groups_mean,z_length_max,sarcomere_area_ratio,z_length_std,myof_length_max,domain_slen_mean,z_mask_area_ratio,z_lat_alignment_std,n_zbands,cell_mask_area,cell_mask_intensity,z_oop,z_lat_alignment_mean,z_length_mean,z_lat_dist_std,myof_length_std,n_vectors,z_straightness_mean,n_mbands,z_intensity_std,sarcomere_length_std,z_lat_neighbors_mean,z_lat_neighbors_std,domain_area_mean,domain_oop_std
68.2591552734375,0.1903058361391695,0.0,0.8790757656097412,1.5049398068344528,847.5890410958904,0.01016432922510263,14.782499999999999,0.07632655063848649,6.061806678771973,0.004207690240268988,0.8020618557929993,1.0,0.9770151579543844,923.6010185450442,0.0058596968123995645,1.799999999999999,0.7565217391304349,2.4,0.07987310395384657,0.4616546328154847,6.443970203399658,1.559131525820758,0.0172976673160971,0.2763853991962833,24.0,854.5949999999999,573.6315359907325,0.8736255923530871,0.9635316070141293,0.65,0.0,0.353571355342865,87.0,0.8644336003383811,36.0,214.1174819518125,0.31427351632823164,0.08333333333333333,0.2763853991962833,26.9775,0.0
