cell_mask_area,cell_mask_area_ratio,cell_mask_intensity,domain_area_mean,domain_area_std,domain_oop_mean,domain_oop_std,domain_slen_mean,myof_bending_mean,myof_bending_std,myof_length_max,myof_length_mean,myof_length_std,myof_straightness_mean,myof_straightness_std,n_domains,n_mbands,n_vectors,n_zbands,sarcomere_area,sarcomere_area_ratio,sarcomere_length_mean,sarcomere_length_std,sarcomere_oop,z_intensity_mean,z_intensity_std,z_lat_alignment_mean,z_lat_alignment_std,z_lat_dist_mean,z_lat_dist_std,z_lat_length_groups_mean,z_lat_neighbors_mean,z_lat_neighbors_std,z_length_max,z_length_mean,z_length_std,z_mask_area,z_mask_area_ratio,z_mask_intensity,z_oop,z_straightness_mean,z_straightness_std
1021.905,0.25673811784922895,624.7281254128319,24.5475,0.0,0.9359403252601624,0.0,1.3263424993496569,0.008995747811767919,0.005161826998915431,12.301743507385254,9.630644798278809,2.484410524368286,0.9799384961479433,0.00962149847246078,1.0,24.0,76.0,22.0,35.49723434448242,0.03473633492788706,1.3766752304184,0.24655345678642035,0.8824260234832764,1042.39755581566,197.89878403213208,0.7045320780800343,0.5821022034029861,2.2340080999384666,0.3830245545775255,1.8315030374769248,0.5454545454545454,0.5821022034029861,1.95,0.7227272727272728,0.3959244856624902,8.549999999999999,0.008366726848386102,1018.9552631578947,0.8323672606587146,0.8704296026346315,0.09207920826115021
