sarcomere_area,cell_mask_area_ratio,domain_area_std,domain_oop_mean,sarcomere_length_mean,z_mask_intensity,myof_straightness_std,z_mask_area,z_straightness_std,myof_length_mean,myof_bending_std,sarcomere_oop,n_domains,myof_straightness_mean,z_intensity_mean,myof_bending_mean,z_lat_dist_mean,z_lat_length_groups_mean,z_length_max,sarcomere_area_ratio,z_length_std,myof_length_max,domain_slen_mean,z_mask_area_ratio,z_lat_alignment_std,n_zbands,cell_mask_area,cell_mask_intensity,z_oop,z_lat_alignment_mean,z_length_mean,z_lat_dist_std,myof_length_std,n_vectors,z_straightness_mean,n_mbands,z_intensity_std,sarcomere_length_std,z_lat_neighbors_mean,z_lat_neighbors_std,domain_area_mean,domain_oop_std
325.2989501953125,0.3614363778298204,31.152911656657388,0.7516242265701294,1.4094516628540956,845.8878778984443,0.04104462349450672,76.6575,0.09672135492661012,12.312527656555176,0.020984766493363255,0.2949437201023102,4.0,0.943363019584557,837.2269876397095,0.022869669529209664,1.6002603165006117,1.9992438313555474,4.6499999999999995,0.18154768094569876,0.612688103039978,32.68071746826172,1.3966574920164883,0.042782158822643024,0.5724124955967317,167.0,1791.81,603.9163192525994,0.3286430310011981,0.7702123998831485,0.8568862275449102,0.7569906498508834,5.9278340339660645,707.0,0.8587472619858634,160.0,104.03616449666663,0.23838131224153827,0.6347305389221557,0.5724124955967317,68.47874999999999,0.17069754004478455
