sarcomere_area,cell_mask_area_ratio,domain_area_std,domain_oop_mean,sarcomere_length_mean,z_mask_intensity,myof_straightness_std,z_mask_area,z_straightness_std,myof_length_mean,myof_bending_std,sarcomere_oop,n_domains,myof_straightness_mean,z_intensity_mean,myof_bending_mean,z_lat_dist_mean,z_lat_length_groups_mean,z_length_max,sarcomere_area_ratio,z_length_std,myof_length_max,domain_slen_mean,z_mask_area_ratio,z_lat_alignment_std,n_zbands,cell_mask_area,cell_mask_intensity,z_oop,z_lat_alignment_mean,z_length_mean,z_lat_dist_std,myof_length_std,n_vectors,z_straightness_mean,n_mbands,z_intensity_std,sarcomere_length_std,z_lat_neighbors_mean,z_lat_neighbors_std,domain_area_mean,domain_oop_std
23.155431747436523,0.23333206639481785,,,1.3821571835152147,811.8592233009708,0.011910112359550584,4.635,0.09462105314512914,9.049992561340332,0.002647102146367592,0.9786545038223267,0.0,0.9656179775280898,798.6504047619048,0.022989067908424816,2.36671962574366,1.341679906435915,1.3499999999999999,0.023948300092757495,0.40249223594996214,9.486316680908203,,0.004793707676913411,0.48989794855663565,10.0,966.8924999999999,590.0716961813232,0.9571506686562352,0.6601013023036051,0.6,0.4872250128224085,0.26617923378944397,32.0,0.8284316063772771,9.0,64.22230100830059,0.3618788564799363,0.4,0.48989794855663565,,
