cell_mask_area,cell_mask_area_ratio,cell_mask_intensity,domain_area_mean,domain_area_std,domain_oop_mean,domain_oop_std,domain_slen_mean,myof_bending_mean,myof_bending_std,myof_length_max,myof_length_mean,myof_length_std,myof_straightness_mean,myof_straightness_std,n_domains,n_mbands,n_vectors,n_zbands,sarcomere_area,sarcomere_area_ratio,sarcomere_length_mean,sarcomere_length_std,sarcomere_oop,z_intensity_mean,z_intensity_std,z_lat_alignment_mean,z_lat_alignment_std,z_lat_dist_mean,z_lat_dist_std,z_lat_length_groups_mean,z_lat_neighbors_mean,z_lat_neighbors_std,z_length_max,z_length_mean,z_length_std,z_mask_area,z_mask_area_ratio,z_mask_intensity,z_oop,z_straightness_mean,z_straightness_std
560.88,0.07015489913544669,615.9844752888318,44.055,0.0,0.9539526700973511,0.0,1.3774066715988618,0.02580675586789402,0.013080519203756491,14.898969650268555,12.041952133178711,2.6539461612701416,0.9712263281744037,0.01796717311460246,1.0,26.0,108.0,24.0,61.29741668701172,0.10928793447263535,1.4019567702445173,0.21322514727093392,0.9461897015571594,900.3333791529684,96.31419035355398,0.8219575932958315,0.5,1.4439606948215227,0.3061494925857999,1.7729868982738408,0.5,0.5,3.4499999999999997,0.96875,0.8351412679900329,15.84,0.028241335044929396,901.2698863636364,0.7628182399704093,0.8308719422506524,0.09767444522227986
