sarcomere_area,cell_mask_area_ratio,domain_area_std,domain_oop_mean,sarcomere_length_mean,z_mask_intensity,myof_straightness_std,z_mask_area,z_straightness_std,myof_length_mean,myof_bending_std,sarcomere_oop,n_domains,myof_straightness_mean,z_intensity_mean,myof_bending_mean,z_lat_dist_mean,z_lat_length_groups_mean,z_length_max,sarcomere_area_ratio,z_length_std,myof_length_max,domain_slen_mean,z_mask_area_ratio,z_lat_alignment_std,n_zbands,cell_mask_area,cell_mask_intensity,z_oop,z_lat_alignment_mean,z_length_mean,z_lat_dist_std,myof_length_std,n_vectors,z_straightness_mean,n_mbands,z_intensity_std,sarcomere_length_std,z_lat_neighbors_mean,z_lat_neighbors_std,domain_area_mean,domain_oop_std
75.89627075195312,0.23566017316017318,4.32,0.6617302298545837,1.4861372124478998,678.6742770167427,0.02322122326249634,14.782499999999999,0.10304555957760933,8.635988235473633,0.032858880863898966,0.3701474368572235,2.0,0.9458391509787915,689.2326972438336,0.045295230262143694,1.48592798713982,1.4759729951774325,1.65,0.1075764634830876,0.4228005801539449,9.097232818603516,1.4602137079794781,0.02095292766934558,0.6075738683564673,33.0,705.51,560.5141599693839,0.32187496799745546,0.9036023324821014,0.6681818181818182,0.7791136098378721,0.5307835340499878,100.0,0.8593816951887354,38.0,66.29328320593514,0.2263586097787983,0.5454545454545454,0.6075738683564673,25.29,0.1842513531446457
