cell_mask_area,cell_mask_area_ratio,cell_mask_intensity,domain_area_mean,domain_area_std,domain_oop_mean,domain_oop_std,domain_slen_mean,myof_bending_mean,myof_bending_std,myof_length_max,myof_length_mean,myof_length_std,myof_straightness_mean,myof_straightness_std,n_domains,n_mbands,n_vectors,n_zbands,sarcomere_area,sarcomere_area_ratio,sarcomere_length_mean,sarcomere_length_std,sarcomere_oop,z_intensity_mean,z_intensity_std,z_lat_alignment_mean,z_lat_alignment_std,z_lat_dist_mean,z_lat_dist_std,z_lat_length_groups_mean,z_lat_neighbors_mean,z_lat_neighbors_std,z_length_max,z_length_mean,z_length_std,z_mask_area,z_mask_area_ratio,z_mask_intensity,z_oop,z_straightness_mean,z_straightness_std
2868.39,0.5641234412751233,532.9954974741928,22.724999999999998,0.0,0.9547168612480164,0.0,1.4914394845259407,0.034648501077976714,0.013720954933705842,13.483633995056152,11.752167701721191,1.7405189275741577,0.9532713714737862,0.026588927990414908,1.0,11.0,51.0,14.0,28.825714111328125,0.010049440317156358,1.4914394845259407,0.17008339001578401,0.9547168016433716,616.9641925674148,18.150803539559895,0.9400437853476059,0.45175395145262565,1.5796693311223922,0.3703306688776089,1.263278221853732,0.2857142857142857,0.45175395145262565,2.25,0.8571428571428571,0.6038144058688015,6.3225,0.002204198173888488,620.8861209964413,0.7694042971383398,0.8717060269908296,0.09204226697299697
