cell_mask_area,cell_mask_area_ratio,cell_mask_intensity,domain_area_mean,domain_area_std,domain_oop_mean,domain_oop_std,domain_slen_mean,myof_bending_mean,myof_bending_std,myof_length_max,myof_length_mean,myof_length_std,myof_straightness_mean,myof_straightness_std,n_domains,n_mbands,n_vectors,n_zbands,sarcomere_area,sarcomere_area_ratio,sarcomere_length_mean,sarcomere_length_std,sarcomere_oop,z_intensity_mean,z_intensity_std,z_lat_alignment_mean,z_lat_alignment_std,z_lat_dist_mean,z_lat_dist_std,z_lat_length_groups_mean,z_lat_neighbors_mean,z_lat_neighbors_std,z_length_max,z_length_mean,z_length_std,z_mask_area,z_mask_area_ratio,z_mask_intensity,z_oop,z_straightness_mean,z_straightness_std
733.9275,0.2635665804783452,655.056010300745,43.03125,16.93125,0.5344547033309937,0.09554852545261383,1.4458857603997917,0.03209147672516244,0.021201523273325057,11.720705032348633,7.553422451019287,1.934615969657898,0.9306145471066607,0.030977887251413382,2.0,50.0,189.0,46.0,104.66778564453125,0.1426132494620126,1.4404926447095312,0.24667398750538377,0.4459869861602783,1001.9204082317306,163.81166187801952,0.7143957540406438,0.6419488287058,1.5449080686927918,0.7147990142106223,1.9133972800530965,0.6086956521739131,0.6419488287058,4.8,0.8608695652173913,0.784698297289714,23.7375,0.03234311290965388,1000.2834123222749,0.3715960156396185,0.8520140289968493,0.11014240779460939
