sarcomere_area,cell_mask_area_ratio,domain_area_std,domain_oop_mean,sarcomere_length_mean,z_mask_intensity,myof_straightness_std,z_mask_area,z_straightness_std,myof_length_mean,myof_bending_std,sarcomere_oop,n_domains,myof_straightness_mean,z_intensity_mean,myof_bending_mean,z_lat_dist_mean,z_lat_length_groups_mean,z_length_max,sarcomere_area_ratio,z_length_std,myof_length_max,domain_slen_mean,z_mask_area_ratio,z_lat_alignment_std,n_zbands,cell_mask_area,cell_mask_intensity,z_oop,z_lat_alignment_mean,z_length_mean,z_lat_dist_std,myof_length_std,n_vectors,z_straightness_mean,n_mbands,z_intensity_std,sarcomere_length_std,z_lat_neighbors_mean,z_lat_neighbors_std,domain_area_mean,domain_oop_std
322.75762939453125,0.2920755949733096,29.812500000000007,0.6113449335098267,1.4083119185748882,883.0720081135903,0.06031091712274823,66.55499999999999,0.12807688495664774,13.204705238342285,0.046892633593104485,0.3972455561161041,2.0,0.9240774952859282,874.4012547075688,0.04250344908509578,1.6428306969201698,4.790839223842438,4.5,0.17068385860387936,0.969206118275446,29.949296951293945,1.4102882225564168,0.035196268576799965,0.6697331813534624,123.0,1890.9675,598.42945872946,0.4405346031362329,0.7314345237772832,1.1817073170731704,0.6586536969919302,5.249351501464844,748.0,0.8132494892898015,121.0,125.22327777075992,0.255458917587409,1.1219512195121952,0.6697331813534624,138.465,0.053764015436172485
