sarcomere_area,cell_mask_area_ratio,domain_area_std,domain_oop_mean,sarcomere_length_mean,z_mask_intensity,myof_straightness_std,z_mask_area,z_straightness_std,myof_length_mean,myof_bending_std,sarcomere_oop,n_domains,myof_straightness_mean,z_intensity_mean,myof_bending_mean,z_lat_dist_mean,z_lat_length_groups_mean,z_length_max,sarcomere_area_ratio,z_length_std,myof_length_max,domain_slen_mean,z_mask_area_ratio,z_lat_alignment_std,n_zbands,cell_mask_area,cell_mask_intensity,z_oop,z_lat_alignment_mean,z_length_mean,z_lat_dist_std,myof_length_std,n_vectors,z_straightness_mean,n_mbands,z_intensity_std,sarcomere_length_std,z_lat_neighbors_mean,z_lat_neighbors_std,domain_area_mean,domain_oop_std
154.820556640625,0.26442030411388323,10.570328755530738,0.825854480266571,1.536023894955524,763.5349162011173,0.039041792207109384,32.22,0.10299714086350842,9.54636001586914,0.028422301119405934,0.7457453012466431,3.0,0.9363789443358373,757.8289054548541,0.0358864874818148,1.785674770563835,1.4556800264145344,3.3,0.08828475273893024,0.6654084791463026,15.468706130981445,1.5390785634875097,0.018373107518604055,0.5177633529910274,74.0,1753.6499999999999,583.8464203233257,0.6473204744777994,0.8040067732180686,0.7986486486486487,0.6235909025729905,3.419111728668213,271.0,0.8546875996054741,74.0,86.59172451428446,0.20563479957885572,0.40540540540540543,0.5177633529910274,39.3825,0.06246010586619377
