sarcomere_area,cell_mask_area_ratio,domain_area_std,domain_oop_mean,sarcomere_length_mean,z_mask_intensity,myof_straightness_std,z_mask_area,z_straightness_std,myof_length_mean,myof_bending_std,sarcomere_oop,n_domains,myof_straightness_mean,z_intensity_mean,myof_bending_mean,z_lat_dist_mean,z_lat_length_groups_mean,z_length_max,sarcomere_area_ratio,z_length_std,myof_length_max,domain_slen_mean,z_mask_area_ratio,z_lat_alignment_std,n_zbands,cell_mask_area,cell_mask_intensity,z_oop,z_lat_alignment_mean,z_length_mean,z_lat_dist_std,myof_length_std,n_vectors,z_straightness_mean,n_mbands,z_intensity_std,sarcomere_length_std,z_lat_neighbors_mean,z_lat_neighbors_std,domain_area_mean,domain_oop_std
47.42267990112305,0.21778497331654373,,,1.7881694230936553,902.2816635160681,0.025315148847384273,11.9025,0.07120256916418807,10.38687801361084,0.027465529027689138,0.7865500450134277,0.0,0.9674304196377558,900.8827993413014,0.027452710140294562,1.8309833423600552,0.7871896829695265,1.2,0.0829009857721891,0.3189276971870863,14.374283790588379,,0.020807111390811834,0.2874797872880344,22.0,572.04,611.1134754562618,0.7433617270219378,0.33651998053871046,0.6681818181818182,0.0,2.899919033050537,61.0,0.8734260012984041,20.0,103.38012732561258,0.208815260881019,0.09090909090909091,0.2874797872880344,,
