cell_mask_area,cell_mask_area_ratio,cell_mask_intensity,domain_area_mean,domain_area_std,domain_oop_mean,domain_oop_std,domain_slen_mean,myof_bending_mean,myof_bending_std,myof_length_max,myof_length_mean,myof_length_std,myof_straightness_mean,myof_straightness_std,n_domains,n_mbands,n_vectors,n_zbands,sarcomere_area,sarcomere_area_ratio,sarcomere_length_mean,sarcomere_length_std,sarcomere_oop,z_intensity_mean,z_intensity_std,z_lat_alignment_mean,z_lat_alignment_std,z_lat_dist_mean,z_lat_dist_std,z_lat_length_groups_mean,z_lat_neighbors_mean,z_lat_neighbors_std,z_length_max,z_length_mean,z_length_std,z_mask_area,z_mask_area_ratio,z_mask_intensity,z_oop,z_straightness_mean,z_straightness_std
986.7149999999999,0.26154947217749147,565.5477493501163,,,,,,0.022666363564415357,0.010492944626269802,8.858224868774414,7.558251857757568,1.2390042543411255,0.9574620807637653,0.01361410191128519,0.0,35.0,72.0,36.0,65.8080062866211,0.06669403656235194,1.4332377452278853,0.22324942621528873,0.19484418630599976,701.5892058411126,74.57231744798099,0.6743371446669509,0.5414885747116092,2.179424187806022,0.321996332552859,1.3277920453324883,0.3888888888888889,0.5414885747116092,1.5,0.6458333333333334,0.3313220571521847,16.8975,0.017125005700734258,717.0545938748336,0.07887986269892222,0.8745915226322506,0.09123113891815442
