cell_mask_area,cell_mask_area_ratio,cell_mask_intensity,domain_area_mean,domain_area_std,domain_oop_mean,domain_oop_std,domain_slen_mean,myof_bending_mean,myof_bending_std,myof_length_max,myof_length_mean,myof_length_std,myof_straightness_mean,myof_straightness_std,n_domains,n_mbands,n_vectors,n_zbands,sarcomere_area,sarcomere_area_ratio,sarcomere_length_mean,sarcomere_length_std,sarcomere_oop,z_intensity_mean,z_intensity_std,z_lat_alignment_mean,z_lat_alignment_std,z_lat_dist_mean,z_lat_dist_std,z_lat_length_groups_mean,z_lat_neighbors_mean,z_lat_neighbors_std,z_length_max,z_length_mean,z_length_std,z_mask_area,z_mask_area_ratio,z_mask_intensity,z_oop,z_straightness_mean,z_straightness_std
1598.22,0.3307783293440501,589.2061324473477,47.879999999999995,0.0,0.648371160030365,0.0,1.557666693999844,0.02435360718736783,0.011079571831121373,13.575288772583008,7.660752296447754,2.2416059970855713,0.9582303972076148,0.0185592364223526,1.0,58.0,145.0,41.0,99.25234985351562,0.06210180691864425,1.5256540616376897,0.22497129791009057,0.43622738122940063,855.1019809266337,124.49102513009377,0.6465890250157467,0.5792361993677033,1.6846752614951606,0.7307918741380572,1.3856788512715539,0.3902439024390244,0.5792361993677033,2.4,0.7865853658536586,0.5054609572440159,23.0625,0.01443011600405451,888.6263414634146,0.2774469119627888,0.8509101757263549,0.09208193853976912
