sarcomere_area,cell_mask_area_ratio,domain_area_std,domain_oop_mean,sarcomere_length_mean,z_mask_intensity,myof_straightness_std,z_mask_area,z_straightness_std,myof_length_mean,myof_bending_std,sarcomere_oop,n_domains,myof_straightness_mean,z_intensity_mean,myof_bending_mean,z_lat_dist_mean,z_lat_length_groups_mean,z_length_max,sarcomere_area_ratio,z_length_std,myof_length_max,domain_slen_mean,z_mask_area_ratio,z_lat_alignment_std,n_zbands,cell_mask_area,cell_mask_intensity,z_oop,z_lat_alignment_mean,z_length_mean,z_lat_dist_std,myof_length_std,n_vectors,z_straightness_mean,n_mbands,z_intensity_std,sarcomere_length_std,z_lat_neighbors_mean,z_lat_neighbors_std,domain_area_mean,domain_oop_std
80.48765563964844,0.17900420502027023,0.0,0.9244579076766968,1.3278904485744043,963.0986762936221,0.012628003806914648,18.697499999999998,0.07471601452874689,19.987638473510742,0.0060264347366856385,0.9186983704566956,1.0,0.9535232620613523,968.3244421449803,0.015490663115728802,2.2589603100418594,2.600978628484078,2.6999999999999997,0.08873636642125196,0.5196152422706631,26.896183013916016,1.331516305466434,0.020613697814600748,0.6,40.0,907.0425,600.8749782948429,0.8399248384684092,0.7988027835276593,0.9,0.7551904417892742,5.535073280334473,186.0,0.8180439165162013,44.0,88.68506566571662,0.27063074355385486,0.7,0.6,69.705,0.0
