cell_mask_area,cell_mask_area_ratio,cell_mask_intensity,domain_area_mean,domain_area_std,domain_oop_mean,domain_oop_std,domain_slen_mean,myof_bending_mean,myof_bending_std,myof_length_max,myof_length_mean,myof_length_std,myof_straightness_mean,myof_straightness_std,n_domains,n_mbands,n_vectors,n_zbands,sarcomere_area,sarcomere_area_ratio,sarcomere_length_mean,sarcomere_length_std,sarcomere_oop,z_intensity_mean,z_intensity_std,z_lat_alignment_mean,z_lat_alignment_std,z_lat_dist_mean,z_lat_dist_std,z_lat_length_groups_mean,z_lat_neighbors_mean,z_lat_neighbors_std,z_length_max,z_length_mean,z_length_std,z_mask_area,z_mask_area_ratio,z_mask_intensity,z_oop,z_straightness_mean,z_straightness_std
1021.545,0.25664767331433996,624.7630941368221,25.3125,0.0,0.9249691367149353,0.0,1.3166464177929722,0.01328689195885005,0.009176818939401707,11.5550537109375,9.214873313903809,1.8237271308898926,0.9710707101850137,0.011431513166225664,1.0,24.0,79.0,22.0,35.44424819946289,0.034696707633499156,1.3697262598511943,0.24998328191958888,0.8767104744911194,1043.0332510028259,197.90196125065944,0.7042011888164051,0.5821022034029861,2.2340080999384666,0.3830245545775255,1.812753037476925,0.5454545454545454,0.5821022034029861,1.95,0.7090909090909091,0.3947485861671853,8.504999999999999,0.008325624421831638,1019.547619047619,0.8310670867989418,0.8742062619136832,0.08826566456634341
