cell_mask_area,cell_mask_area_ratio,cell_mask_intensity,domain_area_mean,domain_area_std,domain_oop_mean,domain_oop_std,domain_slen_mean,myof_bending_mean,myof_bending_std,myof_length_max,myof_length_mean,myof_length_std,myof_straightness_mean,myof_straightness_std,n_domains,n_mbands,n_vectors,n_zbands,sarcomere_area,sarcomere_area_ratio,sarcomere_length_mean,sarcomere_length_std,sarcomere_oop,z_intensity_mean,z_intensity_std,z_lat_alignment_mean,z_lat_alignment_std,z_lat_dist_mean,z_lat_dist_std,z_lat_length_groups_mean,z_lat_neighbors_mean,z_lat_neighbors_std,z_length_max,z_length_mean,z_length_std,z_mask_area,z_mask_area_ratio,z_mask_intensity,z_oop,z_straightness_mean,z_straightness_std
1218.8925,0.21926618501204137,611.9640595868791,,,,,,0.032597578597112195,0.012462804491775155,7.138250350952148,6.110395908355713,1.0327330827713013,0.9641529371662314,0.02107601408930776,0.0,27.0,70.0,20.0,43.08274841308594,0.0353458146744573,1.4203483691192755,0.284795975298291,0.8587982654571533,860.8891003056837,86.64654630690934,0.7993245119816004,0.5916079783099616,2.0440591857076775,0.760474881455041,1.491353061902559,0.5,0.5916079783099616,2.1,0.6074999999999999,0.42552173857512854,9.405,0.007716020896018311,869.3923444976076,0.6918537152268782,0.876611842105263,0.09009769153426943
