sarcomere_area,cell_mask_area_ratio,domain_area_std,domain_oop_mean,sarcomere_length_mean,z_mask_intensity,myof_straightness_std,z_mask_area,z_straightness_std,myof_length_mean,myof_bending_std,sarcomere_oop,n_domains,myof_straightness_mean,z_intensity_mean,myof_bending_mean,z_lat_dist_mean,z_lat_length_groups_mean,z_length_max,sarcomere_area_ratio,z_length_std,myof_length_max,domain_slen_mean,z_mask_area_ratio,z_lat_alignment_std,n_zbands,cell_mask_area,cell_mask_intensity,z_oop,z_lat_alignment_mean,z_length_mean,z_lat_dist_std,myof_length_std,n_vectors,z_straightness_mean,n_mbands,z_intensity_std,sarcomere_length_std,z_lat_neighbors_mean,z_lat_neighbors_std,domain_area_mean,domain_oop_std
58.857933044433594,0.18727568727568727,0.0,0.9584356546401978,1.421779599899354,861.8044444444445,0.023495225850772367,15.1875,0.09893743676527302,7.641061305999756,0.021165417408702935,0.9561887383460999,1.0,0.956144948492894,868.8460748172091,0.03454431455183018,0.7392975571600542,1.2251563093182656,3.0,0.12920617086378347,0.7675780090648767,15.813944816589355,1.4130444613367072,0.03333991899634496,0.36660605559646714,25.0,455.53499999999997,596.352118937074,0.8644276630338927,0.8409701471873547,1.068,0.06847716391012043,2.6555237770080566,139.0,0.8129359390001137,28.0,118.92984325297735,0.25634876939978063,0.16,0.36660605559646714,48.824999999999996,0.0
