cell_mask_area,cell_mask_area_ratio,cell_mask_intensity,domain_area_mean,domain_area_std,domain_oop_mean,domain_oop_std,domain_slen_mean,myof_bending_mean,myof_bending_std,myof_length_max,myof_length_mean,myof_length_std,myof_straightness_mean,myof_straightness_std,n_domains,n_mbands,n_vectors,n_zbands,sarcomere_area,sarcomere_area_ratio,sarcomere_length_mean,sarcomere_length_std,sarcomere_oop,z_intensity_mean,z_intensity_std,z_lat_alignment_mean,z_lat_alignment_std,z_lat_dist_mean,z_lat_dist_std,z_lat_length_groups_mean,z_lat_neighbors_mean,z_lat_neighbors_std,z_length_max,z_length_mean,z_length_std,z_mask_area,z_mask_area_ratio,z_mask_intensity,z_oop,z_straightness_mean,z_straightness_std
766.2825,0.26037461773700304,613.6737528261444,32.2425,0.0,0.3309691548347473,0.0,1.335079364060178,0.02254563723574644,0.016319418768976402,12.14689826965332,7.3204345703125,2.2616350650787354,0.9504033108488039,0.03876387903193438,1.0,19.0,87.0,17.0,41.33647537231445,0.053944172511201094,1.335079364060178,0.23193629195593637,0.3309692144393921,927.0649430666458,100.80458013544788,0.9734098809585259,0.42418250299576343,1.14826883896377,0.6074361476441728,1.2831025118618362,0.23529411764705882,0.42418250299576343,2.85,0.9970588235294118,0.8468749800495406,9.225,0.012038641101682472,945.009756097561,0.23800005874257704,0.8179627231008941,0.09654757353320846
