sarcomere_area,cell_mask_area_ratio,domain_area_std,domain_oop_mean,sarcomere_length_mean,z_mask_intensity,myof_straightness_std,z_mask_area,z_straightness_std,myof_length_mean,myof_bending_std,sarcomere_oop,n_domains,myof_straightness_mean,z_intensity_mean,myof_bending_mean,z_lat_dist_mean,z_lat_length_groups_mean,z_length_max,sarcomere_area_ratio,z_length_std,myof_length_max,domain_slen_mean,z_mask_area_ratio,z_lat_alignment_std,n_zbands,cell_mask_area,cell_mask_intensity,z_oop,z_lat_alignment_mean,z_length_mean,z_lat_dist_std,myof_length_std,n_vectors,z_straightness_mean,n_mbands,z_intensity_std,sarcomere_length_std,z_lat_neighbors_mean,z_lat_neighbors_std,domain_area_mean,domain_oop_std
199.39041137695312,0.25626570523325687,4.545000000000002,0.7515963315963745,1.5235856537924928,934.9392917369308,0.031022934726393746,40.027499999999996,0.09814594561844599,14.090840339660645,0.01684250539093118,0.7316641211509705,2.0,0.9423044343024319,935.5308629493514,0.027412496469111543,1.8573986109904679,6.105804712090461,3.15,0.251870056309627,0.6485696602132247,25.478878021240234,1.5222918017001783,0.05056275579809004,0.6372906050070284,77.0,791.64,631.9107833105958,0.6699752589146006,0.8183488626445286,1.0383116883116883,0.820135001264332,5.28962516784668,433.0,0.8390406740809534,70.0,127.67720398608694,0.21055252329249274,1.2727272727272727,0.6372906050070284,91.1475,0.166548490524292
