cell_mask_area,cell_mask_area_ratio,cell_mask_intensity,domain_area_mean,domain_area_std,domain_oop_mean,domain_oop_std,domain_slen_mean,myof_bending_mean,myof_bending_std,myof_length_max,myof_length_mean,myof_length_std,myof_straightness_mean,myof_straightness_std,n_domains,n_mbands,n_vectors,n_zbands,sarcomere_area,sarcomere_area_ratio,sarcomere_length_mean,sarcomere_length_std,sarcomere_oop,z_intensity_mean,z_intensity_std,z_lat_alignment_mean,z_lat_alignment_std,z_lat_dist_mean,z_lat_dist_std,z_lat_length_groups_mean,z_lat_neighbors_mean,z_lat_neighbors_std,z_length_max,z_length_mean,z_length_std,z_mask_area,z_mask_area_ratio,z_mask_intensity,z_oop,z_straightness_mean,z_straightness_std
536.4449999999999,0.31840277777777776,583.5669826356849,,,,,,0.05411807119224553,0.06532678057948745,8.312750816345215,7.1453776359558105,0.7563462853431702,0.9565486329395154,0.029332079742984605,0.0,21.0,77.0,15.0,44.43296813964844,0.08282856236827343,1.4939426290549451,0.22402052361721064,0.6363385319709778,841.1170938457253,112.54446867899814,0.7688120279510631,0.4988876515698588,1.6293572347093992,0.8906851305035554,1.819766267167054,0.5333333333333333,0.4988876515698588,2.1,0.9,0.5612486080160912,10.4175,0.019419511785924003,821.7991360691145,0.5321536997555747,0.8358168497589221,0.07931723939663987
