cell_mask_area,cell_mask_area_ratio,cell_mask_intensity,domain_area_mean,domain_area_std,domain_oop_mean,domain_oop_std,domain_slen_mean,myof_bending_mean,myof_bending_std,myof_length_max,myof_length_mean,myof_length_std,myof_straightness_mean,myof_straightness_std,n_domains,n_mbands,n_vectors,n_zbands,sarcomere_area,sarcomere_area_ratio,sarcomere_length_mean,sarcomere_length_std,sarcomere_oop,z_intensity_mean,z_intensity_std,z_lat_alignment_mean,z_lat_alignment_std,z_lat_dist_mean,z_lat_dist_std,z_lat_length_groups_mean,z_lat_neighbors_mean,z_lat_neighbors_std,z_length_max,z_length_mean,z_length_std,z_mask_area,z_mask_area_ratio,z_mask_intensity,z_oop,z_straightness_mean,z_straightness_std
880.5375,0.17678227795495408,553.9710744857545,,,,,,0.040478838325235654,0.03563321357233207,9.46998405456543,7.377061367034912,1.3189514875411987,0.9537585652197025,0.00958138433647833,0.0,37.0,104.0,29.0,81.93138122558594,0.09304700961127259,1.7075366181532665,0.2744400150384134,0.6675839424133301,799.1736846005961,98.12154841984527,0.8102551381593379,0.5581522088358155,1.9178345253951425,0.5942732815821308,1.4068263979291673,0.41379310344827586,0.5581522088358155,1.3499999999999999,0.7189655172413792,0.368223553046021,19.8,0.022486265491248242,773.0659090909091,0.3602437421032764,0.8702597554795218,0.08161921917595194
