sarcomere_area,cell_mask_area_ratio,domain_area_std,domain_oop_mean,sarcomere_length_mean,z_mask_intensity,myof_straightness_std,z_mask_area,z_straightness_std,myof_length_mean,myof_bending_std,sarcomere_oop,n_domains,myof_straightness_mean,z_intensity_mean,myof_bending_mean,z_lat_dist_mean,z_lat_length_groups_mean,z_length_max,sarcomere_area_ratio,z_length_std,myof_length_max,domain_slen_mean,z_mask_area_ratio,z_lat_alignment_std,n_zbands,cell_mask_area,cell_mask_intensity,z_oop,z_lat_alignment_mean,z_length_mean,z_lat_dist_std,myof_length_std,n_vectors,z_straightness_mean,n_mbands,z_intensity_std,sarcomere_length_std,z_lat_neighbors_mean,z_lat_neighbors_std,domain_area_mean,domain_oop_std
40.26966094970703,0.192009200920092,0.0,0.8917180895805359,1.5680302919403744,780.3453608247422,0.00972507561384901,8.73,0.13310455346818584,7.946627616882324,0.0017069154675509062,0.8621582984924316,1.0,0.9558602456168845,815.6272158000729,0.015035873808345063,1.922632083603856,2.7181289353354754,3.3,0.04661083152445097,1.0053745875167572,8.163405418395996,1.5707257605682803,0.010104692952757958,0.5890150893739515,14.0,863.9549999999999,663.0791707901453,0.5593480944523835,0.8459856720963337,1.0607142857142857,0.8526346644941754,0.1753738820552826,58.0,0.8415363167210458,15.0,121.53448498453506,0.1328820334451402,0.7142857142857143,0.5890150893739515,27.855,0.0
