cell_mask_area,cell_mask_area_ratio,cell_mask_intensity,domain_area_mean,domain_area_std,domain_oop_mean,domain_oop_std,domain_slen_mean,myof_bending_mean,myof_bending_std,myof_length_max,myof_length_mean,myof_length_std,myof_straightness_mean,myof_straightness_std,n_domains,n_mbands,n_vectors,n_zbands,sarcomere_area,sarcomere_area_ratio,sarcomere_length_mean,sarcomere_length_std,sarcomere_oop,z_intensity_mean,z_intensity_std,z_lat_alignment_mean,z_lat_alignment_std,z_lat_dist_mean,z_lat_dist_std,z_lat_length_groups_mean,z_lat_neighbors_mean,z_lat_neighbors_std,z_length_max,z_length_mean,z_length_std,z_mask_area,z_mask_area_ratio,z_mask_intensity,z_oop,z_straightness_mean,z_straightness_std
686.6324999999999,0.21307034386454876,637.1541108234754,86.4225,0.0,0.7514800429344177,0.0,1.443038097251305,0.04316335353719182,0.04155346372463704,14.530647277832031,8.502007484436035,3.4569478034973145,0.9407067553612106,0.035463854054080264,1.0,47.0,181.0,46.0,100.214111328125,0.1459501426572803,1.443038097251305,0.3034677274427977,0.7514800429344177,808.8470575420248,87.27443580474412,0.8238713488195181,0.5499613322031963,1.874057963408166,0.5905101221248384,3.367886466457485,0.9565217391304348,0.5499613322031963,1.95,0.8608695652173912,0.5439302468346011,22.275,0.032440934561064325,809.0818181818182,0.6822530026187533,0.8330954140566689,0.09311508168350494
