sarcomere_area,cell_mask_area_ratio,domain_area_std,domain_oop_mean,sarcomere_length_mean,z_mask_intensity,myof_straightness_std,z_mask_area,z_straightness_std,myof_length_mean,myof_bending_std,sarcomere_oop,n_domains,myof_straightness_mean,z_intensity_mean,myof_bending_mean,z_lat_dist_mean,z_lat_length_groups_mean,z_length_max,sarcomere_area_ratio,z_length_std,myof_length_max,domain_slen_mean,z_mask_area_ratio,z_lat_alignment_std,n_zbands,cell_mask_area,cell_mask_intensity,z_oop,z_lat_alignment_mean,z_length_mean,z_lat_dist_std,myof_length_std,n_vectors,z_straightness_mean,n_mbands,z_intensity_std,sarcomere_length_std,z_lat_neighbors_mean,z_lat_neighbors_std,domain_area_mean,domain_oop_std
138.4210662841797,0.27855192543075036,0.0,0.755723237991333,1.3970247690967408,896.9563492063492,0.01930798602908516,28.349999999999998,0.08774222017665399,10.829822540283203,0.023944377961921254,0.46491819620132446,1.0,0.9574439080442562,900.2541539043235,0.024799443106325463,1.4595201000586333,1.228944329420962,2.6999999999999997,0.08664367346076259,0.5407191419420166,19.576644897460938,1.4123748315496614,0.017745479127936455,0.4811887988670641,59.0,1597.59,640.541828629373,0.22944716003780918,0.7742345385846336,0.8644067796610169,0.6926767482201431,4.306842803955078,238.0,0.846683154904186,67.0,122.77482888376288,0.2727098107005775,0.2711864406779661,0.4811887988670641,57.802499999999995,0.0
