sarcomere_area,cell_mask_area_ratio,domain_area_std,domain_oop_mean,sarcomere_length_mean,z_mask_intensity,myof_straightness_std,z_mask_area,z_straightness_std,myof_length_mean,myof_bending_std,sarcomere_oop,n_domains,myof_straightness_mean,z_intensity_mean,myof_bending_mean,z_lat_dist_mean,z_lat_length_groups_mean,z_length_max,sarcomere_area_ratio,z_length_std,myof_length_max,domain_slen_mean,z_mask_area_ratio,z_lat_alignment_std,n_zbands,cell_mask_area,cell_mask_intensity,z_oop,z_lat_alignment_mean,z_length_mean,z_lat_dist_std,myof_length_std,n_vectors,z_straightness_mean,n_mbands,z_intensity_std,sarcomere_length_std,z_lat_neighbors_mean,z_lat_neighbors_std,domain_area_mean,domain_oop_std
85.13029479980469,0.2556813856109631,0.0,0.7583045363426208,1.5585097733798146,968.990990990991,0.03056074357632769,19.98,0.0978318027004715,11.337275505065918,0.00999175153432144,0.37428194284439087,1.0,0.9650415592960564,1001.802438647889,0.01085713432263228,1.8116704940785755,1.4443107407667493,2.85,0.14082587031559526,0.7498681524733197,19.509990692138672,1.608143456686855,0.033051699110432875,0.3903123748998999,32.0,604.5074999999999,655.3809506085532,0.333749039963613,0.6781395840399204,1.1390624999999999,0.507789346959043,3.737706184387207,170.0,0.7995423876461814,36.0,202.11449195285772,0.2052323208988249,0.1875,0.3903123748998999,41.894999999999996,0.0
