cell_mask_area,cell_mask_area_ratio,cell_mask_intensity,domain_area_mean,domain_area_std,domain_oop_mean,domain_oop_std,domain_slen_mean,myof_bending_mean,myof_bending_std,myof_length_max,myof_length_mean,myof_length_std,myof_straightness_mean,myof_straightness_std,n_domains,n_mbands,n_vectors,n_zbands,sarcomere_area,sarcomere_area_ratio,sarcomere_length_mean,sarcomere_length_std,sarcomere_oop,z_intensity_mean,z_intensity_std,z_lat_alignment_mean,z_lat_alignment_std,z_lat_dist_mean,z_lat_dist_std,z_lat_length_groups_mean,z_lat_neighbors_mean,z_lat_neighbors_std,z_length_max,z_length_mean,z_length_std,z_mask_area,z_mask_area_ratio,z_mask_intensity,z_oop,z_straightness_mean,z_straightness_std
966.8924999999999,0.23333206639481785,590.0716961813232,,,,,,0.022989067908424816,0.002647102146367592,9.486316680908203,9.049992561340332,0.26617923378944397,0.9656179775280898,0.011910112359550584,0.0,9.0,32.0,10.0,23.155431747436523,0.023948300092757495,1.3821571835152147,0.3618788564799363,0.9786545038223267,798.6504047619048,64.22230100830059,0.6601013023036051,0.48989794855663565,2.36671962574366,0.4872250128224085,1.341679906435915,0.4,0.48989794855663565,1.3499999999999999,0.6,0.40249223594996214,4.635,0.004793707676913411,811.8592233009708,0.9571506686562352,0.8284316063772771,0.09462105314512914
