sarcomere_area,cell_mask_area_ratio,domain_area_std,domain_oop_mean,sarcomere_length_mean,z_mask_intensity,myof_straightness_std,z_mask_area,z_straightness_std,myof_length_mean,myof_bending_std,sarcomere_oop,n_domains,myof_straightness_mean,z_intensity_mean,myof_bending_mean,z_lat_dist_mean,z_lat_length_groups_mean,z_length_max,sarcomere_area_ratio,z_length_std,myof_length_max,domain_slen_mean,z_mask_area_ratio,z_lat_alignment_std,n_zbands,cell_mask_area,cell_mask_intensity,z_oop,z_lat_alignment_mean,z_length_mean,z_lat_dist_std,myof_length_std,n_vectors,z_straightness_mean,n_mbands,z_intensity_std,sarcomere_length_std,z_lat_neighbors_mean,z_lat_neighbors_std,domain_area_mean,domain_oop_std
94.31806945800781,0.24504745327199637,11.261249999999999,0.641364574432373,1.494215204202105,910.4369834710744,0.03700251534109724,21.779999999999998,0.10686737460036962,7.257686614990234,0.027016954589027496,0.6158459782600403,2.0,0.937093337064297,918.2938915611046,0.03742870082365091,1.6371665385857836,2.4217865846949014,4.35,0.08862023166322101,0.7273222260209083,8.539982795715332,1.5092514559181631,0.02046425098304511,0.6443826738352637,41.0,1064.295,683.7427592913618,0.48165837607174605,0.792218790902282,0.8378048780487806,0.5999985207773757,0.8758008480072021,147.0,0.8550414450553063,40.0,116.97689258934784,0.18689236724372504,0.7804878048780488,0.6443826738352637,35.11125,0.2543034553527832
