cell_mask_area,cell_mask_area_ratio,cell_mask_intensity,domain_area_mean,domain_area_std,domain_oop_mean,domain_oop_std,domain_slen_mean,myof_bending_mean,myof_bending_std,myof_length_max,myof_length_mean,myof_length_std,myof_straightness_mean,myof_straightness_std,n_domains,n_mbands,n_vectors,n_zbands,sarcomere_area,sarcomere_area_ratio,sarcomere_length_mean,sarcomere_length_std,sarcomere_oop,z_intensity_mean,z_intensity_std,z_lat_alignment_mean,z_lat_alignment_std,z_lat_dist_mean,z_lat_dist_std,z_lat_length_groups_mean,z_lat_neighbors_mean,z_lat_neighbors_std,z_length_max,z_length_mean,z_length_std,z_mask_area,z_mask_area_ratio,z_mask_intensity,z_oop,z_straightness_mean,z_straightness_std
778.6575,0.08988644391804845,572.7416418643627,38.7225,0.0,0.8140613436698914,0.0,1.3191095482809376,0.03606816077081811,0.032989530789432765,7.6621904373168945,6.749594688415527,0.5097105503082275,0.9599488902575429,0.011966533326932245,1.0,32.0,157.0,33.0,61.54814910888672,0.07904393023747504,1.3194905116465168,0.287137881452788,0.6554041504859924,837.6345591848622,103.24285769597077,0.8512964567932141,0.5471354571293269,1.0808773946351706,0.637733531944717,2.1264684324500744,0.6060606060606061,0.5471354571293269,3.15,1.1545454545454545,0.756323206961435,16.74,0.021498540757650182,847.1693548387096,0.6426750547038194,0.8162596298214898,0.1150009349136468
