cell_mask_area,cell_mask_area_ratio,cell_mask_intensity,domain_area_mean,domain_area_std,domain_oop_mean,domain_oop_std,domain_slen_mean,myof_bending_mean,myof_bending_std,myof_length_max,myof_length_mean,myof_length_std,myof_straightness_mean,myof_straightness_std,n_domains,n_mbands,n_vectors,n_zbands,sarcomere_area,sarcomere_area_ratio,sarcomere_length_mean,sarcomere_length_std,sarcomere_oop,z_intensity_mean,z_intensity_std,z_lat_alignment_mean,z_lat_alignment_std,z_lat_dist_mean,z_lat_dist_std,z_lat_length_groups_mean,z_lat_neighbors_mean,z_lat_neighbors_std,z_length_max,z_length_mean,z_length_std,z_mask_area,z_mask_area_ratio,z_mask_intensity,z_oop,z_straightness_mean,z_straightness_std
572.04,0.21778497331654373,611.1134754562618,,,,,,0.031545575327406976,0.03067899524131579,14.185811042785645,10.832980155944824,3.261422634124756,0.9648815002105482,0.02903357793590598,0.0,20.0,61.0,22.0,47.42270278930664,0.08290102578369807,1.7855782848705508,0.20992506823243978,0.7865529656410217,900.8827993413014,103.38012732561258,0.33651998053871046,0.2874797872880344,1.8309833423600552,0.0,0.7871896829695265,0.09090909090909091,0.2874797872880344,1.2,0.6681818181818182,0.3189276971870863,11.9025,0.020807111390811834,902.2816635160681,0.7433617270219378,0.8734260012984041,0.07120256916418807
