cell_mask_area,cell_mask_area_ratio,cell_mask_intensity,domain_area_mean,domain_area_std,domain_oop_mean,domain_oop_std,domain_slen_mean,myof_bending_mean,myof_bending_std,myof_length_max,myof_length_mean,myof_length_std,myof_straightness_mean,myof_straightness_std,n_domains,n_mbands,n_vectors,n_zbands,sarcomere_area,sarcomere_area_ratio,sarcomere_length_mean,sarcomere_length_std,sarcomere_oop,z_intensity_mean,z_intensity_std,z_lat_alignment_mean,z_lat_alignment_std,z_lat_dist_mean,z_lat_dist_std,z_lat_length_groups_mean,z_lat_neighbors_mean,z_lat_neighbors_std,z_length_max,z_length_mean,z_length_std,z_mask_area,z_mask_area_ratio,z_mask_intensity,z_oop,z_straightness_mean,z_straightness_std
455.1975,0.18713693713693716,596.4073451633632,29.3175,0.0,0.9580022692680359,0.0,1.4105178929488027,0.02649329166020271,0.01902425173285287,12.63139533996582,8.523868560791016,1.6981873512268066,0.9634044417482338,0.01645666585736975,1.0,28.0,137.0,26.0,58.89160919189453,0.12937595042128863,1.4133218860752434,0.25198220403844995,0.955375075340271,866.7103970311994,117.07707992671371,0.7861306255614865,0.42132504423474315,0.8130212499783441,0.11830658089745812,1.2799592934754362,0.23076923076923078,0.42132504423474315,3.0,1.0384615384615385,0.7670256855978579,15.254999999999999,0.03351292570807177,861.1253687315634,0.8681911931243449,0.8187821825618378,0.1060072422680955
