cell_mask_area,cell_mask_area_ratio,cell_mask_intensity,domain_area_mean,domain_area_std,domain_oop_mean,domain_oop_std,domain_slen_mean,myof_bending_mean,myof_bending_std,myof_length_max,myof_length_mean,myof_length_std,myof_straightness_mean,myof_straightness_std,n_domains,n_mbands,n_vectors,n_zbands,sarcomere_area,sarcomere_area_ratio,sarcomere_length_mean,sarcomere_length_std,sarcomere_oop,z_intensity_mean,z_intensity_std,z_lat_alignment_mean,z_lat_alignment_std,z_lat_dist_mean,z_lat_dist_std,z_lat_length_groups_mean,z_lat_neighbors_mean,z_lat_neighbors_std,z_length_max,z_length_mean,z_length_std,z_mask_area,z_mask_area_ratio,z_mask_intensity,z_oop,z_straightness_mean,z_straightness_std
455.53499999999997,0.18727568727568727,596.352118937074,29.7675,0.0,0.9566028714179993,0.0,1.4362821028022046,0.039817534248545394,0.03145921059773139,11.822657585144043,7.0733442306518555,1.9786036014556885,0.9490710217650598,0.020158279328887384,1.0,28.0,140.0,25.0,58.8578987121582,0.12920609549685141,1.4249735714397682,0.2627273772561584,0.9552591443061829,868.8460748172091,118.92984325297735,0.8409700768858062,0.36660605559646714,0.7392975571600542,0.06847716391012043,1.2251563093182656,0.16,0.36660605559646714,3.0,1.068,0.7675780090648767,15.1875,0.03333991899634496,861.8044444444445,0.8644276630338927,0.8129359390001137,0.09893743676527302
