cell_mask_area,cell_mask_area_ratio,cell_mask_intensity,domain_area_mean,domain_area_std,domain_oop_mean,domain_oop_std,domain_slen_mean,myof_bending_mean,myof_bending_std,myof_length_max,myof_length_mean,myof_length_std,myof_straightness_mean,myof_straightness_std,n_domains,n_mbands,n_vectors,n_zbands,sarcomere_area,sarcomere_area_ratio,sarcomere_length_mean,sarcomere_length_std,sarcomere_oop,z_intensity_mean,z_intensity_std,z_lat_alignment_mean,z_lat_alignment_std,z_lat_dist_mean,z_lat_dist_std,z_lat_length_groups_mean,z_lat_neighbors_mean,z_lat_neighbors_std,z_length_max,z_length_mean,z_length_std,z_mask_area,z_mask_area_ratio,z_mask_intensity,z_oop,z_straightness_mean,z_straightness_std
485.0775,0.258423733892718,572.9106637599147,36.652499999999996,0.0,0.9788627028465271,0.0,1.5422835147653644,0.01592086741325958,0.013220848689895124,16.197399139404297,10.904047966003418,4.257120132446289,0.9650388862069447,0.017025346578653882,1.0,21.0,95.0,24.0,44.366600036621094,0.09146291064133277,1.5419462646019346,0.16621447893289856,0.9390501976013184,730.9998726908234,68.39624879913588,0.8715795405001626,0.5,1.8831866631569885,0.6460325005041524,1.7110622210523294,0.5,0.5,1.65,0.8125,0.4560359086738675,9.9,0.020409109884502993,734.55,0.869681825048554,0.877570239841383,0.09714397656473715
