cell_mask_area,cell_mask_area_ratio,cell_mask_intensity,domain_area_mean,domain_area_std,domain_oop_mean,domain_oop_std,domain_slen_mean,myof_bending_mean,myof_bending_std,myof_length_max,myof_length_mean,myof_length_std,myof_straightness_mean,myof_straightness_std,n_domains,n_mbands,n_vectors,n_zbands,sarcomere_area,sarcomere_area_ratio,sarcomere_length_mean,sarcomere_length_std,sarcomere_oop,z_intensity_mean,z_intensity_std,z_lat_alignment_mean,z_lat_alignment_std,z_lat_dist_mean,z_lat_dist_std,z_lat_length_groups_mean,z_lat_neighbors_mean,z_lat_neighbors_std,z_length_max,z_length_mean,z_length_std,z_mask_area,z_mask_area_ratio,z_mask_intensity,z_oop,z_straightness_mean,z_straightness_std
1286.7975,0.23574099035041074,583.6087146579007,46.1025,12.3975,0.7710974216461182,0.06332436203956604,1.5676081105017956,0.025027533444532127,0.020136194783041798,16.65757179260254,9.623435020446777,3.4947738647460938,0.9552788528835326,0.02868607069074154,2.0,55.0,201.0,49.0,131.38294982910156,0.10210071890029439,1.5780675836182967,0.26761893093080114,0.7643511891365051,758.8146080399014,90.35348316829827,0.7299046382955224,0.7614186982113319,1.9290399273187593,0.6829729259886995,2.379489961388091,0.6938775510204082,0.7614186982113319,2.4,0.8846938775510205,0.5917118094754571,29.43,0.0228707314087881,760.7805810397554,0.5680307247812871,0.8331556437935719,0.08910993556929706
