sarcomere_area,cell_mask_area_ratio,domain_area_std,domain_oop_mean,sarcomere_length_mean,z_mask_intensity,myof_straightness_std,z_mask_area,z_straightness_std,myof_length_mean,myof_bending_std,sarcomere_oop,n_domains,myof_straightness_mean,z_intensity_mean,myof_bending_mean,z_lat_dist_mean,z_lat_length_groups_mean,z_length_max,sarcomere_area_ratio,z_length_std,myof_length_max,domain_slen_mean,z_mask_area_ratio,z_lat_alignment_std,n_zbands,cell_mask_area,cell_mask_intensity,z_oop,z_lat_alignment_mean,z_length_mean,z_lat_dist_std,myof_length_std,n_vectors,z_straightness_mean,n_mbands,z_intensity_std,sarcomere_length_std,z_lat_neighbors_mean,z_lat_neighbors_std,domain_area_mean,domain_oop_std
478.0213623046875,0.19915461196325393,85.03765585021732,0.8587539792060852,1.4413543953659163,865.2728465238304,0.023879358164406634,102.91499999999999,0.1260618422893098,15.830225944519043,0.013891409081182684,0.8016698956489563,3.0,0.954340252179135,855.3801308874669,0.0198364175683917,1.643884109824605,8.590852410892222,8.1,0.27714877806603877,1.484850497524919,40.31217575073242,1.423595330693498,0.059668392971287676,0.5720916787446649,150.0,1724.7825,610.3048775715199,0.6931410665136309,0.8230149744090023,1.5629999999999997,0.6784651327657061,9.535514831542969,1290.0,0.8119159956230145,133.0,113.17797612933688,0.17349471803357577,1.3733333333333333,0.5720916787446649,148.3425,0.1025901734828949
