cell_mask_area,cell_mask_area_ratio,cell_mask_intensity,domain_area_mean,domain_area_std,domain_oop_mean,domain_oop_std,domain_slen_mean,myof_bending_mean,myof_bending_std,myof_length_max,myof_length_mean,myof_length_std,myof_straightness_mean,myof_straightness_std,n_domains,n_mbands,n_vectors,n_zbands,sarcomere_area,sarcomere_area_ratio,sarcomere_length_mean,sarcomere_length_std,sarcomere_oop,z_intensity_mean,z_intensity_std,z_lat_alignment_mean,z_lat_alignment_std,z_lat_dist_mean,z_lat_dist_std,z_lat_length_groups_mean,z_lat_neighbors_mean,z_lat_neighbors_std,z_length_max,z_length_mean,z_length_std,z_mask_area,z_mask_area_ratio,z_mask_intensity,z_oop,z_straightness_mean,z_straightness_std
907.0425,0.17900420502027023,600.8749782948429,69.705,0.0,0.9244579076766968,0.0,1.331516305466434,0.015490663115728802,0.0060264347366856385,26.896183013916016,19.987638473510742,5.535073280334473,0.9535232620613523,0.012628003806914648,1.0,44.0,186.0,40.0,80.48765563964844,0.08873636642125196,1.3278904485744043,0.27063074355385486,0.9186983704566956,968.3244421449803,88.68506566571662,0.7988027835276593,0.6,2.2589603100418594,0.7551904417892742,2.600978628484078,0.7,0.6,2.6999999999999997,0.9,0.5196152422706631,18.697499999999998,0.020613697814600748,963.0986762936221,0.8399248384684092,0.8180439165162013,0.07471601452874689
