sarcomere_area,cell_mask_area_ratio,domain_area_std,domain_oop_mean,sarcomere_length_mean,z_mask_intensity,myof_straightness_std,z_mask_area,z_straightness_std,myof_length_mean,myof_bending_std,sarcomere_oop,n_domains,myof_straightness_mean,z_intensity_mean,myof_bending_mean,z_lat_dist_mean,z_lat_length_groups_mean,z_length_max,sarcomere_area_ratio,z_length_std,myof_length_max,domain_slen_mean,z_mask_area_ratio,z_lat_alignment_std,n_zbands,cell_mask_area,cell_mask_intensity,z_oop,z_lat_alignment_mean,z_length_mean,z_lat_dist_std,myof_length_std,n_vectors,z_straightness_mean,n_mbands,z_intensity_std,sarcomere_length_std,z_lat_neighbors_mean,z_lat_neighbors_std,domain_area_mean,domain_oop_std
15.790201187133789,0.22071563088512242,,,1.4986604054926287,920.1076233183857,0.018336008124318626,5.0175,0.12328764279722307,6.04845666885376,0.0069040308653979705,0.9899265170097351,0.0,0.9731261050026823,917.5996946767555,0.01257847265882596,0.4499999999999993,0.7687499999999999,1.65,0.03522318407087776,0.4515405728048022,6.05090856552124,,0.011192531620156597,0.41573970964154905,9.0,448.28999999999996,597.9718931941377,0.7028587278352166,0.7468884563363117,0.6333333333333333,0.0,0.00191889435518533,20.0,0.8873683164380839,5.0,83.14267997322852,0.14731682334764074,0.2222222222222222,0.41573970964154905,,
