cell_mask_area,cell_mask_area_ratio,cell_mask_intensity,domain_area_mean,domain_area_std,domain_oop_mean,domain_oop_std,domain_slen_mean,myof_bending_mean,myof_bending_std,myof_length_max,myof_length_mean,myof_length_std,myof_straightness_mean,myof_straightness_std,n_domains,n_mbands,n_vectors,n_zbands,sarcomere_area,sarcomere_area_ratio,sarcomere_length_mean,sarcomere_length_std,sarcomere_oop,z_intensity_mean,z_intensity_std,z_lat_alignment_mean,z_lat_alignment_std,z_lat_dist_mean,z_lat_dist_std,z_lat_length_groups_mean,z_lat_neighbors_mean,z_lat_neighbors_std,z_length_max,z_length_mean,z_length_std,z_mask_area,z_mask_area_ratio,z_mask_intensity,z_oop,z_straightness_mean,z_straightness_std
764.145,0.1907270337964575,605.1658324009187,34.582499999999996,0.0,0.912843644618988,0.0,1.4577922960875938,0.0242954593035053,0.01731847598740594,11.681735038757324,9.769325256347656,1.4353134632110596,0.9680411261549017,0.01061626384289401,1.0,23.0,83.0,25.0,51.01777267456055,0.0667645180882693,1.5287035451286453,0.2667189355126932,0.7908318638801575,837.2990181961651,116.40804506179173,0.8323858722459918,0.530659966456864,2.14695176843539,0.6189491934013241,2.482660369744907,0.72,0.530659966456864,1.65,0.816,0.4390261951182412,12.014999999999999,0.015723455626877096,839.185393258427,0.6864105674061668,0.8441496301416498,0.07178646722732965
