sarcomere_area,cell_mask_area_ratio,domain_area_std,domain_oop_mean,sarcomere_length_mean,z_mask_intensity,myof_straightness_std,z_mask_area,z_straightness_std,myof_length_mean,myof_bending_std,sarcomere_oop,n_domains,myof_straightness_mean,z_intensity_mean,myof_bending_mean,z_lat_dist_mean,z_lat_length_groups_mean,z_length_max,sarcomere_area_ratio,z_length_std,myof_length_max,domain_slen_mean,z_mask_area_ratio,z_lat_alignment_std,n_zbands,cell_mask_area,cell_mask_intensity,z_oop,z_lat_alignment_mean,z_length_mean,z_lat_dist_std,myof_length_std,n_vectors,z_straightness_mean,n_mbands,z_intensity_std,sarcomere_length_std,z_lat_neighbors_mean,z_lat_neighbors_std,domain_area_mean,domain_oop_std
69.208984375,0.2006759354825653,0.0,0.7869324088096619,1.5691039927075128,755.7657393850659,0.014417017392999412,15.3675,0.10115837321126606,8.661688804626465,0.012182840255748215,0.7869322299957275,1.0,0.9688468145510545,754.0053598175131,0.014596826135538721,1.9372784342870715,2.73467899347026,2.1,0.15510058799471113,0.483489208509147,13.692851066589355,1.5691039927075128,0.03443929003630496,0.6565073421974565,23.0,446.21999999999997,570.347519160952,0.6926010357239863,0.7695420604679868,0.906521739130435,0.46038274082140934,2.4467508792877197,92.0,0.8473642984887803,30.0,65.94228777503113,0.222235592305159,0.782608695652174,0.6565073421974565,50.669999999999995,0.0
