cell_mask_area,cell_mask_area_ratio,cell_mask_intensity,domain_area_mean,domain_area_std,domain_oop_mean,domain_oop_std,domain_slen_mean,myof_bending_mean,myof_bending_std,myof_length_max,myof_length_mean,myof_length_std,myof_straightness_mean,myof_straightness_std,n_domains,n_mbands,n_vectors,n_zbands,sarcomere_area,sarcomere_area_ratio,sarcomere_length_mean,sarcomere_length_std,sarcomere_oop,z_intensity_mean,z_intensity_std,z_lat_alignment_mean,z_lat_alignment_std,z_lat_dist_mean,z_lat_dist_std,z_lat_length_groups_mean,z_lat_neighbors_mean,z_lat_neighbors_std,z_length_max,z_length_mean,z_length_std,z_mask_area,z_mask_area_ratio,z_mask_intensity,z_oop,z_straightness_mean,z_straightness_std
1012.14,0.16044627061576214,568.6394718121999,,,,,,0.015882532763631226,0.012256893023016932,6.990846633911133,6.103601455688477,0.5976126194000244,0.9642104505538229,0.019538879622103874,0.0,22.0,67.0,21.0,41.34027099609375,0.040844419740444754,1.4131807880613465,0.3000221311418661,0.5026986002922058,737.7553509476829,88.48346941645906,0.8446018762382561,0.392676726249301,1.5487126747206184,0.7409379536504439,0.8182855447074334,0.19047619047619047,0.392676726249301,1.5,0.5928571428571429,0.32560775200118514,9.4275,0.009314422905922106,766.2386634844869,0.44354084349643674,0.887655301436814,0.07399640910035657
