sarcomere_area,cell_mask_area_ratio,domain_area_std,domain_oop_mean,sarcomere_length_mean,z_mask_intensity,myof_straightness_std,z_mask_area,z_straightness_std,myof_length_mean,myof_bending_std,sarcomere_oop,n_domains,myof_straightness_mean,z_intensity_mean,myof_bending_mean,z_lat_dist_mean,z_lat_length_groups_mean,z_length_max,sarcomere_area_ratio,z_length_std,myof_length_max,domain_slen_mean,z_mask_area_ratio,z_lat_alignment_std,n_zbands,cell_mask_area,cell_mask_intensity,z_oop,z_lat_alignment_mean,z_length_mean,z_lat_dist_std,myof_length_std,n_vectors,z_straightness_mean,n_mbands,z_intensity_std,sarcomere_length_std,z_lat_neighbors_mean,z_lat_neighbors_std,domain_area_mean,domain_oop_std
91.90314483642578,0.2934973150490392,10.215,0.8931536674499512,1.4764206432453975,821.4168591224019,0.01241012684524074,19.485,0.11568904528029328,9.654448509216309,0.00515246089422831,0.7273241877555847,2.0,0.9731164879386968,840.1639618381747,0.009108639592503567,1.8157713843434717,2.881191809355482,5.7,0.07720309628125309,1.095681993619439,11.680052757263184,1.4932630586657436,0.016368344453474966,0.596993621476013,34.0,1190.4075,655.3776437900467,0.5236696963952244,0.7995023728193071,1.0852941176470587,0.8131688081626254,1.4512089490890503,165.0,0.8476241549702785,32.0,100.43446532212401,0.15015418836423503,0.7647058823529411,0.596993621476013,34.2,0.08620092272758484
