sarcomere_area,cell_mask_area_ratio,domain_area_std,domain_oop_mean,sarcomere_length_mean,z_mask_intensity,myof_straightness_std,z_mask_area,z_straightness_std,myof_length_mean,myof_bending_std,sarcomere_oop,n_domains,myof_straightness_mean,z_intensity_mean,myof_bending_mean,z_lat_dist_mean,z_lat_length_groups_mean,z_length_max,sarcomere_area_ratio,z_length_std,myof_length_max,domain_slen_mean,z_mask_area_ratio,z_lat_alignment_std,n_zbands,cell_mask_area,cell_mask_intensity,z_oop,z_lat_alignment_mean,z_length_mean,z_lat_dist_std,myof_length_std,n_vectors,z_straightness_mean,n_mbands,z_intensity_std,sarcomere_length_std,z_lat_neighbors_mean,z_lat_neighbors_std,domain_area_mean,domain_oop_std
134.35159301757812,0.18510377142750467,5.036929868481394,0.7798658013343811,1.440029492829069,768.7877461706784,0.028278360214469757,30.8475,0.09561394812485646,9.622458457946777,0.016738595753168817,0.33747977018356323,3.0,0.9612650874998846,767.9540091156708,0.02060922276150049,2.019817866026372,1.7463635235808472,1.7999999999999998,0.15055170974465135,0.4556356857362508,23.810197830200195,1.4391019481020046,0.034567091926781306,0.6242262061283227,57.0,892.395,571.554863597398,0.11009758180980521,0.6942644476701105,0.7552631578947367,0.6654590806959293,5.526235103607178,217.0,0.8664273398635634,69.0,92.08963765602905,0.18854063059141496,0.5263157894736842,0.6242262061283227,36.4125,0.14614632725715637
