cell_mask_area,cell_mask_area_ratio,cell_mask_intensity,domain_area_mean,domain_area_std,domain_oop_mean,domain_oop_std,domain_slen_mean,myof_bending_mean,myof_bending_std,myof_length_max,myof_length_mean,myof_length_std,myof_straightness_mean,myof_straightness_std,n_domains,n_mbands,n_vectors,n_zbands,sarcomere_area,sarcomere_area_ratio,sarcomere_length_mean,sarcomere_length_std,sarcomere_oop,z_intensity_mean,z_intensity_std,z_lat_alignment_mean,z_lat_alignment_std,z_lat_dist_mean,z_lat_dist_std,z_lat_length_groups_mean,z_lat_neighbors_mean,z_lat_neighbors_std,z_length_max,z_length_mean,z_length_std,z_mask_area,z_mask_area_ratio,z_mask_intensity,z_oop,z_straightness_mean,z_straightness_std
1131.435,0.16006799213124773,588.2039533866285,39.6,0.0,0.4558276832103729,0.0,1.3965993812230921,0.07844967172402825,0.04805267087179528,9.558270454406738,6.823592662811279,1.4686932563781738,0.9343352429262026,0.041066258158884525,1.0,45.0,117.0,38.0,77.2647933959961,0.06828920211589362,1.393150147502215,0.25832971041149033,0.4268430471420288,845.0854535269663,114.94246764481434,0.6895669848248266,0.7041625347505079,1.8939289489245346,0.5195268389848671,1.9183518225805545,0.631578947368421,0.7041625347505079,4.2,0.7144736842105263,0.6524153398129666,20.52,0.01813626058942847,831.2138157894736,0.4923645569861755,0.8849771496347897,0.10523803171166436
