cell_mask_area,cell_mask_area_ratio,cell_mask_intensity,domain_area_mean,domain_area_std,domain_oop_mean,domain_oop_std,domain_slen_mean,myof_bending_mean,myof_bending_std,myof_length_max,myof_length_mean,myof_length_std,myof_straightness_mean,myof_straightness_std,n_domains,n_mbands,n_vectors,n_zbands,sarcomere_area,sarcomere_area_ratio,sarcomere_length_mean,sarcomere_length_std,sarcomere_oop,z_intensity_mean,z_intensity_std,z_lat_alignment_mean,z_lat_alignment_std,z_lat_dist_mean,z_lat_dist_std,z_lat_length_groups_mean,z_lat_neighbors_mean,z_lat_neighbors_std,z_length_max,z_length_mean,z_length_std,z_mask_area,z_mask_area_ratio,z_mask_intensity,z_oop,z_straightness_mean,z_straightness_std
572.9175,0.15803356421141482,648.265443977536,33.8625,0.0,0.7444289326667786,0.0,1.5405362705399783,0.023193351329616443,0.005233805597060322,26.204893112182617,21.44966697692871,3.107886552810669,0.9043711069880005,0.02479836910005252,1.0,28.0,82.0,29.0,53.059391021728516,0.09261262052865991,1.5447261757384412,0.22846471241850486,0.6599257588386536,961.18465431011,117.20464514174243,0.6863573687867903,0.2533954906327426,2.704163456597989,0.0,0.7608629805927853,0.06896551724137931,0.2533954906327426,1.65,0.6413793103448276,0.3629545819210103,11.9475,0.020853787849035854,962.4274952919021,0.6363342977444142,0.9060127477953513,0.08698922510421642
