sarcomere_area,cell_mask_area_ratio,domain_area_std,domain_oop_mean,sarcomere_length_mean,z_mask_intensity,myof_straightness_std,z_mask_area,z_straightness_std,myof_length_mean,myof_bending_std,sarcomere_oop,n_domains,myof_straightness_mean,z_intensity_mean,myof_bending_mean,z_lat_dist_mean,z_lat_length_groups_mean,z_length_max,sarcomere_area_ratio,z_length_std,myof_length_max,domain_slen_mean,z_mask_area_ratio,z_lat_alignment_std,n_zbands,cell_mask_area,cell_mask_intensity,z_oop,z_lat_alignment_mean,z_length_mean,z_lat_dist_std,myof_length_std,n_vectors,z_straightness_mean,n_mbands,z_intensity_std,sarcomere_length_std,z_lat_neighbors_mean,z_lat_neighbors_std,domain_area_mean,domain_oop_std
44.769920349121094,0.20125009356987797,0.0,0.9697615504264832,1.4943804309521567,951.2535211267606,0.011245687598550094,11.1825,0.1086671690685907,10.855864524841309,0.013757796936747987,0.23302434384822845,1.0,0.9604485495030007,995.5083240355791,0.028418964000085232,1.5674390383752612,1.2768597595938151,2.1,0.0528646945386093,0.4957176615776363,11.338008880615234,1.4223005378609332,0.013204389064534127,0.4898979485566356,25.0,846.8774999999999,621.8425834905285,0.18188767011148252,0.7734053035267903,0.708,0.6607835205097324,0.49118825793266296,81.0,0.8629582928322631,23.0,176.37231669798268,0.2774122268358818,0.4,0.4898979485566356,20.8125,0.0
