cell_mask_area,cell_mask_area_ratio,cell_mask_intensity,domain_area_mean,domain_area_std,domain_oop_mean,domain_oop_std,domain_slen_mean,myof_bending_mean,myof_bending_std,myof_length_max,myof_length_mean,myof_length_std,myof_straightness_mean,myof_straightness_std,n_domains,n_mbands,n_vectors,n_zbands,sarcomere_area,sarcomere_area_ratio,sarcomere_length_mean,sarcomere_length_std,sarcomere_oop,z_intensity_mean,z_intensity_std,z_lat_alignment_mean,z_lat_alignment_std,z_lat_dist_mean,z_lat_dist_std,z_lat_length_groups_mean,z_lat_neighbors_mean,z_lat_neighbors_std,z_length_max,z_length_mean,z_length_std,z_mask_area,z_mask_area_ratio,z_mask_intensity,z_oop,z_straightness_mean,z_straightness_std
1012.14,0.16044627061576214,568.6394718121999,,,,,,0.02822823405916024,0.028716134776445988,7.523259162902832,6.260437965393066,0.6243534684181213,0.966394720540402,0.019610926324054968,0.0,22.0,67.0,21.0,41.340267181396484,0.04084441597150244,1.4157550853272118,0.3034655734928765,0.5026984810829163,737.7553509476829,88.48346941645906,0.8446018762382561,0.392676726249301,1.5487126747206184,0.7409379536504439,0.8182855447074334,0.19047619047619047,0.392676726249301,1.5,0.5928571428571429,0.32560775200118514,9.4275,0.009314422905922106,766.2386634844869,0.44354084349643674,0.887655301436814,0.07399640910035657
