cell_mask_area,cell_mask_area_ratio,cell_mask_intensity,domain_area_mean,domain_area_std,domain_oop_mean,domain_oop_std,domain_slen_mean,myof_bending_mean,myof_bending_std,myof_length_max,myof_length_mean,myof_length_std,myof_straightness_mean,myof_straightness_std,n_domains,n_mbands,n_vectors,n_zbands,sarcomere_area,sarcomere_area_ratio,sarcomere_length_mean,sarcomere_length_std,sarcomere_oop,z_intensity_mean,z_intensity_std,z_lat_alignment_mean,z_lat_alignment_std,z_lat_dist_mean,z_lat_dist_std,z_lat_length_groups_mean,z_lat_neighbors_mean,z_lat_neighbors_std,z_length_max,z_length_mean,z_length_std,z_mask_area,z_mask_area_ratio,z_mask_intensity,z_oop,z_straightness_mean,z_straightness_std
763.245,0.23095043572984753,607.808737692353,38.385,0.0,0.6516135931015015,0.0,1.457263134362095,0.03716979450659643,0.017765087134775336,8.799786567687988,8.044109344482422,0.6568912267684937,0.9493616387568171,0.02289812831599925,1.0,27.0,75.0,23.0,47.333351135253906,0.06201593346206514,1.4527914642647366,0.30060335804211996,0.5996242165565491,1021.5027230030247,189.01633766021735,0.8504100784956028,0.476280484787101,2.2828382657238606,0.7096826421344112,1.3569133190997598,0.34782608695652173,0.476280484787101,1.7999999999999998,0.7239130434782609,0.33585373538044516,10.17,0.013324686044454926,993.6946902654868,0.4933266942960987,0.8196240312443197,0.08330202480667277
