sarcomere_area,cell_mask_area_ratio,domain_area_std,domain_oop_mean,sarcomere_length_mean,z_mask_intensity,myof_straightness_std,z_mask_area,z_straightness_std,myof_length_mean,myof_bending_std,sarcomere_oop,n_domains,myof_straightness_mean,z_intensity_mean,myof_bending_mean,z_lat_dist_mean,z_lat_length_groups_mean,z_length_max,sarcomere_area_ratio,z_length_std,myof_length_max,domain_slen_mean,z_mask_area_ratio,z_lat_alignment_std,n_zbands,cell_mask_area,cell_mask_intensity,z_oop,z_lat_alignment_mean,z_length_mean,z_lat_dist_std,myof_length_std,n_vectors,z_straightness_mean,n_mbands,z_intensity_std,sarcomere_length_std,z_lat_neighbors_mean,z_lat_neighbors_std,domain_area_mean,domain_oop_std
24.129013061523438,0.2661964060529634,0.0,0.9454740881919861,1.335029354235681,1069.9223744292237,0.013754386312387241,4.9275,0.12223037903437049,9.721450805664062,0.0204632453942117,0.873008131980896,1.0,0.9434650038689146,1051.668907240103,0.033074729025428684,0.923259154839057,1.1146518309678113,1.5,0.05291885420736012,0.4100304866714181,11.728495597839355,1.3536095386617903,0.010806809770540342,0.4714045207910317,12.0,455.9625,668.8505304712559,0.8531990992829883,0.5133502916914667,0.775,0.15840622780013952,1.1742029190063477,59.0,0.8746098250408596,12.0,126.00888179269447,0.2705586109290888,0.3333333333333333,0.4714045207910317,20.3625,0.0
