cell_mask_area,cell_mask_area_ratio,cell_mask_intensity,domain_area_mean,domain_area_std,domain_oop_mean,domain_oop_std,domain_slen_mean,myof_bending_mean,myof_bending_std,myof_length_max,myof_length_mean,myof_length_std,myof_straightness_mean,myof_straightness_std,n_domains,n_mbands,n_vectors,n_zbands,sarcomere_area,sarcomere_area_ratio,sarcomere_length_mean,sarcomere_length_std,sarcomere_oop,z_intensity_mean,z_intensity_std,z_lat_alignment_mean,z_lat_alignment_std,z_lat_dist_mean,z_lat_dist_std,z_lat_length_groups_mean,z_lat_neighbors_mean,z_lat_neighbors_std,z_length_max,z_length_mean,z_length_std,z_mask_area,z_mask_area_ratio,z_mask_intensity,z_oop,z_straightness_mean,z_straightness_std
676.17,0.27565078607987376,661.3916877412485,35.20125,14.006249999999998,0.8925135135650635,0.020524293184280396,1.483002996111562,0.031126179732206306,0.023629794868454512,16.256328582763672,11.503199577331543,3.2574262619018555,0.9452216877769068,0.03407661923496119,2.0,48.0,226.0,49.0,101.34794616699219,0.14988530423856752,1.430437587825796,0.19478891280005206,0.7674468159675598,971.2699751849935,137.69764451920545,0.8562946744434284,0.6562422526862663,2.0563302424137877,0.6070726349741484,2.32428132965517,0.6530612244897959,0.6562422526862663,2.4,0.8938775510204081,0.5741571154044097,23.939999999999998,0.03540529748436044,981.0225563909775,0.6186445734545893,0.8579158613471247,0.09023213648605612
