cell_mask_area,cell_mask_area_ratio,cell_mask_intensity,domain_area_mean,domain_area_std,domain_oop_mean,domain_oop_std,domain_slen_mean,myof_bending_mean,myof_bending_std,myof_length_max,myof_length_mean,myof_length_std,myof_straightness_mean,myof_straightness_std,n_domains,n_mbands,n_vectors,n_zbands,sarcomere_area,sarcomere_area_ratio,sarcomere_length_mean,sarcomere_length_std,sarcomere_oop,z_intensity_mean,z_intensity_std,z_lat_alignment_mean,z_lat_alignment_std,z_lat_dist_mean,z_lat_dist_std,z_lat_length_groups_mean,z_lat_neighbors_mean,z_lat_neighbors_std,z_length_max,z_length_mean,z_length_std,z_mask_area,z_mask_area_ratio,z_mask_intensity,z_oop,z_straightness_mean,z_straightness_std
671.0174999999999,0.18717990560353484,654.8009925225497,22.6125,0.0,0.8451530337333679,0.0,1.5752171218970334,0.019935149196580113,0.00034809907084729086,11.609688758850098,10.041444778442383,1.3849623203277588,0.9387299749266704,0.03126034453121923,1.0,17.0,50.0,13.0,28.28070831298828,0.042146007090706705,1.5661270008804695,0.29380908116612015,0.7116879224777222,954.422250068772,79.17921332575425,0.5799962305326425,0.46153846153846156,1.4152416598453283,0.8744089685257349,1.1164075745173323,0.3076923076923077,0.46153846153846156,1.95,0.726923076923077,0.5789962749366635,6.9525,0.010361130670958656,953.4595469255663,0.6201001091634185,0.8619989331527795,0.07624898246792176
