cell_mask_area,cell_mask_area_ratio,cell_mask_intensity,domain_area_mean,domain_area_std,domain_oop_mean,domain_oop_std,domain_slen_mean,myof_bending_mean,myof_bending_std,myof_length_max,myof_length_mean,myof_length_std,myof_straightness_mean,myof_straightness_std,n_domains,n_mbands,n_vectors,n_zbands,sarcomere_area,sarcomere_area_ratio,sarcomere_length_mean,sarcomere_length_std,sarcomere_oop,z_intensity_mean,z_intensity_std,z_lat_alignment_mean,z_lat_alignment_std,z_lat_dist_mean,z_lat_dist_std,z_lat_length_groups_mean,z_lat_neighbors_mean,z_lat_neighbors_std,z_length_max,z_length_mean,z_length_std,z_mask_area,z_mask_area_ratio,z_mask_intensity,z_oop,z_straightness_mean,z_straightness_std
446.2425,0.2006860542772145,570.3448797458781,50.5575,0.0,0.7869322299957275,0.0,1.565839584907162,0.014182916123480223,0.012407823899248766,13.393001556396484,8.587989807128906,2.3767082691192627,0.9702651415257613,0.015580865738236055,1.0,30.0,92.0,23.0,69.20894622802734,0.15509268218071418,1.565839584907162,0.21781275060017133,0.7869322299957275,754.0053598175131,65.94228777503113,0.7695420604679868,0.6565073421974565,1.9372784342870715,0.46038274082140934,2.73467899347026,0.782608695652174,0.6565073421974565,2.1,0.906521739130435,0.483489208509147,15.3675,0.034437553572328944,755.7657393850659,0.6926010357239863,0.8473642984887803,0.10115837321126606
