cell_mask_area,cell_mask_area_ratio,cell_mask_intensity,domain_area_mean,domain_area_std,domain_oop_mean,domain_oop_std,domain_slen_mean,myof_bending_mean,myof_bending_std,myof_length_max,myof_length_mean,myof_length_std,myof_straightness_mean,myof_straightness_std,n_domains,n_mbands,n_vectors,n_zbands,sarcomere_area,sarcomere_area_ratio,sarcomere_length_mean,sarcomere_length_std,sarcomere_oop,z_intensity_mean,z_intensity_std,z_lat_alignment_mean,z_lat_alignment_std,z_lat_dist_mean,z_lat_dist_std,z_lat_length_groups_mean,z_lat_neighbors_mean,z_lat_neighbors_std,z_length_max,z_length_mean,z_length_std,z_mask_area,z_mask_area_ratio,z_mask_intensity,z_oop,z_straightness_mean,z_straightness_std
937.62,0.19924456131962706,604.8929736993665,47.692499999999995,15.337611857782816,0.7908357977867126,0.10788170993328094,1.441287566023571,0.029791025492550537,0.01768565060257848,23.226749420166016,13.649085998535156,6.156710147857666,0.9391489950411532,0.06594750634069631,3.0,82.0,313.0,75.0,168.9082794189453,0.1801457727213,1.4452290012597435,0.22031486782182857,0.11982811987400055,921.3649908383354,141.09390814459616,0.752341357694621,0.5941941321375251,1.9399164695145241,0.722798987977009,1.923856404811204,0.56,0.5941941321375251,2.55,0.8419999999999997,0.5084643546995207,39.622499999999995,0.04225859090036475,919.411697898921,0.08763155368373243,0.8590929197568721,0.10162378810803264
