sarcomere_area,cell_mask_area_ratio,domain_area_std,domain_oop_mean,sarcomere_length_mean,z_mask_intensity,myof_straightness_std,z_mask_area,z_straightness_std,myof_length_mean,myof_bending_std,sarcomere_oop,n_domains,myof_straightness_mean,z_intensity_mean,myof_bending_mean,z_lat_dist_mean,z_lat_length_groups_mean,z_length_max,sarcomere_area_ratio,z_length_std,myof_length_max,domain_slen_mean,z_mask_area_ratio,z_lat_alignment_std,n_zbands,cell_mask_area,cell_mask_intensity,z_oop,z_lat_alignment_mean,z_length_mean,z_lat_dist_std,myof_length_std,n_vectors,z_straightness_mean,n_mbands,z_intensity_std,sarcomere_length_std,z_lat_neighbors_mean,z_lat_neighbors_std,domain_area_mean,domain_oop_std
168.9082794189453,0.19924456131962706,15.337611857782816,0.7908357977867126,1.4452290012597435,919.411697898921,0.06594750634069631,39.622499999999995,0.10162378810803264,13.649085998535156,0.01768565060257848,0.11982811987400055,3.0,0.9391489950411532,921.3649908383354,0.029791025492550537,1.9399164695145241,1.923856404811204,2.55,0.1801457727213,0.5084643546995207,23.226749420166016,1.441287566023571,0.04225859090036475,0.5941941321375251,75.0,937.62,604.8929736993665,0.08763155368373243,0.752341357694621,0.8419999999999997,0.722798987977009,6.156710147857666,313.0,0.8590929197568721,82.0,141.09390814459616,0.22031486782182857,0.56,0.5941941321375251,47.692499999999995,0.10788170993328094
