cell_mask_area,cell_mask_area_ratio,cell_mask_intensity,domain_area_mean,domain_area_std,domain_oop_mean,domain_oop_std,domain_slen_mean,myof_bending_mean,myof_bending_std,myof_length_max,myof_length_mean,myof_length_std,myof_straightness_mean,myof_straightness_std,n_domains,n_mbands,n_vectors,n_zbands,sarcomere_area,sarcomere_area_ratio,sarcomere_length_mean,sarcomere_length_std,sarcomere_oop,z_intensity_mean,z_intensity_std,z_lat_alignment_mean,z_lat_alignment_std,z_lat_dist_mean,z_lat_dist_std,z_lat_length_groups_mean,z_lat_neighbors_mean,z_lat_neighbors_std,z_length_max,z_length_mean,z_length_std,z_mask_area,z_mask_area_ratio,z_mask_intensity,z_oop,z_straightness_mean,z_straightness_std
840.3299999999999,0.1824078144078144,545.4900664024848,29.88,0.0,0.9347654581069946,0.0,1.5127174652691602,0.020079173624751225,0.006954920226032594,10.6240234375,8.139453887939453,1.9605460166931152,0.9571289271085942,0.02131268563532031,1.0,28.0,85.0,24.0,60.73856735229492,0.07227942278901732,1.566211943561467,0.22818550082477554,0.9197806119918823,680.6752706524909,72.45055732223842,0.9869747405219419,0.4714045207910317,1.982628797202321,0.2723656595536149,1.2166026179274836,0.16666666666666666,0.4714045207910317,1.7999999999999998,0.9499999999999998,0.5135659646043533,15.209999999999999,0.01810003213023455,690.2056213017752,0.704804548837407,0.830137082498085,0.12513925946562388
