cell_mask_area,cell_mask_area_ratio,cell_mask_intensity,domain_area_mean,domain_area_std,domain_oop_mean,domain_oop_std,domain_slen_mean,myof_bending_mean,myof_bending_std,myof_length_max,myof_length_mean,myof_length_std,myof_straightness_mean,myof_straightness_std,n_domains,n_mbands,n_vectors,n_zbands,sarcomere_area,sarcomere_area_ratio,sarcomere_length_mean,sarcomere_length_std,sarcomere_oop,z_intensity_mean,z_intensity_std,z_lat_alignment_mean,z_lat_alignment_std,z_lat_dist_mean,z_lat_dist_std,z_lat_length_groups_mean,z_lat_neighbors_mean,z_lat_neighbors_std,z_length_max,z_length_mean,z_length_std,z_mask_area,z_mask_area_ratio,z_mask_intensity,z_oop,z_straightness_mean,z_straightness_std
749.61,0.20516799684698,586.2710409412895,,,,,,0.024468403480818874,0.016449378931415282,7.296211242675781,6.764000415802002,0.4904475212097168,0.9557467277002413,0.014285996226499576,0.0,26.0,53.0,18.0,49.242218017578125,0.06569044972396063,1.6025638623354013,0.32251016330072985,0.5299975872039795,946.1044754281252,134.58957778696816,0.6323474274430723,0.41573970964154905,1.242003376189731,0.09963741031014606,0.8208754220237162,0.2222222222222222,0.41573970964154905,1.2,0.5916666666666666,0.2805005446617806,13.004999999999999,0.01734902149117541,909.5276816608997,0.5694874480954671,0.8768951374557474,0.06706631857174793
