cell_mask_area,cell_mask_area_ratio,cell_mask_intensity,domain_area_mean,domain_area_std,domain_oop_mean,domain_oop_std,domain_slen_mean,myof_bending_mean,myof_bending_std,myof_length_max,myof_length_mean,myof_length_std,myof_straightness_mean,myof_straightness_std,n_domains,n_mbands,n_vectors,n_zbands,sarcomere_area,sarcomere_area_ratio,sarcomere_length_mean,sarcomere_length_std,sarcomere_oop,z_intensity_mean,z_intensity_std,z_lat_alignment_mean,z_lat_alignment_std,z_lat_dist_mean,z_lat_dist_std,z_lat_length_groups_mean,z_lat_neighbors_mean,z_lat_neighbors_std,z_length_max,z_length_mean,z_length_std,z_mask_area,z_mask_area_ratio,z_mask_intensity,z_oop,z_straightness_mean,z_straightness_std
671.0849999999999,0.18719873468567985,654.7911888955945,22.5,0.0,0.8479538559913635,0.0,1.5724452359606595,0.0053102317484793275,0.0,10.240711212158203,10.24071216583252,9.5367431640625e-07,0.958412819534529,0.0,1.0,17.0,49.0,13.0,28.25455665588379,0.04210279868553729,1.5676321264186723,0.302227647441284,0.7112961411476135,954.422250068772,79.17921332575425,0.5787777259923466,0.46153846153846156,1.4152416598453283,0.8744089685257349,1.1164075745173323,0.3076923076923077,0.46153846153846156,1.95,0.726923076923077,0.5789962749366635,6.93,0.010326560718835916,953.237012987013,0.6201001091634185,0.8619989331527795,0.07624898246792176
