sarcomere_area,cell_mask_area_ratio,domain_area_std,domain_oop_mean,sarcomere_length_mean,z_mask_intensity,myof_straightness_std,z_mask_area,z_straightness_std,myof_length_mean,myof_bending_std,sarcomere_oop,n_domains,myof_straightness_mean,z_intensity_mean,myof_bending_mean,z_lat_dist_mean,z_lat_length_groups_mean,z_length_max,sarcomere_area_ratio,z_length_std,myof_length_max,domain_slen_mean,z_mask_area_ratio,z_lat_alignment_std,n_zbands,cell_mask_area,cell_mask_intensity,z_oop,z_lat_alignment_mean,z_length_mean,z_lat_dist_std,myof_length_std,n_vectors,z_straightness_mean,n_mbands,z_intensity_std,sarcomere_length_std,z_lat_neighbors_mean,z_lat_neighbors_std,domain_area_mean,domain_oop_std
152.3795928955078,0.2990920378705572,24.5475,0.687414288520813,1.4407231923373223,823.1856417693981,0.036935664798068576,31.0275,0.08656963854110113,8.701153755187988,0.022593982541040454,0.4054317772388458,2.0,0.9436195559501112,820.4505928642114,0.03202073954209656,1.8896146555184745,2.401950757158057,2.4,0.17572004750555145,0.45830496344554655,17.344051361083984,1.4739464956132133,0.03578007835811214,0.7495450465366996,67.0,867.1725,600.3504320074726,0.3118425715937696,0.7829585251300695,0.7365671641791044,0.7505323186526377,3.2927932739257812,221.0,0.8653462020091254,74.0,154.02391276381033,0.24376773637069685,0.7761194029850746,0.7495450465366996,50.985,0.02342277765274048
