sarcomere_area,cell_mask_area_ratio,domain_area_std,domain_oop_mean,sarcomere_length_mean,z_mask_intensity,myof_straightness_std,z_mask_area,z_straightness_std,myof_length_mean,myof_bending_std,sarcomere_oop,n_domains,myof_straightness_mean,z_intensity_mean,myof_bending_mean,z_lat_dist_mean,z_lat_length_groups_mean,z_length_max,sarcomere_area_ratio,z_length_std,myof_length_max,domain_slen_mean,z_mask_area_ratio,z_lat_alignment_std,n_zbands,cell_mask_area,cell_mask_intensity,z_oop,z_lat_alignment_mean,z_length_mean,z_lat_dist_std,myof_length_std,n_vectors,z_straightness_mean,n_mbands,z_intensity_std,sarcomere_length_std,z_lat_neighbors_mean,z_lat_neighbors_std,domain_area_mean,domain_oop_std
101.3875732421875,0.2757333382253123,13.083750000000002,0.8917573690414429,1.4356791044551669,981.5640301318267,0.03519729207530743,23.895,0.08882516987542058,10.537914276123047,0.025254163458037965,0.76627117395401,2.0,0.9448034677809005,966.4803747890436,0.03266593482256245,1.974829663051208,2.3309728567233496,2.4,0.1498990175416468,0.565474137339631,16.18097496032715,1.4885665855619532,0.03532816606233991,0.6764613810115104,50.0,676.3725,661.3519177672067,0.622919645278903,0.8565401348073608,0.8669999999999999,0.6731537990884187,3.408447027206421,226.0,0.8629385461652691,48.0,140.51511475423894,0.20115548920527052,0.68,0.6764613810115104,35.33625,0.017770439386367798
