cell_mask_area,cell_mask_area_ratio,cell_mask_intensity,domain_area_mean,domain_area_std,domain_oop_mean,domain_oop_std,domain_slen_mean,myof_bending_mean,myof_bending_std,myof_length_max,myof_length_mean,myof_length_std,myof_straightness_mean,myof_straightness_std,n_domains,n_mbands,n_vectors,n_zbands,sarcomere_area,sarcomere_area_ratio,sarcomere_length_mean,sarcomere_length_std,sarcomere_oop,z_intensity_mean,z_intensity_std,z_lat_alignment_mean,z_lat_alignment_std,z_lat_dist_mean,z_lat_dist_std,z_lat_length_groups_mean,z_lat_neighbors_mean,z_lat_neighbors_std,z_length_max,z_length_mean,z_length_std,z_mask_area,z_mask_area_ratio,z_mask_intensity,z_oop,z_straightness_mean,z_straightness_std
833.9625,0.2560268011328314,644.5956292998786,32.95125,3.026250000000001,0.946134626865387,0.006436765193939209,1.4604804901310295,0.03064368171958449,0.00980830092598142,20.452634811401367,13.631752014160156,4.979290008544922,0.9643642025556713,0.029134837422607956,2.0,42.0,127.0,38.0,83.79273986816406,0.10047542889298268,1.4494858858679849,0.27762019584300107,0.9336353540420532,933.1232578799551,100.92491777780782,0.8546344870583006,0.4076824574955175,1.6122973158750273,0.5296200196576619,0.9617408606911795,0.21052631578947367,0.4076824574955175,2.55,0.6907894736842106,0.5087206946373958,19.305,0.023148522865236748,941.6013986013986,0.7555125742955489,0.8788190315614879,0.10174649549319968
