cell_mask_area,cell_mask_area_ratio,cell_mask_intensity,domain_area_mean,domain_area_std,domain_oop_mean,domain_oop_std,domain_slen_mean,myof_bending_mean,myof_bending_std,myof_length_max,myof_length_mean,myof_length_std,myof_straightness_mean,myof_straightness_std,n_domains,n_mbands,n_vectors,n_zbands,sarcomere_area,sarcomere_area_ratio,sarcomere_length_mean,sarcomere_length_std,sarcomere_oop,z_intensity_mean,z_intensity_std,z_lat_alignment_mean,z_lat_alignment_std,z_lat_dist_mean,z_lat_dist_std,z_lat_length_groups_mean,z_lat_neighbors_mean,z_lat_neighbors_std,z_length_max,z_length_mean,z_length_std,z_mask_area,z_mask_area_ratio,z_mask_intensity,z_oop,z_straightness_mean,z_straightness_std
1110.8925,0.2534366113318345,610.5823020679319,36.675,0.0,0.8047247529029846,0.0,1.5375244855547319,0.026999883032530703,0.016245298278653515,12.986638069152832,10.780733108520508,2.3545377254486084,0.9420042639371541,0.0407016845092108,1.0,33.0,84.0,32.0,71.86170959472656,0.06468826605159957,1.5072030029780028,0.16676870278997608,0.8345372676849365,786.3296723448298,110.12135551813492,0.7767935586206823,0.49607837082461076,2.141707303231138,0.5724794183455552,1.4456780449047184,0.4375,0.49607837082461076,1.5,0.6609375,0.37847027108314596,16.47,0.014825916999169587,778.3920765027323,0.6889877763075211,0.8596907965468883,0.08889188262181022
