sarcomere_area,cell_mask_area_ratio,domain_area_std,domain_oop_mean,sarcomere_length_mean,z_mask_intensity,myof_straightness_std,z_mask_area,z_straightness_std,myof_length_mean,myof_bending_std,sarcomere_oop,n_domains,myof_straightness_mean,z_intensity_mean,myof_bending_mean,z_lat_dist_mean,z_lat_length_groups_mean,z_length_max,sarcomere_area_ratio,z_length_std,myof_length_max,domain_slen_mean,z_mask_area_ratio,z_lat_alignment_std,n_zbands,cell_mask_area,cell_mask_intensity,z_oop,z_lat_alignment_mean,z_length_mean,z_lat_dist_std,myof_length_std,n_vectors,z_straightness_mean,n_mbands,z_intensity_std,sarcomere_length_std,z_lat_neighbors_mean,z_lat_neighbors_std,domain_area_mean,domain_oop_std
41.340267181396484,0.16044627061576214,,,1.4157550853272118,766.2386634844869,0.019610926324054968,9.4275,0.07399640910035657,6.260437965393066,0.028716134776445988,0.5026984810829163,0.0,0.966394720540402,737.7553509476829,0.02822823405916024,1.5487126747206184,0.8182855447074334,1.5,0.04084441597150244,0.32560775200118514,7.523259162902832,,0.009314422905922106,0.392676726249301,21.0,1012.14,568.6394718121999,0.44354084349643674,0.8446018762382561,0.5928571428571429,0.7409379536504439,0.6243534684181213,67.0,0.887655301436814,22.0,88.48346941645906,0.3034655734928765,0.19047619047619047,0.392676726249301,,
