sarcomere_area,cell_mask_area_ratio,domain_area_std,domain_oop_mean,sarcomere_length_mean,z_mask_intensity,myof_straightness_std,z_mask_area,z_straightness_std,myof_length_mean,myof_bending_std,sarcomere_oop,n_domains,myof_straightness_mean,z_intensity_mean,myof_bending_mean,z_lat_dist_mean,z_lat_length_groups_mean,z_length_max,sarcomere_area_ratio,z_length_std,myof_length_max,domain_slen_mean,z_mask_area_ratio,z_lat_alignment_std,n_zbands,cell_mask_area,cell_mask_intensity,z_oop,z_lat_alignment_mean,z_length_mean,z_lat_dist_std,myof_length_std,n_vectors,z_straightness_mean,n_mbands,z_intensity_std,sarcomere_length_std,z_lat_neighbors_mean,z_lat_neighbors_std,domain_area_mean,domain_oop_std
53.059417724609375,0.15803356421141482,0.0,0.744430422782898,1.5492561307557138,962.4274952919021,0.021164668639569614,11.9475,0.08698922510421642,21.352216720581055,0.009648792737679997,0.6599289178848267,1.0,0.913571689797098,961.18465431011,0.02015288185730943,2.704163456597989,0.7608629805927853,1.65,0.09261266713725688,0.3629545819210103,27.14997100830078,1.5439964729720028,0.020853787849035854,0.2533954906327426,29.0,572.9175,648.265443977536,0.6363342977444142,0.6863573687867903,0.6413793103448276,0.0,3.5445146560668945,82.0,0.9060127477953513,28.0,117.20464514174243,0.22167506452358401,0.06896551724137931,0.2533954906327426,33.817499999999995,0.0
