cell_mask_area,cell_mask_area_ratio,cell_mask_intensity,domain_area_mean,domain_area_std,domain_oop_mean,domain_oop_std,domain_slen_mean,myof_bending_mean,myof_bending_std,myof_length_max,myof_length_mean,myof_length_std,myof_straightness_mean,myof_straightness_std,n_domains,n_mbands,n_vectors,n_zbands,sarcomere_area,sarcomere_area_ratio,sarcomere_length_mean,sarcomere_length_std,sarcomere_oop,z_intensity_mean,z_intensity_std,z_lat_alignment_mean,z_lat_alignment_std,z_lat_dist_mean,z_lat_dist_std,z_lat_length_groups_mean,z_lat_neighbors_mean,z_lat_neighbors_std,z_length_max,z_length_mean,z_length_std,z_mask_area,z_mask_area_ratio,z_mask_intensity,z_oop,z_straightness_mean,z_straightness_std
643.5224999999999,0.18233456585490243,602.4076081255901,23.759999999999998,0.0,0.9198334217071533,0.0,1.7028896794136401,0.026391473801681567,0.02298678488132532,10.502944946289062,9.078822135925293,1.3845371007919312,0.9648864592094197,0.016610597140454264,1.0,27.0,60.0,29.0,50.13616943359375,0.07790896112194019,1.6856377654816599,0.3955288556185164,0.3065599799156189,796.7139800798843,90.60410982054778,0.8025169500663077,0.5581522088358155,1.819781040944693,0.7719436268395835,1.2703776628551373,0.41379310344827586,0.5581522088358155,1.65,0.6310344827586207,0.3786122101933469,11.385,0.01769168910177966,792.8339920948616,0.311562232981201,0.8801986931587481,0.07650474175687935
