cell_mask_area,cell_mask_area_ratio,cell_mask_intensity,domain_area_mean,domain_area_std,domain_oop_mean,domain_oop_std,domain_slen_mean,myof_bending_mean,myof_bending_std,myof_length_max,myof_length_mean,myof_length_std,myof_straightness_mean,myof_straightness_std,n_domains,n_mbands,n_vectors,n_zbands,sarcomere_area,sarcomere_area_ratio,sarcomere_length_mean,sarcomere_length_std,sarcomere_oop,z_intensity_mean,z_intensity_std,z_lat_alignment_mean,z_lat_alignment_std,z_lat_dist_mean,z_lat_dist_std,z_lat_length_groups_mean,z_lat_neighbors_mean,z_lat_neighbors_std,z_length_max,z_length_mean,z_length_std,z_mask_area,z_mask_area_ratio,z_mask_intensity,z_oop,z_straightness_mean,z_straightness_std
839.0699999999999,0.23872074563425003,578.2972487396761,,,,,,0.040408552544233096,0.024898469751536874,6.519368648529053,6.481964111328125,0.012830076739192009,0.9535398230088497,0.013716814159292101,0.0,17.0,47.0,14.0,38.22180938720703,0.04555258725399196,1.5673978678208365,0.2581331281620974,0.7015094757080078,862.322183885124,137.33816594789513,0.536892231579629,0.3499271061118826,1.9557607215607968,0.0,1.0504431324277534,0.14285714285714285,0.3499271061118826,2.6999999999999997,0.8357142857142857,0.6960163615247877,10.5525,0.012576423897886947,895.3113006396588,0.22609293535282066,0.8535992336613455,0.10650948932093343
