cell_mask_area,cell_mask_area_ratio,cell_mask_intensity,domain_area_mean,domain_area_std,domain_oop_mean,domain_oop_std,domain_slen_mean,myof_bending_mean,myof_bending_std,myof_length_max,myof_length_mean,myof_length_std,myof_straightness_mean,myof_straightness_std,n_domains,n_mbands,n_vectors,n_zbands,sarcomere_area,sarcomere_area_ratio,sarcomere_length_mean,sarcomere_length_std,sarcomere_oop,z_intensity_mean,z_intensity_std,z_lat_alignment_mean,z_lat_alignment_std,z_lat_dist_mean,z_lat_dist_std,z_lat_length_groups_mean,z_lat_neighbors_mean,z_lat_neighbors_std,z_length_max,z_length_mean,z_length_std,z_mask_area,z_mask_area_ratio,z_mask_intensity,z_oop,z_straightness_mean,z_straightness_std
676.7325,0.16939826079120482,569.4184925358247,,,,,,0.005614030056252969,0.0015176614770228828,5.824822425842285,5.701779842376709,0.11934011429548264,0.9778297477284136,0.008358805412409057,0.0,14.0,34.0,16.0,28.952774047851562,0.04278318840583475,1.478858796422781,0.3203702473428994,0.7742659449577332,770.356347491482,79.29662422543048,0.6529545359391049,0.4330127018922193,0.9538760404676165,0.2830556472176813,0.8969822914953737,0.25,0.4330127018922193,1.2,0.6656249999999999,0.28543757526821867,8.1225,0.012002526847757424,778.3961218836565,0.6850548999283758,0.8670729388631129,0.07415781425498792
