sarcomere_area,cell_mask_area_ratio,domain_area_std,domain_oop_mean,sarcomere_length_mean,z_mask_intensity,myof_straightness_std,z_mask_area,z_straightness_std,myof_length_mean,myof_bending_std,sarcomere_oop,n_domains,myof_straightness_mean,z_intensity_mean,myof_bending_mean,z_lat_dist_mean,z_lat_length_groups_mean,z_length_max,sarcomere_area_ratio,z_length_std,myof_length_max,domain_slen_mean,z_mask_area_ratio,z_lat_alignment_std,n_zbands,cell_mask_area,cell_mask_intensity,z_oop,z_lat_alignment_mean,z_length_mean,z_lat_dist_std,myof_length_std,n_vectors,z_straightness_mean,n_mbands,z_intensity_std,sarcomere_length_std,z_lat_neighbors_mean,z_lat_neighbors_std,domain_area_mean,domain_oop_std
28.998292922973633,0.169465846625214,,,1.468091988730247,778.2983425414365,0.01584070734381629,8.145,0.0741808952128879,5.711398124694824,0.013797931249663815,0.7809772491455078,0.0,0.9648388724222742,770.2459308248153,0.020073821311152082,0.9538760404676165,0.8969822914953737,1.2,0.04283336165372157,0.28543757526821867,5.989218235015869,,0.012030974774834658,0.4330127018922193,16.0,677.0024999999999,569.3972880454651,0.6860171296696769,0.6507593545046324,0.6656249999999999,0.2830556472176813,0.12814834713935852,35.0,0.8674126127761563,14.0,79.28420881796698,0.3178837335443002,0.25,0.4330127018922193,,
