cell_mask_area,cell_mask_area_ratio,cell_mask_intensity,domain_area_mean,domain_area_std,domain_oop_mean,domain_oop_std,domain_slen_mean,myof_bending_mean,myof_bending_std,myof_length_max,myof_length_mean,myof_length_std,myof_straightness_mean,myof_straightness_std,n_domains,n_mbands,n_vectors,n_zbands,sarcomere_area,sarcomere_area_ratio,sarcomere_length_mean,sarcomere_length_std,sarcomere_oop,z_intensity_mean,z_intensity_std,z_lat_alignment_mean,z_lat_alignment_std,z_lat_dist_mean,z_lat_dist_std,z_lat_length_groups_mean,z_lat_neighbors_mean,z_lat_neighbors_std,z_length_max,z_length_mean,z_length_std,z_mask_area,z_mask_area_ratio,z_mask_intensity,z_oop,z_straightness_mean,z_straightness_std
1190.385,0.29349176762969864,655.3799758061467,34.3575,10.349999999999998,0.8925179839134216,0.08524817228317261,1.481324937085769,0.01125514872693831,0.007198673473581934,11.507772445678711,10.5660982131958,0.7335465550422668,0.9736656601659534,0.013684676680176621,2.0,32.0,168.0,33.0,91.98056030273438,0.07726958950485295,1.4598044355647513,0.15331640361365045,0.7411256432533264,842.5527687625637,100.98877868848014,0.7832869622719576,0.616575453011388,1.7455851020387272,0.8076556515870158,2.7403343440221297,0.7272727272727273,0.616575453011388,5.7,1.1090909090909091,1.103469359837043,19.529999999999998,0.016406456734585868,821.3675115207374,0.5225251802358258,0.8505824626966506,0.11615496425580804
