cell_mask_area,cell_mask_area_ratio,cell_mask_intensity,domain_area_mean,domain_area_std,domain_oop_mean,domain_oop_std,domain_slen_mean,myof_bending_mean,myof_bending_std,myof_length_max,myof_length_mean,myof_length_std,myof_straightness_mean,myof_straightness_std,n_domains,n_mbands,n_vectors,n_zbands,sarcomere_area,sarcomere_area_ratio,sarcomere_length_mean,sarcomere_length_std,sarcomere_oop,z_intensity_mean,z_intensity_std,z_lat_alignment_mean,z_lat_alignment_std,z_lat_dist_mean,z_lat_dist_std,z_lat_length_groups_mean,z_lat_neighbors_mean,z_lat_neighbors_std,z_length_max,z_length_mean,z_length_std,z_mask_area,z_mask_area_ratio,z_mask_intensity,z_oop,z_straightness_mean,z_straightness_std
846.8774999999999,0.20125009356987797,621.8425834905285,20.564999999999998,0.0,0.9697631597518921,0.0,1.4238029619569985,0.023230328188650864,0.011315563098320916,10.742701530456543,9.90451431274414,0.4122437536716461,0.9657582689110445,0.010663825688688167,1.0,23.0,81.0,25.0,44.769935607910156,0.05286471255631441,1.4971222242542257,0.27735410905052343,0.23302419483661652,995.5083240355791,176.37231669798268,0.7734045106014309,0.4898979485566356,1.5674390383752612,0.6607835205097324,1.2768597595938151,0.4,0.4898979485566356,2.1,0.708,0.4957176615776363,11.1825,0.013204389064534127,951.2535211267606,0.18188767011148252,0.8629582928322631,0.1086671690685907
