cell_mask_area,cell_mask_area_ratio,cell_mask_intensity,domain_area_mean,domain_area_std,domain_oop_mean,domain_oop_std,domain_slen_mean,myof_bending_mean,myof_bending_std,myof_length_max,myof_length_mean,myof_length_std,myof_straightness_mean,myof_straightness_std,n_domains,n_mbands,n_vectors,n_zbands,sarcomere_area,sarcomere_area_ratio,sarcomere_length_mean,sarcomere_length_std,sarcomere_oop,z_intensity_mean,z_intensity_std,z_lat_alignment_mean,z_lat_alignment_std,z_lat_dist_mean,z_lat_dist_std,z_lat_length_groups_mean,z_lat_neighbors_mean,z_lat_neighbors_std,z_length_max,z_length_mean,z_length_std,z_mask_area,z_mask_area_ratio,z_mask_intensity,z_oop,z_straightness_mean,z_straightness_std
1131.435,0.16006799213124773,588.2039533866285,39.622499999999995,0.0,0.45582491159439087,0.0,1.3965992038823183,0.07726427925174689,0.04731282193592012,9.592148780822754,6.811298847198486,1.479482889175415,0.934534438177388,0.041122501751048514,1.0,45.0,118.0,38.0,77.26481628417969,0.06828922234523388,1.3976305167783216,0.25836937511609026,0.42208781838417053,845.0854535269663,114.94246764481434,0.6895683656926481,0.7041625347505079,1.8939289489245346,0.5195268389848671,1.9183518225805545,0.631578947368421,0.7041625347505079,4.2,0.7144736842105263,0.6524153398129666,20.52,0.01813626058942847,831.2138157894736,0.4923645569861755,0.8849771496347897,0.10523803171166436
