cell_mask_area,cell_mask_area_ratio,cell_mask_intensity,domain_area_mean,domain_area_std,domain_oop_mean,domain_oop_std,domain_slen_mean,myof_bending_mean,myof_bending_std,myof_length_max,myof_length_mean,myof_length_std,myof_straightness_mean,myof_straightness_std,n_domains,n_mbands,n_vectors,n_zbands,sarcomere_area,sarcomere_area_ratio,sarcomere_length_mean,sarcomere_length_std,sarcomere_oop,z_intensity_mean,z_intensity_std,z_lat_alignment_mean,z_lat_alignment_std,z_lat_dist_mean,z_lat_dist_std,z_lat_length_groups_mean,z_lat_neighbors_mean,z_lat_neighbors_std,z_length_max,z_length_mean,z_length_std,z_mask_area,z_mask_area_ratio,z_mask_intensity,z_oop,z_straightness_mean,z_straightness_std
892.395,0.18510377142750467,571.554863597398,36.4725,5.112040932934711,0.7798655033111572,0.14614705741405487,1.4377362536984328,0.020086274635022095,0.01661442832111424,23.715787887573242,11.198518753051758,5.813636779785156,0.9617220997562828,0.02246239109458014,3.0,69.0,217.0,57.0,134.3516387939453,0.15055176104073345,1.4386691827273441,0.185831919291731,0.3374801278114319,767.9540091156708,92.08963765602905,0.6942581795986754,0.6242262061283227,2.019817866026372,0.6654590806959293,1.7463635235808472,0.5263157894736842,0.6242262061283227,1.7999999999999998,0.7552631578947367,0.4556356857362508,30.8475,0.034567091926781306,768.7877461706784,0.11009758180980521,0.8664273398635634,0.09561394812485646
