cell_mask_area,cell_mask_area_ratio,cell_mask_intensity,domain_area_mean,domain_area_std,domain_oop_mean,domain_oop_std,domain_slen_mean,myof_bending_mean,myof_bending_std,myof_length_max,myof_length_mean,myof_length_std,myof_straightness_mean,myof_straightness_std,n_domains,n_mbands,n_vectors,n_zbands,sarcomere_area,sarcomere_area_ratio,sarcomere_length_mean,sarcomere_length_std,sarcomere_oop,z_intensity_mean,z_intensity_std,z_lat_alignment_mean,z_lat_alignment_std,z_lat_dist_mean,z_lat_dist_std,z_lat_length_groups_mean,z_lat_neighbors_mean,z_lat_neighbors_std,z_length_max,z_length_mean,z_length_std,z_mask_area,z_mask_area_ratio,z_mask_intensity,z_oop,z_straightness_mean,z_straightness_std
1910.5425,0.3095128743475345,578.2214619669544,46.07999999999999,17.25156840695941,0.6246151924133301,0.17685101926326752,1.4381774759062858,0.028123796427876505,0.020876063279389033,19.817455291748047,11.056572914123535,3.2660069465637207,0.9310340856329713,0.038164154883672044,3.0,92.0,397.0,95.0,205.32200622558594,0.10746790831692356,1.4454916032014056,0.25667406217288385,0.027622543275356293,873.6834159316696,124.24639993763914,0.7867158707377186,0.5146065920665396,1.6490707464529524,0.4716361661207739,1.5357521990541203,0.42105263157894735,0.5146065920665396,2.25,0.8652631578947367,0.51753838831482,51.345,0.0268745657319845,872.5758106923751,0.07165157587403138,0.8446461410182505,0.08793015628765855
