cell_mask_area,cell_mask_area_ratio,cell_mask_intensity,domain_area_mean,domain_area_std,domain_oop_mean,domain_oop_std,domain_slen_mean,myof_bending_mean,myof_bending_std,myof_length_max,myof_length_mean,myof_length_std,myof_straightness_mean,myof_straightness_std,n_domains,n_mbands,n_vectors,n_zbands,sarcomere_area,sarcomere_area_ratio,sarcomere_length_mean,sarcomere_length_std,sarcomere_oop,z_intensity_mean,z_intensity_std,z_lat_alignment_mean,z_lat_alignment_std,z_lat_dist_mean,z_lat_dist_std,z_lat_length_groups_mean,z_lat_neighbors_mean,z_lat_neighbors_std,z_length_max,z_length_mean,z_length_std,z_mask_area,z_mask_area_ratio,z_mask_intensity,z_oop,z_straightness_mean,z_straightness_std
539.4825,0.22247067992874106,573.568669975393,30.487499999999997,0.0,0.8178192377090454,0.0,1.485922296568912,0.04009050834895245,0.010788981916665276,14.795544624328613,10.84240436553955,3.2800452709198,0.9055038781653378,0.05463338656703521,1.0,16.0,69.0,20.0,43.23982620239258,0.08015056318303668,1.4885515882377431,0.27741854821784534,0.7449871897697449,771.0955471286559,59.08549068837711,0.662429331632515,0.5830951894845301,1.833289561434654,0.5929160007410271,1.4426973903586635,0.4,0.5830951894845301,2.55,0.7875000000000001,0.6432097247399171,11.452499999999999,0.02122867748258748,775.6758349705304,0.27276319847215985,0.8613306476027189,0.10501113442312693
