cell_mask_area,cell_mask_area_ratio,cell_mask_intensity,domain_area_mean,domain_area_std,domain_oop_mean,domain_oop_std,domain_slen_mean,myof_bending_mean,myof_bending_std,myof_length_max,myof_length_mean,myof_length_std,myof_straightness_mean,myof_straightness_std,n_domains,n_mbands,n_vectors,n_zbands,sarcomere_area,sarcomere_area_ratio,sarcomere_length_mean,sarcomere_length_std,sarcomere_oop,z_intensity_mean,z_intensity_std,z_lat_alignment_mean,z_lat_alignment_std,z_lat_dist_mean,z_lat_dist_std,z_lat_length_groups_mean,z_lat_neighbors_mean,z_lat_neighbors_std,z_length_max,z_length_mean,z_length_std,z_mask_area,z_mask_area_ratio,z_mask_intensity,z_oop,z_straightness_mean,z_straightness_std
451.125,0.17834587536247354,590.923391521197,23.625,3.465,0.5898047089576721,0.09831655025482178,1.619599982368715,0.09248383360072725,0.0,8.406325340270996,8.40632438659668,9.5367431640625e-07,0.9208121827411169,0.0,2.0,26.0,74.0,25.0,51.454341888427734,0.11405783738083178,1.575849270041352,0.2656273561601532,0.5272724032402039,969.9747340428462,109.52558463121093,0.7037252776131148,0.5656854249492381,1.5257220779324858,0.7886204035588836,1.9871480519549904,0.8,0.5656854249492381,1.5,0.5820000000000001,0.3183959798741184,13.8825,0.030773067331670824,927.8038897893031,0.30613235030674646,0.87507409484975,0.08166634058254592
