cell_mask_area,cell_mask_area_ratio,cell_mask_intensity,domain_area_mean,domain_area_std,domain_oop_mean,domain_oop_std,domain_slen_mean,myof_bending_mean,myof_bending_std,myof_length_max,myof_length_mean,myof_length_std,myof_straightness_mean,myof_straightness_std,n_domains,n_mbands,n_vectors,n_zbands,sarcomere_area,sarcomere_area_ratio,sarcomere_length_mean,sarcomere_length_std,sarcomere_oop,z_intensity_mean,z_intensity_std,z_lat_alignment_mean,z_lat_alignment_std,z_lat_dist_mean,z_lat_dist_std,z_lat_length_groups_mean,z_lat_neighbors_mean,z_lat_neighbors_std,z_length_max,z_length_mean,z_length_std,z_mask_area,z_mask_area_ratio,z_mask_intensity,z_oop,z_straightness_mean,z_straightness_std
778.725,0.1850722963723477,607.491303091592,128.4525,0.0,0.8343625664710999,0.0,1.4913419205402847,0.01790750144603836,0.011925513226514648,23.538557052612305,17.80636978149414,5.286025524139404,0.9369574070993039,0.03698718521786905,1.0,44.0,357.0,48.0,160.6646270751953,0.20631754094859586,1.4897731444286686,0.18118231439745308,0.8014912009239197,840.0501058937201,106.90827530526678,0.711582130975546,0.5713045500334204,1.7949401263710165,0.6084030148326692,2.631740052035125,0.5833333333333334,0.5713045500334204,5.55,1.340625,1.2310080663322231,34.4475,0.04423577000866801,862.6812540822991,0.5330168502402701,0.8036686215051994,0.1230179774601002
