cell_mask_area,cell_mask_area_ratio,cell_mask_intensity,domain_area_mean,domain_area_std,domain_oop_mean,domain_oop_std,domain_slen_mean,myof_bending_mean,myof_bending_std,myof_length_max,myof_length_mean,myof_length_std,myof_straightness_mean,myof_straightness_std,n_domains,n_mbands,n_vectors,n_zbands,sarcomere_area,sarcomere_area_ratio,sarcomere_length_mean,sarcomere_length_std,sarcomere_oop,z_intensity_mean,z_intensity_std,z_lat_alignment_mean,z_lat_alignment_std,z_lat_dist_mean,z_lat_dist_std,z_lat_length_groups_mean,z_lat_neighbors_mean,z_lat_neighbors_std,z_length_max,z_length_mean,z_length_std,z_mask_area,z_mask_area_ratio,z_mask_intensity,z_oop,z_straightness_mean,z_straightness_std
623.6324999999999,0.20927809364169705,640.905942201537,79.1325,0.0,0.8897390961647034,0.0,1.388831045126164,0.026976454600113893,0.01727196558630676,15.774157524108887,9.360675811767578,2.7818069458007812,0.9419678373355355,0.02858219050499259,1.0,58.0,269.0,49.0,128.50413513183594,0.2060574699551995,1.3769612584756215,0.23745689688996963,0.8374371528625488,831.6804297769195,94.12488393457244,0.8465350017203047,0.7397783249139533,1.7468540157574928,0.6610441048080569,3.2760631677854737,0.9387755102040817,0.7397783249139533,3.3,0.9183673469387752,0.7420802171798517,29.0475,0.04657791247248981,842.4391944229279,0.5680765537161503,0.8327304799572994,0.09840997878325494
