cell_mask_area,cell_mask_area_ratio,cell_mask_intensity,domain_area_mean,domain_area_std,domain_oop_mean,domain_oop_std,domain_slen_mean,myof_bending_mean,myof_bending_std,myof_length_max,myof_length_mean,myof_length_std,myof_straightness_mean,myof_straightness_std,n_domains,n_mbands,n_vectors,n_zbands,sarcomere_area,sarcomere_area_ratio,sarcomere_length_mean,sarcomere_length_std,sarcomere_oop,z_intensity_mean,z_intensity_std,z_lat_alignment_mean,z_lat_alignment_std,z_lat_dist_mean,z_lat_dist_std,z_lat_length_groups_mean,z_lat_neighbors_mean,z_lat_neighbors_std,z_length_max,z_length_mean,z_length_std,z_mask_area,z_mask_area_ratio,z_mask_intensity,z_oop,z_straightness_mean,z_straightness_std
861.4125,0.3219499478623566,607.0864045971007,44.805,13.52303451522623,0.6945002675056458,0.16728954017162323,1.650633718112826,0.04052656932781327,0.040464640723399434,17.022228240966797,9.935521125793457,3.713463306427002,0.9593592551149064,0.03220764523335727,3.0,64.0,252.0,61.0,141.84054565429688,0.16466042187023855,1.666862430463524,0.31305549470361177,0.584505021572113,879.5022848426831,116.23783394848385,0.803807624262139,0.5481394589278848,1.51463056346974,0.5328419765679221,2.053047159664882,0.6229508196721312,0.5481394589278848,3.15,0.9418032786885244,0.6098360655737705,35.415,0.04111270732662923,888.4567979669631,0.48250740670315984,0.8632798088299437,0.09482122266155525
