cell_mask_area,cell_mask_area_ratio,cell_mask_intensity,domain_area_mean,domain_area_std,domain_oop_mean,domain_oop_std,domain_slen_mean,myof_bending_mean,myof_bending_std,myof_length_max,myof_length_mean,myof_length_std,myof_straightness_mean,myof_straightness_std,n_domains,n_mbands,n_vectors,n_zbands,sarcomere_area,sarcomere_area_ratio,sarcomere_length_mean,sarcomere_length_std,sarcomere_oop,z_intensity_mean,z_intensity_std,z_lat_alignment_mean,z_lat_alignment_std,z_lat_dist_mean,z_lat_dist_std,z_lat_length_groups_mean,z_lat_neighbors_mean,z_lat_neighbors_std,z_length_max,z_length_mean,z_length_std,z_mask_area,z_mask_area_ratio,z_mask_intensity,z_oop,z_straightness_mean,z_straightness_std
1926.585,0.29502706464850414,542.6217153668279,39.616875,11.501763366844017,0.7564102411270142,0.10755249857902527,1.5375648968919455,0.02533608008866915,0.023459472608957865,22.150177001953125,10.215463638305664,5.269160747528076,0.957102906442645,0.025155273120501004,4.0,105.0,347.0,103.0,233.9491424560547,0.12143203775387781,1.5675383160707959,0.2858706848050391,0.3261895775794983,660.1720519029676,49.452792046230584,0.7160812967023047,0.5720745577730577,1.872592854481144,0.7150877895760094,1.9006509171125396,0.6407766990291263,0.5720745577730577,2.55,0.6917475728155337,0.46702409905276887,51.8625,0.026919393642118046,664.0472885032538,0.2739926450269464,0.8760762492251353,0.08604493873702239
