cell_mask_area,cell_mask_area_ratio,cell_mask_intensity,domain_area_mean,domain_area_std,domain_oop_mean,domain_oop_std,domain_slen_mean,myof_bending_mean,myof_bending_std,myof_length_max,myof_length_mean,myof_length_std,myof_straightness_mean,myof_straightness_std,n_domains,n_mbands,n_vectors,n_zbands,sarcomere_area,sarcomere_area_ratio,sarcomere_length_mean,sarcomere_length_std,sarcomere_oop,z_intensity_mean,z_intensity_std,z_lat_alignment_mean,z_lat_alignment_std,z_lat_dist_mean,z_lat_dist_std,z_lat_length_groups_mean,z_lat_neighbors_mean,z_lat_neighbors_std,z_length_max,z_length_mean,z_length_std,z_mask_area,z_mask_area_ratio,z_mask_intensity,z_oop,z_straightness_mean,z_straightness_std
994.5675,0.2976632996632997,667.2337397914168,21.509999999999998,0.0,0.4470578730106354,0.0,1.4594278709864372,0.025518027798172076,0.0,5.246285438537598,5.246285915374756,4.76837158203125e-07,0.9641833810888255,0.0,1.0,18.0,47.0,19.0,33.788700103759766,0.03397325983782877,1.485707233184357,0.24971353501298535,0.5315382480621338,943.3353147422889,95.78876703658473,0.5199783698984954,0.464829519280413,1.544166287895492,0.5550229502705842,1.2082811789804047,0.3157894736842105,0.464829519280413,2.1,0.7736842105263159,0.5063721382365656,8.235,0.008279980996764925,942.8415300546449,0.3913574245390973,0.8508532705799957,0.09523749268598253
