sarcomere_area,cell_mask_area_ratio,domain_area_std,domain_oop_mean,sarcomere_length_mean,z_mask_intensity,myof_straightness_std,z_mask_area,z_straightness_std,myof_length_mean,myof_bending_std,sarcomere_oop,n_domains,myof_straightness_mean,z_intensity_mean,myof_bending_mean,z_lat_dist_mean,z_lat_length_groups_mean,z_length_max,sarcomere_area_ratio,z_length_std,myof_length_max,domain_slen_mean,z_mask_area_ratio,z_lat_alignment_std,n_zbands,cell_mask_area,cell_mask_intensity,z_oop,z_lat_alignment_mean,z_length_mean,z_lat_dist_std,myof_length_std,n_vectors,z_straightness_mean,n_mbands,z_intensity_std,sarcomere_length_std,z_lat_neighbors_mean,z_lat_neighbors_std,domain_area_mean,domain_oop_std
100.11338806152344,0.2344780048544045,0.0,0.8428188562393188,1.5109054170158593,801.0564516129032,0.016523924645596724,22.32,0.10128383060987618,10.552952766418457,0.010190191805031253,0.8428189754486084,1.0,0.9485894674950062,799.4519630337472,0.02157260218633499,1.9530293596872685,4.561037748169345,3.5999999999999996,0.13915073535919084,0.6877201352112645,18.91977310180664,1.5109054170158593,0.031023267450587946,0.5994789404140899,48.0,719.4599999999999,590.0992619464598,0.7621795921824437,0.6744318120629216,0.896875,0.789415176063608,4.131877899169922,211.0,0.8431976030025515,46.0,61.04254923263643,0.20939964898262758,1.125,0.5994789404140899,95.4225,0.0
