cell_mask_area,cell_mask_area_ratio,cell_mask_intensity,domain_area_mean,domain_area_std,domain_oop_mean,domain_oop_std,domain_slen_mean,myof_bending_mean,myof_bending_std,myof_length_max,myof_length_mean,myof_length_std,myof_straightness_mean,myof_straightness_std,n_domains,n_mbands,n_vectors,n_zbands,sarcomere_area,sarcomere_area_ratio,sarcomere_length_mean,sarcomere_length_std,sarcomere_oop,z_intensity_mean,z_intensity_std,z_lat_alignment_mean,z_lat_alignment_std,z_lat_dist_mean,z_lat_dist_std,z_lat_length_groups_mean,z_lat_neighbors_mean,z_lat_neighbors_std,z_length_max,z_length_mean,z_length_std,z_mask_area,z_mask_area_ratio,z_mask_intensity,z_oop,z_straightness_mean,z_straightness_std
1556.1675,0.3463952119800666,598.039486430606,25.11,0.0,0.6798578500747681,0.0,1.473294448917175,0.026099613231255227,0.026005798733568033,5.901336669921875,5.774696350097656,0.09636247158050537,0.9852462021153867,0.01183408985541673,1.0,23.0,72.0,26.0,49.806312561035156,0.032005752954637055,1.4590171398854819,0.2705188910600055,0.3476426601409912,913.8809947202387,119.55040082080436,0.549633102257778,0.5704768066996664,2.1103873585702284,0.5947816379033402,1.6231162075710686,0.46153846153846156,0.5704768066996664,3.9,0.7615384615384614,0.8504871559094022,12.195,0.007836560010410191,926.9483394833949,0.3653818604597611,0.8552910469858216,0.13529530617723895
