cell_mask_area,cell_mask_area_ratio,cell_mask_intensity,domain_area_mean,domain_area_std,domain_oop_mean,domain_oop_std,domain_slen_mean,myof_bending_mean,myof_bending_std,myof_length_max,myof_length_mean,myof_length_std,myof_straightness_mean,myof_straightness_std,n_domains,n_mbands,n_vectors,n_zbands,sarcomere_area,sarcomere_area_ratio,sarcomere_length_mean,sarcomere_length_std,sarcomere_oop,z_intensity_mean,z_intensity_std,z_lat_alignment_mean,z_lat_alignment_std,z_lat_dist_mean,z_lat_dist_std,z_lat_length_groups_mean,z_lat_neighbors_mean,z_lat_neighbors_std,z_length_max,z_length_mean,z_length_std,z_mask_area,z_mask_area_ratio,z_mask_intensity,z_oop,z_straightness_mean,z_straightness_std
705.24,0.24744221295945434,645.6114088820827,,,,,,0.011481046945076517,0.007317174298545594,9.224071502685547,8.536307334899902,0.44980892539024353,0.9599973198585343,0.011761569546158186,0.0,27.0,70.0,23.0,47.02284240722656,0.06667636890594204,1.3485026551294321,0.21631557033861443,0.7460193037986755,981.1274387125809,136.84726958748723,0.7583158542953967,0.5800723506141884,1.3084514178628863,0.3697362398962285,1.220629912186901,0.5217391304347826,0.5800723506141884,1.3499999999999999,0.5608695652173913,0.28740084178083525,10.125,0.014356814701378255,981.2311111111111,0.610165312279057,0.82932611829264,0.0817517750009249
