sarcomere_area,cell_mask_area_ratio,domain_area_std,domain_oop_mean,sarcomere_length_mean,z_mask_intensity,myof_straightness_std,z_mask_area,z_straightness_std,myof_length_mean,myof_bending_std,sarcomere_oop,n_domains,myof_straightness_mean,z_intensity_mean,myof_bending_mean,z_lat_dist_mean,z_lat_length_groups_mean,z_length_max,sarcomere_area_ratio,z_length_std,myof_length_max,domain_slen_mean,z_mask_area_ratio,z_lat_alignment_std,n_zbands,cell_mask_area,cell_mask_intensity,z_oop,z_lat_alignment_mean,z_length_mean,z_lat_dist_std,myof_length_std,n_vectors,z_straightness_mean,n_mbands,z_intensity_std,sarcomere_length_std,z_lat_neighbors_mean,z_lat_neighbors_std,domain_area_mean,domain_oop_std
52.22672653198242,0.19710799999999998,0.0,0.7906520366668701,1.4019650115992668,882.6982378854625,0.02650963638670314,10.215,0.0984315803516791,6.692273139953613,0.024330925469391623,0.29593679308891296,1.0,0.9607174340207072,868.6081424419721,0.03692864229895935,1.6313289659210972,1.7531644829605484,1.65,0.047104893679929496,0.4472135954999579,8.709626197814941,1.39256127154198,0.009213223207581632,0.6871842709362769,24.0,1108.7324999999998,596.4574953832416,0.23004668405979983,0.6392685466245268,0.625,0.6619220535280584,1.4490408897399902,85.0,0.866678641770335,25.0,116.91360723832219,0.2858983948501693,0.6666666666666666,0.6871842709362769,26.3925,0.0
