cell_mask_area,cell_mask_area_ratio,cell_mask_intensity,domain_area_mean,domain_area_std,domain_oop_mean,domain_oop_std,domain_slen_mean,myof_bending_mean,myof_bending_std,myof_length_max,myof_length_mean,myof_length_std,myof_straightness_mean,myof_straightness_std,n_domains,n_mbands,n_vectors,n_zbands,sarcomere_area,sarcomere_area_ratio,sarcomere_length_mean,sarcomere_length_std,sarcomere_oop,z_intensity_mean,z_intensity_std,z_lat_alignment_mean,z_lat_alignment_std,z_lat_dist_mean,z_lat_dist_std,z_lat_length_groups_mean,z_lat_neighbors_mean,z_lat_neighbors_std,z_length_max,z_length_mean,z_length_std,z_mask_area,z_mask_area_ratio,z_mask_intensity,z_oop,z_straightness_mean,z_straightness_std
587.97,0.14673644490364315,686.829251492423,22.545,1.102500000000001,0.8154160976409912,0.11368897557258606,1.3545905425182254,0.05296176604190463,0.018766023704923696,7.4354424476623535,6.421618461608887,1.1106363534927368,0.9312178304483012,0.0058570636980847055,2.0,34.0,104.0,26.0,63.42443084716797,0.10787018189221893,1.3496663279568137,0.2330807757735391,0.2223711460828781,1183.3696642548662,264.9707755420221,0.7170139570606465,0.4615384615384615,2.48722190682466,0.4568667050809245,2.5697057153777614,0.6923076923076923,0.4615384615384615,2.6999999999999997,0.8192307692307691,0.5569623870529462,12.9825,0.022080208173886423,1161.8804159445408,0.28829518941680055,0.8435025369541148,0.11750729506819
