cell_mask_area,cell_mask_area_ratio,cell_mask_intensity,domain_area_mean,domain_area_std,domain_oop_mean,domain_oop_std,domain_slen_mean,myof_bending_mean,myof_bending_std,myof_length_max,myof_length_mean,myof_length_std,myof_straightness_mean,myof_straightness_std,n_domains,n_mbands,n_vectors,n_zbands,sarcomere_area,sarcomere_area_ratio,sarcomere_length_mean,sarcomere_length_std,sarcomere_oop,z_intensity_mean,z_intensity_std,z_lat_alignment_mean,z_lat_alignment_std,z_lat_dist_mean,z_lat_dist_std,z_lat_length_groups_mean,z_lat_neighbors_mean,z_lat_neighbors_std,z_length_max,z_length_mean,z_length_std,z_mask_area,z_mask_area_ratio,z_mask_intensity,z_oop,z_straightness_mean,z_straightness_std
875.16,0.2985454964117128,574.309414849856,24.7275,4.274999999999999,0.8514134883880615,0.11034753918647766,1.5409566977858855,0.013153888901431337,0.012206134898112307,15.036796569824219,11.242403984069824,3.403933048248291,0.9759637121788164,0.006680160163305554,2.0,30.0,90.0,26.0,68.69940948486328,0.07849925669004901,1.5453073950373646,0.20504071766275445,0.4028919041156769,784.5031754453072,81.37906163239846,0.6851701515661419,0.36080121229411,1.5023414656411032,0.9023414656411053,0.8501951221367584,0.15384615384615385,0.36080121229411,2.1,0.6692307692307692,0.454269685039143,15.5025,0.01771390374331551,773.400580551524,0.3842434698893342,0.8702092853506832,0.09015511650004747
