sarcomere_area,cell_mask_area_ratio,domain_area_std,domain_oop_mean,sarcomere_length_mean,z_mask_intensity,myof_straightness_std,z_mask_area,z_straightness_std,myof_length_mean,myof_bending_std,sarcomere_oop,n_domains,myof_straightness_mean,z_intensity_mean,myof_bending_mean,z_lat_dist_mean,z_lat_length_groups_mean,z_length_max,sarcomere_area_ratio,z_length_std,myof_length_max,domain_slen_mean,z_mask_area_ratio,z_lat_alignment_std,n_zbands,cell_mask_area,cell_mask_intensity,z_oop,z_lat_alignment_mean,z_length_mean,z_lat_dist_std,myof_length_std,n_vectors,z_straightness_mean,n_mbands,z_intensity_std,sarcomere_length_std,z_lat_neighbors_mean,z_lat_neighbors_std,domain_area_mean,domain_oop_std
178.98257446289062,0.27539438418505924,11.2540534884936,0.6992551684379578,1.4647389189916533,914.5475138121546,0.02339888047154823,40.725,0.09266878312052894,7.6750898361206055,0.03835777971550008,0.24268263578414917,4.0,0.9629088816587945,895.966500698954,0.03424418482689883,1.8903834923166707,1.5163621846175148,2.85,0.12989518431155428,0.5472238402328583,18.255250930786133,1.4570077343803416,0.029555845852384067,0.5396634411943071,73.0,1377.8999999999999,622.0221913781842,0.2930331332990494,0.7609729787596695,0.8630136986301369,0.8713824618580361,2.935523271560669,299.0,0.8443112142994812,85.0,135.62943860818248,0.20942142802598485,0.3835616438356164,0.5396634411943071,35.983125,0.20821982622146606
