cell_mask_area,cell_mask_area_ratio,cell_mask_intensity,domain_area_mean,domain_area_std,domain_oop_mean,domain_oop_std,domain_slen_mean,myof_bending_mean,myof_bending_std,myof_length_max,myof_length_mean,myof_length_std,myof_straightness_mean,myof_straightness_std,n_domains,n_mbands,n_vectors,n_zbands,sarcomere_area,sarcomere_area_ratio,sarcomere_length_mean,sarcomere_length_std,sarcomere_oop,z_intensity_mean,z_intensity_std,z_lat_alignment_mean,z_lat_alignment_std,z_lat_dist_mean,z_lat_dist_std,z_lat_length_groups_mean,z_lat_neighbors_mean,z_lat_neighbors_std,z_length_max,z_length_mean,z_length_std,z_mask_area,z_mask_area_ratio,z_mask_intensity,z_oop,z_straightness_mean,z_straightness_std
751.7025,0.32065457337556386,638.3148552785177,104.13,0.0,0.37853121757507324,0.0,1.4432798272635503,0.028686194250594547,0.022478215810365163,11.966053009033203,8.33734130859375,1.6727136373519897,0.9555931898225997,0.025997271735532165,1.0,56.0,241.0,43.0,127.55524444580078,0.1696884664422438,1.4368904270453113,0.2311073592012192,0.37129685282707214,866.4848192952063,85.08691657574992,0.7612792925404608,0.6867359562899257,1.4847094663148677,0.6423090202994948,2.0733741020697756,0.6046511627906976,0.6867359562899257,3.15,0.9976744186046511,0.6660324637988484,25.83,0.03436199826394085,861.0844947735192,0.26118639605779,0.8087342613528635,0.1009005323508847
