cell_mask_area,cell_mask_area_ratio,cell_mask_intensity,domain_area_mean,domain_area_std,domain_oop_mean,domain_oop_std,domain_slen_mean,myof_bending_mean,myof_bending_std,myof_length_max,myof_length_mean,myof_length_std,myof_straightness_mean,myof_straightness_std,n_domains,n_mbands,n_vectors,n_zbands,sarcomere_area,sarcomere_area_ratio,sarcomere_length_mean,sarcomere_length_std,sarcomere_oop,z_intensity_mean,z_intensity_std,z_lat_alignment_mean,z_lat_alignment_std,z_lat_dist_mean,z_lat_dist_std,z_lat_length_groups_mean,z_lat_neighbors_mean,z_lat_neighbors_std,z_length_max,z_length_mean,z_length_std,z_mask_area,z_mask_area_ratio,z_mask_intensity,z_oop,z_straightness_mean,z_straightness_std
1023.2099999999999,0.3244577625570776,704.9404740962266,40.597500000000004,21.70168513042248,0.8401157259941101,0.12622548639774323,1.458944888315046,0.022180602643697662,0.0160492848821152,21.5257511138916,11.101943969726562,3.6499040126800537,0.9567605996504425,0.029893774448231186,3.0,80.0,279.0,62.0,171.21009826660156,0.16732645133120433,1.44156602763469,0.19313101987883807,0.6126143932342529,1056.4633059345686,187.04449671902407,0.7704459033268722,0.6052149367514104,1.8611579833674041,0.7686532397986996,2.144465155441411,0.6129032258064516,0.6052149367514104,3.5999999999999996,0.9169354838709676,0.7329207779872331,33.1875,0.03243469082593017,1059.122033898305,0.4178464072459979,0.8469082358522358,0.10100177104017902
