cell_mask_area,cell_mask_area_ratio,cell_mask_intensity,domain_area_mean,domain_area_std,domain_oop_mean,domain_oop_std,domain_slen_mean,myof_bending_mean,myof_bending_std,myof_length_max,myof_length_mean,myof_length_std,myof_straightness_mean,myof_straightness_std,n_domains,n_mbands,n_vectors,n_zbands,sarcomere_area,sarcomere_area_ratio,sarcomere_length_mean,sarcomere_length_std,sarcomere_oop,z_intensity_mean,z_intensity_std,z_lat_alignment_mean,z_lat_alignment_std,z_lat_dist_mean,z_lat_dist_std,z_lat_length_groups_mean,z_lat_neighbors_mean,z_lat_neighbors_std,z_length_max,z_length_mean,z_length_std,z_mask_area,z_mask_area_ratio,z_mask_intensity,z_oop,z_straightness_mean,z_straightness_std
495.135,0.24640017915127085,613.6100154503317,94.43249999999999,0.0,0.8684222102165222,0.0,1.4847968151198783,0.015972986776564932,0.011998787259252807,17.488317489624023,8.814347267150879,3.7521309852600098,0.9645117108457681,0.02084383795032867,1.0,43.0,207.0,44.0,98.97510528564453,0.19989519077755466,1.4847968151198783,0.2042286095685274,0.868422269821167,801.5268615402933,67.55484328106753,0.7933955385215267,0.6726658448613064,1.556677154238382,0.5334625801579862,3.854932121308703,1.0454545454545454,0.6726658448613064,3.3,1.0261363636363636,0.7035210661350999,21.982499999999998,0.04439698264109788,805.1750255885363,0.8310254288030915,0.8342891265225792,0.10009223301092536
