cell_mask_area,cell_mask_area_ratio,cell_mask_intensity,domain_area_mean,domain_area_std,domain_oop_mean,domain_oop_std,domain_slen_mean,myof_bending_mean,myof_bending_std,myof_length_max,myof_length_mean,myof_length_std,myof_straightness_mean,myof_straightness_std,n_domains,n_mbands,n_vectors,n_zbands,sarcomere_area,sarcomere_area_ratio,sarcomere_length_mean,sarcomere_length_std,sarcomere_oop,z_intensity_mean,z_intensity_std,z_lat_alignment_mean,z_lat_alignment_std,z_lat_dist_mean,z_lat_dist_std,z_lat_length_groups_mean,z_lat_neighbors_mean,z_lat_neighbors_std,z_length_max,z_length_mean,z_length_std,z_mask_area,z_mask_area_ratio,z_mask_intensity,z_oop,z_straightness_mean,z_straightness_std
1306.5525,0.23451988627184908,626.7101207184556,26.91,0.0,0.9241838455200195,0.0,1.3353562534031207,0.05269381534051518,0.016552500996406344,6.904117584228516,6.819800853729248,0.0434524230659008,0.9469823173275027,0.008406823886456723,1.0,36.0,100.0,33.0,58.869564056396484,0.0450571745539475,1.3976524821605911,0.2748066334028283,0.5536838173866272,977.4478715291131,155.73538156919486,0.6937567139668925,0.5521474896451091,1.8056693132456763,0.4697124224185734,1.4438340458738357,0.42424242424242425,0.5521474896451091,1.7999999999999998,0.7545454545454545,0.4821611129518588,14.04,0.010745836849265528,977.7596153846154,0.538576856966006,0.844814800981916,0.09210682568908478
