sarcomere_area,cell_mask_area_ratio,domain_area_std,domain_oop_mean,sarcomere_length_mean,z_mask_intensity,myof_straightness_std,z_mask_area,z_straightness_std,myof_length_mean,myof_bending_std,sarcomere_oop,n_domains,myof_straightness_mean,z_intensity_mean,myof_bending_mean,z_lat_dist_mean,z_lat_length_groups_mean,z_length_max,sarcomere_area_ratio,z_length_std,myof_length_max,domain_slen_mean,z_mask_area_ratio,z_lat_alignment_std,n_zbands,cell_mask_area,cell_mask_intensity,z_oop,z_lat_alignment_mean,z_length_mean,z_lat_dist_std,myof_length_std,n_vectors,z_straightness_mean,n_mbands,z_intensity_std,sarcomere_length_std,z_lat_neighbors_mean,z_lat_neighbors_std,domain_area_mean,domain_oop_std
126.41058349609375,0.19057615933295133,15.828749999999998,0.701321542263031,1.6876171513897475,667.4219133278823,0.022421827893829124,27.5175,0.09641815834100219,12.281571388244629,0.015600799643891222,0.7569121718406677,2.0,0.9436986906089421,664.6519758156892,0.02534526492874389,1.644099116873543,2.3082935981609074,2.6999999999999997,0.14562214964313897,0.5681081882707262,16.07058334350586,1.6706932851920309,0.03169954122495529,0.6988134171893782,54.0,868.0725,565.502008760789,0.48406545594530764,0.8084426303607348,0.8444444444444442,0.6802118007618195,2.5988478660583496,181.0,0.8501319694363348,51.0,43.07209194337038,0.21264147937494915,0.7407407407407407,0.6988134171893782,39.183749999999996,0.0985344648361206
