cell_mask_area,cell_mask_area_ratio,cell_mask_intensity,domain_area_mean,domain_area_std,domain_oop_mean,domain_oop_std,domain_slen_mean,myof_bending_mean,myof_bending_std,myof_length_max,myof_length_mean,myof_length_std,myof_straightness_mean,myof_straightness_std,n_domains,n_mbands,n_vectors,n_zbands,sarcomere_area,sarcomere_area_ratio,sarcomere_length_mean,sarcomere_length_std,sarcomere_oop,z_intensity_mean,z_intensity_std,z_lat_alignment_mean,z_lat_alignment_std,z_lat_dist_mean,z_lat_dist_std,z_lat_length_groups_mean,z_lat_neighbors_mean,z_lat_neighbors_std,z_length_max,z_length_mean,z_length_std,z_mask_area,z_mask_area_ratio,z_mask_intensity,z_oop,z_straightness_mean,z_straightness_std
1028.5874999999999,0.22434607645875249,563.5089576725363,28.3275,0.0,0.7511396408081055,0.0,1.412086287377507,0.12248760948901256,0.12649961043399888,7.428671360015869,7.140108108520508,0.28223881125450134,0.9316691270285077,0.04794960963260204,1.0,24.0,76.0,23.0,52.57001495361328,0.05110893818329825,1.3678492442214596,0.17536877079346613,0.5120790004730225,813.1927606686473,110.89264130474183,0.5577743330308089,0.3790346907426672,2.6998829006933684,0.18542470855733484,1.0785602762565112,0.17391304347826086,0.3790346907426672,3.4499999999999997,0.75,0.7480409195968523,13.184999999999999,0.01281854971016078,824.6774744027304,0.4741008439759923,0.864317234065565,0.11545479618156332
