cell_mask_area,cell_mask_area_ratio,cell_mask_intensity,domain_area_mean,domain_area_std,domain_oop_mean,domain_oop_std,domain_slen_mean,myof_bending_mean,myof_bending_std,myof_length_max,myof_length_mean,myof_length_std,myof_straightness_mean,myof_straightness_std,n_domains,n_mbands,n_vectors,n_zbands,sarcomere_area,sarcomere_area_ratio,sarcomere_length_mean,sarcomere_length_std,sarcomere_oop,z_intensity_mean,z_intensity_std,z_lat_alignment_mean,z_lat_alignment_std,z_lat_dist_mean,z_lat_dist_std,z_lat_length_groups_mean,z_lat_neighbors_mean,z_lat_neighbors_std,z_length_max,z_length_mean,z_length_std,z_mask_area,z_mask_area_ratio,z_mask_intensity,z_oop,z_straightness_mean,z_straightness_std
314.41499999999996,0.21749416342412448,671.0035780735652,57.239999999999995,0.0,0.8124900460243225,0.0,1.3993597670718292,0.03836458412800703,0.026439193579666537,8.547289848327637,6.453121662139893,0.727481484413147,0.9495964906952323,0.025626158489010446,1.0,20.0,187.0,19.0,72.65215301513672,0.23107088725136118,1.3993597670718292,0.34452371120601416,0.8124899864196777,982.6606222547881,127.51228279593563,0.8820777271226689,0.5102820902543503,1.5969283756561474,0.7831473443894309,5.857698195173497,1.0526315789473684,0.5102820902543503,7.199999999999999,1.9342105263157894,2.0692645929601827,14.4675,0.04601402604837556,1059.7947122861585,0.7472278906050782,0.7482614942316644,0.20018262281338264
