cell_mask_area,cell_mask_area_ratio,cell_mask_intensity,domain_area_mean,domain_area_std,domain_oop_mean,domain_oop_std,domain_slen_mean,myof_bending_mean,myof_bending_std,myof_length_max,myof_length_mean,myof_length_std,myof_straightness_mean,myof_straightness_std,n_domains,n_mbands,n_vectors,n_zbands,sarcomere_area,sarcomere_area_ratio,sarcomere_length_mean,sarcomere_length_std,sarcomere_oop,z_intensity_mean,z_intensity_std,z_lat_alignment_mean,z_lat_alignment_std,z_lat_dist_mean,z_lat_dist_std,z_lat_length_groups_mean,z_lat_neighbors_mean,z_lat_neighbors_std,z_length_max,z_length_mean,z_length_std,z_mask_area,z_mask_area_ratio,z_mask_intensity,z_oop,z_straightness_mean,z_straightness_std
746.9549999999999,0.2161215561689495,610.2390505452136,,,,,,0.033448637105305636,0.0,5.484704971313477,5.484704494476318,4.76837158203125e-07,0.9382352941176475,0.0,0.0,16.0,42.0,19.0,35.68986511230469,0.047780475547127596,1.3696129097994423,0.2283810016624323,0.5268203616142273,838.0187702499959,101.33881379771819,0.7151387024383885,0.49930699897395464,1.4437141839426506,0.4014839412514548,1.3191836371223753,0.5263157894736842,0.49930699897395464,1.65,0.5921052631578948,0.3721428552439792,9.584999999999999,0.012832098319175854,828.8638497652582,0.3013390452977486,0.8505914693774198,0.12223434692634495
