cell_mask_area,cell_mask_area_ratio,cell_mask_intensity,domain_area_mean,domain_area_std,domain_oop_mean,domain_oop_std,domain_slen_mean,myof_bending_mean,myof_bending_std,myof_length_max,myof_length_mean,myof_length_std,myof_straightness_mean,myof_straightness_std,n_domains,n_mbands,n_vectors,n_zbands,sarcomere_area,sarcomere_area_ratio,sarcomere_length_mean,sarcomere_length_std,sarcomere_oop,z_intensity_mean,z_intensity_std,z_lat_alignment_mean,z_lat_alignment_std,z_lat_dist_mean,z_lat_dist_std,z_lat_length_groups_mean,z_lat_neighbors_mean,z_lat_neighbors_std,z_length_max,z_length_mean,z_length_std,z_mask_area,z_mask_area_ratio,z_mask_intensity,z_oop,z_straightness_mean,z_straightness_std
1447.335,0.44542772861356933,627.60763921276,53.145,21.72694726601047,0.7436601519584656,0.22584614157676697,1.5090578410765911,0.024228802983340233,0.020184324487803378,25.14496612548828,11.412531852722168,5.296199798583984,0.9572164979217482,0.03235422221236326,3.0,82.0,352.0,71.0,209.41517639160156,0.14469019017131593,1.532437235564107,0.26139766609578036,0.535564661026001,879.3187633162787,103.55342012753549,0.7658551010089688,0.5988814542385718,2.1957261531542693,0.6687014732706631,2.2463631973153997,0.5633802816901409,0.5988814542385718,4.8,0.9950704225352112,0.7985971383663126,45.7425,0.03160463887075211,882.1411706837187,0.3981993753668398,0.8379180264286079,0.0942833540475196
