sarcomere_area,cell_mask_area_ratio,domain_area_std,domain_oop_mean,sarcomere_length_mean,z_mask_intensity,myof_straightness_std,z_mask_area,z_straightness_std,myof_length_mean,myof_bending_std,sarcomere_oop,n_domains,myof_straightness_mean,z_intensity_mean,myof_bending_mean,z_lat_dist_mean,z_lat_length_groups_mean,z_length_max,sarcomere_area_ratio,z_length_std,myof_length_max,domain_slen_mean,z_mask_area_ratio,z_lat_alignment_std,n_zbands,cell_mask_area,cell_mask_intensity,z_oop,z_lat_alignment_mean,z_length_mean,z_lat_dist_std,myof_length_std,n_vectors,z_straightness_mean,n_mbands,z_intensity_std,sarcomere_length_std,z_lat_neighbors_mean,z_lat_neighbors_std,domain_area_mean,domain_oop_std
68.9039535522461,0.34020826335236815,0.0,0.808830976486206,1.3688876471224825,1131.4493392070485,0.023040577625429513,15.3225,0.09634697751368163,11.004528045654297,0.01654966377184913,0.8167980909347534,1.0,0.9559935214678822,1098.453754401592,0.0269868055258844,1.040613144339947,1.8554306589008507,3.9,0.10078982147365001,0.9259778418405078,14.443950653076172,1.383753651518,0.022413112164297,0.560585393451057,31.0,683.64,741.611275671406,0.7465694529598179,0.8793570174851473,1.1080645161290323,0.2596859330555449,2.1380691528320312,156.0,0.8402239333025776,35.0,155.2894475376912,0.14030500858107503,0.5161290322580645,0.560585393451057,51.839999999999996,0.0
