cell_mask_area,cell_mask_area_ratio,cell_mask_intensity,domain_area_mean,domain_area_std,domain_oop_mean,domain_oop_std,domain_slen_mean,myof_bending_mean,myof_bending_std,myof_length_max,myof_length_mean,myof_length_std,myof_straightness_mean,myof_straightness_std,n_domains,n_mbands,n_vectors,n_zbands,sarcomere_area,sarcomere_area_ratio,sarcomere_length_mean,sarcomere_length_std,sarcomere_oop,z_intensity_mean,z_intensity_std,z_lat_alignment_mean,z_lat_alignment_std,z_lat_dist_mean,z_lat_dist_std,z_lat_length_groups_mean,z_lat_neighbors_mean,z_lat_neighbors_std,z_length_max,z_length_mean,z_length_std,z_mask_area,z_mask_area_ratio,z_mask_intensity,z_oop,z_straightness_mean,z_straightness_std
803.7674999999999,0.33215866403838284,693.3881532905971,37.515,10.943921257940408,0.860173225402832,0.01720944419503212,1.470653260118623,0.018884330744875177,0.017822034607932906,15.541897773742676,8.311213493347168,2.198141098022461,0.9678436219789108,0.0179463938293416,3.0,68.0,224.0,67.0,126.8486328125,0.1578175689020768,1.4999888232506697,0.23804078147146215,0.6616555452346802,1004.420971117986,136.78830582742356,0.737650516479891,0.7189011688831223,1.8297219028998597,0.6371724458813741,2.8505938608304344,0.9253731343283582,0.7189011688831223,3.5999999999999996,0.6850746268656717,0.6012434208764773,30.15,0.03751084735324581,996.1932835820895,0.554857036444422,0.8827505128943814,0.09460868365517262
