cell_mask_area,cell_mask_area_ratio,cell_mask_intensity,domain_area_mean,domain_area_std,domain_oop_mean,domain_oop_std,domain_slen_mean,myof_bending_mean,myof_bending_std,myof_length_max,myof_length_mean,myof_length_std,myof_straightness_mean,myof_straightness_std,n_domains,n_mbands,n_vectors,n_zbands,sarcomere_area,sarcomere_area_ratio,sarcomere_length_mean,sarcomere_length_std,sarcomere_oop,z_intensity_mean,z_intensity_std,z_lat_alignment_mean,z_lat_alignment_std,z_lat_dist_mean,z_lat_dist_std,z_lat_length_groups_mean,z_lat_neighbors_mean,z_lat_neighbors_std,z_length_max,z_length_mean,z_length_std,z_mask_area,z_mask_area_ratio,z_mask_intensity,z_oop,z_straightness_mean,z_straightness_std
1196.46,0.11570463723715362,598.5047013690387,47.385,12.13066517137457,0.9397087693214417,0.014295866712927818,1.6511898463455499,0.014552231927745206,0.009993530054639117,39.4803581237793,19.60605239868164,7.903482437133789,0.9621204900888747,0.03169854215591489,3.0,62.0,296.0,64.0,169.36367797851562,0.14155398256399346,1.663498781168313,0.2848383121330457,0.520843505859375,903.7125967904649,137.02236375229867,0.7596917952616142,0.5294085733155443,1.7675540808762555,0.6919194831609343,1.909455330880486,0.46875,0.5294085733155443,4.05,1.04765625,0.8512137330517743,39.24,0.032796750413720474,914.7798165137615,0.6136278199565564,0.8507472675917582,0.09891376848570246
