cell_mask_area,cell_mask_area_ratio,cell_mask_intensity,domain_area_mean,domain_area_std,domain_oop_mean,domain_oop_std,domain_slen_mean,myof_bending_mean,myof_bending_std,myof_length_max,myof_length_mean,myof_length_std,myof_straightness_mean,myof_straightness_std,n_domains,n_mbands,n_vectors,n_zbands,sarcomere_area,sarcomere_area_ratio,sarcomere_length_mean,sarcomere_length_std,sarcomere_oop,z_intensity_mean,z_intensity_std,z_lat_alignment_mean,z_lat_alignment_std,z_lat_dist_mean,z_lat_dist_std,z_lat_length_groups_mean,z_lat_neighbors_mean,z_lat_neighbors_std,z_length_max,z_length_mean,z_length_std,z_mask_area,z_mask_area_ratio,z_mask_intensity,z_oop,z_straightness_mean,z_straightness_std
533.7225,0.19947694170675095,674.9727245900257,,,,,,0.0325043051070518,0.013413879579775509,8.79007625579834,8.714638710021973,0.03372414410114288,0.9334195582860124,0.005728514736300094,0.0,24.0,69.0,17.0,43.6101188659668,0.081709350581935,1.3727469313052005,0.14958511327702584,0.3577665686607361,1103.120168281563,199.22483713429426,0.5927285420012625,0.42418250299576343,2.1801733273929074,0.7972416587989732,1.3306897769857213,0.23529411764705882,0.42418250299576343,1.7999999999999998,0.9176470588235293,0.4452167933485716,9.202499999999999,0.017242106150668183,1098.195599022005,0.29769589509300454,0.8374973255991724,0.082227233052269
