sarcomere_area,cell_mask_area_ratio,domain_area_std,domain_oop_mean,sarcomere_length_mean,z_mask_intensity,myof_straightness_std,z_mask_area,z_straightness_std,myof_length_mean,myof_bending_std,sarcomere_oop,n_domains,myof_straightness_mean,z_intensity_mean,myof_bending_mean,z_lat_dist_mean,z_lat_length_groups_mean,z_length_max,sarcomere_area_ratio,z_length_std,myof_length_max,domain_slen_mean,z_mask_area_ratio,z_lat_alignment_std,n_zbands,cell_mask_area,cell_mask_intensity,z_oop,z_lat_alignment_mean,z_length_mean,z_lat_dist_std,myof_length_std,n_vectors,z_straightness_mean,n_mbands,z_intensity_std,sarcomere_length_std,z_lat_neighbors_mean,z_lat_neighbors_std,domain_area_mean,domain_oop_std
90.37238311767578,0.13794873738504848,0.0,0.8527079820632935,1.6393938779590402,812.8545081967213,0.03741705643429864,21.96,0.07850658785302625,13.721867561340332,0.015631936906754126,0.4664776623249054,1.0,0.9419566334807463,808.3837340253151,0.02190631487254515,1.4158024173322754,1.1517828506272332,2.25,0.10032096212966982,0.4877804871950915,25.3470516204834,1.6474240379478569,0.024377450857956392,0.47420053890789227,41.0,900.8325,576.0771536328896,0.43248646697523835,0.769791710187125,0.7134146341463414,0.57644533943974,4.826376438140869,141.0,0.8732053169244948,40.0,116.16412141811215,0.17216431702794455,0.34146341463414637,0.47420053890789227,39.51,0.0
