cell_mask_area,cell_mask_area_ratio,cell_mask_intensity,domain_area_mean,domain_area_std,domain_oop_mean,domain_oop_std,domain_slen_mean,myof_bending_mean,myof_bending_std,myof_length_max,myof_length_mean,myof_length_std,myof_straightness_mean,myof_straightness_std,n_domains,n_mbands,n_vectors,n_zbands,sarcomere_area,sarcomere_area_ratio,sarcomere_length_mean,sarcomere_length_std,sarcomere_oop,z_intensity_mean,z_intensity_std,z_lat_alignment_mean,z_lat_alignment_std,z_lat_dist_mean,z_lat_dist_std,z_lat_length_groups_mean,z_lat_neighbors_mean,z_lat_neighbors_std,z_length_max,z_length_mean,z_length_std,z_mask_area,z_mask_area_ratio,z_mask_intensity,z_oop,z_straightness_mean,z_straightness_std
1327.6125,0.3166285671356665,609.1703584441997,,,,,,0.03698282318746988,0.024516071463843676,11.919774055480957,7.455546855926514,3.0328526496887207,0.9330194447841507,0.022742513689763457,0.0,29.0,78.0,31.0,58.22898483276367,0.043859925115772615,1.4407254765048538,0.2116622247535257,0.6144989132881165,868.9133231078032,145.19494000407715,0.7914330459488017,0.5059479723018749,2.204382915724127,0.6098737253428683,1.009908580107278,0.25806451612903225,0.5059479723018749,1.7999999999999998,0.5951612903225806,0.38192104375492475,13.747499999999999,0.010355054656385051,861.4500818330606,0.39484117655965856,0.8670922784442708,0.07441408474246519
