cell_mask_area,cell_mask_area_ratio,cell_mask_intensity,domain_area_mean,domain_area_std,domain_oop_mean,domain_oop_std,domain_slen_mean,myof_bending_mean,myof_bending_std,myof_length_max,myof_length_mean,myof_length_std,myof_straightness_mean,myof_straightness_std,n_domains,n_mbands,n_vectors,n_zbands,sarcomere_area,sarcomere_area_ratio,sarcomere_length_mean,sarcomere_length_std,sarcomere_oop,z_intensity_mean,z_intensity_std,z_lat_alignment_mean,z_lat_alignment_std,z_lat_dist_mean,z_lat_dist_std,z_lat_length_groups_mean,z_lat_neighbors_mean,z_lat_neighbors_std,z_length_max,z_length_mean,z_length_std,z_mask_area,z_mask_area_ratio,z_mask_intensity,z_oop,z_straightness_mean,z_straightness_std
1577.4524999999999,0.26692937369122405,620.3897359825414,66.5775,9.720000000000002,0.9127691984176636,0.03517374396324158,1.5429823272488514,0.0219741609435736,0.026175136113398244,26.272510528564453,12.522858619689941,6.097229957580566,0.9605151330500746,0.025317068311770698,2.0,86.0,343.0,75.0,213.02197265625,0.1350417668083508,1.5218488162891024,0.2675045404065186,0.580655574798584,870.6498999767836,113.01015536722565,0.7792801657674421,0.6248199740725323,1.7995432950908195,0.7840720177979019,2.3233144918074444,0.64,0.6248199740725323,4.8,1.004,0.829206849947587,46.934999999999995,0.029753669286396896,873.2933844678811,0.4259687272832652,0.8334838023677138,0.09469622071279847
