cell_mask_area,cell_mask_area_ratio,cell_mask_intensity,domain_area_mean,domain_area_std,domain_oop_mean,domain_oop_std,domain_slen_mean,myof_bending_mean,myof_bending_std,myof_length_max,myof_length_mean,myof_length_std,myof_straightness_mean,myof_straightness_std,n_domains,n_mbands,n_vectors,n_zbands,sarcomere_area,sarcomere_area_ratio,sarcomere_length_mean,sarcomere_length_std,sarcomere_oop,z_intensity_mean,z_intensity_std,z_lat_alignment_mean,z_lat_alignment_std,z_lat_dist_mean,z_lat_dist_std,z_lat_length_groups_mean,z_lat_neighbors_mean,z_lat_neighbors_std,z_length_max,z_length_mean,z_length_std,z_mask_area,z_mask_area_ratio,z_mask_intensity,z_oop,z_straightness_mean,z_straightness_std
654.84,0.2825082508250825,656.7659084661902,21.5775,0.0,0.8326343894004822,0.0,1.5407551798090235,0.010067387052668552,0.0,6.0815558433532715,6.0815558433532715,0.0,0.969072164948454,0.0,1.0,27.0,72.0,34.0,59.771263122558594,0.09127613328837364,1.5446826108007476,0.2361743826610084,0.44745582342147827,989.6309974306537,188.82720429828618,0.709052784960191,0.6056253024110001,2.127994852839991,0.5908789269270843,1.5100781470223967,0.5294117647058824,0.6056253024110001,1.5,0.5470588235294117,0.2464277654782754,15.479999999999999,0.02363936228697086,1015.2819767441861,0.07519425003201202,0.8723329745994105,0.07342283496419713
