cell_mask_area,cell_mask_area_ratio,cell_mask_intensity,domain_area_mean,domain_area_std,domain_oop_mean,domain_oop_std,domain_slen_mean,myof_bending_mean,myof_bending_std,myof_length_max,myof_length_mean,myof_length_std,myof_straightness_mean,myof_straightness_std,n_domains,n_mbands,n_vectors,n_zbands,sarcomere_area,sarcomere_area_ratio,sarcomere_length_mean,sarcomere_length_std,sarcomere_oop,z_intensity_mean,z_intensity_std,z_lat_alignment_mean,z_lat_alignment_std,z_lat_dist_mean,z_lat_dist_std,z_lat_length_groups_mean,z_lat_neighbors_mean,z_lat_neighbors_std,z_length_max,z_length_mean,z_length_std,z_mask_area,z_mask_area_ratio,z_mask_intensity,z_oop,z_straightness_mean,z_straightness_std
1023.2774999999999,0.32447916666666665,704.9279007893754,32.3775,8.27382242376521,0.9336761832237244,0.03107495792210102,1.4519019469054752,0.02562564613155979,0.015117930575541921,21.392974853515625,11.712469100952148,4.066153526306152,0.9537051942661688,0.02665616628976609,3.0,81.0,275.0,63.0,171.07565307617188,0.16718402689023446,1.437981555959145,0.19588611651858126,0.6222228407859802,1054.6355024802372,186.24123996668476,0.7690914203828325,0.6052595544424643,1.8611579833674041,0.7686532397986996,2.085500038272288,0.6031746031746031,0.6052595544424643,3.5999999999999996,0.8952380952380949,0.7367730092234521,33.21,0.03245453945777172,1059.3048780487804,0.4245653920971591,0.8486953882117055,0.10170819483734586
