cell_mask_area,cell_mask_area_ratio,cell_mask_intensity,domain_area_mean,domain_area_std,domain_oop_mean,domain_oop_std,domain_slen_mean,myof_bending_mean,myof_bending_std,myof_length_max,myof_length_mean,myof_length_std,myof_straightness_mean,myof_straightness_std,n_domains,n_mbands,n_vectors,n_zbands,sarcomere_area,sarcomere_area_ratio,sarcomere_length_mean,sarcomere_length_std,sarcomere_oop,z_intensity_mean,z_intensity_std,z_lat_alignment_mean,z_lat_alignment_std,z_lat_dist_mean,z_lat_dist_std,z_lat_length_groups_mean,z_lat_neighbors_mean,z_lat_neighbors_std,z_length_max,z_length_mean,z_length_std,z_mask_area,z_mask_area_ratio,z_mask_intensity,z_oop,z_straightness_mean,z_straightness_std
719.4599999999999,0.2344780048544045,590.0992619464598,95.4225,0.0,0.8428188562393188,0.0,1.5109054170158593,0.02157260218633499,0.010190191805031253,18.91977310180664,10.552952766418457,4.131877899169922,0.9485894674950062,0.016523924645596724,1.0,46.0,211.0,48.0,100.11338806152344,0.13915073535919084,1.5109054170158593,0.20939964898262758,0.8428189754486084,799.4519630337472,61.04254923263643,0.6744318120629216,0.5994789404140899,1.9530293596872685,0.789415176063608,4.561037748169345,1.125,0.5994789404140899,3.5999999999999996,0.896875,0.6877201352112645,22.32,0.031023267450587946,801.0564516129032,0.7621795921824437,0.8431976030025515,0.10128383060987618
