sarcomere_area,cell_mask_area_ratio,domain_area_std,domain_oop_mean,sarcomere_length_mean,z_mask_intensity,myof_straightness_std,z_mask_area,z_straightness_std,myof_length_mean,myof_bending_std,sarcomere_oop,n_domains,myof_straightness_mean,z_intensity_mean,myof_bending_mean,z_lat_dist_mean,z_lat_length_groups_mean,z_length_max,sarcomere_area_ratio,z_length_std,myof_length_max,domain_slen_mean,z_mask_area_ratio,z_lat_alignment_std,n_zbands,cell_mask_area,cell_mask_intensity,z_oop,z_lat_alignment_mean,z_length_mean,z_lat_dist_std,myof_length_std,n_vectors,z_straightness_mean,n_mbands,z_intensity_std,sarcomere_length_std,z_lat_neighbors_mean,z_lat_neighbors_std,domain_area_mean,domain_oop_std
174.5442352294922,0.46590183559457304,17.939394063763693,0.7113010287284851,1.4627230151631783,1044.5368942731277,0.03713818563717728,40.86,0.10476308461334971,10.044342994689941,0.011934467375900237,0.3088570237159729,4.0,0.9516229836548173,1056.6561043713245,0.022112729370793168,1.9792078236427213,3.2427429426086523,3.5999999999999996,0.16610683837427107,0.6713314167058185,15.79392147064209,1.4807773101812765,0.03888484433214851,0.6884860984493179,81.0,1050.795,690.3464305597191,0.3444722422463417,0.7330814383436834,0.8574074074074074,0.6826270094822542,2.9503042697906494,317.0,0.8475223330991123,78.0,202.94104680881094,0.20125685191907566,0.9135802469135802,0.6884860984493179,36.72,0.275049090385437
