cell_mask_area,cell_mask_area_ratio,cell_mask_intensity,domain_area_mean,domain_area_std,domain_oop_mean,domain_oop_std,domain_slen_mean,myof_bending_mean,myof_bending_std,myof_length_max,myof_length_mean,myof_length_std,myof_straightness_mean,myof_straightness_std,n_domains,n_mbands,n_vectors,n_zbands,sarcomere_area,sarcomere_area_ratio,sarcomere_length_mean,sarcomere_length_std,sarcomere_oop,z_intensity_mean,z_intensity_std,z_lat_alignment_mean,z_lat_alignment_std,z_lat_dist_mean,z_lat_dist_std,z_lat_length_groups_mean,z_lat_neighbors_mean,z_lat_neighbors_std,z_length_max,z_length_mean,z_length_std,z_mask_area,z_mask_area_ratio,z_mask_intensity,z_oop,z_straightness_mean,z_straightness_std
861.6374999999999,0.32203404083554776,607.0639247943595,44.36249999999999,13.78514281754092,0.6972806453704834,0.16858746111392975,1.6321163279189321,0.03692387180881222,0.031886201955862,16.975875854492188,9.359926223754883,3.615579605102539,0.9451878394768937,0.04843778773669565,3.0,64.0,251.0,61.0,141.77044677734375,0.16453606856403508,1.6504570477475036,0.3191853602152418,0.5852991938591003,879.54607875369,116.16593000833115,0.8047207526464552,0.5481394589278848,1.51463056346974,0.5328419765679221,2.053047159664882,0.6229508196721312,0.5481394589278848,3.15,0.9418032786885244,0.6098360655737705,35.37,0.04104974539757149,888.6704834605598,0.48245662533756606,0.8630641056375365,0.09509324672060011
