cell_mask_area,cell_mask_area_ratio,cell_mask_intensity,domain_area_mean,domain_area_std,domain_oop_mean,domain_oop_std,domain_slen_mean,myof_bending_mean,myof_bending_std,myof_length_max,myof_length_mean,myof_length_std,myof_straightness_mean,myof_straightness_std,n_domains,n_mbands,n_vectors,n_zbands,sarcomere_area,sarcomere_area_ratio,sarcomere_length_mean,sarcomere_length_std,sarcomere_oop,z_intensity_mean,z_intensity_std,z_lat_alignment_mean,z_lat_alignment_std,z_lat_dist_mean,z_lat_dist_std,z_lat_length_groups_mean,z_lat_neighbors_mean,z_lat_neighbors_std,z_length_max,z_length_mean,z_length_std,z_mask_area,z_mask_area_ratio,z_mask_intensity,z_oop,z_straightness_mean,z_straightness_std
1328.0175,0.31672515749594854,609.1471799129152,,,,,,0.0444333497188685,0.03480948843633837,11.901649475097656,8.306878089904785,2.591672658920288,0.9373453996983407,0.02329578097093582,0.0,29.0,78.0,31.0,58.23875427246094,0.04385390574481205,1.4447845492591764,0.22601620777484235,0.593611478805542,869.1781464564976,144.9393751707783,0.7928874287535213,0.5059479723018749,2.204382915724127,0.6098737253428683,1.009908580107278,0.25806451612903225,0.5059479723018749,1.7999999999999998,0.5951612903225806,0.38192104375492475,13.725,0.010334954170408146,861.8475409836066,0.3946889329151887,0.8663515746924815,0.07527512789483883
