cell_mask_area,cell_mask_area_ratio,cell_mask_intensity,domain_area_mean,domain_area_std,domain_oop_mean,domain_oop_std,domain_slen_mean,myof_bending_mean,myof_bending_std,myof_length_max,myof_length_mean,myof_length_std,myof_straightness_mean,myof_straightness_std,n_domains,n_mbands,n_vectors,n_zbands,sarcomere_area,sarcomere_area_ratio,sarcomere_length_mean,sarcomere_length_std,sarcomere_oop,z_intensity_mean,z_intensity_std,z_lat_alignment_mean,z_lat_alignment_std,z_lat_dist_mean,z_lat_dist_std,z_lat_length_groups_mean,z_lat_neighbors_mean,z_lat_neighbors_std,z_length_max,z_length_mean,z_length_std,z_mask_area,z_mask_area_ratio,z_mask_intensity,z_oop,z_straightness_mean,z_straightness_std
313.56,0.2012273482059057,651.7348593570608,,,,,,0.033493794691250946,0.0018536584120779354,5.312239170074463,5.221211910247803,0.07139965891838074,0.9625210555867488,0.0009825940482872664,0.0,14.0,28.0,9.0,17.86829376220703,0.0569852460843444,1.401724726507629,0.39180436576394106,0.857492983341217,1018.8904660641502,142.21691782938217,0.8629463605107499,0.6849348892187752,2.3824011110859784,0.5029064981647251,1.4092574603102794,0.4444444444444444,0.6849348892187752,1.2,0.5666666666666667,0.28963578661637945,4.1175,0.01313145809414466,1096.3825136612022,0.5104704589712307,0.8676231176231176,0.12582468761808313
