cell_mask_area,cell_mask_area_ratio,cell_mask_intensity,domain_area_mean,domain_area_std,domain_oop_mean,domain_oop_std,domain_slen_mean,myof_bending_mean,myof_bending_std,myof_length_max,myof_length_mean,myof_length_std,myof_straightness_mean,myof_straightness_std,n_domains,n_mbands,n_vectors,n_zbands,sarcomere_area,sarcomere_area_ratio,sarcomere_length_mean,sarcomere_length_std,sarcomere_oop,z_intensity_mean,z_intensity_std,z_lat_alignment_mean,z_lat_alignment_std,z_lat_dist_mean,z_lat_dist_std,z_lat_length_groups_mean,z_lat_neighbors_mean,z_lat_neighbors_std,z_length_max,z_length_mean,z_length_std,z_mask_area,z_mask_area_ratio,z_mask_intensity,z_oop,z_straightness_mean,z_straightness_std
496.44,0.13422230874051003,607.8333937635969,22.3875,0.0,0.9276798367500305,0.0,1.65328630324308,0.014040828761522614,0.02059220647887435,11.994607925415039,8.998492240905762,2.768143653869629,0.9809027153508602,0.017409382761022274,1.0,29.0,70.0,22.0,53.73240661621094,0.10823544963381464,1.5999687373229279,0.22892745743111662,0.9137091040611267,898.2703622285961,102.41943840013715,0.6422343218074776,0.44536177141512334,2.4778140454737017,0.2654007461429683,1.1649180071800582,0.2727272727272727,0.44536177141512334,1.2,0.6681818181818182,0.30583174761826093,12.7575,0.02569796954314721,902.994708994709,0.6259814101359552,0.8721311073591164,0.08034058784513141
