cell_mask_area,cell_mask_area_ratio,cell_mask_intensity,domain_area_mean,domain_area_std,domain_oop_mean,domain_oop_std,domain_slen_mean,myof_bending_mean,myof_bending_std,myof_length_max,myof_length_mean,myof_length_std,myof_straightness_mean,myof_straightness_std,n_domains,n_mbands,n_vectors,n_zbands,sarcomere_area,sarcomere_area_ratio,sarcomere_length_mean,sarcomere_length_std,sarcomere_oop,z_intensity_mean,z_intensity_std,z_lat_alignment_mean,z_lat_alignment_std,z_lat_dist_mean,z_lat_dist_std,z_lat_length_groups_mean,z_lat_neighbors_mean,z_lat_neighbors_std,z_length_max,z_length_mean,z_length_std,z_mask_area,z_mask_area_ratio,z_mask_intensity,z_oop,z_straightness_mean,z_straightness_std
988.785,0.175784,623.1243571656123,69.6375,6.8412827744510025,0.8089783787727356,0.08407822251319885,1.4605027102716195,0.02395030687058563,0.021916532807755993,27.57171630859375,10.721552848815918,6.15266752243042,0.9490997247137078,0.03154860614477163,3.0,84.0,563.0,86.0,251.45455932617188,0.25430660793415344,1.4570851015319384,0.28625081676291403,0.7000429034233093,882.6223373315134,119.28972317050055,0.745088885766947,0.700768333642761,1.7121506243249849,0.7662526873036296,3.256983100520183,0.7906976744186046,0.700768333642761,7.199999999999999,1.292441860465116,1.2225002364069886,54.607499999999995,0.0552268693396441,904.8446641944788,0.5945961014946652,0.8120981584806211,0.1283957824761261
