cell_mask_area,cell_mask_area_ratio,cell_mask_intensity,domain_area_mean,domain_area_std,domain_oop_mean,domain_oop_std,domain_slen_mean,myof_bending_mean,myof_bending_std,myof_length_max,myof_length_mean,myof_length_std,myof_straightness_mean,myof_straightness_std,n_domains,n_mbands,n_vectors,n_zbands,sarcomere_area,sarcomere_area_ratio,sarcomere_length_mean,sarcomere_length_std,sarcomere_oop,z_intensity_mean,z_intensity_std,z_lat_alignment_mean,z_lat_alignment_std,z_lat_dist_mean,z_lat_dist_std,z_lat_length_groups_mean,z_lat_neighbors_mean,z_lat_neighbors_std,z_length_max,z_length_mean,z_length_std,z_mask_area,z_mask_area_ratio,z_mask_intensity,z_oop,z_straightness_mean,z_straightness_std
1028.34,0.2938408126526938,607.0943243479783,69.12,11.384999999999998,0.5024293065071106,0.11968933045864105,1.421138387910788,0.030023202165245833,0.022855384726712374,19.546518325805664,11.559980392456055,4.311531066894531,0.9316564973564146,0.05481007379368886,2.0,83.0,294.0,83.0,178.00936889648438,0.17310361251773188,1.436976076787026,0.25290495818063924,0.044895268976688385,857.4460882915827,137.52906734216538,0.7778824882950797,0.6354779274332816,1.7734178415427653,0.6780574360410242,2.442455775418225,0.7951807228915663,0.6354779274332816,2.6999999999999997,0.7662650602409637,0.6312689664923515,38.9475,0.03787414668300368,877.6065857885616,0.07048820996363774,0.8639545800777388,0.11357294727589186
