cell_mask_area,cell_mask_area_ratio,cell_mask_intensity,domain_area_mean,domain_area_std,domain_oop_mean,domain_oop_std,domain_slen_mean,myof_bending_mean,myof_bending_std,myof_length_max,myof_length_mean,myof_length_std,myof_straightness_mean,myof_straightness_std,n_domains,n_mbands,n_vectors,n_zbands,sarcomere_area,sarcomere_area_ratio,sarcomere_length_mean,sarcomere_length_std,sarcomere_oop,z_intensity_mean,z_intensity_std,z_lat_alignment_mean,z_lat_alignment_std,z_lat_dist_mean,z_lat_dist_std,z_lat_length_groups_mean,z_lat_neighbors_mean,z_lat_neighbors_std,z_length_max,z_length_mean,z_length_std,z_mask_area,z_mask_area_ratio,z_mask_intensity,z_oop,z_straightness_mean,z_straightness_std
483.435,0.14664209664209665,642.4219491762078,73.9125,0.0,0.9487985372543335,0.0,1.378579492142712,0.026594182718699618,0.01379932606226588,23.486379623413086,13.894030570983887,2.184354066848755,0.9479484288125358,0.025165320158522766,1.0,26.0,220.0,26.0,85.01683807373047,0.17585991513591376,1.378579492142712,0.25082139482523663,0.9487985372543335,1037.6531433575888,180.63904507765835,0.9124779023154239,0.4865042554105199,0.8832738308513342,0.14431680336401967,2.281731864488413,0.38461538461538464,0.4865042554105199,4.05,1.6730769230769231,0.8792731667548759,20.654999999999998,0.042725495671600104,1066.0708061002179,0.8951764104418746,0.7620098568037594,0.07843353485377233
