sarcomere_area,cell_mask_area_ratio,domain_area_std,domain_oop_mean,sarcomere_length_mean,z_mask_intensity,myof_straightness_std,z_mask_area,z_straightness_std,myof_length_mean,myof_bending_std,sarcomere_oop,n_domains,myof_straightness_mean,z_intensity_mean,myof_bending_mean,z_lat_dist_mean,z_lat_length_groups_mean,z_length_max,sarcomere_area_ratio,z_length_std,myof_length_max,domain_slen_mean,z_mask_area_ratio,z_lat_alignment_std,n_zbands,cell_mask_area,cell_mask_intensity,z_oop,z_lat_alignment_mean,z_length_mean,z_lat_dist_std,myof_length_std,n_vectors,z_straightness_mean,n_mbands,z_intensity_std,sarcomere_length_std,z_lat_neighbors_mean,z_lat_neighbors_std,domain_area_mean,domain_oop_std
195.95028686523438,0.20040076299107915,21.38625,0.8870295286178589,1.587426629786832,956.9304262616364,0.023966897105525884,45.9225,0.09341298540380452,13.250388145446777,0.020215877615253966,0.9041763544082642,2.0,0.96155196523329,939.3290320626018,0.02166610587568631,1.6639526272011513,2.32695735562503,3.0,0.1674627754726442,0.7325013035634969,31.024831771850586,1.5518281697150247,0.039246226324391884,0.5846545883291441,72.0,1170.1125,617.0284203441977,0.7817797241625443,0.7569522433615365,1.052083333333333,0.7178324272146096,6.418385028839111,382.0,0.8282053301344365,66.0,140.46642442071473,0.22574291002067254,0.6388888888888888,0.5846545883291441,72.50625,0.06005805730819702
