cell_mask_area,cell_mask_area_ratio,cell_mask_intensity,domain_area_mean,domain_area_std,domain_oop_mean,domain_oop_std,domain_slen_mean,myof_bending_mean,myof_bending_std,myof_length_max,myof_length_mean,myof_length_std,myof_straightness_mean,myof_straightness_std,n_domains,n_mbands,n_vectors,n_zbands,sarcomere_area,sarcomere_area_ratio,sarcomere_length_mean,sarcomere_length_std,sarcomere_oop,z_intensity_mean,z_intensity_std,z_lat_alignment_mean,z_lat_alignment_std,z_lat_dist_mean,z_lat_dist_std,z_lat_length_groups_mean,z_lat_neighbors_mean,z_lat_neighbors_std,z_length_max,z_length_mean,z_length_std,z_mask_area,z_mask_area_ratio,z_mask_intensity,z_oop,z_straightness_mean,z_straightness_std
496.5525,0.1342527253260658,607.8134034165572,29.88,0.0,0.9193976521492004,0.0,1.6182940505689862,0.004153333794031236,0.002355580120769873,11.84630298614502,8.73255729675293,2.3865935802459717,0.9912499798995125,0.001409213608280302,1.0,29.0,70.0,22.0,53.762229919433594,0.10827098830321787,1.605216801571405,0.2535850398228381,0.91556715965271,898.2703622285961,102.41943840013715,0.6409355782387891,0.44536177141512334,2.4778140454737017,0.2654007461429683,1.1649180071800582,0.2727272727272727,0.44536177141512334,1.2,0.6681818181818182,0.30583174761826093,12.8025,0.025782772214418416,902.3831282952548,0.6259814101359552,0.8721311073591164,0.08034058784513141
