cell_mask_area,cell_mask_area_ratio,cell_mask_intensity,domain_area_mean,domain_area_std,domain_oop_mean,domain_oop_std,domain_slen_mean,myof_bending_mean,myof_bending_std,myof_length_max,myof_length_mean,myof_length_std,myof_straightness_mean,myof_straightness_std,n_domains,n_mbands,n_vectors,n_zbands,sarcomere_area,sarcomere_area_ratio,sarcomere_length_mean,sarcomere_length_std,sarcomere_oop,z_intensity_mean,z_intensity_std,z_lat_alignment_mean,z_lat_alignment_std,z_lat_dist_mean,z_lat_dist_std,z_lat_length_groups_mean,z_lat_neighbors_mean,z_lat_neighbors_std,z_length_max,z_length_mean,z_length_std,z_mask_area,z_mask_area_ratio,z_mask_intensity,z_oop,z_straightness_mean,z_straightness_std
540.1125,0.22273047802850354,573.5014372005833,30.419999999999998,0.0,0.8175550103187561,0.0,1.471992975404512,0.05802530330430589,0.02161882759682503,12.418023109436035,10.182198524475098,1.5658947229385376,0.8917552827970804,0.044800132646105016,1.0,16.0,67.0,20.0,43.214473724365234,0.08001013441526578,1.4734979044282321,0.23405623235901982,0.7425169348716736,771.0955471286559,59.08549068837711,0.6636462411692464,0.5830951894845301,1.833289561434654,0.5929160007410271,1.4426973903586635,0.4,0.5830951894845301,2.55,0.7875000000000001,0.6432097247399171,11.475,0.021245573838783588,775.8960784313725,0.27276319847215985,0.8613306476027189,0.10501113442312693
