cell_mask_area,cell_mask_area_ratio,cell_mask_intensity,domain_area_mean,domain_area_std,domain_oop_mean,domain_oop_std,domain_slen_mean,myof_bending_mean,myof_bending_std,myof_length_max,myof_length_mean,myof_length_std,myof_straightness_mean,myof_straightness_std,n_domains,n_mbands,n_vectors,n_zbands,sarcomere_area,sarcomere_area_ratio,sarcomere_length_mean,sarcomere_length_std,sarcomere_oop,z_intensity_mean,z_intensity_std,z_lat_alignment_mean,z_lat_alignment_std,z_lat_dist_mean,z_lat_dist_std,z_lat_length_groups_mean,z_lat_neighbors_mean,z_lat_neighbors_std,z_length_max,z_length_mean,z_length_std,z_mask_area,z_mask_area_ratio,z_mask_intensity,z_oop,z_straightness_mean,z_straightness_std
473.94,0.3367922869066083,620.7318647930118,25.3125,0.0,0.637380063533783,0.0,1.3997043494266055,0.12344233740763877,0.015803922806027763,7.988422870635986,7.135784149169922,0.877072274684906,0.9340198808060358,0.03391361088042483,1.0,20.0,57.0,19.0,41.77511215209961,0.08814430550723638,1.4101965210148824,0.174128618854099,0.47634145617485046,863.7874556422342,69.19049575436544,0.6025027638482656,0.5860804592452655,1.8584611617660334,0.5856595514522451,2.4697899358298425,0.8421052631578947,0.5860804592452655,1.3499999999999999,0.6473684210526315,0.32300956650755974,9.157499999999999,0.019322066084314467,861.7174447174447,0.3871585533411901,0.8433046705322745,0.07994593097353514
