cell_mask_area,cell_mask_area_ratio,cell_mask_intensity,domain_area_mean,domain_area_std,domain_oop_mean,domain_oop_std,domain_slen_mean,myof_bending_mean,myof_bending_std,myof_length_max,myof_length_mean,myof_length_std,myof_straightness_mean,myof_straightness_std,n_domains,n_mbands,n_vectors,n_zbands,sarcomere_area,sarcomere_area_ratio,sarcomere_length_mean,sarcomere_length_std,sarcomere_oop,z_intensity_mean,z_intensity_std,z_lat_alignment_mean,z_lat_alignment_std,z_lat_dist_mean,z_lat_dist_std,z_lat_length_groups_mean,z_lat_neighbors_mean,z_lat_neighbors_std,z_length_max,z_length_mean,z_length_std,z_mask_area,z_mask_area_ratio,z_mask_intensity,z_oop,z_straightness_mean,z_straightness_std
617.0849999999999,0.23205401563610517,603.1803762852768,92.115,0.0,0.8389770984649658,0.0,1.4420829649464924,0.015213432049712428,0.010539709044371301,19.074068069458008,11.759404182434082,3.688901662826538,0.9736918790465721,0.013267761061436656,1.0,40.0,210.0,31.0,109.55661010742188,0.17753892917089523,1.4420829649464924,0.20903623955859993,0.838977038860321,1006.4333038072084,141.7117191681734,0.8121890099546274,0.6069318620073153,2.331335121337083,0.4979975421828982,3.635580076633947,0.7741935483870968,0.6069318620073153,6.1499999999999995,1.3258064516129031,1.125787965464271,23.467499999999998,0.03802960694231751,1012.5091083413231,0.7442740127643392,0.8315477664260258,0.11545269506133372
