cell_mask_area,cell_mask_area_ratio,cell_mask_intensity,domain_area_mean,domain_area_std,domain_oop_mean,domain_oop_std,domain_slen_mean,myof_bending_mean,myof_bending_std,myof_length_max,myof_length_mean,myof_length_std,myof_straightness_mean,myof_straightness_std,n_domains,n_mbands,n_vectors,n_zbands,sarcomere_area,sarcomere_area_ratio,sarcomere_length_mean,sarcomere_length_std,sarcomere_oop,z_intensity_mean,z_intensity_std,z_lat_alignment_mean,z_lat_alignment_std,z_lat_dist_mean,z_lat_dist_std,z_lat_length_groups_mean,z_lat_neighbors_mean,z_lat_neighbors_std,z_length_max,z_length_mean,z_length_std,z_mask_area,z_mask_area_ratio,z_mask_intensity,z_oop,z_straightness_mean,z_straightness_std
754.9875,0.2709019569850804,624.3820891074356,74.94749999999999,0.0,0.8993924260139465,0.0,1.406528784588728,0.024614777014040665,0.014019001719765955,13.01030158996582,9.468278884887695,2.634711265563965,0.9510710786737748,0.02055423208497845,1.0,58.0,246.0,47.0,125.93759155273438,0.16680751873737562,1.3913162146194098,0.2681703360769113,0.8315989375114441,838.8848992807309,94.92753197216933,0.7797749170155477,0.7037376769592011,1.8699518282139018,0.652215779721237,2.806395883430862,0.8085106382978723,0.7037376769592011,4.2,0.9159574468085109,0.80047235941613,28.709999999999997,0.03802711965429891,840.519592476489,0.5410303959177484,0.835850067048136,0.09674384463713592
