cell_mask_area,cell_mask_area_ratio,cell_mask_intensity,domain_area_mean,domain_area_std,domain_oop_mean,domain_oop_std,domain_slen_mean,myof_bending_mean,myof_bending_std,myof_length_max,myof_length_mean,myof_length_std,myof_straightness_mean,myof_straightness_std,n_domains,n_mbands,n_vectors,n_zbands,sarcomere_area,sarcomere_area_ratio,sarcomere_length_mean,sarcomere_length_std,sarcomere_oop,z_intensity_mean,z_intensity_std,z_lat_alignment_mean,z_lat_alignment_std,z_lat_dist_mean,z_lat_dist_std,z_lat_length_groups_mean,z_lat_neighbors_mean,z_lat_neighbors_std,z_length_max,z_length_mean,z_length_std,z_mask_area,z_mask_area_ratio,z_mask_intensity,z_oop,z_straightness_mean,z_straightness_std
629.91,0.2655436360014797,557.1952421774539,38.902499999999996,15.929999999999998,0.7600196599960327,0.10455858707427979,1.679505755646895,0.024384541579375352,0.01303938184317478,18.754955291748047,12.008203506469727,3.360926628112793,0.9421910160357957,0.032358202465353814,2.0,45.0,178.0,44.0,124.18389892578125,0.19714546351983817,1.6835475487337819,0.20552730761437296,0.7873352766036987,670.0151182066999,44.9736257496798,0.736066792329248,0.7482762560524694,1.7486509801213055,0.6542086673913974,2.0445955723089346,0.5909090909090909,0.7482762560524694,3.9,0.9238636363636362,0.6631098082283168,26.865,0.042648949849978565,668.5402010050251,0.598687118262702,0.8339346157967104,0.09432813015497994
