cell_mask_area,cell_mask_area_ratio,cell_mask_intensity,domain_area_mean,domain_area_std,domain_oop_mean,domain_oop_std,domain_slen_mean,myof_bending_mean,myof_bending_std,myof_length_max,myof_length_mean,myof_length_std,myof_straightness_mean,myof_straightness_std,n_domains,n_mbands,n_vectors,n_zbands,sarcomere_area,sarcomere_area_ratio,sarcomere_length_mean,sarcomere_length_std,sarcomere_oop,z_intensity_mean,z_intensity_std,z_lat_alignment_mean,z_lat_alignment_std,z_lat_dist_mean,z_lat_dist_std,z_lat_length_groups_mean,z_lat_neighbors_mean,z_lat_neighbors_std,z_length_max,z_length_mean,z_length_std,z_mask_area,z_mask_area_ratio,z_mask_intensity,z_oop,z_straightness_mean,z_straightness_std
1556.3474999999999,0.3464352790924799,598.0303017160371,25.4925,0.0,0.6869627833366394,0.0,1.4671871371741845,0.03731480485923125,0.00779896273225402,7.986176013946533,6.684849262237549,0.7788668870925903,0.9404176678634194,0.013481688766811243,1.0,23.0,74.0,25.0,49.810794830322266,0.032004931308928286,1.4511479179889533,0.2723965237365297,0.3585411012172699,912.2362345090481,121.62916644420194,0.5310104845235818,0.571314274283428,2.0274328579284577,0.5869548590752529,1.8717794447499558,0.56,0.571314274283428,3.9,0.7800000000000001,0.8622064717919947,12.2175,0.007850110595480766,927.0276243093923,0.34332107840300125,0.8595026888652545,0.13629316401860045
