cell_mask_area,cell_mask_area_ratio,cell_mask_intensity,domain_area_mean,domain_area_std,domain_oop_mean,domain_oop_std,domain_slen_mean,myof_bending_mean,myof_bending_std,myof_length_max,myof_length_mean,myof_length_std,myof_straightness_mean,myof_straightness_std,n_domains,n_mbands,n_vectors,n_zbands,sarcomere_area,sarcomere_area_ratio,sarcomere_length_mean,sarcomere_length_std,sarcomere_oop,z_intensity_mean,z_intensity_std,z_lat_alignment_mean,z_lat_alignment_std,z_lat_dist_mean,z_lat_dist_std,z_lat_length_groups_mean,z_lat_neighbors_mean,z_lat_neighbors_std,z_length_max,z_length_mean,z_length_std,z_mask_area,z_mask_area_ratio,z_mask_intensity,z_oop,z_straightness_mean,z_straightness_std
1126.1475,0.27456347747856474,635.6614053665262,52.0875,0.0,0.8727792501449585,0.0,1.5889946481473354,0.013593437267723026,0.008537989015234412,15.812915802001953,11.12517261505127,3.732854127883911,0.953935693018433,0.019338612199415187,1.0,37.0,147.0,27.0,85.69286346435547,0.07609381849567261,1.5510935264675203,0.3133362479423934,0.7429181933403015,1030.4141835972168,191.24637115398454,0.6319240363819645,0.49965694678637196,1.8303684455576594,0.5856326828491794,2.013128955945181,0.5185185185185185,0.49965694678637196,3.3,1.0166666666666666,0.8106924338010206,20.79,0.01846116960700086,1023.6666666666666,0.5723144685495959,0.8087928238418044,0.12227355602381607
