cell_mask_area,cell_mask_area_ratio,cell_mask_intensity,domain_area_mean,domain_area_std,domain_oop_mean,domain_oop_std,domain_slen_mean,myof_bending_mean,myof_bending_std,myof_length_max,myof_length_mean,myof_length_std,myof_straightness_mean,myof_straightness_std,n_domains,n_mbands,n_vectors,n_zbands,sarcomere_area,sarcomere_area_ratio,sarcomere_length_mean,sarcomere_length_std,sarcomere_oop,z_intensity_mean,z_intensity_std,z_lat_alignment_mean,z_lat_alignment_std,z_lat_dist_mean,z_lat_dist_std,z_lat_length_groups_mean,z_lat_neighbors_mean,z_lat_neighbors_std,z_length_max,z_length_mean,z_length_std,z_mask_area,z_mask_area_ratio,z_mask_intensity,z_oop,z_straightness_mean,z_straightness_std
809.3924999999999,0.298293475737172,714.2044033024769,56.497499999999995,0.0,0.8076225519180298,0.0,1.3889554689256582,0.016691351406229127,0.009482587941697717,13.796154975891113,13.160221099853516,0.5672439336776733,0.9606481281004304,0.01900115426471084,1.0,32.0,161.0,30.0,65.94428253173828,0.08147379983350264,1.3782935688442899,0.14402299868131052,0.8074825406074524,1105.4159612406934,161.11463928932903,0.8087283259918172,0.4988876515698589,1.0943342735738568,0.37359785173959337,1.6569713006529128,0.4666666666666667,0.4988876515698589,3.75,1.0150000000000001,0.904723714732846,14.3775,0.0177633224918689,1135.5774647887324,0.7263688073255957,0.8248154240679724,0.10911585762645529
