cell_mask_area,cell_mask_area_ratio,cell_mask_intensity,domain_area_mean,domain_area_std,domain_oop_mean,domain_oop_std,domain_slen_mean,myof_bending_mean,myof_bending_std,myof_length_max,myof_length_mean,myof_length_std,myof_straightness_mean,myof_straightness_std,n_domains,n_mbands,n_vectors,n_zbands,sarcomere_area,sarcomere_area_ratio,sarcomere_length_mean,sarcomere_length_std,sarcomere_oop,z_intensity_mean,z_intensity_std,z_lat_alignment_mean,z_lat_alignment_std,z_lat_dist_mean,z_lat_dist_std,z_lat_length_groups_mean,z_lat_neighbors_mean,z_lat_neighbors_std,z_length_max,z_length_mean,z_length_std,z_mask_area,z_mask_area_ratio,z_mask_intensity,z_oop,z_straightness_mean,z_straightness_std
483.5925,0.1466898716898717,642.3862187689015,73.755,0.0,0.9491244554519653,0.0,1.363336103784025,0.028075438677056783,0.019516585347662922,17.85597801208496,13.196202278137207,1.4306669235229492,0.9537734743200511,0.022761691811278233,1.0,25.0,220.0,26.0,84.99178314208984,0.17575082976284753,1.363336103784025,0.23638580287143202,0.9491245746612549,1037.6531433575888,180.63904507765835,0.9134934068807782,0.4865042554105199,0.8832738308513342,0.14431680336401967,2.281731864488413,0.38461538461538464,0.4865042554105199,4.05,1.6730769230769231,0.8792731667548759,20.654999999999998,0.042711580514586144,1066.0708061002179,0.8951764104418746,0.7620098568037594,0.07843353485377233
