cell_mask_area,cell_mask_area_ratio,cell_mask_intensity,domain_area_mean,domain_area_std,domain_oop_mean,domain_oop_std,domain_slen_mean,myof_bending_mean,myof_bending_std,myof_length_max,myof_length_mean,myof_length_std,myof_straightness_mean,myof_straightness_std,n_domains,n_mbands,n_vectors,n_zbands,sarcomere_area,sarcomere_area_ratio,sarcomere_length_mean,sarcomere_length_std,sarcomere_oop,z_intensity_mean,z_intensity_std,z_lat_alignment_mean,z_lat_alignment_std,z_lat_dist_mean,z_lat_dist_std,z_lat_length_groups_mean,z_lat_neighbors_mean,z_lat_neighbors_std,z_length_max,z_length_mean,z_length_std,z_mask_area,z_mask_area_ratio,z_mask_intensity,z_oop,z_straightness_mean,z_straightness_std
1028.25,0.2938150957952938,607.1021444201313,46.77,16.30023504431761,0.7547669410705566,0.09399958699941635,1.3937831772939122,0.020491134946264176,0.017247740418802147,19.20058822631836,8.954928398132324,4.223071098327637,0.9620806046034446,0.019303071938451665,3.0,83.0,299.0,84.0,178.2090606689453,0.1733129692865989,1.4314466581333156,0.24716249156673215,0.05208373814821243,854.6578153335815,138.66533594000452,0.7776874589745003,0.6450579611497175,1.7830151116034703,0.6732633826236942,2.48745027589036,0.8095238095238095,0.6450579611497175,2.6999999999999997,0.7589285714285714,0.6276449137490895,38.97,0.037899343544857765,877.5814087759816,0.0673037299188314,0.8660358268751625,0.11264041872530876
