cell_mask_area,cell_mask_area_ratio,cell_mask_intensity,domain_area_mean,domain_area_std,domain_oop_mean,domain_oop_std,domain_slen_mean,myof_bending_mean,myof_bending_std,myof_length_max,myof_length_mean,myof_length_std,myof_straightness_mean,myof_straightness_std,n_domains,n_mbands,n_vectors,n_zbands,sarcomere_area,sarcomere_area_ratio,sarcomere_length_mean,sarcomere_length_std,sarcomere_oop,z_intensity_mean,z_intensity_std,z_lat_alignment_mean,z_lat_alignment_std,z_lat_dist_mean,z_lat_dist_std,z_lat_length_groups_mean,z_lat_neighbors_mean,z_lat_neighbors_std,z_length_max,z_length_mean,z_length_std,z_mask_area,z_mask_area_ratio,z_mask_intensity,z_oop,z_straightness_mean,z_straightness_std
617.22,0.23210478221139202,603.1635680956547,92.18249999999999,0.0,0.8375728130340576,0.0,1.4424648214403812,0.017401008335439717,0.014260222555041592,19.064281463623047,11.036866188049316,3.7928600311279297,0.9688799864405636,0.013776612280628068,1.0,40.0,208.0,30.0,109.51792907714844,0.17743742762248216,1.4424648214403812,0.201107552069357,0.8375726938247681,1005.9581639341154,144.02992709751956,0.8026917252021474,0.5734883511361751,2.444000452059356,0.3438392454291653,3.5623160511922585,0.7333333333333333,0.5734883511361751,6.1499999999999995,1.3599999999999999,1.1284502647436438,23.49,0.038057742782152224,1012.5641762452108,0.739083232329102,0.8296363956772637,0.1168776374725874
