sarcomere_area,cell_mask_area_ratio,domain_area_std,domain_oop_mean,sarcomere_length_mean,z_mask_intensity,myof_straightness_std,z_mask_area,z_straightness_std,myof_length_mean,myof_bending_std,sarcomere_oop,n_domains,myof_straightness_mean,z_intensity_mean,myof_bending_mean,z_lat_dist_mean,z_lat_length_groups_mean,z_length_max,sarcomere_area_ratio,z_length_std,myof_length_max,domain_slen_mean,z_mask_area_ratio,z_lat_alignment_std,n_zbands,cell_mask_area,cell_mask_intensity,z_oop,z_lat_alignment_mean,z_length_mean,z_lat_dist_std,myof_length_std,n_vectors,z_straightness_mean,n_mbands,z_intensity_std,sarcomere_length_std,z_lat_neighbors_mean,z_lat_neighbors_std,domain_area_mean,domain_oop_std
84.99178314208984,0.1466898716898717,0.0,0.9492529034614563,1.3698762456778641,1066.0708061002179,0.02485775787015599,20.654999999999998,0.07843353485377233,13.670052528381348,0.019331770141446866,0.9492529034614563,1.0,0.9509969587652581,1037.6531433575888,0.0316042539136801,0.8832738308513342,2.281731864488413,4.05,0.17575082976284753,0.8792731667548759,23.289663314819336,1.3698762456778641,0.042711580514586144,0.4865042554105199,26.0,483.5925,642.3862187689015,0.8951764104418746,0.9134929619636329,1.6730769230769231,0.14431680336401967,1.683482050895691,220.0,0.7620098568037594,25.0,180.63904507765835,0.24470945818371037,0.38461538461538464,0.4865042554105199,73.5975,0.0
