cell_mask_area,cell_mask_area_ratio,cell_mask_intensity,domain_area_mean,domain_area_std,domain_oop_mean,domain_oop_std,domain_slen_mean,myof_bending_mean,myof_bending_std,myof_length_max,myof_length_mean,myof_length_std,myof_straightness_mean,myof_straightness_std,n_domains,n_mbands,n_vectors,n_zbands,sarcomere_area,sarcomere_area_ratio,sarcomere_length_mean,sarcomere_length_std,sarcomere_oop,z_intensity_mean,z_intensity_std,z_lat_alignment_mean,z_lat_alignment_std,z_lat_dist_mean,z_lat_dist_std,z_lat_length_groups_mean,z_lat_neighbors_mean,z_lat_neighbors_std,z_length_max,z_length_mean,z_length_std,z_mask_area,z_mask_area_ratio,z_mask_intensity,z_oop,z_straightness_mean,z_straightness_std
1201.5,0.1658864206121644,625.3567041198502,,,,,,0.03334861966059766,0.02074864957341851,8.340806007385254,6.61237096786499,1.383192539215088,0.945804498269896,0.025652326205956606,0.0,14.0,36.0,13.0,22.64305877685547,0.018845658574161855,1.378833360366442,0.16013336780296272,0.6652170419692993,950.2096209095077,134.32404465503686,0.7061984860655739,0.36080121229410994,1.5000000000000016,0.0,0.7625000000000002,0.15384615384615385,0.36080121229410994,1.05,0.5884615384615384,0.23134543448957795,5.31,0.004419475655430711,907.1610169491526,0.6863081310782656,0.8956406988712817,0.06389273167982393
