cell_mask_area,cell_mask_area_ratio,cell_mask_intensity,domain_area_mean,domain_area_std,domain_oop_mean,domain_oop_std,domain_slen_mean,myof_bending_mean,myof_bending_std,myof_length_max,myof_length_mean,myof_length_std,myof_straightness_mean,myof_straightness_std,n_domains,n_mbands,n_vectors,n_zbands,sarcomere_area,sarcomere_area_ratio,sarcomere_length_mean,sarcomere_length_std,sarcomere_oop,z_intensity_mean,z_intensity_std,z_lat_alignment_mean,z_lat_alignment_std,z_lat_dist_mean,z_lat_dist_std,z_lat_length_groups_mean,z_lat_neighbors_mean,z_lat_neighbors_std,z_length_max,z_length_mean,z_length_std,z_mask_area,z_mask_area_ratio,z_mask_intensity,z_oop,z_straightness_mean,z_straightness_std
965.0925,0.30564502337247745,663.4230993402186,,,,,,0.02803798498316203,0.019619888607905082,8.115839958190918,7.163342475891113,0.6582544445991516,0.9616147220216537,0.0049807866434779975,0.0,30.0,86.0,34.0,67.75447082519531,0.07020515735558541,1.396753660260187,0.18347729741955307,0.4048762619495392,1076.2753698827364,146.2107199535095,0.6438792619678668,0.6169463812765598,1.8015684883699348,0.7664115708926778,2.453597941858954,0.8235294117647058,0.6169463812765598,2.55,0.7014705882352941,0.5874277545213598,18.0,0.018651061944839484,1095.72625,0.2539193388180602,0.8640616805376738,0.11580629568724474
