cell_mask_area,cell_mask_area_ratio,cell_mask_intensity,domain_area_mean,domain_area_std,domain_oop_mean,domain_oop_std,domain_slen_mean,myof_bending_mean,myof_bending_std,myof_length_max,myof_length_mean,myof_length_std,myof_straightness_mean,myof_straightness_std,n_domains,n_mbands,n_vectors,n_zbands,sarcomere_area,sarcomere_area_ratio,sarcomere_length_mean,sarcomere_length_std,sarcomere_oop,z_intensity_mean,z_intensity_std,z_lat_alignment_mean,z_lat_alignment_std,z_lat_dist_mean,z_lat_dist_std,z_lat_length_groups_mean,z_lat_neighbors_mean,z_lat_neighbors_std,z_length_max,z_length_mean,z_length_std,z_mask_area,z_mask_area_ratio,z_mask_intensity,z_oop,z_straightness_mean,z_straightness_std
629.37,0.26531599465042827,557.2287287287287,38.91375,16.12125,0.7600646018981934,0.10472556948661804,1.6805344247465854,0.028072174671322572,0.012802194517605659,19.559221267700195,14.006576538085938,3.4985575675964355,0.9441512086837701,0.02689842014002889,2.0,45.0,179.0,44.0,124.1435546875,0.1972505119206508,1.6827573102919264,0.18756232806575293,0.7872792482376099,669.9773177887271,44.95843638732606,0.7354489812924053,0.7482762560524694,1.7486509801213055,0.6542086673913974,2.0445955723089346,0.5909090909090909,0.7482762560524694,3.9,0.9238636363636362,0.6631098082283168,26.8875,0.04272129272129272,668.5154811715481,0.5987808511115382,0.8340726356715724,0.09422886011227684
