cell_mask_area,cell_mask_area_ratio,cell_mask_intensity,domain_area_mean,domain_area_std,domain_oop_mean,domain_oop_std,domain_slen_mean,myof_bending_mean,myof_bending_std,myof_length_max,myof_length_mean,myof_length_std,myof_straightness_mean,myof_straightness_std,n_domains,n_mbands,n_vectors,n_zbands,sarcomere_area,sarcomere_area_ratio,sarcomere_length_mean,sarcomere_length_std,sarcomere_oop,z_intensity_mean,z_intensity_std,z_lat_alignment_mean,z_lat_alignment_std,z_lat_dist_mean,z_lat_dist_std,z_lat_length_groups_mean,z_lat_neighbors_mean,z_lat_neighbors_std,z_length_max,z_length_mean,z_length_std,z_mask_area,z_mask_area_ratio,z_mask_intensity,z_oop,z_straightness_mean,z_straightness_std
750.3974999999999,0.34278226013669766,547.9633294353993,31.37625,4.173749999999998,0.8209917545318604,0.045801639556884766,1.494053704385428,0.024866590275249928,0.010000543914467992,11.286109924316406,8.234074592590332,2.238912582397461,0.9536173588349607,0.008941834882432961,2.0,44.0,105.0,42.0,85.1603775024414,0.11348702188165793,1.4905265916101635,0.21469022886414452,0.6836482882499695,634.0559045740656,29.081970766168837,0.7292854019212134,0.7559289460184544,2.072063023985644,0.49293346007350447,3.45777730969993,1.0,0.7559289460184544,1.7999999999999998,0.6928571428571428,0.43047197638055323,21.127499999999998,0.028155077808761357,634.3535676251331,0.650286944081107,0.8646491090249386,0.09998090167846548
