sarcomere_area,cell_mask_area_ratio,domain_area_std,domain_oop_mean,sarcomere_length_mean,z_mask_intensity,myof_straightness_std,z_mask_area,z_straightness_std,myof_length_mean,myof_bending_std,sarcomere_oop,n_domains,myof_straightness_mean,z_intensity_mean,myof_bending_mean,z_lat_dist_mean,z_lat_length_groups_mean,z_length_max,sarcomere_area_ratio,z_length_std,myof_length_max,domain_slen_mean,z_mask_area_ratio,z_lat_alignment_std,n_zbands,cell_mask_area,cell_mask_intensity,z_oop,z_lat_alignment_mean,z_length_mean,z_lat_dist_std,myof_length_std,n_vectors,z_straightness_mean,n_mbands,z_intensity_std,sarcomere_length_std,z_lat_neighbors_mean,z_lat_neighbors_std,domain_area_mean,domain_oop_std
55.953041076660156,0.1460927599898623,0.0,0.9362974762916565,1.6410663652701043,736.3359073359073,0.011156594721789526,11.655,0.07183994366978634,9.67959213256836,0.016640442824807318,0.9162836670875549,1.0,0.9661202731592172,738.1744372371801,0.020252351684967477,1.7817825868005046,3.257304324246697,1.65,0.1438039568397236,0.39961401129676544,15.386836051940918,1.6686327320834866,0.029954316775573933,0.6372092790401946,27.0,389.0925,544.41328861389,0.8170440286451923,0.7593444036236837,0.6444444444444445,0.4968480212616797,2.7120463848114014,77.0,0.8774742401932519,28.0,59.69704591397936,0.29299279863576205,1.037037037037037,0.6372092790401946,37.3275,0.0
