cell_mask_area,cell_mask_area_ratio,cell_mask_intensity,domain_area_mean,domain_area_std,domain_oop_mean,domain_oop_std,domain_slen_mean,myof_bending_mean,myof_bending_std,myof_length_max,myof_length_mean,myof_length_std,myof_straightness_mean,myof_straightness_std,n_domains,n_mbands,n_vectors,n_zbands,sarcomere_area,sarcomere_area_ratio,sarcomere_length_mean,sarcomere_length_std,sarcomere_oop,z_intensity_mean,z_intensity_std,z_lat_alignment_mean,z_lat_alignment_std,z_lat_dist_mean,z_lat_dist_std,z_lat_length_groups_mean,z_lat_neighbors_mean,z_lat_neighbors_std,z_length_max,z_length_mean,z_length_std,z_mask_area,z_mask_area_ratio,z_mask_intensity,z_oop,z_straightness_mean,z_straightness_std
1925.685,0.2948892433957779,542.6356179749024,39.594375,11.371678687505861,0.7599475383758545,0.1054130420088768,1.5323728490220407,0.024632141183575654,0.014666663180859863,18.510225296020508,9.679656982421875,3.8041329383850098,0.951083171848083,0.021454492250188608,4.0,105.0,350.0,103.0,233.9873504638672,0.12150863223417495,1.5577787593335253,0.2712211439159386,0.31645697355270386,660.2022150887385,49.42716941801371,0.7195421751481913,0.5720745577730577,1.872592854481144,0.7150877895760094,1.8985080599696824,0.6407766990291263,0.5720745577730577,2.55,0.690291262135922,0.46519952147225885,51.839999999999996,0.026920290701750286,664.1002604166666,0.27376971243089143,0.875916128345147,0.08618985125338201
