cell_mask_area,cell_mask_area_ratio,cell_mask_intensity,domain_area_mean,domain_area_std,domain_oop_mean,domain_oop_std,domain_slen_mean,myof_bending_mean,myof_bending_std,myof_length_max,myof_length_mean,myof_length_std,myof_straightness_mean,myof_straightness_std,n_domains,n_mbands,n_vectors,n_zbands,sarcomere_area,sarcomere_area_ratio,sarcomere_length_mean,sarcomere_length_std,sarcomere_oop,z_intensity_mean,z_intensity_std,z_lat_alignment_mean,z_lat_alignment_std,z_lat_dist_mean,z_lat_dist_std,z_lat_length_groups_mean,z_lat_neighbors_mean,z_lat_neighbors_std,z_length_max,z_length_mean,z_length_std,z_mask_area,z_mask_area_ratio,z_mask_intensity,z_oop,z_straightness_mean,z_straightness_std
774.045,0.32561925585181395,597.4084355560723,31.522499999999997,0.0,0.941789448261261,0.0,1.3814441520952214,0.02204892405004017,0.01804666415594494,15.464365005493164,15.34260368347168,0.054631307721138,0.9657680435623219,0.009870776157628353,1.0,25.0,110.0,23.0,45.4841194152832,0.05876159579260018,1.3695860121345047,0.16547676682771092,0.7459739446640015,767.9480374270122,57.04852742903685,0.8619515167096912,0.5601782055097881,1.3875599801220742,1.0809381580662356,1.3263284168678053,0.34782608695652173,0.5601782055097881,3.0,0.8543478260869566,0.650737548692161,10.62,0.013720132550433113,765.9279661016949,0.7386817741558992,0.8580167540745514,0.07623467457791434
