cell_mask_area,cell_mask_area_ratio,cell_mask_intensity,domain_area_mean,domain_area_std,domain_oop_mean,domain_oop_std,domain_slen_mean,myof_bending_mean,myof_bending_std,myof_length_max,myof_length_mean,myof_length_std,myof_straightness_mean,myof_straightness_std,n_domains,n_mbands,n_vectors,n_zbands,sarcomere_area,sarcomere_area_ratio,sarcomere_length_mean,sarcomere_length_std,sarcomere_oop,z_intensity_mean,z_intensity_std,z_lat_alignment_mean,z_lat_alignment_std,z_lat_dist_mean,z_lat_dist_std,z_lat_length_groups_mean,z_lat_neighbors_mean,z_lat_neighbors_std,z_length_max,z_length_mean,z_length_std,z_mask_area,z_mask_area_ratio,z_mask_intensity,z_oop,z_straightness_mean,z_straightness_std
1377.8999999999999,0.27539438418505924,622.0221913781842,35.983125,11.2540534884936,0.6992551684379578,0.20821982622146606,1.4570077343803416,0.03424418482689883,0.03835777971550008,18.255250930786133,7.6750898361206055,2.935523271560669,0.9629088816587945,0.02339888047154823,4.0,85.0,299.0,73.0,178.98257446289062,0.12989518431155428,1.4647389189916533,0.20942142802598485,0.24268263578414917,895.966500698954,135.62943860818248,0.7609729787596695,0.5396634411943071,1.8903834923166707,0.8713824618580361,1.5163621846175148,0.3835616438356164,0.5396634411943071,2.85,0.8630136986301369,0.5472238402328583,40.725,0.029555845852384067,914.5475138121546,0.2930331332990494,0.8443112142994812,0.09266878312052894
