sarcomere_area,cell_mask_area_ratio,domain_area_std,domain_oop_mean,sarcomere_length_mean,z_mask_intensity,myof_straightness_std,z_mask_area,z_straightness_std,myof_length_mean,myof_bending_std,sarcomere_oop,n_domains,myof_straightness_mean,z_intensity_mean,myof_bending_mean,z_lat_dist_mean,z_lat_length_groups_mean,z_length_max,sarcomere_area_ratio,z_length_std,myof_length_max,domain_slen_mean,z_mask_area_ratio,z_lat_alignment_std,n_zbands,cell_mask_area,cell_mask_intensity,z_oop,z_lat_alignment_mean,z_length_mean,z_lat_dist_std,myof_length_std,n_vectors,z_straightness_mean,n_mbands,z_intensity_std,sarcomere_length_std,z_lat_neighbors_mean,z_lat_neighbors_std,domain_area_mean,domain_oop_std
53.76225280761719,0.1342527253260658,0.0,0.9193976521492004,1.6021375554688015,902.3831282952548,0.0030074859197650895,12.8025,0.08034058784513141,8.8412446975708,0.0023762404016312013,0.9160496592521667,1.0,0.9911692141692944,898.2703622285961,0.003959122200606769,2.4778140454737017,1.1649180071800582,1.2,0.10827103439740447,0.30583174761826093,11.995820045471191,1.6199957172292665,0.025782772214418416,0.44536177141512334,22.0,496.5525,607.8134034165572,0.6259814101359552,0.6409355105156811,0.6681818181818182,0.2654007461429683,2.356360673904419,69.0,0.8721311073591164,29.0,102.41943840013715,0.23018236339335177,0.2727272727272727,0.44536177141512334,29.8125,0.0
