sarcomere_area,cell_mask_area_ratio,domain_area_std,domain_oop_mean,sarcomere_length_mean,z_mask_intensity,myof_straightness_std,z_mask_area,z_straightness_std,myof_length_mean,myof_bending_std,sarcomere_oop,n_domains,myof_straightness_mean,z_intensity_mean,myof_bending_mean,z_lat_dist_mean,z_lat_length_groups_mean,z_length_max,sarcomere_area_ratio,z_length_std,myof_length_max,domain_slen_mean,z_mask_area_ratio,z_lat_alignment_std,n_zbands,cell_mask_area,cell_mask_intensity,z_oop,z_lat_alignment_mean,z_length_mean,z_lat_dist_std,myof_length_std,n_vectors,z_straightness_mean,n_mbands,z_intensity_std,sarcomere_length_std,z_lat_neighbors_mean,z_lat_neighbors_std,domain_area_mean,domain_oop_std
41.50850296020508,0.1677627927627928,,,1.3451513291777855,840.2409638554217,0.014866987782186238,13.0725,0.08578057229146242,7.617977142333984,0.01254872933560249,0.861467182636261,0.0,0.9701851580020991,844.0961616829671,0.011486515294248656,2.5873203382386354,0.8306654852944214,1.2,0.03814453630359135,0.2401894506888723,10.649073600769043,,0.012013067570920518,0.37267799624996495,36.0,1088.19,572.611508560086,0.7301199252052045,0.5266061837775081,0.5458333333333332,0.1824101623723692,2.3062398433685303,85.0,0.9015982672480389,29.0,119.26040365399977,0.1593219933663209,0.16666666666666666,0.37267799624996495,,
