cell_mask_area,cell_mask_area_ratio,cell_mask_intensity,domain_area_mean,domain_area_std,domain_oop_mean,domain_oop_std,domain_slen_mean,myof_bending_mean,myof_bending_std,myof_length_max,myof_length_mean,myof_length_std,myof_straightness_mean,myof_straightness_std,n_domains,n_mbands,n_vectors,n_zbands,sarcomere_area,sarcomere_area_ratio,sarcomere_length_mean,sarcomere_length_std,sarcomere_oop,z_intensity_mean,z_intensity_std,z_lat_alignment_mean,z_lat_alignment_std,z_lat_dist_mean,z_lat_dist_std,z_lat_length_groups_mean,z_lat_neighbors_mean,z_lat_neighbors_std,z_length_max,z_length_mean,z_length_std,z_mask_area,z_mask_area_ratio,z_mask_intensity,z_oop,z_straightness_mean,z_straightness_std
1126.6425,0.2746841623101271,635.6096898528149,51.1425,0.0,0.872570812702179,0.0,1.6046476571343857,0.030984394222209853,0.0260445011454474,16.628576278686523,10.532469749450684,4.453672885894775,0.948523346802754,0.03287440243967988,1.0,37.0,145.0,27.0,85.62517547607422,0.07600030664214621,1.5614102973447328,0.3138634603942042,0.7400381565093994,1030.325419954347,191.27719446029224,0.6324744846460632,0.49965694678637196,1.8303684455576594,0.5856326828491794,2.013128955945181,0.5185185185185185,0.49965694678637196,3.3,1.0166666666666666,0.8106924338010206,20.7225,0.01839314600683003,1024.0086862106407,0.5728351365488848,0.8086361362181681,0.12236180884757736
