cell_mask_area,cell_mask_area_ratio,cell_mask_intensity,domain_area_mean,domain_area_std,domain_oop_mean,domain_oop_std,domain_slen_mean,myof_bending_mean,myof_bending_std,myof_length_max,myof_length_mean,myof_length_std,myof_straightness_mean,myof_straightness_std,n_domains,n_mbands,n_vectors,n_zbands,sarcomere_area,sarcomere_area_ratio,sarcomere_length_mean,sarcomere_length_std,sarcomere_oop,z_intensity_mean,z_intensity_std,z_lat_alignment_mean,z_lat_alignment_std,z_lat_dist_mean,z_lat_dist_std,z_lat_length_groups_mean,z_lat_neighbors_mean,z_lat_neighbors_std,z_length_max,z_length_mean,z_length_std,z_mask_area,z_mask_area_ratio,z_mask_intensity,z_oop,z_straightness_mean,z_straightness_std
616.4325,0.25480840773809527,652.3719020330693,24.525,0.0,0.8716407418251038,0.0,1.3530729041825584,0.03709625483762784,0.013145326382375032,7.691323757171631,6.356805801391602,0.8744490742683411,0.9410394319642942,0.02580802444413047,1.0,11.0,66.0,18.0,29.495635986328125,0.0478489307204408,1.3530729041825584,0.24970082317428247,0.871640682220459,1143.9676377137048,240.95078980509098,0.7889103472483526,0.5665577237325317,1.6620021737765187,0.88561350168238,2.859601739021215,0.8888888888888888,0.5665577237325317,3.0,0.8500000000000001,0.6726812023536854,6.547499999999999,0.0106216009052086,1180.9450171821306,0.726131434343458,0.8719950875864855,0.09742810066963375
