sarcomere_area,cell_mask_area_ratio,domain_area_std,domain_oop_mean,sarcomere_length_mean,z_mask_intensity,myof_straightness_std,z_mask_area,z_straightness_std,myof_length_mean,myof_bending_std,sarcomere_oop,n_domains,myof_straightness_mean,z_intensity_mean,myof_bending_mean,z_lat_dist_mean,z_lat_length_groups_mean,z_length_max,sarcomere_area_ratio,z_length_std,myof_length_max,domain_slen_mean,z_mask_area_ratio,z_lat_alignment_std,n_zbands,cell_mask_area,cell_mask_intensity,z_oop,z_lat_alignment_mean,z_length_mean,z_lat_dist_std,myof_length_std,n_vectors,z_straightness_mean,n_mbands,z_intensity_std,sarcomere_length_std,z_lat_neighbors_mean,z_lat_neighbors_std,domain_area_mean,domain_oop_std
38.8006706237793,0.22687150756481522,0.0,0.8127579689025879,1.4595467848521348,767.1971153846154,0.061046614125921134,9.36,0.10491301546624625,9.366416931152344,0.012676330727233844,0.8178730607032776,1.0,0.9246653026116274,758.2441592538341,0.03149874651460601,2.031641650405425,1.2308855533873901,2.55,0.11089866559136634,0.6824416778001002,13.5274019241333,1.4627728405641576,0.0267524115755627,0.42418250299576343,17.0,349.875,571.6619935691318,0.7893949659785936,0.9020912132191377,0.8470588235294116,0.8223029881606431,2.4940481185913086,69.0,0.8517900845615897,15.0,70.79061104657448,0.27149326246451505,0.23529411764705882,0.42418250299576343,28.8675,0.0
