sarcomere_area,cell_mask_area_ratio,domain_area_std,domain_oop_mean,sarcomere_length_mean,z_mask_intensity,myof_straightness_std,z_mask_area,z_straightness_std,myof_length_mean,myof_bending_std,sarcomere_oop,n_domains,myof_straightness_mean,z_intensity_mean,myof_bending_mean,z_lat_dist_mean,z_lat_length_groups_mean,z_length_max,sarcomere_area_ratio,z_length_std,myof_length_max,domain_slen_mean,z_mask_area_ratio,z_lat_alignment_std,n_zbands,cell_mask_area,cell_mask_intensity,z_oop,z_lat_alignment_mean,z_length_mean,z_lat_dist_std,myof_length_std,n_vectors,z_straightness_mean,n_mbands,z_intensity_std,sarcomere_length_std,z_lat_neighbors_mean,z_lat_neighbors_std,domain_area_mean,domain_oop_std
209.41517639160156,0.44542772861356933,21.72694726601047,0.7436601519584656,1.532437235564107,882.1411706837187,0.03235422221236326,45.7425,0.0942833540475196,11.412531852722168,0.020184324487803378,0.535564661026001,3.0,0.9572164979217482,879.3187633162787,0.024228802983340233,2.1957261531542693,2.2463631973153997,4.8,0.14469019017131593,0.7985971383663126,25.14496612548828,1.5090578410765911,0.03160463887075211,0.5988814542385718,71.0,1447.335,627.60763921276,0.3981993753668398,0.7658551010089688,0.9950704225352112,0.6687014732706631,5.296199798583984,352.0,0.8379180264286079,82.0,103.55342012753549,0.26139766609578036,0.5633802816901409,0.5988814542385718,53.145,0.22584614157676697
