cell_mask_area,cell_mask_area_ratio,cell_mask_intensity,domain_area_mean,domain_area_std,domain_oop_mean,domain_oop_std,domain_slen_mean,myof_bending_mean,myof_bending_std,myof_length_max,myof_length_mean,myof_length_std,myof_straightness_mean,myof_straightness_std,n_domains,n_mbands,n_vectors,n_zbands,sarcomere_area,sarcomere_area_ratio,sarcomere_length_mean,sarcomere_length_std,sarcomere_oop,z_intensity_mean,z_intensity_std,z_lat_alignment_mean,z_lat_alignment_std,z_lat_dist_mean,z_lat_dist_std,z_lat_length_groups_mean,z_lat_neighbors_mean,z_lat_neighbors_std,z_length_max,z_length_mean,z_length_std,z_mask_area,z_mask_area_ratio,z_mask_intensity,z_oop,z_straightness_mean,z_straightness_std
749.2049999999999,0.34223752505267485,548.0147155985344,31.5,1.9799999999999986,0.8430156111717224,0.05634242296218872,1.488282865733576,0.021348043044636025,0.013300566265314286,12.733820915222168,8.896600723266602,2.296412706375122,0.9446999900585045,0.03133448779636757,2.0,44.0,106.0,42.0,85.10625457763672,0.11359541724579618,1.4876782372022723,0.20436799076455198,0.6816633343696594,634.0368987261126,29.072668772999638,0.7516796199521419,0.7544275960835648,2.0758640949829728,0.5060022323671326,3.203058268166338,0.9523809523809523,0.7544275960835648,1.7999999999999998,0.6892857142857143,0.4268566886591578,21.037499999999998,0.02807976455042345,634.3508021390375,0.6504602826882337,0.864297635102036,0.10019837850190406
