sarcomere_area,cell_mask_area_ratio,domain_area_std,domain_oop_mean,sarcomere_length_mean,z_mask_intensity,myof_straightness_std,z_mask_area,z_straightness_std,myof_length_mean,myof_bending_std,sarcomere_oop,n_domains,myof_straightness_mean,z_intensity_mean,myof_bending_mean,z_lat_dist_mean,z_lat_length_groups_mean,z_length_max,sarcomere_area_ratio,z_length_std,myof_length_max,domain_slen_mean,z_mask_area_ratio,z_lat_alignment_std,n_zbands,cell_mask_area,cell_mask_intensity,z_oop,z_lat_alignment_mean,z_length_mean,z_lat_dist_std,myof_length_std,n_vectors,z_straightness_mean,n_mbands,z_intensity_std,sarcomere_length_std,z_lat_neighbors_mean,z_lat_neighbors_std,domain_area_mean,domain_oop_std
78.56878662109375,0.1780327858667255,0.0,0.432453453540802,1.522300711412895,893.5100354191263,0.01151543848977203,19.0575,0.09831101926445221,8.774759292602539,0.01545066119640795,0.2334808111190796,1.0,0.9571540579056308,885.1499749100982,0.021339695692664633,1.5449767983276848,1.044853165427603,1.65,0.060930833572650694,0.3659999707434088,9.532958030700684,1.5315577293795688,0.014779270633397314,0.4549941001506739,41.0,1289.475,600.1966323503751,0.32230806498269887,0.7399320251064464,0.6658536585365853,0.6523393998748906,0.8588567972183228,108.0,0.8808628462350501,44.0,134.95117110745346,0.20837820843846058,0.2926829268292683,0.4549941001506739,27.787499999999998,0.0
