cell_mask_area,cell_mask_area_ratio,cell_mask_intensity,domain_area_mean,domain_area_std,domain_oop_mean,domain_oop_std,domain_slen_mean,myof_bending_mean,myof_bending_std,myof_length_max,myof_length_mean,myof_length_std,myof_straightness_mean,myof_straightness_std,n_domains,n_mbands,n_vectors,n_zbands,sarcomere_area,sarcomere_area_ratio,sarcomere_length_mean,sarcomere_length_std,sarcomere_oop,z_intensity_mean,z_intensity_std,z_lat_alignment_mean,z_lat_alignment_std,z_lat_dist_mean,z_lat_dist_std,z_lat_length_groups_mean,z_lat_neighbors_mean,z_lat_neighbors_std,z_length_max,z_length_mean,z_length_std,z_mask_area,z_mask_area_ratio,z_mask_intensity,z_oop,z_straightness_mean,z_straightness_std
1337.6475,0.14616893845518383,598.1135893424837,27.112499999999997,1.799999999999999,0.4930168390274048,0.09896166622638702,1.5022650918600227,0.04076379049053783,0.02444613060703538,9.523616790771484,7.312260150909424,1.4978795051574707,0.9514557110401232,0.019811612814507547,2.0,45.0,130.0,35.0,82.97888946533203,0.06203345011696432,1.5097833979126423,0.2085716372863308,0.1858331859111786,879.7839068247661,124.85681502585764,0.6934925013126395,0.5827450872677468,1.7581055855126524,0.7543638049304968,1.310297707347445,0.34285714285714286,0.5827450872677468,2.1,0.7842857142857141,0.45225963285507154,19.2825,0.014415232712654118,881.8319719953325,0.3445438191125208,0.8755006983066387,0.09493782426276416
