sarcomere_area,cell_mask_area_ratio,domain_area_std,domain_oop_mean,sarcomere_length_mean,z_mask_intensity,myof_straightness_std,z_mask_area,z_straightness_std,myof_length_mean,myof_bending_std,sarcomere_oop,n_domains,myof_straightness_mean,z_intensity_mean,myof_bending_mean,z_lat_dist_mean,z_lat_length_groups_mean,z_length_max,sarcomere_area_ratio,z_length_std,myof_length_max,domain_slen_mean,z_mask_area_ratio,z_lat_alignment_std,n_zbands,cell_mask_area,cell_mask_intensity,z_oop,z_lat_alignment_mean,z_length_mean,z_lat_dist_std,myof_length_std,n_vectors,z_straightness_mean,n_mbands,z_intensity_std,sarcomere_length_std,z_lat_neighbors_mean,z_lat_neighbors_std,domain_area_mean,domain_oop_std
53.95751953125,0.8247149381966846,0.0,0.617505669593811,1.4410865013014855,914.6357142857142,0.0,12.6,0.12305877904146809,6.2280097007751465,0.0,0.41056355834007263,1.0,0.9331683168316829,914.0364516516667,0.033239042073738984,2.0826990785201085,1.5030235901238351,2.85,0.04643724060196481,0.7062301994920326,6.22800874710083,1.454511408795907,0.010843886758839705,0.5600084530215784,26.0,1161.945,613.3479919445413,0.3587986696214303,0.6830920970858438,0.8134615384615385,0.6259908532330931,9.5367431640625e-07,76.0,0.850684428689489,26.0,99.04771093251435,0.2406675701128781,0.38461538461538464,0.5600084530215784,29.834999999999997,0.0
