cell_mask_area,cell_mask_area_ratio,cell_mask_intensity,domain_area_mean,domain_area_std,domain_oop_mean,domain_oop_std,domain_slen_mean,myof_bending_mean,myof_bending_std,myof_length_max,myof_length_mean,myof_length_std,myof_straightness_mean,myof_straightness_std,n_domains,n_mbands,n_vectors,n_zbands,sarcomere_area,sarcomere_area_ratio,sarcomere_length_mean,sarcomere_length_std,sarcomere_oop,z_intensity_mean,z_intensity_std,z_lat_alignment_mean,z_lat_alignment_std,z_lat_dist_mean,z_lat_dist_std,z_lat_length_groups_mean,z_lat_neighbors_mean,z_lat_neighbors_std,z_length_max,z_length_mean,z_length_std,z_mask_area,z_mask_area_ratio,z_mask_intensity,z_oop,z_straightness_mean,z_straightness_std
755.2125,0.2709826906930181,624.3510204081633,83.94749999999999,0.0,0.8761171698570251,0.0,1.4051956144109787,0.028557357329733513,0.018534342018400637,12.95889663696289,9.34349250793457,2.42024302482605,0.9494406962982554,0.026195199989084816,1.0,57.0,248.0,47.0,125.90988159179688,0.1667211302670399,1.3970973732780843,0.262170253065701,0.8293949365615845,838.9923398680147,94.84201974171741,0.7844829085022077,0.7037376769592011,1.8699518282139018,0.652215779721237,2.811753026288005,0.8085106382978723,0.7037376769592011,4.2,0.919148936170213,0.799504713137237,28.709999999999997,0.03801579025770892,840.5940438871473,0.5399051778508809,0.8349249976679324,0.09704019393456541
