sarcomere_area,cell_mask_area_ratio,domain_area_std,domain_oop_mean,sarcomere_length_mean,z_mask_intensity,myof_straightness_std,z_mask_area,z_straightness_std,myof_length_mean,myof_bending_std,sarcomere_oop,n_domains,myof_straightness_mean,z_intensity_mean,myof_bending_mean,z_lat_dist_mean,z_lat_length_groups_mean,z_length_max,sarcomere_area_ratio,z_length_std,myof_length_max,domain_slen_mean,z_mask_area_ratio,z_lat_alignment_std,n_zbands,cell_mask_area,cell_mask_intensity,z_oop,z_lat_alignment_mean,z_length_mean,z_lat_dist_std,myof_length_std,n_vectors,z_straightness_mean,n_mbands,z_intensity_std,sarcomere_length_std,z_lat_neighbors_mean,z_lat_neighbors_std,domain_area_mean,domain_oop_std
32.381797790527344,0.1960760557009467,0.0,0.841025173664093,1.3845543924028583,914.7777777777778,0.014210833659712659,5.67,0.09416324361909197,6.055322647094727,0.014439487575463244,0.8369883298873901,1.0,0.9548645865418176,942.4302279423099,0.02640659888932381,1.7793486893036183,1.740821639690497,1.5,0.029643481213436178,0.4344962396252937,6.378954887390137,1.385282030821224,0.0051905252317198764,0.48650425541051995,13.0,1092.375,597.9841606591143,0.6548021333466735,0.7623367393629836,0.6576923076923078,0.576773995489993,0.2516527473926544,53.0,0.8821873305249265,16.0,122.99842356548976,0.27300794013074575,0.6153846153846154,0.48650425541051995,24.57,0.0
