cell_mask_area,cell_mask_area_ratio,cell_mask_intensity,domain_area_mean,domain_area_std,domain_oop_mean,domain_oop_std,domain_slen_mean,myof_bending_mean,myof_bending_std,myof_length_max,myof_length_mean,myof_length_std,myof_straightness_mean,myof_straightness_std,n_domains,n_mbands,n_vectors,n_zbands,sarcomere_area,sarcomere_area_ratio,sarcomere_length_mean,sarcomere_length_std,sarcomere_oop,z_intensity_mean,z_intensity_std,z_lat_alignment_mean,z_lat_alignment_std,z_lat_dist_mean,z_lat_dist_std,z_lat_length_groups_mean,z_lat_neighbors_mean,z_lat_neighbors_std,z_length_max,z_length_mean,z_length_std,z_mask_area,z_mask_area_ratio,z_mask_intensity,z_oop,z_straightness_mean,z_straightness_std
609.4575,0.20518589219161895,653.6913648613726,23.625,0.0,0.8732011914253235,0.0,1.310680226977367,0.024160644367594294,0.033841282858909624,6.357717037200928,5.377951622009277,0.7425832152366638,0.9715519534359853,0.029316966749587687,1.0,13.0,67.0,16.0,27.892332077026367,0.04576583613627918,1.310680226977367,0.19328609856516893,0.8732011914253235,1147.2282551470216,207.95961975173532,0.8005393125534151,0.5994789404140899,1.5999156207970784,0.8497386189971714,2.7277121495088386,0.875,0.5994789404140899,2.4,0.8343749999999999,0.6274249830657048,5.9399999999999995,0.009746372798759551,1185.128787878788,0.8113213727537308,0.8645383798680762,0.1054267153143955
