sarcomere_area,cell_mask_area_ratio,domain_area_std,domain_oop_mean,sarcomere_length_mean,z_mask_intensity,myof_straightness_std,z_mask_area,z_straightness_std,myof_length_mean,myof_bending_std,sarcomere_oop,n_domains,myof_straightness_mean,z_intensity_mean,myof_bending_mean,z_lat_dist_mean,z_lat_length_groups_mean,z_length_max,sarcomere_area_ratio,z_length_std,myof_length_max,domain_slen_mean,z_mask_area_ratio,z_lat_alignment_std,n_zbands,cell_mask_area,cell_mask_intensity,z_oop,z_lat_alignment_mean,z_length_mean,z_lat_dist_std,myof_length_std,n_vectors,z_straightness_mean,n_mbands,z_intensity_std,sarcomere_length_std,z_lat_neighbors_mean,z_lat_neighbors_std,domain_area_mean,domain_oop_std
41.10111999511719,0.20742775478386755,,,1.410904589842689,714.3612440191388,0.007411257411257255,9.405,0.06728596591487727,5.881547451019287,0.008957561908893002,0.02831879071891308,0.0,0.9333371833371832,706.7803087028003,0.04495776472963023,1.9868348414944133,1.191518853665425,1.3499999999999999,0.08172496618769823,0.3226952608963427,6.299054145812988,,0.018700787401574805,0.4810456929208347,22.0,502.91999999999996,586.2661059413028,0.254283036371041,0.7849024725263076,0.6136363636363636,0.9313899895445896,0.4221717417240143,61.0,0.8755912351166362,25.0,78.01996091368461,0.19225593499552143,0.36363636363636365,0.4810456929208347,,
