cell_mask_area,cell_mask_area_ratio,cell_mask_intensity,domain_area_mean,domain_area_std,domain_oop_mean,domain_oop_std,domain_slen_mean,myof_bending_mean,myof_bending_std,myof_length_max,myof_length_mean,myof_length_std,myof_straightness_mean,myof_straightness_std,n_domains,n_mbands,n_vectors,n_zbands,sarcomere_area,sarcomere_area_ratio,sarcomere_length_mean,sarcomere_length_std,sarcomere_oop,z_intensity_mean,z_intensity_std,z_lat_alignment_mean,z_lat_alignment_std,z_lat_dist_mean,z_lat_dist_std,z_lat_length_groups_mean,z_lat_neighbors_mean,z_lat_neighbors_std,z_length_max,z_length_mean,z_length_std,z_mask_area,z_mask_area_ratio,z_mask_intensity,z_oop,z_straightness_mean,z_straightness_std
609.435,0.2051783171226858,653.6981466440227,23.805,0.0,0.8471400737762451,0.0,1.3194169927203065,0.01397310487575052,0.014588352494228612,6.624233245849609,6.523129463195801,0.025041434913873672,0.971121624538084,0.025211740900807494,1.0,13.0,65.0,17.0,27.91511344909668,0.045804906920502896,1.3194169927203065,0.1606317213295983,0.8471401333808899,1138.332475432491,204.86436647450336,0.7847589043508942,0.6389870877176598,1.3948344202215197,0.7080338552394931,2.756519484641351,0.9411764705882353,0.6389870877176598,2.4,0.8029411764705882,0.6215423387772819,5.9624999999999995,0.009783652071180683,1184.4301886792452,0.7915491161254259,0.8578008281111306,0.10577000826766352
