cell_mask_area,cell_mask_area_ratio,cell_mask_intensity,domain_area_mean,domain_area_std,domain_oop_mean,domain_oop_std,domain_slen_mean,myof_bending_mean,myof_bending_std,myof_length_max,myof_length_mean,myof_length_std,myof_straightness_mean,myof_straightness_std,n_domains,n_mbands,n_vectors,n_zbands,sarcomere_area,sarcomere_area_ratio,sarcomere_length_mean,sarcomere_length_std,sarcomere_oop,z_intensity_mean,z_intensity_std,z_lat_alignment_mean,z_lat_alignment_std,z_lat_dist_mean,z_lat_dist_std,z_lat_length_groups_mean,z_lat_neighbors_mean,z_lat_neighbors_std,z_length_max,z_length_mean,z_length_std,z_mask_area,z_mask_area_ratio,z_mask_intensity,z_oop,z_straightness_mean,z_straightness_std
1170.1125,0.20040076299107915,617.0284203441977,72.50625,21.38625,0.8870295286178589,0.06005805730819702,1.5518281697150247,0.02166610587568631,0.020215877615253966,31.024831771850586,13.250388145446777,6.418385028839111,0.96155196523329,0.023966897105525884,2.0,66.0,382.0,72.0,195.95028686523438,0.1674627754726442,1.587426629786832,0.22574291002067254,0.9041763544082642,939.3290320626018,140.46642442071473,0.7569522433615365,0.5846545883291441,1.6639526272011513,0.7178324272146096,2.32695735562503,0.6388888888888888,0.5846545883291441,3.0,1.052083333333333,0.7325013035634969,45.9225,0.039246226324391884,956.9304262616364,0.7817797241625443,0.8282053301344365,0.09341298540380452
