cell_mask_area,cell_mask_area_ratio,cell_mask_intensity,domain_area_mean,domain_area_std,domain_oop_mean,domain_oop_std,domain_slen_mean,myof_bending_mean,myof_bending_std,myof_length_max,myof_length_mean,myof_length_std,myof_straightness_mean,myof_straightness_std,n_domains,n_mbands,n_vectors,n_zbands,sarcomere_area,sarcomere_area_ratio,sarcomere_length_mean,sarcomere_length_std,sarcomere_oop,z_intensity_mean,z_intensity_std,z_lat_alignment_mean,z_lat_alignment_std,z_lat_dist_mean,z_lat_dist_std,z_lat_length_groups_mean,z_lat_neighbors_mean,z_lat_neighbors_std,z_length_max,z_length_mean,z_length_std,z_mask_area,z_mask_area_ratio,z_mask_intensity,z_oop,z_straightness_mean,z_straightness_std
1377.4275,0.2752999478351591,622.0579395285778,35.8425,11.292500968563163,0.7093245387077332,0.20397624373435974,1.4574948476148393,0.027532701813469784,0.022721772287434362,17.93194007873535,8.28596305847168,2.8162992000579834,0.9650905735652429,0.019691544427972198,4.0,85.0,298.0,73.0,179.070556640625,0.13000361662637416,1.464147658605026,0.21215450875656022,0.25059500336647034,895.9871287531076,135.6221199873355,0.7604702519524206,0.5396634411943071,1.8903834923166707,0.8713824618580361,1.5189045574988707,0.3835616438356164,0.5396634411943071,2.85,0.8650684931506848,0.5470772234880311,40.68,0.029533314820562245,914.7317477876106,0.2932913104877211,0.8436588985786723,0.0924081956926283
