cell_mask_area,cell_mask_area_ratio,cell_mask_intensity,domain_area_mean,domain_area_std,domain_oop_mean,domain_oop_std,domain_slen_mean,myof_bending_mean,myof_bending_std,myof_length_max,myof_length_mean,myof_length_std,myof_straightness_mean,myof_straightness_std,n_domains,n_mbands,n_vectors,n_zbands,sarcomere_area,sarcomere_area_ratio,sarcomere_length_mean,sarcomere_length_std,sarcomere_oop,z_intensity_mean,z_intensity_std,z_lat_alignment_mean,z_lat_alignment_std,z_lat_dist_mean,z_lat_dist_std,z_lat_length_groups_mean,z_lat_neighbors_mean,z_lat_neighbors_std,z_length_max,z_length_mean,z_length_std,z_mask_area,z_mask_area_ratio,z_mask_intensity,z_oop,z_straightness_mean,z_straightness_std
215.82,0.057727491574386135,619.6324020016681,,,,,,0.02491616570119829,0.003855678032982741,11.125486373901367,10.50120735168457,0.5103822946548462,0.958677943073182,0.020689777392708608,0.0,10.0,38.0,10.0,23.09173583984375,0.10699534723308197,1.5857653921293287,0.1299544643534559,0.9013900756835938,999.7575902706274,94.6596774866477,0.832055928247641,0.48989794855663565,2.3804482636788373,0.5742090768599977,1.8138620659197093,0.4,0.48989794855663565,1.7999999999999998,0.9750000000000002,0.4802343178074637,6.4575,0.029920767306088406,979.6376306620209,0.934037904128693,0.8721173570355027,0.06293828468813674
