cell_mask_area,cell_mask_area_ratio,cell_mask_intensity,domain_area_mean,domain_area_std,domain_oop_mean,domain_oop_std,domain_slen_mean,myof_bending_mean,myof_bending_std,myof_length_max,myof_length_mean,myof_length_std,myof_straightness_mean,myof_straightness_std,n_domains,n_mbands,n_vectors,n_zbands,sarcomere_area,sarcomere_area_ratio,sarcomere_length_mean,sarcomere_length_std,sarcomere_oop,z_intensity_mean,z_intensity_std,z_lat_alignment_mean,z_lat_alignment_std,z_lat_dist_mean,z_lat_dist_std,z_lat_length_groups_mean,z_lat_neighbors_mean,z_lat_neighbors_std,z_length_max,z_length_mean,z_length_std,z_mask_area,z_mask_area_ratio,z_mask_intensity,z_oop,z_straightness_mean,z_straightness_std
603.63,0.1550258588310075,602.9893767705382,,,,,,0.03672342251510054,0.01392093807838427,23.93194007873535,14.603150367736816,7.090672492980957,0.9440780491684351,0.01162869594677228,0.0,33.0,94.0,25.0,57.55545425415039,0.09534889626783027,1.4737161907809246,0.22786031520860325,0.8093402981758118,893.5027909990765,119.9148050032015,0.8931438363305032,0.4270831300812524,1.1972346452310811,0.08141992543842531,1.1246229061678745,0.24,0.4270831300812524,1.7999999999999998,0.846,0.432416465921454,14.445,0.023930222155956464,889.1090342679128,0.7526621804221766,0.8351361819180408,0.06424697503438973
