cell_mask_area,cell_mask_area_ratio,cell_mask_intensity,domain_area_mean,domain_area_std,domain_oop_mean,domain_oop_std,domain_slen_mean,myof_bending_mean,myof_bending_std,myof_length_max,myof_length_mean,myof_length_std,myof_straightness_mean,myof_straightness_std,n_domains,n_mbands,n_vectors,n_zbands,sarcomere_area,sarcomere_area_ratio,sarcomere_length_mean,sarcomere_length_std,sarcomere_oop,z_intensity_mean,z_intensity_std,z_lat_alignment_mean,z_lat_alignment_std,z_lat_dist_mean,z_lat_dist_std,z_lat_length_groups_mean,z_lat_neighbors_mean,z_lat_neighbors_std,z_length_max,z_length_mean,z_length_std,z_mask_area,z_mask_area_ratio,z_mask_intensity,z_oop,z_straightness_mean,z_straightness_std
443.6775,0.21773311985866506,651.3553425630103,69.12,0.0,0.8099817633628845,0.0,1.345606797073192,0.020291109751145626,0.01282420807702919,17.0211181640625,10.317781448364258,3.2187726497650146,0.9556587821056495,0.042924035219439,1.0,33.0,174.0,32.0,82.33843231201172,0.18558171715268798,1.345606797073192,0.15446888788396465,0.8099817633628845,945.1864051283394,117.29068010327691,0.7918377632396063,0.7043392293490403,1.6676930705115312,0.6146542300902371,3.3685527092748804,0.9375,0.7043392293490403,2.55,1.0078125,0.622132091957769,17.0775,0.03849079567929408,929.3847167325429,0.8108454106948125,0.8207754590335286,0.07862334814368069
