sarcomere_area,cell_mask_area_ratio,domain_area_std,domain_oop_mean,sarcomere_length_mean,z_mask_intensity,myof_straightness_std,z_mask_area,z_straightness_std,myof_length_mean,myof_bending_std,sarcomere_oop,n_domains,myof_straightness_mean,z_intensity_mean,myof_bending_mean,z_lat_dist_mean,z_lat_length_groups_mean,z_length_max,sarcomere_area_ratio,z_length_std,myof_length_max,domain_slen_mean,z_mask_area_ratio,z_lat_alignment_std,n_zbands,cell_mask_area,cell_mask_intensity,z_oop,z_lat_alignment_mean,z_length_mean,z_lat_dist_std,myof_length_std,n_vectors,z_straightness_mean,n_mbands,z_intensity_std,sarcomere_length_std,z_lat_neighbors_mean,z_lat_neighbors_std,domain_area_mean,domain_oop_std
88.90878295898438,0.2796729960655089,18.8325,0.7778893709182739,1.3679680917110988,881.4057471264368,0.030241785608804497,19.575,0.08466698782985221,7.978426456451416,0.013643472764736722,0.7100573778152466,2.0,0.9448414566400244,894.2853878524621,0.02731389332670596,1.6734787044446058,2.958782963555685,2.55,0.12720926712950295,0.66783231428256,12.731103897094727,1.369169047503588,0.028007597463219906,0.5665577237325317,45.0,698.9175,627.4463831568104,0.6335099942223159,0.8179012940886896,0.8999999999999998,0.8254356581650717,2.231639862060547,205.0,0.8765951292599599,41.0,107.11763439245738,0.17786042164777818,0.8888888888888888,0.5665577237325317,41.8275,0.1337243616580963
