cell_mask_area,cell_mask_area_ratio,cell_mask_intensity,domain_area_mean,domain_area_std,domain_oop_mean,domain_oop_std,domain_slen_mean,myof_bending_mean,myof_bending_std,myof_length_max,myof_length_mean,myof_length_std,myof_straightness_mean,myof_straightness_std,n_domains,n_mbands,n_vectors,n_zbands,sarcomere_area,sarcomere_area_ratio,sarcomere_length_mean,sarcomere_length_std,sarcomere_oop,z_intensity_mean,z_intensity_std,z_lat_alignment_mean,z_lat_alignment_std,z_lat_dist_mean,z_lat_dist_std,z_lat_length_groups_mean,z_lat_neighbors_mean,z_lat_neighbors_std,z_length_max,z_length_mean,z_length_std,z_mask_area,z_mask_area_ratio,z_mask_intensity,z_oop,z_straightness_mean,z_straightness_std
509.53499999999997,0.21792601716771237,676.9905502075421,21.5775,0.0,0.7688723802566528,0.0,1.4087948241400334,0.07441985972042453,0.06539568390043354,7.581689357757568,7.37690544128418,0.13228410482406616,0.9197980804089786,0.055164292150902856,1.0,30.0,72.0,25.0,49.72526931762695,0.09758950674168988,1.4454048549871932,0.26353412841685575,0.15254776179790497,1029.6874041167848,159.091807038005,0.7764849959322125,0.4898979485566356,1.9153247405787002,0.7759066555502221,1.2063311851446747,0.4,0.4898979485566356,1.5,0.5820000000000001,0.3349268576868687,9.157499999999999,0.01797226883334805,999.8280098280098,0.08064037600595189,0.8692342037047919,0.08692177142222139
