cell_mask_area,cell_mask_area_ratio,cell_mask_intensity,domain_area_mean,domain_area_std,domain_oop_mean,domain_oop_std,domain_slen_mean,myof_bending_mean,myof_bending_std,myof_length_max,myof_length_mean,myof_length_std,myof_straightness_mean,myof_straightness_std,n_domains,n_mbands,n_vectors,n_zbands,sarcomere_area,sarcomere_area_ratio,sarcomere_length_mean,sarcomere_length_std,sarcomere_oop,z_intensity_mean,z_intensity_std,z_lat_alignment_mean,z_lat_alignment_std,z_lat_dist_mean,z_lat_dist_std,z_lat_length_groups_mean,z_lat_neighbors_mean,z_lat_neighbors_std,z_length_max,z_length_mean,z_length_std,z_mask_area,z_mask_area_ratio,z_mask_intensity,z_oop,z_straightness_mean,z_straightness_std
604.0124999999999,0.1551240934962873,602.9358912274166,,,,,,0.03850898259960186,0.016013274410666176,24.339345932006836,15.473390579223633,7.478922367095947,0.9444186592936872,0.011853933185596695,0.0,33.0,95.0,25.0,57.55857849121094,0.09529368761608567,1.4801929246626682,0.23296693917528763,0.811227560043335,893.5027909990765,119.9148050032015,0.8930487388254459,0.4270831300812524,1.1972346452310811,0.08141992543842531,1.1246229061678745,0.24,0.4270831300812524,1.7999999999999998,0.846,0.432416465921454,14.445,0.023915067982864597,889.1090342679128,0.7526621804221766,0.8351361819180408,0.06424697503438973
