cell_mask_area,cell_mask_area_ratio,cell_mask_intensity,domain_area_mean,domain_area_std,domain_oop_mean,domain_oop_std,domain_slen_mean,myof_bending_mean,myof_bending_std,myof_length_max,myof_length_mean,myof_length_std,myof_straightness_mean,myof_straightness_std,n_domains,n_mbands,n_vectors,n_zbands,sarcomere_area,sarcomere_area_ratio,sarcomere_length_mean,sarcomere_length_std,sarcomere_oop,z_intensity_mean,z_intensity_std,z_lat_alignment_mean,z_lat_alignment_std,z_lat_dist_mean,z_lat_dist_std,z_lat_length_groups_mean,z_lat_neighbors_mean,z_lat_neighbors_std,z_length_max,z_length_mean,z_length_std,z_mask_area,z_mask_area_ratio,z_mask_intensity,z_oop,z_straightness_mean,z_straightness_std
443.835,0.21781041241097554,651.3136976579134,68.94,0.0,0.8105645179748535,0.0,1.3577316567351427,0.023629044412521828,0.012005969854217613,16.26090431213379,9.864053726196289,3.7347981929779053,0.9500814583777706,0.042532553737894274,1.0,33.0,173.0,33.0,82.33206176757812,0.18550150791978579,1.3577316567351427,0.15315669489758676,0.810564398765564,947.625200932531,116.32088767636435,0.7951841242085683,0.6735185082088748,1.736328712178802,0.6518052648326059,3.548897611462402,0.9696969696969697,0.6735185082088748,2.55,0.9863636363636363,0.6245328832928251,17.1225,0.03857852580350806,929.4480946123522,0.7876753662686655,0.8262065057294823,0.0832957940623782
