cell_mask_area,cell_mask_area_ratio,cell_mask_intensity,domain_area_mean,domain_area_std,domain_oop_mean,domain_oop_std,domain_slen_mean,myof_bending_mean,myof_bending_std,myof_length_max,myof_length_mean,myof_length_std,myof_straightness_mean,myof_straightness_std,n_domains,n_mbands,n_vectors,n_zbands,sarcomere_area,sarcomere_area_ratio,sarcomere_length_mean,sarcomere_length_std,sarcomere_oop,z_intensity_mean,z_intensity_std,z_lat_alignment_mean,z_lat_alignment_std,z_lat_dist_mean,z_lat_dist_std,z_lat_length_groups_mean,z_lat_neighbors_mean,z_lat_neighbors_std,z_length_max,z_length_mean,z_length_std,z_mask_area,z_mask_area_ratio,z_mask_intensity,z_oop,z_straightness_mean,z_straightness_std
713.9475,0.32535271921909603,630.1491286123979,49.6275,15.684122943282482,0.684389591217041,0.06863079220056534,1.6232033719176169,0.0506852468366637,0.039259370419915174,14.609676361083984,9.617887496948242,2.609614372253418,0.926816496868657,0.03224834095500826,3.0,70.0,291.0,66.0,197.34559631347656,0.2764147172074649,1.6258074022776972,0.16259413258544628,0.3974183201789856,830.784319150826,115.86535892564545,0.733414261316971,0.6506336531389058,2.0105094903226037,0.6496092781993993,3.7231265791271566,0.9696969696969697,0.6506336531389058,3.75,0.9431818181818182,0.7740530071327413,43.3125,0.06066622545775425,831.0545454545454,0.3880393417349745,0.8439843285090267,0.11116564872177064
