cell_mask_area,cell_mask_area_ratio,cell_mask_intensity,domain_area_mean,domain_area_std,domain_oop_mean,domain_oop_std,domain_slen_mean,myof_bending_mean,myof_bending_std,myof_length_max,myof_length_mean,myof_length_std,myof_straightness_mean,myof_straightness_std,n_domains,n_mbands,n_vectors,n_zbands,sarcomere_area,sarcomere_area_ratio,sarcomere_length_mean,sarcomere_length_std,sarcomere_oop,z_intensity_mean,z_intensity_std,z_lat_alignment_mean,z_lat_alignment_std,z_lat_dist_mean,z_lat_dist_std,z_lat_length_groups_mean,z_lat_neighbors_mean,z_lat_neighbors_std,z_length_max,z_length_mean,z_length_std,z_mask_area,z_mask_area_ratio,z_mask_intensity,z_oop,z_straightness_mean,z_straightness_std
1119.9375,0.30959222769567596,694.6675439477649,68.0175,9.652500000000003,0.3763643503189087,0.21764464676380157,1.4698147935110168,0.03351209264642768,0.031006806092535165,15.822169303894043,9.703622817993164,2.600437641143799,0.9424220645981186,0.04804486407212256,2.0,72.0,278.0,73.0,173.71766662597656,0.1551137153867752,1.4653527424133106,0.1996746856434112,0.35677239298820496,1047.9401238001763,181.71496409918265,0.8179626618150052,0.6928311570631119,1.7018758107624303,0.7766416781053481,2.428944948918845,0.7671232876712328,0.6928311570631119,2.55,0.8445205479452054,0.554901055220326,37.44,0.033430436966348565,1054.1688701923076,0.3300624880152386,0.847313846029623,0.09513791041469342
