cell_mask_area,cell_mask_area_ratio,cell_mask_intensity,domain_area_mean,domain_area_std,domain_oop_mean,domain_oop_std,domain_slen_mean,myof_bending_mean,myof_bending_std,myof_length_max,myof_length_mean,myof_length_std,myof_straightness_mean,myof_straightness_std,n_domains,n_mbands,n_vectors,n_zbands,sarcomere_area,sarcomere_area_ratio,sarcomere_length_mean,sarcomere_length_std,sarcomere_oop,z_intensity_mean,z_intensity_std,z_lat_alignment_mean,z_lat_alignment_std,z_lat_dist_mean,z_lat_dist_std,z_lat_length_groups_mean,z_lat_neighbors_mean,z_lat_neighbors_std,z_length_max,z_length_mean,z_length_std,z_mask_area,z_mask_area_ratio,z_mask_intensity,z_oop,z_straightness_mean,z_straightness_std
821.5649999999999,0.2981416160428506,632.0430245933067,36.07875,9.59625,0.5906366109848022,0.13544684648513794,1.4772775584296642,0.028080522368697514,0.03215123589686258,18.18422508239746,8.860668182373047,3.96816086769104,0.9439961104151818,0.028713729776944658,2.0,47.0,163.0,47.0,99.90804290771484,0.12160698533617528,1.4695717436229947,0.19517314533421967,0.4014739394187927,896.9249159576781,127.40125130368618,0.7085165577904814,0.5407772351973973,1.7412773318403898,0.6537034905970853,1.814152228059562,0.5106382978723404,0.5407772351973973,3.3,0.9063829787234041,0.7888597360206258,25.627499999999998,0.03119351481623487,920.6856892010536,0.35691954573218837,0.852780827167056,0.12089344022327453
