cell_mask_area,cell_mask_area_ratio,cell_mask_intensity,domain_area_mean,domain_area_std,domain_oop_mean,domain_oop_std,domain_slen_mean,myof_bending_mean,myof_bending_std,myof_length_max,myof_length_mean,myof_length_std,myof_straightness_mean,myof_straightness_std,n_domains,n_mbands,n_vectors,n_zbands,sarcomere_area,sarcomere_area_ratio,sarcomere_length_mean,sarcomere_length_std,sarcomere_oop,z_intensity_mean,z_intensity_std,z_lat_alignment_mean,z_lat_alignment_std,z_lat_dist_mean,z_lat_dist_std,z_lat_length_groups_mean,z_lat_neighbors_mean,z_lat_neighbors_std,z_length_max,z_length_mean,z_length_std,z_mask_area,z_mask_area_ratio,z_mask_intensity,z_oop,z_straightness_mean,z_straightness_std
713.8125,0.32529119842506765,630.1704334121356,49.29,15.56757567831292,0.684969425201416,0.06853867322206497,1.625338115053373,0.054477313172774565,0.03929191720115981,14.874991416931152,9.744925498962402,2.4077558517456055,0.9274305774829502,0.03357470863263595,3.0,70.0,290.0,65.0,197.3182373046875,0.2764286662179319,1.6307121131793825,0.16133966035303404,0.3971986174583435,832.020663885117,116.32255770790944,0.7313159923537899,0.6663510100833142,1.986406040119219,0.6457659207662216,3.642017271873405,0.9538461538461539,0.6663510100833142,3.75,0.9576923076923076,0.7755013648369068,43.3125,0.06067769897557131,831.0966233766234,0.3821884331360082,0.8429253102888501,0.11210965944715481
