sarcomere_area,cell_mask_area_ratio,domain_area_std,domain_oop_mean,sarcomere_length_mean,z_mask_intensity,myof_straightness_std,z_mask_area,z_straightness_std,myof_length_mean,myof_bending_std,sarcomere_oop,n_domains,myof_straightness_mean,z_intensity_mean,myof_bending_mean,z_lat_dist_mean,z_lat_length_groups_mean,z_length_max,sarcomere_area_ratio,z_length_std,myof_length_max,domain_slen_mean,z_mask_area_ratio,z_lat_alignment_std,n_zbands,cell_mask_area,cell_mask_intensity,z_oop,z_lat_alignment_mean,z_length_mean,z_lat_dist_std,myof_length_std,n_vectors,z_straightness_mean,n_mbands,z_intensity_std,sarcomere_length_std,z_lat_neighbors_mean,z_lat_neighbors_std,domain_area_mean,domain_oop_std
208.5486602783203,0.25870922812997177,0.0,0.7562428712844849,1.4309659678181574,1072.292741165234,0.025468997022776215,47.114999999999995,0.09856970780353005,14.024300575256348,0.012175548236490146,0.7043609023094177,1.0,0.9532642166448004,1050.073815567662,0.01866486863441512,1.8361741527335183,3.775056737460166,3.5999999999999996,0.20284565469652743,0.734199915033676,19.128131866455078,1.4266967913796493,0.045826585547336623,0.6862318321265947,76.0,1028.115,668.4130301571322,0.4932935111568407,0.7315644463795015,1.1171052631578946,0.6013231085143389,3.553455114364624,427.0,0.8224131415328818,76.0,179.99922256387038,0.23114207196002018,0.9473684210526315,0.6862318321265947,161.9325,0.0
