cell_mask_area,cell_mask_area_ratio,cell_mask_intensity,domain_area_mean,domain_area_std,domain_oop_mean,domain_oop_std,domain_slen_mean,myof_bending_mean,myof_bending_std,myof_length_max,myof_length_mean,myof_length_std,myof_straightness_mean,myof_straightness_std,n_domains,n_mbands,n_vectors,n_zbands,sarcomere_area,sarcomere_area_ratio,sarcomere_length_mean,sarcomere_length_std,sarcomere_oop,z_intensity_mean,z_intensity_std,z_lat_alignment_mean,z_lat_alignment_std,z_lat_dist_mean,z_lat_dist_std,z_lat_length_groups_mean,z_lat_neighbors_mean,z_lat_neighbors_std,z_length_max,z_length_mean,z_length_std,z_mask_area,z_mask_area_ratio,z_mask_intensity,z_oop,z_straightness_mean,z_straightness_std
676.8,0.2037208861316736,643.572772606383,29.5425,0.0,0.6974765658378601,0.0,1.4186988651788726,0.031709213327535325,0.018391144706007993,6.722058296203613,6.716524600982666,0.005104066804051399,0.9698357821953327,0.014779602420051496,1.0,20.0,65.0,14.0,37.988868713378906,0.05613012516752203,1.4186988651788726,0.2531741983467928,0.6974765062332153,935.7812097339612,93.47491937220448,0.7499299673096196,0.45175395145262565,1.655762047369052,0.6028698387647619,2.1698678040939177,0.7142857142857143,0.45175395145262565,1.7999999999999998,0.8035714285714286,0.4557036496743586,7.965,0.011768617021276597,957.6412429378531,0.5119049545154895,0.8285024499310213,0.0853244006680054
