sarcomere_area,cell_mask_area_ratio,domain_area_std,domain_oop_mean,sarcomere_length_mean,z_mask_intensity,myof_straightness_std,z_mask_area,z_straightness_std,myof_length_mean,myof_bending_std,sarcomere_oop,n_domains,myof_straightness_mean,z_intensity_mean,myof_bending_mean,z_lat_dist_mean,z_lat_length_groups_mean,z_length_max,sarcomere_area_ratio,z_length_std,myof_length_max,domain_slen_mean,z_mask_area_ratio,z_lat_alignment_std,n_zbands,cell_mask_area,cell_mask_intensity,z_oop,z_lat_alignment_mean,z_length_mean,z_lat_dist_std,myof_length_std,n_vectors,z_straightness_mean,n_mbands,z_intensity_std,sarcomere_length_std,z_lat_neighbors_mean,z_lat_neighbors_std,domain_area_mean,domain_oop_std
111.93352508544922,0.3070911277018147,0.0,0.8306140899658203,1.6105922276850217,828.0115667718192,0.015906968531404362,21.3975,0.09880716859868437,11.275043487548828,0.014459919465751935,0.4682261347770691,1.0,0.9583332709983342,827.862305976803,0.017114389592117876,1.5556431035223384,1.4629286429580983,2.85,0.11324432818418112,0.6088295635890228,18.41678237915039,1.631758272288055,0.021648076485317552,0.5454356057317857,40.0,988.425,599.5375825176417,0.2547092762534831,0.7458442247296269,0.7837500000000001,0.4092365263064746,4.287060260772705,154.0,0.8580296954974237,49.0,110.19976404270923,0.1992110116671227,0.45,0.5454356057317857,53.302499999999995,0.0
