cell_mask_area,cell_mask_area_ratio,cell_mask_intensity,domain_area_mean,domain_area_std,domain_oop_mean,domain_oop_std,domain_slen_mean,myof_bending_mean,myof_bending_std,myof_length_max,myof_length_mean,myof_length_std,myof_straightness_mean,myof_straightness_std,n_domains,n_mbands,n_vectors,n_zbands,sarcomere_area,sarcomere_area_ratio,sarcomere_length_mean,sarcomere_length_std,sarcomere_oop,z_intensity_mean,z_intensity_std,z_lat_alignment_mean,z_lat_alignment_std,z_lat_dist_mean,z_lat_dist_std,z_lat_length_groups_mean,z_lat_neighbors_mean,z_lat_neighbors_std,z_length_max,z_length_mean,z_length_std,z_mask_area,z_mask_area_ratio,z_mask_intensity,z_oop,z_straightness_mean,z_straightness_std
444.73499999999996,0.1134900812447966,601.0893453404836,,,,,,0.011676857233905448,0.009349895788734285,8.279467582702637,7.2521162033081055,0.9612196087837219,0.973100932129255,0.01824019124856581,0.0,15.0,66.0,19.0,26.415586471557617,0.05939623926958215,1.4399391711530931,0.18825776196668206,0.9589129090309143,866.4169432612364,147.89545080325098,0.9439367178081244,0.464829519280413,1.4584497203891107,0.4614373338785262,1.0984593225729582,0.3157894736842105,0.464829519280413,1.95,0.6947368421052632,0.4303898895928108,6.6375,0.014924618030962261,862.8271186440678,0.9359395968350963,0.8980969895830576,0.07625076888260819
