sarcomere_area,cell_mask_area_ratio,domain_area_std,domain_oop_mean,sarcomere_length_mean,z_mask_intensity,myof_straightness_std,z_mask_area,z_straightness_std,myof_length_mean,myof_bending_std,sarcomere_oop,n_domains,myof_straightness_mean,z_intensity_mean,myof_bending_mean,z_lat_dist_mean,z_lat_length_groups_mean,z_length_max,sarcomere_area_ratio,z_length_std,myof_length_max,domain_slen_mean,z_mask_area_ratio,z_lat_alignment_std,n_zbands,cell_mask_area,cell_mask_intensity,z_oop,z_lat_alignment_mean,z_length_mean,z_lat_dist_std,myof_length_std,n_vectors,z_straightness_mean,n_mbands,z_intensity_std,sarcomere_length_std,z_lat_neighbors_mean,z_lat_neighbors_std,domain_area_mean,domain_oop_std
50.295204162597656,0.22698632425594883,0.0,0.9028334021568298,1.5861140579694832,857.2439024390244,0.02013963191398162,11.07,0.10769362130586868,11.236288070678711,0.011575154838201327,0.6792650818824768,1.0,0.9515388580028025,862.3218625867862,0.02988619730413573,1.2993396170113605,1.7090448085056802,2.25,0.11751971017436322,0.5703274826799073,13.170252799987793,1.584532411263487,0.025866147941748595,0.6871842709362769,24.0,427.97249999999997,596.238999001104,0.6476787373432604,0.8336366457777595,0.7062500000000002,0.5322396637462966,2.5997185707092285,86.0,0.8426221156508431,19.0,119.4289811900467,0.1507736940251996,0.6666666666666666,0.6871842709362769,27.0,0.0
