cell_mask_area,cell_mask_area_ratio,cell_mask_intensity,domain_area_mean,domain_area_std,domain_oop_mean,domain_oop_std,domain_slen_mean,myof_bending_mean,myof_bending_std,myof_length_max,myof_length_mean,myof_length_std,myof_straightness_mean,myof_straightness_std,n_domains,n_mbands,n_vectors,n_zbands,sarcomere_area,sarcomere_area_ratio,sarcomere_length_mean,sarcomere_length_std,sarcomere_oop,z_intensity_mean,z_intensity_std,z_lat_alignment_mean,z_lat_alignment_std,z_lat_dist_mean,z_lat_dist_std,z_lat_length_groups_mean,z_lat_neighbors_mean,z_lat_neighbors_std,z_length_max,z_length_mean,z_length_std,z_mask_area,z_mask_area_ratio,z_mask_intensity,z_oop,z_straightness_mean,z_straightness_std
856.17,0.2832978454116351,669.8274992116052,30.83625,5.208750000000002,0.9123421907424927,0.014743596315383911,1.4520181625992303,0.03396620633645307,0.014794249914996309,11.29638385772705,9.299683570861816,1.7411774396896362,0.954812459550984,0.02046240778844898,2.0,48.0,148.0,39.0,94.94242095947266,0.11089202022901136,1.4262847605944506,0.3560519935519347,0.8086814284324646,1083.7678464641704,198.229921433045,0.8194228015097249,0.49188015623720205,1.2141968921841295,0.4647993190726535,1.266566939918485,0.41025641025641024,0.49188015623720205,1.95,0.7576923076923077,0.441521039591962,16.447499999999998,0.019210553978765896,1103.0328317373462,0.6243433383632788,0.830678021246891,0.08468463052012444
