cell_mask_area,cell_mask_area_ratio,cell_mask_intensity,domain_area_mean,domain_area_std,domain_oop_mean,domain_oop_std,domain_slen_mean,myof_bending_mean,myof_bending_std,myof_length_max,myof_length_mean,myof_length_std,myof_straightness_mean,myof_straightness_std,n_domains,n_mbands,n_vectors,n_zbands,sarcomere_area,sarcomere_area_ratio,sarcomere_length_mean,sarcomere_length_std,sarcomere_oop,z_intensity_mean,z_intensity_std,z_lat_alignment_mean,z_lat_alignment_std,z_lat_dist_mean,z_lat_dist_std,z_lat_length_groups_mean,z_lat_neighbors_mean,z_lat_neighbors_std,z_length_max,z_length_mean,z_length_std,z_mask_area,z_mask_area_ratio,z_mask_intensity,z_oop,z_straightness_mean,z_straightness_std
514.2825,0.18437525207711544,673.2660891630572,25.785,0.0,0.9324941039085388,0.0,1.456795417330025,0.022341133124573836,0.014555040738215183,12.888738632202148,9.379140853881836,3.136364698410034,0.9578129687536573,0.020387311169605647,1.0,30.0,72.0,21.0,50.359153747558594,0.09792118873879355,1.450313859783255,0.20240999085871014,0.9263394474983215,1258.1601469025838,226.2070549261391,0.8332061987309483,0.5259695722470125,1.6475259116127663,0.7308186304169645,2.0754005609924713,0.7619047619047619,0.5259695722470125,1.65,0.6571428571428571,0.371703195178791,10.934999999999999,0.02126263289145557,1195.187242798354,0.8371085113950892,0.8437402838453258,0.06976171610063922
