cell_mask_area,cell_mask_area_ratio,cell_mask_intensity,domain_area_mean,domain_area_std,domain_oop_mean,domain_oop_std,domain_slen_mean,myof_bending_mean,myof_bending_std,myof_length_max,myof_length_mean,myof_length_std,myof_straightness_mean,myof_straightness_std,n_domains,n_mbands,n_vectors,n_zbands,sarcomere_area,sarcomere_area_ratio,sarcomere_length_mean,sarcomere_length_std,sarcomere_oop,z_intensity_mean,z_intensity_std,z_lat_alignment_mean,z_lat_alignment_std,z_lat_dist_mean,z_lat_dist_std,z_lat_length_groups_mean,z_lat_neighbors_mean,z_lat_neighbors_std,z_length_max,z_length_mean,z_length_std,z_mask_area,z_mask_area_ratio,z_mask_intensity,z_oop,z_straightness_mean,z_straightness_std
694.485,0.15805779304906212,717.2520248817469,33.525,0.0,0.8654181957244873,0.0,1.4541610967432503,0.04008642569685057,0.02969132352158513,12.438193321228027,10.269622802734375,1.3282800912857056,0.9604561883599455,0.010992648987778764,1.0,19.0,99.0,19.0,52.183494567871094,0.07513984401084414,1.4452376701677077,0.2136085089954377,0.7010565996170044,1411.9852165126408,294.9332031275331,0.8510414762862023,0.6359497880839248,1.9374614149453202,0.6970553225827448,2.65518582538477,0.7368421052631579,0.6359497880839248,3.0,0.9631578947368421,0.8104323253774004,9.5175,0.013704399663059677,1434.1418439716313,0.6562827116722835,0.8441212108316339,0.10857038654479792
