sarcomere_area,cell_mask_area_ratio,domain_area_std,domain_oop_mean,sarcomere_length_mean,z_mask_intensity,myof_straightness_std,z_mask_area,z_straightness_std,myof_length_mean,myof_bending_std,sarcomere_oop,n_domains,myof_straightness_mean,z_intensity_mean,myof_bending_mean,z_lat_dist_mean,z_lat_length_groups_mean,z_length_max,sarcomere_area_ratio,z_length_std,myof_length_max,domain_slen_mean,z_mask_area_ratio,z_lat_alignment_std,n_zbands,cell_mask_area,cell_mask_intensity,z_oop,z_lat_alignment_mean,z_length_mean,z_lat_dist_std,myof_length_std,n_vectors,z_straightness_mean,n_mbands,z_intensity_std,sarcomere_length_std,z_lat_neighbors_mean,z_lat_neighbors_std,domain_area_mean,domain_oop_std
28.427288055419922,0.1784545303709067,0.0,0.925764799118042,1.4483015322506365,1141.375,0.01850495146966649,8.459999999999999,0.11176377097888873,6.751560688018799,0.005345263564262339,0.925764799118042,1.0,0.9725801097865581,1173.5468105981709,0.008895390250491747,2.174199807260617,1.9187881559308417,2.25,0.05339510712050249,0.5099019513592784,9.589354515075684,1.4483015322506365,0.01589045727326515,0.6400954789890506,24.0,532.395,652.4513143436734,0.8896352445256271,0.6957269041685394,0.725,0.7355742544585036,1.6082309484481812,71.0,0.8857384803245809,16.0,172.6063038557408,0.2036310889050727,0.5833333333333334,0.6400954789890506,34.56,0.0
