cell_mask_area,cell_mask_area_ratio,cell_mask_intensity,domain_area_mean,domain_area_std,domain_oop_mean,domain_oop_std,domain_slen_mean,myof_bending_mean,myof_bending_std,myof_length_max,myof_length_mean,myof_length_std,myof_straightness_mean,myof_straightness_std,n_domains,n_mbands,n_vectors,n_zbands,sarcomere_area,sarcomere_area_ratio,sarcomere_length_mean,sarcomere_length_std,sarcomere_oop,z_intensity_mean,z_intensity_std,z_lat_alignment_mean,z_lat_alignment_std,z_lat_dist_mean,z_lat_dist_std,z_lat_length_groups_mean,z_lat_neighbors_mean,z_lat_neighbors_std,z_length_max,z_length_mean,z_length_std,z_mask_area,z_mask_area_ratio,z_mask_intensity,z_oop,z_straightness_mean,z_straightness_std
628.9425,0.24417365478686237,577.1846313454728,48.824999999999996,0.0,0.24119463562965393,0.0,1.46024020821996,0.02765850708958707,0.015854811895453638,13.207847595214844,9.41083812713623,3.091219663619995,0.9339810066163444,0.030224563055790996,1.0,37.0,97.0,35.0,62.44596862792969,0.0992872458578164,1.446237092432873,0.2853715623390861,0.11122944205999374,916.6778857172145,141.40087393883766,0.7497974995498566,0.6020373573058708,1.955014207618239,0.8095797971854478,1.4848190244794781,0.45714285714285713,0.6020373573058708,2.55,0.6985714285714285,0.5565821354206293,16.965,0.026973848960755553,906.761273209549,0.17473040516424732,0.8613796149462938,0.11105089323679151
