cell_mask_area,cell_mask_area_ratio,cell_mask_intensity,domain_area_mean,domain_area_std,domain_oop_mean,domain_oop_std,domain_slen_mean,myof_bending_mean,myof_bending_std,myof_length_max,myof_length_mean,myof_length_std,myof_straightness_mean,myof_straightness_std,n_domains,n_mbands,n_vectors,n_zbands,sarcomere_area,sarcomere_area_ratio,sarcomere_length_mean,sarcomere_length_std,sarcomere_oop,z_intensity_mean,z_intensity_std,z_lat_alignment_mean,z_lat_alignment_std,z_lat_dist_mean,z_lat_dist_std,z_lat_length_groups_mean,z_lat_neighbors_mean,z_lat_neighbors_std,z_length_max,z_length_mean,z_length_std,z_mask_area,z_mask_area_ratio,z_mask_intensity,z_oop,z_straightness_mean,z_straightness_std
698.7375,0.2796009687671628,627.4739011431332,41.38875,18.686249999999998,0.7809716463088989,0.1366523802280426,1.3703228382381991,0.03566975554977745,0.019431974156805053,13.508929252624512,9.113503456115723,2.713784694671631,0.9113274234485125,0.03969530683387278,2.0,40.0,202.0,44.0,88.75825500488281,0.12702660871197383,1.3703359214868693,0.1797912295977947,0.7115911841392517,892.5759648491089,107.71939877987812,0.6971725455771857,0.6013071161510434,1.762727239383796,0.7828107558882809,3.357272696828683,0.9545454545454546,0.6013071161510434,2.55,0.9136363636363636,0.6691551352573797,19.575,0.028014812429560457,881.6022988505747,0.6347223002107157,0.8770372263535307,0.08557233205474227
