sarcomere_area,cell_mask_area_ratio,domain_area_std,domain_oop_mean,sarcomere_length_mean,z_mask_intensity,myof_straightness_std,z_mask_area,z_straightness_std,myof_length_mean,myof_bending_std,sarcomere_oop,n_domains,myof_straightness_mean,z_intensity_mean,myof_bending_mean,z_lat_dist_mean,z_lat_length_groups_mean,z_length_max,sarcomere_area_ratio,z_length_std,myof_length_max,domain_slen_mean,z_mask_area_ratio,z_lat_alignment_std,n_zbands,cell_mask_area,cell_mask_intensity,z_oop,z_lat_alignment_mean,z_length_mean,z_lat_dist_std,myof_length_std,n_vectors,z_straightness_mean,n_mbands,z_intensity_std,sarcomere_length_std,z_lat_neighbors_mean,z_lat_neighbors_std,domain_area_mean,domain_oop_std
82.40489959716797,0.28900427647818044,0.0,0.42406630516052246,1.4979536163195168,991.2759084791386,0.009419713831478327,16.7175,0.0779775904032959,6.993918418884277,0.010237223158264561,0.5699364542961121,1.0,0.9270667726550077,980.2696556220388,0.05827849433784778,1.7040725430166608,1.1064605651148136,1.5,0.07537435649508858,0.33537939537630396,7.148812294006348,1.5252413902147586,0.015291212183576871,0.48104569292083466,33.0,1093.2749999999999,698.5557522123894,0.265697293005517,0.8691303373600411,0.5954545454545455,0.6585110235498971,0.12820585072040558,83.0,0.8652742569149107,35.0,165.17373225964963,0.2510809561140915,0.36363636363636365,0.48104569292083466,20.857499999999998,0.0
