sarcomere_area,cell_mask_area_ratio,domain_area_std,domain_oop_mean,sarcomere_length_mean,z_mask_intensity,myof_straightness_std,z_mask_area,z_straightness_std,myof_length_mean,myof_bending_std,sarcomere_oop,n_domains,myof_straightness_mean,z_intensity_mean,myof_bending_mean,z_lat_dist_mean,z_lat_length_groups_mean,z_length_max,sarcomere_area_ratio,z_length_std,myof_length_max,domain_slen_mean,z_mask_area_ratio,z_lat_alignment_std,n_zbands,cell_mask_area,cell_mask_intensity,z_oop,z_lat_alignment_mean,z_length_mean,z_lat_dist_std,myof_length_std,n_vectors,z_straightness_mean,n_mbands,z_intensity_std,sarcomere_length_std,z_lat_neighbors_mean,z_lat_neighbors_std,domain_area_mean,domain_oop_std
62.44596862792969,0.24417365478686237,0.0,0.24119463562965393,1.446237092432873,906.761273209549,0.030224563055790996,16.965,0.11105089323679151,9.41083812713623,0.015854811895453638,0.11122944205999374,1.0,0.9339810066163444,916.6778857172145,0.02765850708958707,1.955014207618239,1.4848190244794781,2.55,0.0992872458578164,0.5565821354206293,13.207847595214844,1.46024020821996,0.026973848960755553,0.6020373573058708,35.0,628.9425,577.1846313454728,0.17473040516424732,0.7497974995498566,0.6985714285714285,0.8095797971854478,3.091219663619995,97.0,0.8613796149462938,37.0,141.40087393883766,0.2853715623390861,0.45714285714285713,0.6020373573058708,48.824999999999996,0.0
