cell_mask_area,cell_mask_area_ratio,cell_mask_intensity,domain_area_mean,domain_area_std,domain_oop_mean,domain_oop_std,domain_slen_mean,myof_bending_mean,myof_bending_std,myof_length_max,myof_length_mean,myof_length_std,myof_straightness_mean,myof_straightness_std,n_domains,n_mbands,n_vectors,n_zbands,sarcomere_area,sarcomere_area_ratio,sarcomere_length_mean,sarcomere_length_std,sarcomere_oop,z_intensity_mean,z_intensity_std,z_lat_alignment_mean,z_lat_alignment_std,z_lat_dist_mean,z_lat_dist_std,z_lat_length_groups_mean,z_lat_neighbors_mean,z_lat_neighbors_std,z_length_max,z_length_mean,z_length_std,z_mask_area,z_mask_area_ratio,z_mask_intensity,z_oop,z_straightness_mean,z_straightness_std
969.8175,0.21657295890424724,602.5115653202794,,,,,,0.0520150809705003,0.04580700432902507,10.375576972961426,7.332920551300049,2.1158981323242188,0.9043828658136199,0.0338157398597746,0.0,21.0,52.0,17.0,32.912254333496094,0.03393654407504102,1.3222859390717514,0.19833150798386334,0.7041946649551392,1072.4476236565506,198.60164089089486,0.8933405724162721,0.32218973970892123,1.4849242404917484,0.0,0.8428077650307342,0.11764705882352941,0.32218973970892123,1.65,0.7058823529411765,0.4010582886128298,8.1,0.008352086861703361,1063.6583333333333,0.5425642925849625,0.8405440139775261,0.082039890997886
