cell_mask_area,cell_mask_area_ratio,cell_mask_intensity,domain_area_mean,domain_area_std,domain_oop_mean,domain_oop_std,domain_slen_mean,myof_bending_mean,myof_bending_std,myof_length_max,myof_length_mean,myof_length_std,myof_straightness_mean,myof_straightness_std,n_domains,n_mbands,n_vectors,n_zbands,sarcomere_area,sarcomere_area_ratio,sarcomere_length_mean,sarcomere_length_std,sarcomere_oop,z_intensity_mean,z_intensity_std,z_lat_alignment_mean,z_lat_alignment_std,z_lat_dist_mean,z_lat_dist_std,z_lat_length_groups_mean,z_lat_neighbors_mean,z_lat_neighbors_std,z_length_max,z_length_mean,z_length_std,z_mask_area,z_mask_area_ratio,z_mask_intensity,z_oop,z_straightness_mean,z_straightness_std
1028.34,0.25876584589775964,668.3802074216699,161.1675,0.0,0.7550438642501831,0.0,1.4237769265501385,0.020766311348376698,0.0112135807579443,19.056447982788086,13.908557891845703,3.7856271266937256,0.9474732298710552,0.02485798150559645,1.0,76.0,424.0,76.0,208.68954467773438,0.20293827399277903,1.4277892018782032,0.23381108458195465,0.7026715874671936,1049.9975672545715,180.0708559628669,0.732192712354827,0.6862318321265947,1.8361741527335183,0.6013231085143389,3.778806737460166,0.9473684210526315,0.6862318321265947,3.5999999999999996,1.1190789473684208,0.7326038234874054,47.1825,0.0458821984946613,1072.0944206008583,0.4915769958225204,0.821898031642772,0.09857026421541613
