sarcomere_area,cell_mask_area_ratio,domain_area_std,domain_oop_mean,sarcomere_length_mean,z_mask_intensity,myof_straightness_std,z_mask_area,z_straightness_std,myof_length_mean,myof_bending_std,sarcomere_oop,n_domains,myof_straightness_mean,z_intensity_mean,myof_bending_mean,z_lat_dist_mean,z_lat_length_groups_mean,z_length_max,sarcomere_area_ratio,z_length_std,myof_length_max,domain_slen_mean,z_mask_area_ratio,z_lat_alignment_std,n_zbands,cell_mask_area,cell_mask_intensity,z_oop,z_lat_alignment_mean,z_length_mean,z_lat_dist_std,myof_length_std,n_vectors,z_straightness_mean,n_mbands,z_intensity_std,sarcomere_length_std,z_lat_neighbors_mean,z_lat_neighbors_std,domain_area_mean,domain_oop_std
21.691286087036133,0.14626449043453524,,,1.4784385106936846,771.3175675675676,0.018190670314104297,6.66,0.03821733309344029,7.365731716156006,0.03519622304302558,0.8844680190086365,0.0,0.9648411923746443,783.9883118268746,0.029744224300156802,1.0816653826391993,0.7151387818866,1.2,0.05859461249764956,0.29911110915728584,9.447136878967285,,0.017990640004862335,0.36080121229410994,13.0,370.1925,563.2194128730323,0.8845283468332203,0.842146213114605,0.5769230769230768,0.0,1.9475810527801514,44.0,0.8867570566791656,14.0,74.3309967433357,0.34607325356447266,0.15384615384615385,0.36080121229410994,,
