cell_mask_area,cell_mask_area_ratio,cell_mask_intensity,domain_area_mean,domain_area_std,domain_oop_mean,domain_oop_std,domain_slen_mean,myof_bending_mean,myof_bending_std,myof_length_max,myof_length_mean,myof_length_std,myof_straightness_mean,myof_straightness_std,n_domains,n_mbands,n_vectors,n_zbands,sarcomere_area,sarcomere_area_ratio,sarcomere_length_mean,sarcomere_length_std,sarcomere_oop,z_intensity_mean,z_intensity_std,z_lat_alignment_mean,z_lat_alignment_std,z_lat_dist_mean,z_lat_dist_std,z_lat_length_groups_mean,z_lat_neighbors_mean,z_lat_neighbors_std,z_length_max,z_length_mean,z_length_std,z_mask_area,z_mask_area_ratio,z_mask_intensity,z_oop,z_straightness_mean,z_straightness_std
1028.115,0.25870922812997177,668.4130301571322,161.9325,0.0,0.7562428712844849,0.0,1.4266967913796493,0.01866486863441512,0.012175548236490146,19.128131866455078,14.024300575256348,3.553455114364624,0.9532642166448004,0.025468997022776215,1.0,76.0,427.0,76.0,208.5486602783203,0.20284565469652743,1.4309659678181574,0.23114207196002018,0.7043609023094177,1050.073815567662,179.99922256387038,0.7315644463795015,0.6862318321265947,1.8361741527335183,0.6013231085143389,3.775056737460166,0.9473684210526315,0.6862318321265947,3.5999999999999996,1.1171052631578946,0.734199915033676,47.114999999999995,0.045826585547336623,1072.292741165234,0.4932935111568407,0.8224131415328818,0.09856970780353005
