cell_mask_area,cell_mask_area_ratio,cell_mask_intensity,domain_area_mean,domain_area_std,domain_oop_mean,domain_oop_std,domain_slen_mean,myof_bending_mean,myof_bending_std,myof_length_max,myof_length_mean,myof_length_std,myof_straightness_mean,myof_straightness_std,n_domains,n_mbands,n_vectors,n_zbands,sarcomere_area,sarcomere_area_ratio,sarcomere_length_mean,sarcomere_length_std,sarcomere_oop,z_intensity_mean,z_intensity_std,z_lat_alignment_mean,z_lat_alignment_std,z_lat_dist_mean,z_lat_dist_std,z_lat_length_groups_mean,z_lat_neighbors_mean,z_lat_neighbors_std,z_length_max,z_length_mean,z_length_std,z_mask_area,z_mask_area_ratio,z_mask_intensity,z_oop,z_straightness_mean,z_straightness_std
988.425,0.3070911277018147,599.5375825176417,54.7425,0.0,0.8239455223083496,0.0,1.630494039277453,0.012515516477675293,0.008333745056827161,18.338394165039062,11.153759002685547,4.09820032119751,0.9553607627769493,0.02368711414688115,1.0,49.0,155.0,40.0,111.93352508544922,0.11324432818418112,1.6138181407845928,0.19851473030115724,0.46605557203292847,827.862305976803,110.19976404270923,0.7458462574593919,0.5454356057317857,1.5556431035223384,0.4092365263064746,1.4629286429580983,0.45,0.5454356057317857,2.85,0.7837500000000001,0.6088295635890228,21.3975,0.021648076485317552,828.0115667718192,0.2547092762534831,0.8580296954974237,0.09880716859868437
