cell_mask_area,cell_mask_area_ratio,cell_mask_intensity,domain_area_mean,domain_area_std,domain_oop_mean,domain_oop_std,domain_slen_mean,myof_bending_mean,myof_bending_std,myof_length_max,myof_length_mean,myof_length_std,myof_straightness_mean,myof_straightness_std,n_domains,n_mbands,n_vectors,n_zbands,sarcomere_area,sarcomere_area_ratio,sarcomere_length_mean,sarcomere_length_std,sarcomere_oop,z_intensity_mean,z_intensity_std,z_lat_alignment_mean,z_lat_alignment_std,z_lat_dist_mean,z_lat_dist_std,z_lat_length_groups_mean,z_lat_neighbors_mean,z_lat_neighbors_std,z_length_max,z_length_mean,z_length_std,z_mask_area,z_mask_area_ratio,z_mask_intensity,z_oop,z_straightness_mean,z_straightness_std
667.125,0.23865868186355002,658.5272512647555,,,,,,0.034565374610059076,0.021140405237161368,7.302278995513916,6.5286030769348145,0.5894204378128052,0.9385131326975668,0.02133142688792522,0.0,7.0,31.0,11.0,19.10139274597168,0.0286324043409731,1.6230655678796377,0.3988908543926071,0.8299710750579834,1019.1234885803852,59.33736385060741,0.7656324807800999,0.38569460791993493,0.9486832980505127,0.0,0.9498683298050514,0.18181818181818182,0.38569460791993493,1.95,0.7772727272727273,0.6260858336317634,4.455,0.006677908937605397,1028.6464646464647,0.8287107349993594,0.8977633689273802,0.09974218471347784
