cell_mask_area,cell_mask_area_ratio,cell_mask_intensity,domain_area_mean,domain_area_std,domain_oop_mean,domain_oop_std,domain_slen_mean,myof_bending_mean,myof_bending_std,myof_length_max,myof_length_mean,myof_length_std,myof_straightness_mean,myof_straightness_std,n_domains,n_mbands,n_vectors,n_zbands,sarcomere_area,sarcomere_area_ratio,sarcomere_length_mean,sarcomere_length_std,sarcomere_oop,z_intensity_mean,z_intensity_std,z_lat_alignment_mean,z_lat_alignment_std,z_lat_dist_mean,z_lat_dist_std,z_lat_length_groups_mean,z_lat_neighbors_mean,z_lat_neighbors_std,z_length_max,z_length_mean,z_length_std,z_mask_area,z_mask_area_ratio,z_mask_intensity,z_oop,z_straightness_mean,z_straightness_std
520.9875,0.2531265031265031,674.4874541135824,148.0725,0.0,0.5480193495750427,0.0,1.3668757264116655,0.02752152142109505,0.020666736970663714,20.73886489868164,12.885100364685059,3.8389663696289062,0.9174133769784982,0.0757677765688719,1.0,49.0,439.0,51.0,162.33839416503906,0.3115974839416283,1.3668757264116655,0.20229975941521994,0.5480193495750427,935.9748075143315,78.97950979072483,0.8113162886271985,0.6865545647063371,1.494037733137629,0.6907688446858029,5.392140648226874,1.1372549019607843,0.6865545647063371,3.75,1.476470588235294,1.0105498862818993,32.85,0.06305333621248112,952.4321917808219,0.465296194185537,0.8045290177346583,0.1252161097514245
