cell_mask_area,cell_mask_area_ratio,cell_mask_intensity,domain_area_mean,domain_area_std,domain_oop_mean,domain_oop_std,domain_slen_mean,myof_bending_mean,myof_bending_std,myof_length_max,myof_length_mean,myof_length_std,myof_straightness_mean,myof_straightness_std,n_domains,n_mbands,n_vectors,n_zbands,sarcomere_area,sarcomere_area_ratio,sarcomere_length_mean,sarcomere_length_std,sarcomere_oop,z_intensity_mean,z_intensity_std,z_lat_alignment_mean,z_lat_alignment_std,z_lat_dist_mean,z_lat_dist_std,z_lat_length_groups_mean,z_lat_neighbors_mean,z_lat_neighbors_std,z_length_max,z_length_mean,z_length_std,z_mask_area,z_mask_area_ratio,z_mask_intensity,z_oop,z_straightness_mean,z_straightness_std
551.0475,0.2830674988441979,702.597117308399,23.04,0.0,0.8688613772392273,0.0,1.4351899613264836,0.012913801248933161,0.0,5.858903884887695,5.8589043617248535,4.76837158203125e-07,0.9850000000000004,0.0,1.0,21.0,53.0,13.0,48.417564392089844,0.08786459314685184,1.4515420436662383,0.15059710638537724,0.8821635246276855,997.3585152899127,78.78396655852303,0.61283620717269,0.49851851526214314,2.008703817765282,0.9874760617327271,1.4576111453295846,0.46153846153846156,0.49851851526214314,1.5,0.6576923076923076,0.34072668600538614,9.4275,0.017108325507329224,1016.3842482100239,0.6994999435318443,0.8744755244755246,0.07879467796968288
