cell_mask_area,cell_mask_area_ratio,cell_mask_intensity,domain_area_mean,domain_area_std,domain_oop_mean,domain_oop_std,domain_slen_mean,myof_bending_mean,myof_bending_std,myof_length_max,myof_length_mean,myof_length_std,myof_straightness_mean,myof_straightness_std,n_domains,n_mbands,n_vectors,n_zbands,sarcomere_area,sarcomere_area_ratio,sarcomere_length_mean,sarcomere_length_std,sarcomere_oop,z_intensity_mean,z_intensity_std,z_lat_alignment_mean,z_lat_alignment_std,z_lat_dist_mean,z_lat_dist_std,z_lat_length_groups_mean,z_lat_neighbors_mean,z_lat_neighbors_std,z_length_max,z_length_mean,z_length_std,z_mask_area,z_mask_area_ratio,z_mask_intensity,z_oop,z_straightness_mean,z_straightness_std
1028.115,0.25870922812997177,668.4130301571322,161.5275,0.0,0.7562428116798401,0.0,1.4267509504658402,0.01942790240045087,0.011883177931275734,19.181970596313477,14.366913795471191,3.26871395111084,0.9521325832011077,0.02501020837579164,1.0,76.0,427.0,76.0,208.54864501953125,0.2028456398550077,1.4307938308115302,0.23122070002593553,0.704360842704773,1050.073815567662,179.99922256387038,0.7315660004848692,0.6862318321265947,1.8361741527335183,0.6013231085143389,3.775056737460166,0.9473684210526315,0.6862318321265947,3.5999999999999996,1.1171052631578946,0.734199915033676,47.114999999999995,0.045826585547336623,1072.292741165234,0.4932935111568407,0.8224131415328818,0.09856970780353005
