sarcomere_area,cell_mask_area_ratio,domain_area_std,domain_oop_mean,sarcomere_length_mean,z_mask_intensity,myof_straightness_std,z_mask_area,z_straightness_std,myof_length_mean,myof_bending_std,sarcomere_oop,n_domains,myof_straightness_mean,z_intensity_mean,myof_bending_mean,z_lat_dist_mean,z_lat_length_groups_mean,z_length_max,sarcomere_area_ratio,z_length_std,myof_length_max,domain_slen_mean,z_mask_area_ratio,z_lat_alignment_std,n_zbands,cell_mask_area,cell_mask_intensity,z_oop,z_lat_alignment_mean,z_length_mean,z_lat_dist_std,myof_length_std,n_vectors,z_straightness_mean,n_mbands,z_intensity_std,sarcomere_length_std,z_lat_neighbors_mean,z_lat_neighbors_std,domain_area_mean,domain_oop_std
48.41752624511719,0.2830674988441979,0.0,0.8688616156578064,1.4504203471640733,1016.3842482100239,0.0,9.4275,0.07879467796968288,5.840625762939453,0.0,0.8821635842323303,1.0,0.9699999999999999,997.3585152899127,0.010557499595473935,2.008703817765282,1.4576111453295846,1.5,0.08786452392056436,0.34072668600538614,5.840626239776611,1.4337037134611148,0.017108325507329224,0.49851851526214314,13.0,551.0475,702.597117308399,0.6994999435318443,0.61283620717269,0.6576923076923076,0.9874760617327271,4.76837158203125e-07,53.0,0.8744755244755246,21.0,78.78396655852303,0.15457303080332033,0.46153846153846156,0.49851851526214314,23.107499999999998,0.0
