cell_mask_area,cell_mask_area_ratio,cell_mask_intensity,domain_area_mean,domain_area_std,domain_oop_mean,domain_oop_std,domain_slen_mean,myof_bending_mean,myof_bending_std,myof_length_max,myof_length_mean,myof_length_std,myof_straightness_mean,myof_straightness_std,n_domains,n_mbands,n_vectors,n_zbands,sarcomere_area,sarcomere_area_ratio,sarcomere_length_mean,sarcomere_length_std,sarcomere_oop,z_intensity_mean,z_intensity_std,z_lat_alignment_mean,z_lat_alignment_std,z_lat_dist_mean,z_lat_dist_std,z_lat_length_groups_mean,z_lat_neighbors_mean,z_lat_neighbors_std,z_length_max,z_length_mean,z_length_std,z_mask_area,z_mask_area_ratio,z_mask_intensity,z_oop,z_straightness_mean,z_straightness_std
370.1925,0.14626449043453524,563.2194128730323,,,,,,0.029744224300156802,0.03519622304302558,9.447136878967285,7.365731716156006,1.9475810527801514,0.9648411923746443,0.018190670314104297,0.0,14.0,44.0,13.0,21.691286087036133,0.05859461249764956,1.4784385106936846,0.34607325356447266,0.8844680190086365,783.9883118268746,74.3309967433357,0.842146213114605,0.36080121229410994,1.0816653826391993,0.0,0.7151387818866,0.15384615384615385,0.36080121229410994,1.2,0.5769230769230768,0.29911110915728584,6.66,0.017990640004862335,771.3175675675676,0.8845283468332203,0.8867570566791656,0.03821733309344029
