cell_mask_area,cell_mask_area_ratio,cell_mask_intensity,domain_area_mean,domain_area_std,domain_oop_mean,domain_oop_std,domain_slen_mean,myof_bending_mean,myof_bending_std,myof_length_max,myof_length_mean,myof_length_std,myof_straightness_mean,myof_straightness_std,n_domains,n_mbands,n_vectors,n_zbands,sarcomere_area,sarcomere_area_ratio,sarcomere_length_mean,sarcomere_length_std,sarcomere_oop,z_intensity_mean,z_intensity_std,z_lat_alignment_mean,z_lat_alignment_std,z_lat_dist_mean,z_lat_dist_std,z_lat_length_groups_mean,z_lat_neighbors_mean,z_lat_neighbors_std,z_length_max,z_length_mean,z_length_std,z_mask_area,z_mask_area_ratio,z_mask_intensity,z_oop,z_straightness_mean,z_straightness_std
619.47,0.22223298463127988,722.3354278657562,39.04875,11.238750000000001,0.7672278881072998,0.08348530530929565,1.4871393215316924,0.02832378197537902,0.019842783978214602,13.411236763000488,9.222013473510742,2.5374350547790527,0.9467781022559655,0.015485209202714657,2.0,38.0,180.0,34.0,96.75614166259766,0.1561918118110605,1.4640591520681754,0.1696082693917161,0.4632979929447174,1176.686436517151,154.49646013580212,0.6761922285085412,0.5672735741760562,1.6282516204550679,0.6889771531976251,2.9097761343185473,0.8235294117647058,0.5672735741760562,2.55,1.0411764705882351,0.5774526448925709,21.037499999999998,0.03396048234781345,1174.157219251337,0.4110883332303677,0.8386855917832227,0.10187732867631907
