cell_mask_area,cell_mask_area_ratio,cell_mask_intensity,domain_area_mean,domain_area_std,domain_oop_mean,domain_oop_std,domain_slen_mean,myof_bending_mean,myof_bending_std,myof_length_max,myof_length_mean,myof_length_std,myof_straightness_mean,myof_straightness_std,n_domains,n_mbands,n_vectors,n_zbands,sarcomere_area,sarcomere_area_ratio,sarcomere_length_mean,sarcomere_length_std,sarcomere_oop,z_intensity_mean,z_intensity_std,z_lat_alignment_mean,z_lat_alignment_std,z_lat_dist_mean,z_lat_dist_std,z_lat_length_groups_mean,z_lat_neighbors_mean,z_lat_neighbors_std,z_length_max,z_length_mean,z_length_std,z_mask_area,z_mask_area_ratio,z_mask_intensity,z_oop,z_straightness_mean,z_straightness_std
471.0825,0.2222045338767193,694.1217461909538,46.6425,9.225000000000001,0.8230310678482056,0.048316359519958496,1.3994133037396708,0.028036034948781,0.012648154062859567,16.28711700439453,9.874704360961914,4.214145660400391,0.945846735105814,0.016926650314698602,2.0,38.0,229.0,36.0,102.57764434814453,0.21774878996384822,1.4049529696695968,0.22823345904690384,0.3824615180492401,1045.6414511824996,108.80766394164365,0.6986874160790733,0.6502611061510902,1.399022037379685,0.750158209263884,2.5581428906928654,0.7222222222222222,0.6502611061510902,5.3999999999999995,1.1291666666666667,1.0027998997252088,21.9375,0.04656827625734346,1040.340512820513,0.4250541767526223,0.823124829414896,0.11483681007896199
