sarcomere_area,cell_mask_area_ratio,domain_area_std,domain_oop_mean,sarcomere_length_mean,z_mask_intensity,myof_straightness_std,z_mask_area,z_straightness_std,myof_length_mean,myof_bending_std,sarcomere_oop,n_domains,myof_straightness_mean,z_intensity_mean,myof_bending_mean,z_lat_dist_mean,z_lat_length_groups_mean,z_length_max,sarcomere_area_ratio,z_length_std,myof_length_max,domain_slen_mean,z_mask_area_ratio,z_lat_alignment_std,n_zbands,cell_mask_area,cell_mask_intensity,z_oop,z_lat_alignment_mean,z_length_mean,z_lat_dist_std,myof_length_std,n_vectors,z_straightness_mean,n_mbands,z_intensity_std,sarcomere_length_std,z_lat_neighbors_mean,z_lat_neighbors_std,domain_area_mean,domain_oop_std
173.71766662597656,0.30959222769567596,9.652500000000003,0.3763643503189087,1.4653527424133106,1054.1688701923076,0.04804486407212256,37.44,0.09513791041469342,9.703622817993164,0.031006806092535165,0.35677239298820496,2.0,0.9424220645981186,1047.9401238001763,0.03351209264642768,1.7018758107624303,2.428944948918845,2.55,0.1551137153867752,0.554901055220326,15.822169303894043,1.4698147935110168,0.033430436966348565,0.6928311570631119,73.0,1119.9375,694.6675439477649,0.3300624880152386,0.8179626618150052,0.8445205479452054,0.7766416781053481,2.600437641143799,278.0,0.847313846029623,72.0,181.71496409918265,0.1996746856434112,0.7671232876712328,0.6928311570631119,68.0175,0.21764464676380157
