cell_mask_area,cell_mask_area_ratio,cell_mask_intensity,domain_area_mean,domain_area_std,domain_oop_mean,domain_oop_std,domain_slen_mean,myof_bending_mean,myof_bending_std,myof_length_max,myof_length_mean,myof_length_std,myof_straightness_mean,myof_straightness_std,n_domains,n_mbands,n_vectors,n_zbands,sarcomere_area,sarcomere_area_ratio,sarcomere_length_mean,sarcomere_length_std,sarcomere_oop,z_intensity_mean,z_intensity_std,z_lat_alignment_mean,z_lat_alignment_std,z_lat_dist_mean,z_lat_dist_std,z_lat_length_groups_mean,z_lat_neighbors_mean,z_lat_neighbors_std,z_length_max,z_length_mean,z_length_std,z_mask_area,z_mask_area_ratio,z_mask_intensity,z_oop,z_straightness_mean,z_straightness_std
619.4925,0.22224105643807307,722.3277884720154,38.576249999999995,10.788749999999999,0.7659361362457275,0.08178538084030151,1.4883910789082342,0.030999705128629967,0.0211822518765337,12.767105102539062,10.168877601623535,1.7643928527832031,0.9359647586816584,0.027058897199624805,2.0,38.0,177.0,34.0,96.72364044189453,0.1561336746480297,1.466944531489998,0.16609867532141812,0.4550895094871521,1176.8654061442173,154.60497741781214,0.6782638177764272,0.5672735741760562,1.6282516204550679,0.6889771531976251,2.902276134318547,0.8235294117647058,0.5672735741760562,2.55,1.036764705882353,0.5779411764705882,21.06,0.03399556895361929,1173.7713675213674,0.41310385851746356,0.8384755077496093,0.10184641088251079
