cell_mask_area,cell_mask_area_ratio,cell_mask_intensity,domain_area_mean,domain_area_std,domain_oop_mean,domain_oop_std,domain_slen_mean,myof_bending_mean,myof_bending_std,myof_length_max,myof_length_mean,myof_length_std,myof_straightness_mean,myof_straightness_std,n_domains,n_mbands,n_vectors,n_zbands,sarcomere_area,sarcomere_area_ratio,sarcomere_length_mean,sarcomere_length_std,sarcomere_oop,z_intensity_mean,z_intensity_std,z_lat_alignment_mean,z_lat_alignment_std,z_lat_dist_mean,z_lat_dist_std,z_lat_length_groups_mean,z_lat_neighbors_mean,z_lat_neighbors_std,z_length_max,z_length_mean,z_length_std,z_mask_area,z_mask_area_ratio,z_mask_intensity,z_oop,z_straightness_mean,z_straightness_std
1013.7149999999999,0.25188829564196463,573.2463266302659,24.66,0.0,0.9259676337242126,0.0,1.4620687734805753,0.04214823066296018,0.029691839674263365,9.668432235717773,6.81420373916626,1.9860525131225586,0.9564319293557841,0.02353221285079539,1.0,18.0,53.0,22.0,31.748844146728516,0.03131929994794249,1.4396694560986245,0.2375329342207374,0.7857996225357056,785.3230017141415,73.71224717933237,0.8199554528605846,0.5821022034029861,1.5341241149388456,0.6037078763467475,1.2188600338055429,0.45454545454545453,0.5821022034029861,1.65,0.5931818181818183,0.34585055053561087,7.8525,0.0077462600435033524,785.1461318051576,0.6278124383136714,0.8975661165419456,0.07520494199234425
