cell_mask_area,cell_mask_area_ratio,cell_mask_intensity,domain_area_mean,domain_area_std,domain_oop_mean,domain_oop_std,domain_slen_mean,myof_bending_mean,myof_bending_std,myof_length_max,myof_length_mean,myof_length_std,myof_straightness_mean,myof_straightness_std,n_domains,n_mbands,n_vectors,n_zbands,sarcomere_area,sarcomere_area_ratio,sarcomere_length_mean,sarcomere_length_std,sarcomere_oop,z_intensity_mean,z_intensity_std,z_lat_alignment_mean,z_lat_alignment_std,z_lat_dist_mean,z_lat_dist_std,z_lat_length_groups_mean,z_lat_neighbors_mean,z_lat_neighbors_std,z_length_max,z_length_mean,z_length_std,z_mask_area,z_mask_area_ratio,z_mask_intensity,z_oop,z_straightness_mean,z_straightness_std
474.41249999999997,0.13152313584590242,732.8662556319658,24.55875,3.18375,0.8252043724060059,0.1342082917690277,1.3708210471774274,0.030263389046814422,0.04038375741989816,12.295380592346191,8.52176570892334,2.101696252822876,0.9603077156722446,0.016764501512603346,2.0,23.0,126.0,20.0,57.2657585144043,0.12070878932238148,1.3716207471497326,0.1629603166040111,0.1971636414527893,1139.895742589118,154.0576524407635,0.7016705380433341,0.5830951894845301,2.257564908689302,0.2898718390162559,2.139391227172325,0.4,0.5830951894845301,4.35,1.26,0.9943088051505931,12.3075,0.025942613232155562,1165.0694698354662,0.4988848976619837,0.8070842255414001,0.13954387872301838
