sarcomere_area,cell_mask_area_ratio,domain_area_std,domain_oop_mean,sarcomere_length_mean,z_mask_intensity,myof_straightness_std,z_mask_area,z_straightness_std,myof_length_mean,myof_bending_std,sarcomere_oop,n_domains,myof_straightness_mean,z_intensity_mean,myof_bending_mean,z_lat_dist_mean,z_lat_length_groups_mean,z_length_max,sarcomere_area_ratio,z_length_std,myof_length_max,domain_slen_mean,z_mask_area_ratio,z_lat_alignment_std,n_zbands,cell_mask_area,cell_mask_intensity,z_oop,z_lat_alignment_mean,z_length_mean,z_lat_dist_std,myof_length_std,n_vectors,z_straightness_mean,n_mbands,z_intensity_std,sarcomere_length_std,z_lat_neighbors_mean,z_lat_neighbors_std,domain_area_mean,domain_oop_std
20.543787002563477,0.29653460796029046,,,1.5362123718408907,908.829268292683,0.006770030525584059,5.535,0.0826193996149052,9.530228614807129,0.0023450281885126585,0.696722149848938,0.0,0.9668072052467735,910.5291152583018,0.013035383782160018,1.456646355453194,1.7752264888303966,1.5,0.03537884377378845,0.35032452487268534,10.040351867675781,,0.009531928084314942,0.7496555682941201,11.0,580.68,637.1211639801612,0.7397683106325108,0.5388550617042791,0.6,0.43595457922233827,0.248518168926239,33.0,0.9237818824978788,12.0,120.6624599003984,0.2523467178456355,0.7272727272727273,0.7496555682941201,,
