cell_mask_area,cell_mask_area_ratio,cell_mask_intensity,domain_area_mean,domain_area_std,domain_oop_mean,domain_oop_std,domain_slen_mean,myof_bending_mean,myof_bending_std,myof_length_max,myof_length_mean,myof_length_std,myof_straightness_mean,myof_straightness_std,n_domains,n_mbands,n_vectors,n_zbands,sarcomere_area,sarcomere_area_ratio,sarcomere_length_mean,sarcomere_length_std,sarcomere_oop,z_intensity_mean,z_intensity_std,z_lat_alignment_mean,z_lat_alignment_std,z_lat_dist_mean,z_lat_dist_std,z_lat_length_groups_mean,z_lat_neighbors_mean,z_lat_neighbors_std,z_length_max,z_length_mean,z_length_std,z_mask_area,z_mask_area_ratio,z_mask_intensity,z_oop,z_straightness_mean,z_straightness_std
514.2825,0.18437525207711544,673.2660891630572,25.74,0.0,0.9310775399208069,0.0,1.4549567610425482,0.01923730724857947,0.012268907144207695,12.832834243774414,8.61966609954834,3.534968137741089,0.964656654421213,0.010781420281440147,1.0,30.0,72.0,21.0,50.35912322998047,0.09792112939868743,1.4436689491803012,0.20690969331436268,0.9256744384765625,1258.1601469025838,226.2070549261391,0.8331273082108392,0.5259695722470125,1.6475259116127663,0.7308186304169645,2.0754005609924713,0.7619047619047619,0.5259695722470125,1.65,0.6571428571428571,0.371703195178791,10.934999999999999,0.02126263289145557,1195.187242798354,0.8371085113950892,0.8437402838453258,0.06976171610063922
