cell_mask_area,cell_mask_area_ratio,cell_mask_intensity,domain_area_mean,domain_area_std,domain_oop_mean,domain_oop_std,domain_slen_mean,myof_bending_mean,myof_bending_std,myof_length_max,myof_length_mean,myof_length_std,myof_straightness_mean,myof_straightness_std,n_domains,n_mbands,n_vectors,n_zbands,sarcomere_area,sarcomere_area_ratio,sarcomere_length_mean,sarcomere_length_std,sarcomere_oop,z_intensity_mean,z_intensity_std,z_lat_alignment_mean,z_lat_alignment_std,z_lat_dist_mean,z_lat_dist_std,z_lat_length_groups_mean,z_lat_neighbors_mean,z_lat_neighbors_std,z_length_max,z_length_mean,z_length_std,z_mask_area,z_mask_area_ratio,z_mask_intensity,z_oop,z_straightness_mean,z_straightness_std
291.24,0.13783116108697505,643.7296044499382,,,,,,0.010309443112483383,0.0,6.162892818450928,6.109189033508301,0.03425099328160286,0.9839135867633277,0.0004938976441571374,0.0,10.0,20.0,7.0,14.6318941116333,0.050239988022364034,1.2897347853694634,0.14058159517077626,0.9164514541625977,846.5408163265305,123.43183314189321,0.7925057515882232,0.4517539514526256,1.7557049866079453,0.0,1.0176174977679908,0.2857142857142857,0.4517539514526256,1.3499999999999999,0.6214285714285713,0.35340905362437086,2.205,0.007571075401730532,827.795918367347,0.7429254045877821,0.8948222829801777,0.055247684430910125
