cell_mask_area,cell_mask_area_ratio,cell_mask_intensity,domain_area_mean,domain_area_std,domain_oop_mean,domain_oop_std,domain_slen_mean,myof_bending_mean,myof_bending_std,myof_length_max,myof_length_mean,myof_length_std,myof_straightness_mean,myof_straightness_std,n_domains,n_mbands,n_vectors,n_zbands,sarcomere_area,sarcomere_area_ratio,sarcomere_length_mean,sarcomere_length_std,sarcomere_oop,z_intensity_mean,z_intensity_std,z_lat_alignment_mean,z_lat_alignment_std,z_lat_dist_mean,z_lat_dist_std,z_lat_length_groups_mean,z_lat_neighbors_mean,z_lat_neighbors_std,z_length_max,z_length_mean,z_length_std,z_mask_area,z_mask_area_ratio,z_mask_intensity,z_oop,z_straightness_mean,z_straightness_std
537.0074999999999,0.2235449487664612,670.9669837013449,28.518749999999997,1.7662500000000012,0.8648931980133057,0.019764214754104614,1.5151590121919636,0.05430822845521659,0.018003759042710565,14.973662376403809,9.85986042022705,3.4072797298431396,0.943807273552034,0.01842307909164504,2.0,34.0,123.0,28.0,75.08607482910156,0.13982313995447285,1.5250950210208298,0.2341383265315757,0.8770725727081299,902.4773771078733,90.17551654520916,0.8436156465588109,0.6662413609349154,1.9994721147167422,0.6380527113571094,2.510276264865825,0.6428571428571429,0.6662413609349154,3.0,1.0607142857142857,0.6512840535183914,15.4575,0.028784514182762812,902.566229985444,0.6705015406753646,0.8064630739090436,0.10297904180543781
