cell_mask_area,cell_mask_area_ratio,cell_mask_intensity,domain_area_mean,domain_area_std,domain_oop_mean,domain_oop_std,domain_slen_mean,myof_bending_mean,myof_bending_std,myof_length_max,myof_length_mean,myof_length_std,myof_straightness_mean,myof_straightness_std,n_domains,n_mbands,n_vectors,n_zbands,sarcomere_area,sarcomere_area_ratio,sarcomere_length_mean,sarcomere_length_std,sarcomere_oop,z_intensity_mean,z_intensity_std,z_lat_alignment_mean,z_lat_alignment_std,z_lat_dist_mean,z_lat_dist_std,z_lat_length_groups_mean,z_lat_neighbors_mean,z_lat_neighbors_std,z_length_max,z_length_mean,z_length_std,z_mask_area,z_mask_area_ratio,z_mask_intensity,z_oop,z_straightness_mean,z_straightness_std
545.9175,0.15026320678763858,694.814573630631,39.622499999999995,0.0,0.9439235329627991,0.0,1.366086957072766,0.04263204880367991,0.027912210875749688,11.763678550720215,8.5869722366333,2.647453546524048,0.94797929595201,0.01622806247451393,1.0,21.0,88.0,19.0,46.898555755615234,0.08590777133104403,1.366086957072766,0.28112115421035894,0.9439234733581543,1213.9859927295292,144.8779014918887,0.8823292752490769,0.6657426652986063,1.974568192902442,0.5688413237256834,2.2613391659549733,0.631578947368421,0.6657426652986063,2.6999999999999997,0.9236842105263158,0.6730465732404353,10.53,0.019288628776326092,1217.878205128205,0.8777648898726618,0.8019053262513396,0.07626525154157265
