cell_mask_area,cell_mask_area_ratio,cell_mask_intensity,domain_area_mean,domain_area_std,domain_oop_mean,domain_oop_std,domain_slen_mean,myof_bending_mean,myof_bending_std,myof_length_max,myof_length_mean,myof_length_std,myof_straightness_mean,myof_straightness_std,n_domains,n_mbands,n_vectors,n_zbands,sarcomere_area,sarcomere_area_ratio,sarcomere_length_mean,sarcomere_length_std,sarcomere_oop,z_intensity_mean,z_intensity_std,z_lat_alignment_mean,z_lat_alignment_std,z_lat_dist_mean,z_lat_dist_std,z_lat_length_groups_mean,z_lat_neighbors_mean,z_lat_neighbors_std,z_length_max,z_length_mean,z_length_std,z_mask_area,z_mask_area_ratio,z_mask_intensity,z_oop,z_straightness_mean,z_straightness_std
718.155,0.3094178663176773,649.5151638573846,22.57875,0.84375,0.5691912770271301,0.06667739152908325,1.459875880508858,0.04430202484357064,0.0357488151375792,8.133037567138672,8.06243896484375,0.04502876102924347,0.9458762886597937,0.011168384879725268,2.0,31.0,85.0,33.0,62.03581619262695,0.08638221023682485,1.4519304164057263,0.23015520889059726,0.22837628424167633,984.3432055686093,135.9332208421275,0.7283870799422801,0.4942274675848512,1.4083191544384623,0.7192714681926561,1.1291628492718937,0.42424242424242425,0.4942274675848512,2.4,0.5909090909090909,0.4655486410570679,15.254999999999999,0.021241932451908013,974.0221238938053,0.2191313565709634,0.8776844915169205,0.10137776348365818
