cell_mask_area,cell_mask_area_ratio,cell_mask_intensity,domain_area_mean,domain_area_std,domain_oop_mean,domain_oop_std,domain_slen_mean,myof_bending_mean,myof_bending_std,myof_length_max,myof_length_mean,myof_length_std,myof_straightness_mean,myof_straightness_std,n_domains,n_mbands,n_vectors,n_zbands,sarcomere_area,sarcomere_area_ratio,sarcomere_length_mean,sarcomere_length_std,sarcomere_oop,z_intensity_mean,z_intensity_std,z_lat_alignment_mean,z_lat_alignment_std,z_lat_dist_mean,z_lat_dist_std,z_lat_length_groups_mean,z_lat_neighbors_mean,z_lat_neighbors_std,z_length_max,z_length_mean,z_length_std,z_mask_area,z_mask_area_ratio,z_mask_intensity,z_oop,z_straightness_mean,z_straightness_std
694.89,0.15814996697101127,717.1390040150239,33.8625,0.0,0.8645965456962585,0.0,1.43522114285089,0.029322089861975653,0.03172709104915856,12.643685340881348,10.268553733825684,1.8515299558639526,0.9710523967921819,0.014159079116667403,1.0,19.0,99.0,20.0,52.205474853515625,0.07512768186837575,1.4310383637094783,0.21560667013354848,0.7093876600265503,1397.0359556870087,294.7582775379449,0.8631877962391219,0.6000000000000001,1.7327787380771555,0.8475938560818743,2.7051858253847705,0.8,0.6000000000000001,3.0,0.9299999999999999,0.8030255288594504,9.54,0.013728791607304752,1433.433962264151,0.5881232143157801,0.8519151502900522,0.11114097689921033
