cell_mask_area,cell_mask_area_ratio,cell_mask_intensity,domain_area_mean,domain_area_std,domain_oop_mean,domain_oop_std,domain_slen_mean,myof_bending_mean,myof_bending_std,myof_length_max,myof_length_mean,myof_length_std,myof_straightness_mean,myof_straightness_std,n_domains,n_mbands,n_vectors,n_zbands,sarcomere_area,sarcomere_area_ratio,sarcomere_length_mean,sarcomere_length_std,sarcomere_oop,z_intensity_mean,z_intensity_std,z_lat_alignment_mean,z_lat_alignment_std,z_lat_dist_mean,z_lat_dist_std,z_lat_length_groups_mean,z_lat_neighbors_mean,z_lat_neighbors_std,z_length_max,z_length_mean,z_length_std,z_mask_area,z_mask_area_ratio,z_mask_intensity,z_oop,z_straightness_mean,z_straightness_std
474.54749999999996,0.13156056239629726,732.8145654544593,24.603749999999998,3.071250000000001,0.8247684240341187,0.136137455701828,1.3643918655012934,0.016531174242052582,0.005486793860169288,12.017450332641602,8.705291748046875,2.4768669605255127,0.9666234557585967,0.01870909605636499,2.0,23.0,130.0,20.0,57.32807540893555,0.1208057684613986,1.365628325142988,0.2030713090470795,0.20345842838287354,1140.273652642028,154.7204270126104,0.7031143586243149,0.5830951894845301,2.2925341487854856,0.3150986776430743,2.157508537196371,0.4,0.5830951894845301,4.35,1.2674999999999998,0.9966537763937886,12.285,0.025887819449054102,1165.0,0.49875215951518204,0.8056556541128288,0.1397551796667034
