sarcomere_area,cell_mask_area_ratio,domain_area_std,domain_oop_mean,sarcomere_length_mean,z_mask_intensity,myof_straightness_std,z_mask_area,z_straightness_std,myof_length_mean,myof_bending_std,sarcomere_oop,n_domains,myof_straightness_mean,z_intensity_mean,myof_bending_mean,z_lat_dist_mean,z_lat_length_groups_mean,z_length_max,sarcomere_area_ratio,z_length_std,myof_length_max,domain_slen_mean,z_mask_area_ratio,z_lat_alignment_std,n_zbands,cell_mask_area,cell_mask_intensity,z_oop,z_lat_alignment_mean,z_length_mean,z_lat_dist_std,myof_length_std,n_vectors,z_straightness_mean,n_mbands,z_intensity_std,sarcomere_length_std,z_lat_neighbors_mean,z_lat_neighbors_std,domain_area_mean,domain_oop_std
154.4942626953125,0.24069945136157525,2.745000000000001,0.7396144866943359,1.5877112519895022,917.733499377335,0.024166843875375932,36.135,0.07912663017081382,9.502181053161621,0.016788639608656047,0.6109797358512878,2.0,0.9640859544933287,909.0923530800015,0.02211721575573706,1.7849907320891805,2.545582783581871,2.85,0.17866391744762758,0.6058167122891948,11.806414604187012,1.5656302641721414,0.041788093255620315,0.5832598425193934,54.0,864.7199999999999,634.9098407577019,0.43597586607777095,0.7296412735744562,0.9416666666666667,0.7137458135469035,1.3332182168960571,265.0,0.8366746514632989,64.0,113.53804855143538,0.24689573176930588,0.7407407407407407,0.5832598425193934,55.709999999999994,0.21192631125450134
