cell_mask_area,cell_mask_area_ratio,cell_mask_intensity,domain_area_mean,domain_area_std,domain_oop_mean,domain_oop_std,domain_slen_mean,myof_bending_mean,myof_bending_std,myof_length_max,myof_length_mean,myof_length_std,myof_straightness_mean,myof_straightness_std,n_domains,n_mbands,n_vectors,n_zbands,sarcomere_area,sarcomere_area_ratio,sarcomere_length_mean,sarcomere_length_std,sarcomere_oop,z_intensity_mean,z_intensity_std,z_lat_alignment_mean,z_lat_alignment_std,z_lat_dist_mean,z_lat_dist_std,z_lat_length_groups_mean,z_lat_neighbors_mean,z_lat_neighbors_std,z_length_max,z_length_mean,z_length_std,z_mask_area,z_mask_area_ratio,z_mask_intensity,z_oop,z_straightness_mean,z_straightness_std
652.4775,0.2532199334619851,635.622814579813,46.08,0.0,0.8000875115394592,0.0,1.3494230471416475,0.038268851954901616,0.024641461123038767,6.122259616851807,5.671441078186035,0.45923808217048645,0.9599967642109037,0.013380939616051302,1.0,24.0,94.0,18.0,54.125362396240234,0.08295360743663995,1.3494230471416475,0.2119867687540505,0.8000874519348145,810.8488066702153,74.63693404653408,0.7759419894666726,0.6666666666666666,2.153927808005267,0.6056773050904469,2.7019639040026333,0.6666666666666666,0.6666666666666666,3.15,1.0833333333333333,0.7045487129282749,11.34,0.01737990965205697,813.5376984126984,0.6930894036741878,0.8064211151092247,0.10464787576477418
