cell_mask_area,cell_mask_area_ratio,cell_mask_intensity,domain_area_mean,domain_area_std,domain_oop_mean,domain_oop_std,domain_slen_mean,myof_bending_mean,myof_bending_std,myof_length_max,myof_length_mean,myof_length_std,myof_straightness_mean,myof_straightness_std,n_domains,n_mbands,n_vectors,n_zbands,sarcomere_area,sarcomere_area_ratio,sarcomere_length_mean,sarcomere_length_std,sarcomere_oop,z_intensity_mean,z_intensity_std,z_lat_alignment_mean,z_lat_alignment_std,z_lat_dist_mean,z_lat_dist_std,z_lat_length_groups_mean,z_lat_neighbors_mean,z_lat_neighbors_std,z_length_max,z_length_mean,z_length_std,z_mask_area,z_mask_area_ratio,z_mask_intensity,z_oop,z_straightness_mean,z_straightness_std
532.395,0.1784545303709067,652.4513143436734,34.56,0.0,0.925764799118042,0.0,1.4483015322506365,0.008895390250491747,0.005345263564262339,9.589354515075684,6.751560688018799,1.6082309484481812,0.9725801097865581,0.01850495146966649,1.0,16.0,71.0,24.0,28.427288055419922,0.05339510712050249,1.4483015322506365,0.2036310889050727,0.925764799118042,1173.5468105981709,172.6063038557408,0.6957269041685394,0.6400954789890506,2.174199807260617,0.7355742544585036,1.9187881559308417,0.5833333333333334,0.6400954789890506,2.25,0.725,0.5099019513592784,8.459999999999999,0.01589045727326515,1141.375,0.8896352445256271,0.8857384803245809,0.11176377097888873
