cell_mask_area,cell_mask_area_ratio,cell_mask_intensity,domain_area_mean,domain_area_std,domain_oop_mean,domain_oop_std,domain_slen_mean,myof_bending_mean,myof_bending_std,myof_length_max,myof_length_mean,myof_length_std,myof_straightness_mean,myof_straightness_std,n_domains,n_mbands,n_vectors,n_zbands,sarcomere_area,sarcomere_area_ratio,sarcomere_length_mean,sarcomere_length_std,sarcomere_oop,z_intensity_mean,z_intensity_std,z_lat_alignment_mean,z_lat_alignment_std,z_lat_dist_mean,z_lat_dist_std,z_lat_length_groups_mean,z_lat_neighbors_mean,z_lat_neighbors_std,z_length_max,z_length_mean,z_length_std,z_mask_area,z_mask_area_ratio,z_mask_intensity,z_oop,z_straightness_mean,z_straightness_std
537.1424999999999,0.2236011464323848,670.9306748209274,28.56375,1.473749999999999,0.8647396564483643,0.0199679434299469,1.5061371221352082,0.05296618347128955,0.01866661443531008,14.81706714630127,9.762199401855469,3.324692964553833,0.9434926343213008,0.019517814760097695,2.0,34.0,123.0,28.0,75.05769348144531,0.13973516056064325,1.517408478734797,0.22196526072951392,0.8769976496696472,902.4412397362579,90.37270578595486,0.8441604194023192,0.6662413609349154,1.9994721147167422,0.6380527113571094,2.510276264865825,0.6428571428571429,0.6662413609349154,3.0,1.0607142857142857,0.6512840535183914,15.5025,0.02886105642357475,902.5587808417997,0.6687412787751604,0.8085580027896867,0.10330085993110387
