cell_mask_area,cell_mask_area_ratio,cell_mask_intensity,domain_area_mean,domain_area_std,domain_oop_mean,domain_oop_std,domain_slen_mean,myof_bending_mean,myof_bending_std,myof_length_max,myof_length_mean,myof_length_std,myof_straightness_mean,myof_straightness_std,n_domains,n_mbands,n_vectors,n_zbands,sarcomere_area,sarcomere_area_ratio,sarcomere_length_mean,sarcomere_length_std,sarcomere_oop,z_intensity_mean,z_intensity_std,z_lat_alignment_mean,z_lat_alignment_std,z_lat_dist_mean,z_lat_dist_std,z_lat_length_groups_mean,z_lat_neighbors_mean,z_lat_neighbors_std,z_length_max,z_length_mean,z_length_std,z_mask_area,z_mask_area_ratio,z_mask_intensity,z_oop,z_straightness_mean,z_straightness_std
545.355,0.15010837926549825,694.9785048271309,39.5325,0.0,0.9455875754356384,0.0,1.368216216081686,0.028008249426361792,0.017974580153989922,11.588462829589844,10.520990371704102,0.7771223783493042,0.9637526738067373,0.01740461610681117,1.0,21.0,89.0,19.0,46.9553337097168,0.08610049180756901,1.368216216081686,0.28010581290882985,0.945587694644928,1213.9859927295292,144.8779014918887,0.8824556819859635,0.6657426652986063,1.974568192902442,0.5688413237256834,2.2613391659549733,0.631578947368421,0.6657426652986063,2.6999999999999997,0.9236842105263158,0.6730465732404353,10.53,0.01930852380559452,1217.878205128205,0.8777648898726618,0.8019053262513396,0.07626525154157265
