cell_mask_area,cell_mask_area_ratio,cell_mask_intensity,domain_area_mean,domain_area_std,domain_oop_mean,domain_oop_std,domain_slen_mean,myof_bending_mean,myof_bending_std,myof_length_max,myof_length_mean,myof_length_std,myof_straightness_mean,myof_straightness_std,n_domains,n_mbands,n_vectors,n_zbands,sarcomere_area,sarcomere_area_ratio,sarcomere_length_mean,sarcomere_length_std,sarcomere_oop,z_intensity_mean,z_intensity_std,z_lat_alignment_mean,z_lat_alignment_std,z_lat_dist_mean,z_lat_dist_std,z_lat_length_groups_mean,z_lat_neighbors_mean,z_lat_neighbors_std,z_length_max,z_length_mean,z_length_std,z_mask_area,z_mask_area_ratio,z_mask_intensity,z_oop,z_straightness_mean,z_straightness_std
864.7199999999999,0.24069945136157525,634.9098407577019,55.631249999999994,2.756249999999998,0.7396154999732971,0.21192532777786255,1.5644033793975543,0.02211721575573706,0.016788639608656047,11.806414604187012,9.494498252868652,1.3173991441726685,0.9640859544933287,0.024166843875375932,2.0,64.0,265.0,54.0,154.49424743652344,0.17866389980169703,1.5860333572515921,0.24718368270330038,0.610979437828064,909.0923530800015,113.53804855143538,0.7296416166693316,0.5832598425193934,1.7849907320891805,0.7137458135469035,2.545582783581871,0.7407407407407407,0.5832598425193934,2.85,0.9416666666666667,0.6058167122891948,36.135,0.041788093255620315,917.733499377335,0.43597586607777095,0.8366746514632989,0.07912663017081382
