sarcomere_area,cell_mask_area_ratio,domain_area_std,domain_oop_mean,sarcomere_length_mean,z_mask_intensity,myof_straightness_std,z_mask_area,z_straightness_std,myof_length_mean,myof_bending_std,sarcomere_oop,n_domains,myof_straightness_mean,z_intensity_mean,myof_bending_mean,z_lat_dist_mean,z_lat_length_groups_mean,z_length_max,sarcomere_area_ratio,z_length_std,myof_length_max,domain_slen_mean,z_mask_area_ratio,z_lat_alignment_std,n_zbands,cell_mask_area,cell_mask_intensity,z_oop,z_lat_alignment_mean,z_length_mean,z_lat_dist_std,myof_length_std,n_vectors,z_straightness_mean,n_mbands,z_intensity_std,sarcomere_length_std,z_lat_neighbors_mean,z_lat_neighbors_std,domain_area_mean,domain_oop_std
94.94242095947266,0.2832978454116351,5.208750000000002,0.9123421907424927,1.4262847605944506,1103.0328317373462,0.02046240778844898,16.447499999999998,0.08468463052012444,9.299683570861816,0.014794249914996309,0.8086814284324646,2.0,0.954812459550984,1083.7678464641704,0.03396620633645307,1.2141968921841295,1.266566939918485,1.95,0.11089202022901136,0.441521039591962,11.29638385772705,1.4520181625992303,0.019210553978765896,0.49188015623720205,39.0,856.17,669.8274992116052,0.6243433383632788,0.8194228015097249,0.7576923076923077,0.4647993190726535,1.7411774396896362,148.0,0.830678021246891,48.0,198.229921433045,0.3560519935519347,0.41025641025641024,0.49188015623720205,30.83625,0.014743596315383911
