sarcomere_area,cell_mask_area_ratio,domain_area_std,domain_oop_mean,sarcomere_length_mean,z_mask_intensity,myof_straightness_std,z_mask_area,z_straightness_std,myof_length_mean,myof_bending_std,sarcomere_oop,n_domains,myof_straightness_mean,z_intensity_mean,myof_bending_mean,z_lat_dist_mean,z_lat_length_groups_mean,z_length_max,sarcomere_area_ratio,z_length_std,myof_length_max,domain_slen_mean,z_mask_area_ratio,z_lat_alignment_std,n_zbands,cell_mask_area,cell_mask_intensity,z_oop,z_lat_alignment_mean,z_length_mean,z_lat_dist_std,myof_length_std,n_vectors,z_straightness_mean,n_mbands,z_intensity_std,sarcomere_length_std,z_lat_neighbors_mean,z_lat_neighbors_std,domain_area_mean,domain_oop_std
31.748855590820312,0.25188829564196463,0.0,0.9259685277938843,1.4348724962528945,785.1461318051576,0.004761960928860831,7.8525,0.07520494199234425,7.143071174621582,0.023506496526441108,0.7857999801635742,1.0,0.9679619609288613,785.3230017141415,0.0353264527571981,1.5341241149388456,1.2188600338055429,1.65,0.03131931123720209,0.34585055053561087,9.863601684570312,1.4567721303175816,0.0077462600435033524,0.5821022034029861,22.0,1013.7149999999999,573.2463266302659,0.6278124383136714,0.8199726689533072,0.5931818181818183,0.6037078763467475,2.4647157192230225,53.0,0.8975661165419456,18.0,73.71224717933237,0.2242755863354776,0.45454545454545453,0.5821022034029861,24.4575,0.0
