sarcomere_area,cell_mask_area_ratio,domain_area_std,domain_oop_mean,sarcomere_length_mean,z_mask_intensity,myof_straightness_std,z_mask_area,z_straightness_std,myof_length_mean,myof_bending_std,sarcomere_oop,n_domains,myof_straightness_mean,z_intensity_mean,myof_bending_mean,z_lat_dist_mean,z_lat_length_groups_mean,z_length_max,sarcomere_area_ratio,z_length_std,myof_length_max,domain_slen_mean,z_mask_area_ratio,z_lat_alignment_std,n_zbands,cell_mask_area,cell_mask_intensity,z_oop,z_lat_alignment_mean,z_length_mean,z_lat_dist_std,myof_length_std,n_vectors,z_straightness_mean,n_mbands,z_intensity_std,sarcomere_length_std,z_lat_neighbors_mean,z_lat_neighbors_std,domain_area_mean,domain_oop_std
210.5397186279297,0.3941287136664874,9.045000000000002,0.8739782571792603,1.7938384902998024,827.5641129032258,0.012487689571664398,55.8,0.10428856605672084,12.522269248962402,0.0059695145541868696,0.5438001751899719,2.0,0.9633972587305885,820.1202105571838,0.010030947237053117,2.0763036662541934,1.3919165257054067,3.4499999999999997,0.05778264065646527,0.48272224978589173,18.156753540039062,1.8370388957230355,0.01531431394343584,0.5968560709450669,91.0,3643.65,570.2367914042238,0.09596480724055614,0.7558888645351478,0.6296703296703295,0.6623541994276125,4.426419734954834,191.0,0.875737308429291,75.0,107.55434661986902,0.2882348599272017,0.43956043956043955,0.5968560709450669,31.86,0.08560881018638611
