sarcomere_area,cell_mask_area_ratio,domain_area_std,domain_oop_mean,sarcomere_length_mean,z_mask_intensity,myof_straightness_std,z_mask_area,z_straightness_std,myof_length_mean,myof_bending_std,sarcomere_oop,n_domains,myof_straightness_mean,z_intensity_mean,myof_bending_mean,z_lat_dist_mean,z_lat_length_groups_mean,z_length_max,sarcomere_area_ratio,z_length_std,myof_length_max,domain_slen_mean,z_mask_area_ratio,z_lat_alignment_std,n_zbands,cell_mask_area,cell_mask_intensity,z_oop,z_lat_alignment_mean,z_length_mean,z_lat_dist_std,myof_length_std,n_vectors,z_straightness_mean,n_mbands,z_intensity_std,sarcomere_length_std,z_lat_neighbors_mean,z_lat_neighbors_std,domain_area_mean,domain_oop_std
47.93193817138672,0.13495503734186862,0.0,0.9633353352546692,1.6680462660979307,1077.9954853273139,0.019144364331945565,9.9675,0.07279930758377064,19.194873809814453,0.0129462897799319,0.9551555514335632,1.0,0.9569108264367829,1052.0557268860096,0.015661885003144315,1.013883409707343,1.5406726463240512,2.4,0.09623727697744593,0.5518415405463566,23.448915481567383,1.7135701052349461,0.020012649078424285,0.6781104593013224,19.0,498.06,639.3268431514275,0.7988882321718105,0.8491200479689016,0.8684210526315791,0.3042045882629199,3.8464291095733643,81.0,0.8672090440093884,15.0,163.82882350036343,0.25551859539717175,0.5263157894736842,0.6781104593013224,26.775,0.0
