sarcomere_area,cell_mask_area_ratio,domain_area_std,domain_oop_mean,sarcomere_length_mean,z_mask_intensity,myof_straightness_std,z_mask_area,z_straightness_std,myof_length_mean,myof_bending_std,sarcomere_oop,n_domains,myof_straightness_mean,z_intensity_mean,myof_bending_mean,z_lat_dist_mean,z_lat_length_groups_mean,z_length_max,sarcomere_area_ratio,z_length_std,myof_length_max,domain_slen_mean,z_mask_area_ratio,z_lat_alignment_std,n_zbands,cell_mask_area,cell_mask_intensity,z_oop,z_lat_alignment_mean,z_length_mean,z_lat_dist_std,myof_length_std,n_vectors,z_straightness_mean,n_mbands,z_intensity_std,sarcomere_length_std,z_lat_neighbors_mean,z_lat_neighbors_std,domain_area_mean,domain_oop_std
58.146705627441406,0.08785529715762272,0.0,0.9397454261779785,1.386416719443574,1234.3693086003373,0.010038017677415226,13.3425,0.10651089947290227,7.4775190353393555,0.027210760082326823,0.9028023481369019,1.0,0.9609995476070563,1214.4448518543431,0.02732782261315019,2.2850587128619138,1.720889987082405,2.25,0.11047785686928373,0.42898374695422264,14.169576644897461,1.3748079504879533,0.025350547195622436,0.560585393451057,31.0,526.3199999999999,718.5384746922025,0.7289593651574116,0.7150234344371231,0.6870967741935483,0.7784643079639872,3.116720199584961,97.0,0.8606216814830534,31.0,293.8405784901856,0.17113953229728848,0.5161290322580645,0.560585393451057,35.46,0.0
