cell_mask_area,cell_mask_area_ratio,cell_mask_intensity,domain_area_mean,domain_area_std,domain_oop_mean,domain_oop_std,domain_slen_mean,myof_bending_mean,myof_bending_std,myof_length_max,myof_length_mean,myof_length_std,myof_straightness_mean,myof_straightness_std,n_domains,n_mbands,n_vectors,n_zbands,sarcomere_area,sarcomere_area_ratio,sarcomere_length_mean,sarcomere_length_std,sarcomere_oop,z_intensity_mean,z_intensity_std,z_lat_alignment_mean,z_lat_alignment_std,z_lat_dist_mean,z_lat_dist_std,z_lat_length_groups_mean,z_lat_neighbors_mean,z_lat_neighbors_std,z_length_max,z_length_mean,z_length_std,z_mask_area,z_mask_area_ratio,z_mask_intensity,z_oop,z_straightness_mean,z_straightness_std
746.1225,0.2616541472036359,634.8388769940593,40.42125,15.24375,0.7798420190811157,0.03655475378036499,1.6210614422900804,0.027416995083654257,0.033418954641991114,16.082420349121094,11.848414421081543,3.0561327934265137,0.9423577126073504,0.02974358072799988,2.0,45.0,141.0,40.0,107.85319519042969,0.14455159198446596,1.6419638735823059,0.2624310953411807,0.721290647983551,978.6404962806504,151.54127381949786,0.7998214771591025,0.653834841531101,1.8797763508631538,0.7282080915382365,2.238410835600778,0.65,0.653834841531101,3.75,0.8999999999999998,0.758946638440411,27.18,0.03642833448930973,1003.1407284768212,0.4580410274865956,0.8533794305619171,0.08579117250449954
