cell_mask_area,cell_mask_area_ratio,cell_mask_intensity,domain_area_mean,domain_area_std,domain_oop_mean,domain_oop_std,domain_slen_mean,myof_bending_mean,myof_bending_std,myof_length_max,myof_length_mean,myof_length_std,myof_straightness_mean,myof_straightness_std,n_domains,n_mbands,n_vectors,n_zbands,sarcomere_area,sarcomere_area_ratio,sarcomere_length_mean,sarcomere_length_std,sarcomere_oop,z_intensity_mean,z_intensity_std,z_lat_alignment_mean,z_lat_alignment_std,z_lat_dist_mean,z_lat_dist_std,z_lat_length_groups_mean,z_lat_neighbors_mean,z_lat_neighbors_std,z_length_max,z_length_mean,z_length_std,z_mask_area,z_mask_area_ratio,z_mask_intensity,z_oop,z_straightness_mean,z_straightness_std
498.06,0.13495503734186862,639.3268431514275,26.775,0.0,0.9633353352546692,0.0,1.7135701052349461,0.015661885003144315,0.0129462897799319,23.448915481567383,19.194873809814453,3.8464291095733643,0.9569108264367829,0.019144364331945565,1.0,15.0,81.0,19.0,47.93193817138672,0.09623727697744593,1.6680462660979307,0.25551859539717175,0.9551555514335632,1052.0557268860096,163.82882350036343,0.8491200479689016,0.6781104593013224,1.013883409707343,0.3042045882629199,1.5406726463240512,0.5263157894736842,0.6781104593013224,2.4,0.8684210526315791,0.5518415405463566,9.9675,0.020012649078424285,1077.9954853273139,0.7988882321718105,0.8672090440093884,0.07279930758377064
