sarcomere_area,cell_mask_area_ratio,domain_area_std,domain_oop_mean,sarcomere_length_mean,z_mask_intensity,myof_straightness_std,z_mask_area,z_straightness_std,myof_length_mean,myof_bending_std,sarcomere_oop,n_domains,myof_straightness_mean,z_intensity_mean,myof_bending_mean,z_lat_dist_mean,z_lat_length_groups_mean,z_length_max,sarcomere_area_ratio,z_length_std,myof_length_max,domain_slen_mean,z_mask_area_ratio,z_lat_alignment_std,n_zbands,cell_mask_area,cell_mask_intensity,z_oop,z_lat_alignment_mean,z_length_mean,z_lat_dist_std,myof_length_std,n_vectors,z_straightness_mean,n_mbands,z_intensity_std,sarcomere_length_std,z_lat_neighbors_mean,z_lat_neighbors_std,domain_area_mean,domain_oop_std
156.5342559814453,0.2514367816091954,0.0,0.8187496066093445,1.5027708302652858,1256.358410220014,0.024135074333729942,31.7025,0.08818333839565698,11.066893577575684,0.06418892616835421,0.8187494874000549,1.0,0.9534334614383462,1274.3620546836642,0.032387814531521564,1.7575542048497765,3.3411814885643003,2.25,0.22847546941280103,0.5164285702337954,23.356922149658203,1.5027708302652858,0.04627257799671593,0.6650971401672392,61.0,685.125,772.9070935960591,0.71503015031438,0.7267797244108843,0.8336065573770489,0.6459514045304563,3.9044525623321533,279.0,0.8398609109980097,69.0,229.1640919655802,0.2620744385019064,0.9836065573770492,0.6650971401672392,134.8425,0.0
