cell_mask_area,cell_mask_area_ratio,cell_mask_intensity,domain_area_mean,domain_area_std,domain_oop_mean,domain_oop_std,domain_slen_mean,myof_bending_mean,myof_bending_std,myof_length_max,myof_length_mean,myof_length_std,myof_straightness_mean,myof_straightness_std,n_domains,n_mbands,n_vectors,n_zbands,sarcomere_area,sarcomere_area_ratio,sarcomere_length_mean,sarcomere_length_std,sarcomere_oop,z_intensity_mean,z_intensity_std,z_lat_alignment_mean,z_lat_alignment_std,z_lat_dist_mean,z_lat_dist_std,z_lat_length_groups_mean,z_lat_neighbors_mean,z_lat_neighbors_std,z_length_max,z_length_mean,z_length_std,z_mask_area,z_mask_area_ratio,z_mask_intensity,z_oop,z_straightness_mean,z_straightness_std
609.435,0.23991992630385486,607.9917669644835,52.256249999999994,21.251249999999995,0.5380663275718689,0.3483714461326599,1.4471239645133407,0.037068903929657504,0.01920410304030509,13.782630920410156,9.400197982788086,2.7964937686920166,0.9361073436016113,0.038417256248449015,2.0,59.0,250.0,54.0,141.913330078125,0.23286048565987352,1.4612797577347694,0.24619780110652606,0.29560554027557373,1020.0538865617783,134.26127155391734,0.8108569487213024,0.6562979683951612,1.4238939423330004,0.5195136783954953,2.3243995686950574,0.7037037037037037,0.6562979683951612,3.0,1.0055555555555553,0.6835139779292676,29.8125,0.04891826035590342,1026.5252830188679,0.3171748726884289,0.8196929032538773,0.10222366004916447
