sarcomere_area,cell_mask_area_ratio,domain_area_std,domain_oop_mean,sarcomere_length_mean,z_mask_intensity,myof_straightness_std,z_mask_area,z_straightness_std,myof_length_mean,myof_bending_std,sarcomere_oop,n_domains,myof_straightness_mean,z_intensity_mean,myof_bending_mean,z_lat_dist_mean,z_lat_length_groups_mean,z_length_max,sarcomere_area_ratio,z_length_std,myof_length_max,domain_slen_mean,z_mask_area_ratio,z_lat_alignment_std,n_zbands,cell_mask_area,cell_mask_intensity,z_oop,z_lat_alignment_mean,z_length_mean,z_lat_dist_std,myof_length_std,n_vectors,z_straightness_mean,n_mbands,z_intensity_std,sarcomere_length_std,z_lat_neighbors_mean,z_lat_neighbors_std,domain_area_mean,domain_oop_std
158.87940979003906,0.270238374712104,5.264999999999997,0.5941936373710632,1.5745463126082362,794.9339233038348,0.05868983800542109,38.137499999999996,0.0893821655739619,11.797808647155762,0.04777813360255245,0.4617713689804077,2.0,0.9101228912945052,800.7787425466529,0.048404796538977016,1.6268838053147758,2.469468966869479,2.1,0.16578951685244916,0.40722993362051013,18.451906204223633,1.5690375437929784,0.039796205860255444,0.6557860944409006,76.0,958.3199999999999,595.1818651389932,0.35694892686163315,0.7871161219136857,0.6907894736842105,0.6943433735322537,3.8743391036987305,232.0,0.8677893383477508,72.0,79.0833837772599,0.2166516899179072,0.868421052631579,0.6557860944409006,64.46249999999999,0.11569969356060028
