sarcomere_area,cell_mask_area_ratio,domain_area_std,domain_oop_mean,sarcomere_length_mean,z_mask_intensity,myof_straightness_std,z_mask_area,z_straightness_std,myof_length_mean,myof_bending_std,sarcomere_oop,n_domains,myof_straightness_mean,z_intensity_mean,myof_bending_mean,z_lat_dist_mean,z_lat_length_groups_mean,z_length_max,sarcomere_area_ratio,z_length_std,myof_length_max,domain_slen_mean,z_mask_area_ratio,z_lat_alignment_std,n_zbands,cell_mask_area,cell_mask_intensity,z_oop,z_lat_alignment_mean,z_length_mean,z_lat_dist_std,myof_length_std,n_vectors,z_straightness_mean,n_mbands,z_intensity_std,sarcomere_length_std,z_lat_neighbors_mean,z_lat_neighbors_std,domain_area_mean,domain_oop_std
121.6902084350586,0.20968170755816726,10.11375,0.6522313952445984,1.4189863115262091,1129.646530612245,0.01981959228012378,27.5625,0.09014785462540735,8.507885932922363,0.018760592862871194,0.5007155537605286,2.0,0.9548656858234137,1161.6807824135876,0.027916099261291953,1.7980494171461,1.786994342549665,1.95,0.1758389267255617,0.45663495917204616,13.126080513000488,1.4124503048808104,0.03982703686845699,0.6246394474432772,53.0,692.055,639.6220820599519,0.2814776926169838,0.7225542087135374,0.7047169811320754,0.7471735364027366,1.970241665840149,193.0,0.8587084589044942,62.0,248.29359098696963,0.26286735865325384,0.6037735849056604,0.6246394474432772,38.37375,0.03800332546234131
