cell_mask_area,cell_mask_area_ratio,cell_mask_intensity,domain_area_mean,domain_area_std,domain_oop_mean,domain_oop_std,domain_slen_mean,myof_bending_mean,myof_bending_std,myof_length_max,myof_length_mean,myof_length_std,myof_straightness_mean,myof_straightness_std,n_domains,n_mbands,n_vectors,n_zbands,sarcomere_area,sarcomere_area_ratio,sarcomere_length_mean,sarcomere_length_std,sarcomere_oop,z_intensity_mean,z_intensity_std,z_lat_alignment_mean,z_lat_alignment_std,z_lat_dist_mean,z_lat_dist_std,z_lat_length_groups_mean,z_lat_neighbors_mean,z_lat_neighbors_std,z_length_max,z_length_mean,z_length_std,z_mask_area,z_mask_area_ratio,z_mask_intensity,z_oop,z_straightness_mean,z_straightness_std
1424.565,0.27943824588658994,627.5419654420823,149.46749999999997,128.9475,0.8122754096984863,0.011511474847793579,1.3812080526281465,0.023676864212018565,0.019285423311235294,20.450876235961914,11.112915992736816,4.281495094299316,0.9464798250632217,0.028826738211999214,2.0,101.0,1040.0,104.0,341.3708801269531,0.23963166308799747,1.370325101997445,0.2997633851944587,0.7155430912971497,1005.1295796897125,209.45017603262966,0.7675971628626522,0.7973235554472261,1.3087825661012003,0.6979473959768853,5.885959364443795,1.1346153846153846,0.7973235554472261,8.549999999999999,1.8043269230769232,1.7109532680435764,70.9425,0.049799412452222254,1047.5845226768158,0.5763928619847105,0.7750626593782426,0.1351149384221625
