cell_mask_area,cell_mask_area_ratio,cell_mask_intensity,domain_area_mean,domain_area_std,domain_oop_mean,domain_oop_std,domain_slen_mean,myof_bending_mean,myof_bending_std,myof_length_max,myof_length_mean,myof_length_std,myof_straightness_mean,myof_straightness_std,n_domains,n_mbands,n_vectors,n_zbands,sarcomere_area,sarcomere_area_ratio,sarcomere_length_mean,sarcomere_length_std,sarcomere_oop,z_intensity_mean,z_intensity_std,z_lat_alignment_mean,z_lat_alignment_std,z_lat_dist_mean,z_lat_dist_std,z_lat_length_groups_mean,z_lat_neighbors_mean,z_lat_neighbors_std,z_length_max,z_length_mean,z_length_std,z_mask_area,z_mask_area_ratio,z_mask_intensity,z_oop,z_straightness_mean,z_straightness_std
683.6175,0.19084679116337208,568.7453181055196,51.01875,17.51625,0.834181547164917,0.036545127630233765,1.5517290067577005,0.02330594810217426,0.013607964500362986,25.89004898071289,12.958974838256836,5.477255344390869,0.9224331212342782,0.04721358121760229,2.0,54.0,223.0,43.0,135.50611877441406,0.19821920704840656,1.574416393219716,0.2436444485490422,0.8365758061408997,783.9446133927494,123.63835477816004,0.6562697397345973,0.5414161268289681,1.8773164415352914,0.655788059010891,2.01863862252979,0.5581395348837209,0.5414161268289681,3.4499999999999997,0.9313953488372092,0.8773654575060944,27.494999999999997,0.040219859790014155,754.924713584288,0.6255677756036948,0.8517604321501083,0.08696825577349858
