cell_mask_area,cell_mask_area_ratio,cell_mask_intensity,domain_area_mean,domain_area_std,domain_oop_mean,domain_oop_std,domain_slen_mean,myof_bending_mean,myof_bending_std,myof_length_max,myof_length_mean,myof_length_std,myof_straightness_mean,myof_straightness_std,n_domains,n_mbands,n_vectors,n_zbands,sarcomere_area,sarcomere_area_ratio,sarcomere_length_mean,sarcomere_length_std,sarcomere_oop,z_intensity_mean,z_intensity_std,z_lat_alignment_mean,z_lat_alignment_std,z_lat_dist_mean,z_lat_dist_std,z_lat_length_groups_mean,z_lat_neighbors_mean,z_lat_neighbors_std,z_length_max,z_length_mean,z_length_std,z_mask_area,z_mask_area_ratio,z_mask_intensity,z_oop,z_straightness_mean,z_straightness_std
756.9225,0.2246192469736728,689.0708659076722,53.19,0.0,0.7952573299407959,0.0,1.4149710638305903,0.031586085307759804,0.028274568844083605,14.192628860473633,10.745887756347656,2.4810357093811035,0.9560858333602554,0.0190292928259281,1.0,37.0,108.0,26.0,71.34403991699219,0.09425540912972225,1.4142929201730652,0.29123713365883913,0.7905116677284241,1236.374641525386,347.5752415690847,0.6685729119090443,0.7497534111391512,2.1113277967585544,0.5256376457548159,2.7352048729740965,0.7692307692307693,0.7497534111391512,2.4,0.8711538461538461,0.622676153161478,13.41,0.017716476918046432,1300.9496644295302,0.49398105283561533,0.8131204749774128,0.08865741750969038
