sarcomere_area,cell_mask_area_ratio,domain_area_std,domain_oop_mean,sarcomere_length_mean,z_mask_intensity,myof_straightness_std,z_mask_area,z_straightness_std,myof_length_mean,myof_bending_std,sarcomere_oop,n_domains,myof_straightness_mean,z_intensity_mean,myof_bending_mean,z_lat_dist_mean,z_lat_length_groups_mean,z_length_max,sarcomere_area_ratio,z_length_std,myof_length_max,domain_slen_mean,z_mask_area_ratio,z_lat_alignment_std,n_zbands,cell_mask_area,cell_mask_intensity,z_oop,z_lat_alignment_mean,z_length_mean,z_lat_dist_std,myof_length_std,n_vectors,z_straightness_mean,n_mbands,z_intensity_std,sarcomere_length_std,z_lat_neighbors_mean,z_lat_neighbors_std,domain_area_mean,domain_oop_std
785.2493286132812,0.4375371581450654,70.97379275346992,0.8251885175704956,1.5536110264878336,893.0910418049104,0.038479719333561604,169.5375,0.13255112252808415,13.792147636413574,0.025350312714254173,0.7939562201499939,4.0,0.946579815236438,901.7166161138713,0.026427110317973745,1.6411661051943742,7.977823472169763,7.6499999999999995,0.3704880059510645,1.329253999147276,52.173187255859375,1.572600447879281,0.07998938428874734,0.655554777357089,242.0,2119.5,650.2706157112526,0.7202340344247007,0.7757523457332609,1.4194214876033058,0.6774156751798045,8.70272445678711,1703.0,0.805557364259286,227.0,139.10449597482997,0.22855546998767443,1.3636363636363635,0.655554777357089,175.51125,0.040647923946380615
