cell_mask_area,cell_mask_area_ratio,cell_mask_intensity,domain_area_mean,domain_area_std,domain_oop_mean,domain_oop_std,domain_slen_mean,myof_bending_mean,myof_bending_std,myof_length_max,myof_length_mean,myof_length_std,myof_straightness_mean,myof_straightness_std,n_domains,n_mbands,n_vectors,n_zbands,sarcomere_area,sarcomere_area_ratio,sarcomere_length_mean,sarcomere_length_std,sarcomere_oop,z_intensity_mean,z_intensity_std,z_lat_alignment_mean,z_lat_alignment_std,z_lat_dist_mean,z_lat_dist_std,z_lat_length_groups_mean,z_lat_neighbors_mean,z_lat_neighbors_std,z_length_max,z_length_mean,z_length_std,z_mask_area,z_mask_area_ratio,z_mask_intensity,z_oop,z_straightness_mean,z_straightness_std
683.4599999999999,0.1908028215903166,568.7590202791678,51.6825,17.887499999999996,0.8333783149719238,0.03721943497657776,1.5614128473333362,0.01922837277665537,0.011179848420294942,25.67043685913086,12.754799842834473,5.313320159912109,0.9303337522713194,0.04417015495363535,2.0,54.0,222.0,43.0,135.5073699951172,0.19826671640639862,1.578823753731198,0.2337237420150477,0.8360165357589722,783.9583132462842,123.63036174924774,0.6563878122059809,0.5414161268289681,1.8773164415352914,0.655788059010891,2.01863862252979,0.5581395348837209,0.5414161268289681,3.4499999999999997,0.9313953488372092,0.8773654575060944,27.4725,0.040196207532262315,754.990171990172,0.6255640359459853,0.8515020342172918,0.08743403796484099
