cell_mask_area,cell_mask_area_ratio,cell_mask_intensity,domain_area_mean,domain_area_std,domain_oop_mean,domain_oop_std,domain_slen_mean,myof_bending_mean,myof_bending_std,myof_length_max,myof_length_mean,myof_length_std,myof_straightness_mean,myof_straightness_std,n_domains,n_mbands,n_vectors,n_zbands,sarcomere_area,sarcomere_area_ratio,sarcomere_length_mean,sarcomere_length_std,sarcomere_oop,z_intensity_mean,z_intensity_std,z_lat_alignment_mean,z_lat_alignment_std,z_lat_dist_mean,z_lat_dist_std,z_lat_length_groups_mean,z_lat_neighbors_mean,z_lat_neighbors_std,z_length_max,z_length_mean,z_length_std,z_mask_area,z_mask_area_ratio,z_mask_intensity,z_oop,z_straightness_mean,z_straightness_std
929.3399999999999,0.20857972478222445,665.3373038930854,,,,,,0.02546578652041755,0.0030455289421388457,10.41701889038086,9.915202140808105,0.46288424730300903,0.955406785404724,0.012759260987762651,0.0,14.0,37.0,12.0,32.22886276245117,0.03467930226015363,1.305733616825333,0.1737776618539251,0.9156772494316101,1263.728946007696,179.8070977966626,0.8564317476668899,0.3726779962499649,1.6770509831248424,0.0,0.8615500893749855,0.16666666666666666,0.3726779962499649,1.65,0.65,0.40311288741492746,6.547499999999999,0.007045322486926206,1187.2371134020618,0.5849628255103476,0.8590023445711052,0.1282098726933217
