cell_mask_area,cell_mask_area_ratio,cell_mask_intensity,domain_area_mean,domain_area_std,domain_oop_mean,domain_oop_std,domain_slen_mean,myof_bending_mean,myof_bending_std,myof_length_max,myof_length_mean,myof_length_std,myof_straightness_mean,myof_straightness_std,n_domains,n_mbands,n_vectors,n_zbands,sarcomere_area,sarcomere_area_ratio,sarcomere_length_mean,sarcomere_length_std,sarcomere_oop,z_intensity_mean,z_intensity_std,z_lat_alignment_mean,z_lat_alignment_std,z_lat_dist_mean,z_lat_dist_std,z_lat_length_groups_mean,z_lat_neighbors_mean,z_lat_neighbors_std,z_length_max,z_length_mean,z_length_std,z_mask_area,z_mask_area_ratio,z_mask_intensity,z_oop,z_straightness_mean,z_straightness_std
692.055,0.20968170755816726,639.6220820599519,38.295,10.192499999999999,0.6522313356399536,0.03800317645072937,1.410693275042009,0.027916099261291953,0.018760592862871194,12.982848167419434,8.500504493713379,1.9671167135238647,0.9548656858234137,0.01981959228012378,2.0,62.0,193.0,53.0,121.69023132324219,0.1758389597983429,1.4159857407450944,0.2641896179930403,0.5007155537605286,1161.6807824135876,248.29359098696963,0.7225541909578599,0.6246394474432772,1.7980494171461,0.7471735364027366,1.786994342549665,0.6037735849056604,0.6246394474432772,1.95,0.7047169811320754,0.45663495917204616,27.5625,0.03982703686845699,1129.646530612245,0.2814776926169838,0.8587084589044942,0.09014785462540735
