cell_mask_area,cell_mask_area_ratio,cell_mask_intensity,domain_area_mean,domain_area_std,domain_oop_mean,domain_oop_std,domain_slen_mean,myof_bending_mean,myof_bending_std,myof_length_max,myof_length_mean,myof_length_std,myof_straightness_mean,myof_straightness_std,n_domains,n_mbands,n_vectors,n_zbands,sarcomere_area,sarcomere_area_ratio,sarcomere_length_mean,sarcomere_length_std,sarcomere_oop,z_intensity_mean,z_intensity_std,z_lat_alignment_mean,z_lat_alignment_std,z_lat_dist_mean,z_lat_dist_std,z_lat_length_groups_mean,z_lat_neighbors_mean,z_lat_neighbors_std,z_length_max,z_length_mean,z_length_std,z_mask_area,z_mask_area_ratio,z_mask_intensity,z_oop,z_straightness_mean,z_straightness_std
1058.985,0.2263484918436442,605.6082097480135,51.08625,20.261249999999997,0.6848965883255005,0.21601822972297668,1.447460410958497,0.0493726826484945,0.0382630206547989,14.21755599975586,10.148614883422852,2.090721368789673,0.9125472672236271,0.054988105362607224,2.0,66.0,260.0,53.0,148.2719268798828,0.14001324558882594,1.4355205756472817,0.3039322663790289,0.4259757101535797,922.433262237412,123.25076804820411,0.8105481697326259,0.7074842739340632,1.8338726202333067,0.6775682347620986,3.1832049270896325,0.9056603773584906,0.7074842739340632,3.3,0.9113207547169809,0.7248709390287951,31.59,0.029830450856244424,905.4850427350427,0.47165900232134805,0.8370655727033323,0.11660317974687635
