cell_mask_area,cell_mask_area_ratio,cell_mask_intensity,domain_area_mean,domain_area_std,domain_oop_mean,domain_oop_std,domain_slen_mean,myof_bending_mean,myof_bending_std,myof_length_max,myof_length_mean,myof_length_std,myof_straightness_mean,myof_straightness_std,n_domains,n_mbands,n_vectors,n_zbands,sarcomere_area,sarcomere_area_ratio,sarcomere_length_mean,sarcomere_length_std,sarcomere_oop,z_intensity_mean,z_intensity_std,z_lat_alignment_mean,z_lat_alignment_std,z_lat_dist_mean,z_lat_dist_std,z_lat_length_groups_mean,z_lat_neighbors_mean,z_lat_neighbors_std,z_length_max,z_length_mean,z_length_std,z_mask_area,z_mask_area_ratio,z_mask_intensity,z_oop,z_straightness_mean,z_straightness_std
567.27,0.2401691815272062,681.6554021894336,89.00999999999999,0.0,0.6678866147994995,0.0,1.5280857258481646,0.039888253182104004,0.029093467143431712,17.248767852783203,11.588074684143066,1.772657036781311,0.962047349426461,0.01640310571232767,1.0,38.0,179.0,41.0,108.9154052734375,0.1919992336514138,1.5280857258481646,0.23045487262733028,0.6678867340087891,1202.4727242158542,260.88558797350646,0.8198073912586383,0.5497281790041291,1.5594686105534057,0.5326441838710659,4.192654335707129,1.1219512195121952,0.5497281790041291,3.9,0.9658536585365852,0.7028200186279386,22.05,0.03887037918451531,1219.062244897959,0.47062100007158164,0.8254031864766557,0.10429428034252695
