cell_mask_area,cell_mask_area_ratio,cell_mask_intensity,domain_area_mean,domain_area_std,domain_oop_mean,domain_oop_std,domain_slen_mean,myof_bending_mean,myof_bending_std,myof_length_max,myof_length_mean,myof_length_std,myof_straightness_mean,myof_straightness_std,n_domains,n_mbands,n_vectors,n_zbands,sarcomere_area,sarcomere_area_ratio,sarcomere_length_mean,sarcomere_length_std,sarcomere_oop,z_intensity_mean,z_intensity_std,z_lat_alignment_mean,z_lat_alignment_std,z_lat_dist_mean,z_lat_dist_std,z_lat_length_groups_mean,z_lat_neighbors_mean,z_lat_neighbors_std,z_length_max,z_length_mean,z_length_std,z_mask_area,z_mask_area_ratio,z_mask_intensity,z_oop,z_straightness_mean,z_straightness_std
1415.8574999999998,0.24098789450101674,594.8351264163236,42.2325,16.258464814520465,0.8672518730163574,0.0827537328004837,1.491949015004737,0.03275334125467089,0.025466584936294546,22.274229049682617,12.155035018920898,4.924718379974365,0.9528389011470648,0.03332660657082881,4.0,98.0,396.0,89.0,219.90902709960938,0.15531861582087844,1.486495104235191,0.27808477545144816,0.5222935676574707,959.4857475051364,185.54111974821348,0.7944917008795628,0.5324941847673162,1.7108231214227045,0.7537136374018135,1.97890684320021,0.6067415730337079,0.5324941847673162,3.0,0.8595505617977528,0.6390774778729128,46.17,0.032609213850970174,965.8075048732943,0.5851612667430275,0.8553359360620778,0.09443363097079027
