cell_mask_area,cell_mask_area_ratio,cell_mask_intensity,domain_area_mean,domain_area_std,domain_oop_mean,domain_oop_std,domain_slen_mean,myof_bending_mean,myof_bending_std,myof_length_max,myof_length_mean,myof_length_std,myof_straightness_mean,myof_straightness_std,n_domains,n_mbands,n_vectors,n_zbands,sarcomere_area,sarcomere_area_ratio,sarcomere_length_mean,sarcomere_length_std,sarcomere_oop,z_intensity_mean,z_intensity_std,z_lat_alignment_mean,z_lat_alignment_std,z_lat_dist_mean,z_lat_dist_std,z_lat_length_groups_mean,z_lat_neighbors_mean,z_lat_neighbors_std,z_length_max,z_length_mean,z_length_std,z_mask_area,z_mask_area_ratio,z_mask_intensity,z_oop,z_straightness_mean,z_straightness_std
970.5374999999999,0.2910102884128858,612.7237278312275,21.037499999999998,0.0,0.9882551431655884,0.0,1.4429403912985936,0.01942314998543123,0.028092315131849344,9.184319496154785,6.69616174697876,1.6084576845169067,0.9629999345918808,0.027497282953928583,1.0,19.0,112.0,19.0,41.033485412597656,0.04227913441015691,1.4145542614696662,0.2485446910709955,0.8142907023429871,1118.8003463372474,199.17123762243975,0.7071815136876732,0.49372797471825575,1.1775394995850088,0.1911170503044889,1.7140105332226692,0.42105263157894735,0.49372797471825575,3.15,1.105263157894737,0.9351181654633287,11.7675,0.012124724701518489,1124.8699808795411,0.7579253713416542,0.8575129576019669,0.13817330330726665
