cell_mask_area,cell_mask_area_ratio,cell_mask_intensity,domain_area_mean,domain_area_std,domain_oop_mean,domain_oop_std,domain_slen_mean,myof_bending_mean,myof_bending_std,myof_length_max,myof_length_mean,myof_length_std,myof_straightness_mean,myof_straightness_std,n_domains,n_mbands,n_vectors,n_zbands,sarcomere_area,sarcomere_area_ratio,sarcomere_length_mean,sarcomere_length_std,sarcomere_oop,z_intensity_mean,z_intensity_std,z_lat_alignment_mean,z_lat_alignment_std,z_lat_dist_mean,z_lat_dist_std,z_lat_length_groups_mean,z_lat_neighbors_mean,z_lat_neighbors_std,z_length_max,z_length_mean,z_length_std,z_mask_area,z_mask_area_ratio,z_mask_intensity,z_oop,z_straightness_mean,z_straightness_std
692.145,0.2097089761331797,639.6036993693518,40.69125,12.20625,0.6651440858840942,0.05164232850074768,1.3961280676573926,0.029870381549701674,0.017080362744420922,12.639898300170898,8.836959838867188,2.005805730819702,0.953351040503436,0.021937381381071697,2.0,62.0,191.0,53.0,121.79544067382812,0.1759681001435077,1.3986053182347897,0.2396660752483574,0.5000141263008118,1161.885971092833,248.27595022613028,0.7205219781391987,0.6246394474432772,1.7980494171461,0.7471735364027366,1.7910483966037187,0.6037735849056604,0.6246394474432772,1.95,0.7075471698113207,0.4545779948868909,27.5625,0.039821858136662114,1129.5069387755102,0.2810806251810784,0.8583654057312523,0.09033582303775162
