cell_mask_area,cell_mask_area_ratio,cell_mask_intensity,domain_area_mean,domain_area_std,domain_oop_mean,domain_oop_std,domain_slen_mean,myof_bending_mean,myof_bending_std,myof_length_max,myof_length_mean,myof_length_std,myof_straightness_mean,myof_straightness_std,n_domains,n_mbands,n_vectors,n_zbands,sarcomere_area,sarcomere_area_ratio,sarcomere_length_mean,sarcomere_length_std,sarcomere_oop,z_intensity_mean,z_intensity_std,z_lat_alignment_mean,z_lat_alignment_std,z_lat_dist_mean,z_lat_dist_std,z_lat_length_groups_mean,z_lat_neighbors_mean,z_lat_neighbors_std,z_length_max,z_length_mean,z_length_std,z_mask_area,z_mask_area_ratio,z_mask_intensity,z_oop,z_straightness_mean,z_straightness_std
1169.415,0.24140717895362662,647.2942625158734,71.565,46.22478596489117,0.9142187237739563,0.03355786204338074,1.4736965088633796,0.02463250427951147,0.018751002588681964,29.17969512939453,14.082026481628418,5.656772613525391,0.951626934739752,0.022017628373609648,3.0,101.0,524.0,102.0,256.1187744140625,0.2190144426179436,1.4465549754959939,0.19750825289370502,0.5500762462615967,1060.8321796895875,253.48932112530434,0.766890542403671,0.7386199294838182,1.686798618664551,0.6874030259399246,3.4632654388129342,0.9411764705882353,0.7386199294838182,4.05,1.039705882352941,0.9107833903201381,55.0575,0.047081232924154386,1066.340825500613,0.49781628222736823,0.8339829386736295,0.11962361351072266
