cell_mask_area,cell_mask_area_ratio,cell_mask_intensity,domain_area_mean,domain_area_std,domain_oop_mean,domain_oop_std,domain_slen_mean,myof_bending_mean,myof_bending_std,myof_length_max,myof_length_mean,myof_length_std,myof_straightness_mean,myof_straightness_std,n_domains,n_mbands,n_vectors,n_zbands,sarcomere_area,sarcomere_area_ratio,sarcomere_length_mean,sarcomere_length_std,sarcomere_oop,z_intensity_mean,z_intensity_std,z_lat_alignment_mean,z_lat_alignment_std,z_lat_dist_mean,z_lat_dist_std,z_lat_length_groups_mean,z_lat_neighbors_mean,z_lat_neighbors_std,z_length_max,z_length_mean,z_length_std,z_mask_area,z_mask_area_ratio,z_mask_intensity,z_oop,z_straightness_mean,z_straightness_std
1266.2775,0.30579599111067646,587.7615629275573,130.91625,57.92625,0.6607904434204102,0.09442910552024841,1.4517704396711177,0.05446363882683236,0.07147031863894109,18.053447723388672,9.45613956451416,2.7746429443359375,0.9217167418115083,0.07106356373196814,2.0,130.0,647.0,130.0,321.1888427734375,0.2536480690634063,1.4470722187544633,0.24166170737693435,0.24623078107833862,779.8253031207649,163.78289507538489,0.7387876876206958,0.7066882509449754,1.7604096362638735,0.7296971375504322,4.669649503996191,1.1538461538461537,0.7066882509449754,5.55,0.9599999999999999,0.8429207463429671,61.402499999999996,0.04849055598002808,781.5991205569806,0.21325430654910452,0.8325410128867659,0.11749199444411386
