sarcomere_area,cell_mask_area_ratio,domain_area_std,domain_oop_mean,sarcomere_length_mean,z_mask_intensity,myof_straightness_std,z_mask_area,z_straightness_std,myof_length_mean,myof_bending_std,sarcomere_oop,n_domains,myof_straightness_mean,z_intensity_mean,myof_bending_mean,z_lat_dist_mean,z_lat_length_groups_mean,z_length_max,sarcomere_area_ratio,z_length_std,myof_length_max,domain_slen_mean,z_mask_area_ratio,z_lat_alignment_std,n_zbands,cell_mask_area,cell_mask_intensity,z_oop,z_lat_alignment_mean,z_length_mean,z_lat_dist_std,myof_length_std,n_vectors,z_straightness_mean,n_mbands,z_intensity_std,sarcomere_length_std,z_lat_neighbors_mean,z_lat_neighbors_std,domain_area_mean,domain_oop_std
32.18052291870117,0.20860497411942935,,,1.302114752319799,1187.3424657534247,0.014677507796719927,6.569999999999999,0.1282098726933217,9.524567604064941,0.003673122891617066,0.9156287312507629,0.0,0.9516627263699863,1262.445215848966,0.025117238023897048,1.6770509831248424,0.8615500893749855,1.65,0.034623095767348164,0.40311288741492746,10.279232025146484,,0.007068677527899489,0.3726779962499649,12.0,929.4525,665.3210922559249,0.5866954243031677,0.8542812954132721,0.65,0.0,0.43688756227493286,37.0,0.8590023445711052,14.0,179.41368248376318,0.16957220039507712,0.16666666666666666,0.3726779962499649,,
