sarcomere_area,cell_mask_area_ratio,domain_area_std,domain_oop_mean,sarcomere_length_mean,z_mask_intensity,myof_straightness_std,z_mask_area,z_straightness_std,myof_length_mean,myof_bending_std,sarcomere_oop,n_domains,myof_straightness_mean,z_intensity_mean,myof_bending_mean,z_lat_dist_mean,z_lat_length_groups_mean,z_length_max,sarcomere_area_ratio,z_length_std,myof_length_max,domain_slen_mean,z_mask_area_ratio,z_lat_alignment_std,n_zbands,cell_mask_area,cell_mask_intensity,z_oop,z_lat_alignment_mean,z_length_mean,z_lat_dist_std,myof_length_std,n_vectors,z_straightness_mean,n_mbands,z_intensity_std,sarcomere_length_std,z_lat_neighbors_mean,z_lat_neighbors_std,domain_area_mean,domain_oop_std
219.9090118408203,0.24098789450101674,16.147496951927256,0.8673579692840576,1.4879803607117374,965.8075048732943,0.032628969328153165,46.17,0.09443363097079027,11.489981651306152,0.04783308327592823,0.5203422904014587,4.0,0.9565441035460359,959.4857475051364,0.039132254475450476,1.7108231214227045,1.97890684320021,3.0,0.1553186050438129,0.6390774778729128,22.355571746826172,1.4950927398408185,0.032609213850970174,0.5324941847673162,89.0,1415.8574999999998,594.8351264163236,0.5851612667430275,0.7944919499063222,0.8595505617977528,0.7537136374018135,4.7922258377075195,394.0,0.8553359360620778,98.0,185.54111974821348,0.2753433110619976,0.6067415730337079,0.5324941847673162,42.26625,0.08262701332569122
