cell_mask_area,cell_mask_area_ratio,cell_mask_intensity,domain_area_mean,domain_area_std,domain_oop_mean,domain_oop_std,domain_slen_mean,myof_bending_mean,myof_bending_std,myof_length_max,myof_length_mean,myof_length_std,myof_straightness_mean,myof_straightness_std,n_domains,n_mbands,n_vectors,n_zbands,sarcomere_area,sarcomere_area_ratio,sarcomere_length_mean,sarcomere_length_std,sarcomere_oop,z_intensity_mean,z_intensity_std,z_lat_alignment_mean,z_lat_alignment_std,z_lat_dist_mean,z_lat_dist_std,z_lat_length_groups_mean,z_lat_neighbors_mean,z_lat_neighbors_std,z_length_max,z_length_mean,z_length_std,z_mask_area,z_mask_area_ratio,z_mask_intensity,z_oop,z_straightness_mean,z_straightness_std
1712.4299999999998,0.2116580454975249,557.3217532979451,33.73875,4.803565570230098,0.8748000860214233,0.07818358391523361,1.6140159025748568,0.030217169782444226,0.011851313356590646,11.982132911682129,9.019632339477539,1.7288330793380737,0.944524041985586,0.02155525047003034,4.0,90.0,240.0,75.0,206.11009216308594,0.12036117807039468,1.6096381814864948,0.2669320122997715,0.8058276772499084,747.7827636292232,96.07393268020708,0.7276639866418374,0.6386096007908292,2.176344556935123,0.5533275958438985,1.5327216804809842,0.4533333333333333,0.6386096007908292,1.95,0.6919999999999998,0.4220616068774794,49.455,0.028880012613654284,743.5709736123749,0.6109553533524114,0.8713294913978364,0.08674617565561536
