cell_mask_area,cell_mask_area_ratio,cell_mask_intensity,domain_area_mean,domain_area_std,domain_oop_mean,domain_oop_std,domain_slen_mean,myof_bending_mean,myof_bending_std,myof_length_max,myof_length_mean,myof_length_std,myof_straightness_mean,myof_straightness_std,n_domains,n_mbands,n_vectors,n_zbands,sarcomere_area,sarcomere_area_ratio,sarcomere_length_mean,sarcomere_length_std,sarcomere_oop,z_intensity_mean,z_intensity_std,z_lat_alignment_mean,z_lat_alignment_std,z_lat_dist_mean,z_lat_dist_std,z_lat_length_groups_mean,z_lat_neighbors_mean,z_lat_neighbors_std,z_length_max,z_length_mean,z_length_std,z_mask_area,z_mask_area_ratio,z_mask_intensity,z_oop,z_straightness_mean,z_straightness_std
690.93,0.41813156138941465,687.9589032174026,39.42,0.0,0.6017991304397583,0.0,1.4517212579363943,0.015302709232373337,0.012233644434848609,17.392438888549805,8.980849266052246,3.2194879055023193,0.9588176593398386,0.024863550248172037,1.0,28.0,117.0,28.0,60.35015869140625,0.08734627052148011,1.4987687832147523,0.2493136793528139,0.36829403042793274,1053.1758029140824,171.47470946378058,0.7070642385787632,0.4948716593053935,2.0669428980682545,0.6472998193458781,1.6409844267458877,0.42857142857142855,0.4948716593053935,2.85,0.8464285714285715,0.5426338826614542,13.8825,0.02009248404324606,1069.4068071312804,0.0832409671876017,0.846595143016879,0.10939084615175583
