cell_mask_area,cell_mask_area_ratio,cell_mask_intensity,domain_area_mean,domain_area_std,domain_oop_mean,domain_oop_std,domain_slen_mean,myof_bending_mean,myof_bending_std,myof_length_max,myof_length_mean,myof_length_std,myof_straightness_mean,myof_straightness_std,n_domains,n_mbands,n_vectors,n_zbands,sarcomere_area,sarcomere_area_ratio,sarcomere_length_mean,sarcomere_length_std,sarcomere_oop,z_intensity_mean,z_intensity_std,z_lat_alignment_mean,z_lat_alignment_std,z_lat_dist_mean,z_lat_dist_std,z_lat_length_groups_mean,z_lat_neighbors_mean,z_lat_neighbors_std,z_length_max,z_length_mean,z_length_std,z_mask_area,z_mask_area_ratio,z_mask_intensity,z_oop,z_straightness_mean,z_straightness_std
1169.325,0.24138859988109396,647.3084086973254,71.7525,46.708742757646554,0.9134664535522461,0.03339124098420143,1.4695640770201228,0.021761774846182386,0.01569329535778329,29.299272537231445,15.40993595123291,5.892981052398682,0.9518840450014443,0.02177805060339949,3.0,101.0,526.0,102.0,256.2392883300781,0.21913436241428014,1.4456256427254028,0.19632301703286356,0.5509235262870789,1060.7547165600863,253.4151605126186,0.7769500275960924,0.7386199294838182,1.709139826014362,0.6864290241034379,3.4859020675683223,0.9411764705882353,0.7386199294838182,4.05,1.0411764705882351,0.9111620399115508,55.0575,0.047084856648066185,1066.4380874540254,0.49797001091003207,0.8340094391373878,0.11962158011247613
