cell_mask_area,cell_mask_area_ratio,cell_mask_intensity,domain_area_mean,domain_area_std,domain_oop_mean,domain_oop_std,domain_slen_mean,myof_bending_mean,myof_bending_std,myof_length_max,myof_length_mean,myof_length_std,myof_straightness_mean,myof_straightness_std,n_domains,n_mbands,n_vectors,n_zbands,sarcomere_area,sarcomere_area_ratio,sarcomere_length_mean,sarcomere_length_std,sarcomere_oop,z_intensity_mean,z_intensity_std,z_lat_alignment_mean,z_lat_alignment_std,z_lat_dist_mean,z_lat_dist_std,z_lat_length_groups_mean,z_lat_neighbors_mean,z_lat_neighbors_std,z_length_max,z_length_mean,z_length_std,z_mask_area,z_mask_area_ratio,z_mask_intensity,z_oop,z_straightness_mean,z_straightness_std
958.3199999999999,0.270238374712104,595.1818651389932,64.575,5.265000000000004,0.5927581787109375,0.11426416039466858,1.572368186123593,0.05207780657474316,0.05037939693197181,18.426790237426758,11.803054809570312,3.9217281341552734,0.9088173782234967,0.05821883315875892,2.0,72.0,231.0,76.0,158.87933349609375,0.16578943724026812,1.578202737237294,0.21532745410232718,0.46002286672592163,800.7787425466529,79.0833837772599,0.7871161074797192,0.6557860944409006,1.6268838053147758,0.6943433735322537,2.469468966869479,0.868421052631579,0.6557860944409006,2.1,0.6907894736842105,0.40722993362051013,38.137499999999996,0.039796205860255444,794.9339233038348,0.35694892686163315,0.8677893383477508,0.0893821655739619
