cell_mask_area,cell_mask_area_ratio,cell_mask_intensity,domain_area_mean,domain_area_std,domain_oop_mean,domain_oop_std,domain_slen_mean,myof_bending_mean,myof_bending_std,myof_length_max,myof_length_mean,myof_length_std,myof_straightness_mean,myof_straightness_std,n_domains,n_mbands,n_vectors,n_zbands,sarcomere_area,sarcomere_area_ratio,sarcomere_length_mean,sarcomere_length_std,sarcomere_oop,z_intensity_mean,z_intensity_std,z_lat_alignment_mean,z_lat_alignment_std,z_lat_dist_mean,z_lat_dist_std,z_lat_length_groups_mean,z_lat_neighbors_mean,z_lat_neighbors_std,z_length_max,z_length_mean,z_length_std,z_mask_area,z_mask_area_ratio,z_mask_intensity,z_oop,z_straightness_mean,z_straightness_std
958.3199999999999,0.270238374712104,595.1818651389932,64.46249999999999,5.264999999999997,0.5941936373710632,0.11569969356060028,1.5690375437929784,0.048404796538977016,0.04777813360255245,18.451906204223633,11.797808647155762,3.8743391036987305,0.9101228912945052,0.05868983800542109,2.0,72.0,232.0,76.0,158.87940979003906,0.16578951685244916,1.5745463126082362,0.2166516899179072,0.4617713689804077,800.7787425466529,79.0833837772599,0.7871161219136857,0.6557860944409006,1.6268838053147758,0.6943433735322537,2.469468966869479,0.868421052631579,0.6557860944409006,2.1,0.6907894736842105,0.40722993362051013,38.137499999999996,0.039796205860255444,794.9339233038348,0.35694892686163315,0.8677893383477508,0.0893821655739619
