sarcomere_area,cell_mask_area_ratio,domain_area_std,domain_oop_mean,sarcomere_length_mean,z_mask_intensity,myof_straightness_std,z_mask_area,z_straightness_std,myof_length_mean,myof_bending_std,sarcomere_oop,n_domains,myof_straightness_mean,z_intensity_mean,myof_bending_mean,z_lat_dist_mean,z_lat_length_groups_mean,z_length_max,sarcomere_area_ratio,z_length_std,myof_length_max,domain_slen_mean,z_mask_area_ratio,z_lat_alignment_std,n_zbands,cell_mask_area,cell_mask_intensity,z_oop,z_lat_alignment_mean,z_length_mean,z_lat_dist_std,myof_length_std,n_vectors,z_straightness_mean,n_mbands,z_intensity_std,sarcomere_length_std,z_lat_neighbors_mean,z_lat_neighbors_std,domain_area_mean,domain_oop_std
108.9154052734375,0.2401691815272062,0.0,0.6678866147994995,1.5280857258481646,1219.062244897959,0.01640310571232767,22.05,0.10429428034252695,11.588074684143066,0.029093467143431712,0.6678867340087891,1.0,0.962047349426461,1202.4727242158542,0.039888253182104004,1.5594686105534057,4.192654335707129,3.9,0.1919992336514138,0.7028200186279386,17.248767852783203,1.5280857258481646,0.03887037918451531,0.5497281790041291,41.0,567.27,681.6554021894336,0.47062100007158164,0.8198073912586383,0.9658536585365852,0.5326441838710659,1.772657036781311,179.0,0.8254031864766557,38.0,260.88558797350646,0.23045487262733028,1.1219512195121952,0.5497281790041291,89.00999999999999,0.0
