sarcomere_area,cell_mask_area_ratio,domain_area_std,domain_oop_mean,sarcomere_length_mean,z_mask_intensity,myof_straightness_std,z_mask_area,z_straightness_std,myof_length_mean,myof_bending_std,sarcomere_oop,n_domains,myof_straightness_mean,z_intensity_mean,myof_bending_mean,z_lat_dist_mean,z_lat_length_groups_mean,z_length_max,sarcomere_area_ratio,z_length_std,myof_length_max,domain_slen_mean,z_mask_area_ratio,z_lat_alignment_std,n_zbands,cell_mask_area,cell_mask_intensity,z_oop,z_lat_alignment_mean,z_length_mean,z_lat_dist_std,myof_length_std,n_vectors,z_straightness_mean,n_mbands,z_intensity_std,sarcomere_length_std,z_lat_neighbors_mean,z_lat_neighbors_std,domain_area_mean,domain_oop_std
308.94183349609375,0.3151122192024238,29.463749999999997,0.6619716286659241,1.385401948416406,972.305033809166,0.05693359151723334,59.894999999999996,0.1225295639892692,10.139630317687988,0.015450986335804056,0.17579244077205658,2.0,0.9309870418767658,961.4312513784092,0.025334392457097253,1.6417947673482522,2.4152180609601306,8.4,0.10874806478102632,1.0984718331294752,22.9290714263916,1.3994139170700837,0.02108314457239708,0.5795602908774251,117.0,2840.895,652.0458253472938,0.05369671049793479,0.7623382027097927,1.0282051282051283,0.5857772118373176,5.135595798492432,555.0,0.824135890597461,135.0,206.59162399655744,0.2595125499047708,0.6837606837606838,0.5795602908774251,81.21375,0.1401224136352539
