cell_mask_area,cell_mask_area_ratio,cell_mask_intensity,domain_area_mean,domain_area_std,domain_oop_mean,domain_oop_std,domain_slen_mean,myof_bending_mean,myof_bending_std,myof_length_max,myof_length_mean,myof_length_std,myof_straightness_mean,myof_straightness_std,n_domains,n_mbands,n_vectors,n_zbands,sarcomere_area,sarcomere_area_ratio,sarcomere_length_mean,sarcomere_length_std,sarcomere_oop,z_intensity_mean,z_intensity_std,z_lat_alignment_mean,z_lat_alignment_std,z_lat_dist_mean,z_lat_dist_std,z_lat_length_groups_mean,z_lat_neighbors_mean,z_lat_neighbors_std,z_length_max,z_length_mean,z_length_std,z_mask_area,z_mask_area_ratio,z_mask_intensity,z_oop,z_straightness_mean,z_straightness_std
756.9449999999999,0.22462592392284117,689.0655133464122,50.309999999999995,0.0,0.8151409029960632,0.0,1.4115582127595894,0.024202356336424414,0.01271756662166708,12.79344654083252,9.399528503417969,2.9357056617736816,0.9661661074622726,0.015970172214552086,1.0,37.0,108.0,26.0,71.33677673339844,0.09424301201989371,1.410910855278965,0.26368447695888203,0.8101358413696289,1236.374641525386,347.5752415690847,0.6705896844095894,0.7497534111391512,2.1113277967585544,0.5256376457548159,2.7352048729740965,0.7692307692307693,0.7497534111391512,2.4,0.8711538461538461,0.622676153161478,13.3875,0.01768622555139409,1301.909243697479,0.49398105283561533,0.8131204749774128,0.08865741750969038
