cell_mask_area,cell_mask_area_ratio,cell_mask_intensity,domain_area_mean,domain_area_std,domain_oop_mean,domain_oop_std,domain_slen_mean,myof_bending_mean,myof_bending_std,myof_length_max,myof_length_mean,myof_length_std,myof_straightness_mean,myof_straightness_std,n_domains,n_mbands,n_vectors,n_zbands,sarcomere_area,sarcomere_area_ratio,sarcomere_length_mean,sarcomere_length_std,sarcomere_oop,z_intensity_mean,z_intensity_std,z_lat_alignment_mean,z_lat_alignment_std,z_lat_dist_mean,z_lat_dist_std,z_lat_length_groups_mean,z_lat_neighbors_mean,z_lat_neighbors_std,z_length_max,z_length_mean,z_length_std,z_mask_area,z_mask_area_ratio,z_mask_intensity,z_oop,z_straightness_mean,z_straightness_std
408.96,0.1953883364686912,599.5971060739437,,,,,,0.040449270254839687,0.02298866640060229,10.429762840270996,7.762857913970947,1.1873209476470947,0.9314841440238267,0.04113403617293191,0.0,21.0,74.0,22.0,42.12847137451172,0.1030136721794594,1.3575178519184155,0.19131145110027978,0.8738338351249695,854.8461698346374,125.85690831088633,0.7673374591333078,0.49792959773196915,2.064168933093859,0.5962018245947915,1.6928133499101972,0.5454545454545454,0.49792959773196915,1.95,0.6681818181818182,0.4672320463366858,10.282499999999999,0.025143045774647887,868.3041575492341,0.8498561968260646,0.8457598050587763,0.0800250337049331
