sarcomere_area,cell_mask_area_ratio,domain_area_std,domain_oop_mean,sarcomere_length_mean,z_mask_intensity,myof_straightness_std,z_mask_area,z_straightness_std,myof_length_mean,myof_bending_std,sarcomere_oop,n_domains,myof_straightness_mean,z_intensity_mean,myof_bending_mean,z_lat_dist_mean,z_lat_length_groups_mean,z_length_max,sarcomere_area_ratio,z_length_std,myof_length_max,domain_slen_mean,z_mask_area_ratio,z_lat_alignment_std,n_zbands,cell_mask_area,cell_mask_intensity,z_oop,z_lat_alignment_mean,z_length_mean,z_lat_dist_std,myof_length_std,n_vectors,z_straightness_mean,n_mbands,z_intensity_std,sarcomere_length_std,z_lat_neighbors_mean,z_lat_neighbors_std,domain_area_mean,domain_oop_std
134.80169677734375,0.27602658350040843,7.441942790696525,0.8326222896575928,1.4003631002352765,1070.818018018018,0.029026893433546627,24.974999999999998,0.09102581987071583,8.224372863769531,0.014868436494416394,0.28612786531448364,3.0,0.9586788386605858,1028.908899517191,0.021370223884212683,1.357203672011512,2.711112875622929,2.6999999999999997,0.1343104562834869,0.5322813396077767,14.082910537719727,1.3875368701896498,0.024883986818212387,0.6120082534240983,58.0,1003.6574999999999,629.0195260833501,0.1338915665315688,0.737979490187442,0.8172413793103447,0.46600950563817595,2.4967026710510254,243.0,0.8473312244056411,62.0,229.86422139870155,0.29794419546248413,0.9310344827586207,0.6120082534240983,34.6875,0.11749125272035599
