cell_mask_area,cell_mask_area_ratio,cell_mask_intensity,domain_area_mean,domain_area_std,domain_oop_mean,domain_oop_std,domain_slen_mean,myof_bending_mean,myof_bending_std,myof_length_max,myof_length_mean,myof_length_std,myof_straightness_mean,myof_straightness_std,n_domains,n_mbands,n_vectors,n_zbands,sarcomere_area,sarcomere_area_ratio,sarcomere_length_mean,sarcomere_length_std,sarcomere_oop,z_intensity_mean,z_intensity_std,z_lat_alignment_mean,z_lat_alignment_std,z_lat_dist_mean,z_lat_dist_std,z_lat_length_groups_mean,z_lat_neighbors_mean,z_lat_neighbors_std,z_length_max,z_length_mean,z_length_std,z_mask_area,z_mask_area_ratio,z_mask_intensity,z_oop,z_straightness_mean,z_straightness_std
746.1225,0.2616541472036359,634.8388769940593,40.57875,15.22125,0.7798429727554321,0.03655394911766052,1.6189641594728132,0.027175836588815776,0.03357557828521198,16.10685157775879,11.70470905303955,3.093146324157715,0.9438840397478747,0.03092309775827675,2.0,45.0,141.0,40.0,107.85317993164062,0.1445515715336833,1.6412581564977353,0.2624154193867401,0.7212889790534973,978.6404962806504,151.54127381949786,0.7998179254775657,0.653834841531101,1.8797763508631538,0.7282080915382365,2.238410835600778,0.65,0.653834841531101,3.75,0.8999999999999998,0.758946638440411,27.18,0.03642833448930973,1003.1407284768212,0.4580410274865956,0.8533794305619171,0.08579117250449954
