cell_mask_area,cell_mask_area_ratio,cell_mask_intensity,domain_area_mean,domain_area_std,domain_oop_mean,domain_oop_std,domain_slen_mean,myof_bending_mean,myof_bending_std,myof_length_max,myof_length_mean,myof_length_std,myof_straightness_mean,myof_straightness_std,n_domains,n_mbands,n_vectors,n_zbands,sarcomere_area,sarcomere_area_ratio,sarcomere_length_mean,sarcomere_length_std,sarcomere_oop,z_intensity_mean,z_intensity_std,z_lat_alignment_mean,z_lat_alignment_std,z_lat_dist_mean,z_lat_dist_std,z_lat_length_groups_mean,z_lat_neighbors_mean,z_lat_neighbors_std,z_length_max,z_length_mean,z_length_std,z_mask_area,z_mask_area_ratio,z_mask_intensity,z_oop,z_straightness_mean,z_straightness_std
1206.45,0.18874366835745138,609.8707944796718,41.692499999999995,11.925,0.8467923402786255,0.10132529586553574,1.5499984725336087,0.015819357388770255,0.008659930862201789,18.910398483276367,10.852692604064941,4.349925994873047,0.9629713730823891,0.013508166410448944,2.0,50.0,166.0,45.0,118.62451934814453,0.0983252678089805,1.5522930286529621,0.24783928776582578,0.5187016129493713,1103.2431111129822,277.3230072206351,0.6829645364703156,0.41573970964154905,1.669784106034114,0.8575086234177804,1.1199730132542645,0.2222222222222222,0.41573970964154905,2.85,0.8099999999999997,0.5800000000000001,27.5625,0.022845953002610966,1014.0318367346939,0.32948552725435865,0.8417745655070034,0.10133783468626925
