cell_mask_area,cell_mask_area_ratio,cell_mask_intensity,domain_area_mean,domain_area_std,domain_oop_mean,domain_oop_std,domain_slen_mean,myof_bending_mean,myof_bending_std,myof_length_max,myof_length_mean,myof_length_std,myof_straightness_mean,myof_straightness_std,n_domains,n_mbands,n_vectors,n_zbands,sarcomere_area,sarcomere_area_ratio,sarcomere_length_mean,sarcomere_length_std,sarcomere_oop,z_intensity_mean,z_intensity_std,z_lat_alignment_mean,z_lat_alignment_std,z_lat_dist_mean,z_lat_dist_std,z_lat_length_groups_mean,z_lat_neighbors_mean,z_lat_neighbors_std,z_length_max,z_length_mean,z_length_std,z_mask_area,z_mask_area_ratio,z_mask_intensity,z_oop,z_straightness_mean,z_straightness_std
677.925,0.28350709473446495,628.7448390308663,64.395,0.0,0.8083891868591309,0.0,1.3572928008183147,0.036342329362806944,0.013577389618163833,12.202936172485352,7.902583599090576,2.4371860027313232,0.9135361774896236,0.03222794960401465,1.0,36.0,145.0,33.0,84.43730926513672,0.12455258216637051,1.3572928008183147,0.2432601075376276,0.8083891868591309,1008.931069243244,218.71224896879818,0.7834236987453029,0.6075738683564673,1.804267731219976,0.7646031350173236,1.8828503992074912,0.5454545454545454,0.6075738683564673,2.4,0.8772727272727272,0.6102769998360791,16.9425,0.024991702621971458,1043.9561752988047,0.6939839438358133,0.8360986343523257,0.08998710726074025
