sarcomere_area,cell_mask_area_ratio,domain_area_std,domain_oop_mean,sarcomere_length_mean,z_mask_intensity,myof_straightness_std,z_mask_area,z_straightness_std,myof_length_mean,myof_bending_std,sarcomere_oop,n_domains,myof_straightness_mean,z_intensity_mean,myof_bending_mean,z_lat_dist_mean,z_lat_length_groups_mean,z_length_max,sarcomere_area_ratio,z_length_std,myof_length_max,domain_slen_mean,z_mask_area_ratio,z_lat_alignment_std,n_zbands,cell_mask_area,cell_mask_intensity,z_oop,z_lat_alignment_mean,z_length_mean,z_lat_dist_std,myof_length_std,n_vectors,z_straightness_mean,n_mbands,z_intensity_std,sarcomere_length_std,z_lat_neighbors_mean,z_lat_neighbors_std,domain_area_mean,domain_oop_std
60.41897964477539,0.28805263724048913,1.3499999999999996,0.6774736642837524,1.3962082184010856,1079.6703296703297,0.010741709611847427,16.38,0.07452153277826563,6.6075568199157715,0.010091871053798974,0.6238325834274292,2.0,0.9422912380994752,1073.8042151527657,0.027162414582032623,1.6083027946451962,1.1703247825006549,1.7999999999999998,0.08356531973026202,0.3577272005313546,7.097923755645752,1.4084551395081912,0.022655131636273106,0.6091746465505602,32.0,723.015,600.7149747930541,0.3974709978830874,0.6369325742300275,0.5625,0.692669251638198,0.5783478617668152,86.0,0.8792259426660302,33.0,178.295594971238,0.18321871107097074,0.4375,0.6091746465505602,22.769999999999996,0.06038662791252136
