cell_mask_area,cell_mask_area_ratio,cell_mask_intensity,domain_area_mean,domain_area_std,domain_oop_mean,domain_oop_std,domain_slen_mean,myof_bending_mean,myof_bending_std,myof_length_max,myof_length_mean,myof_length_std,myof_straightness_mean,myof_straightness_std,n_domains,n_mbands,n_vectors,n_zbands,sarcomere_area,sarcomere_area_ratio,sarcomere_length_mean,sarcomere_length_std,sarcomere_oop,z_intensity_mean,z_intensity_std,z_lat_alignment_mean,z_lat_alignment_std,z_lat_dist_mean,z_lat_dist_std,z_lat_length_groups_mean,z_lat_neighbors_mean,z_lat_neighbors_std,z_length_max,z_length_mean,z_length_std,z_mask_area,z_mask_area_ratio,z_mask_intensity,z_oop,z_straightness_mean,z_straightness_std
1431.5175,0.221454527734462,605.64995363312,136.56,99.73104688360591,0.7374234199523926,0.15984538197517395,1.3824208533723237,0.0293125845759844,0.022949010105198925,22.535839080810547,11.136359214782715,4.098038673400879,0.9405045446746214,0.04406263089233806,3.0,183.0,1128.0,161.0,510.3916931152344,0.35653891280772637,1.3955872775364997,0.2128113797817665,0.337578147649765,924.4567433723751,159.00883754808493,0.7775286075402612,0.7255658060962628,1.8468068478167223,0.6241429859072863,5.433980511316971,1.1180124223602483,0.7255658060962628,4.8,1.363975155279503,0.980527985229143,102.8025,0.07181365229555349,902.3775443204203,0.2924728033684581,0.7896530012466982,0.1160846093134087
