cell_mask_area,cell_mask_area_ratio,cell_mask_intensity,domain_area_mean,domain_area_std,domain_oop_mean,domain_oop_std,domain_slen_mean,myof_bending_mean,myof_bending_std,myof_length_max,myof_length_mean,myof_length_std,myof_straightness_mean,myof_straightness_std,n_domains,n_mbands,n_vectors,n_zbands,sarcomere_area,sarcomere_area_ratio,sarcomere_length_mean,sarcomere_length_std,sarcomere_oop,z_intensity_mean,z_intensity_std,z_lat_alignment_mean,z_lat_alignment_std,z_lat_dist_mean,z_lat_dist_std,z_lat_length_groups_mean,z_lat_neighbors_mean,z_lat_neighbors_std,z_length_max,z_length_mean,z_length_std,z_mask_area,z_mask_area_ratio,z_mask_intensity,z_oop,z_straightness_mean,z_straightness_std
338.94,0.21778542410617474,609.6532793414764,46.4175,0.0,0.8460696339607239,0.0,1.5478176208282877,0.024793556763082897,0.030988453787827226,11.692440032958984,9.018765449523926,1.7606449127197266,0.9715035887900489,0.01051698222242194,1.0,19.0,101.0,21.0,55.61626052856445,0.16408880783786053,1.5478176208282877,0.24800952298012635,0.8460695743560791,995.5170280969124,161.2763457017036,0.7234487073518839,0.46656947481584343,1.7112524023195355,0.7527384775309558,2.8834393017396516,0.8571428571428571,0.46656947481584343,2.25,0.9142857142857143,0.5111012519999519,11.7225,0.03458576739245884,1011.9117082533589,0.5892444460848538,0.8230643996942577,0.10959484479201125
