cell_mask_area,cell_mask_area_ratio,cell_mask_intensity,domain_area_mean,domain_area_std,domain_oop_mean,domain_oop_std,domain_slen_mean,myof_bending_mean,myof_bending_std,myof_length_max,myof_length_mean,myof_length_std,myof_straightness_mean,myof_straightness_std,n_domains,n_mbands,n_vectors,n_zbands,sarcomere_area,sarcomere_area_ratio,sarcomere_length_mean,sarcomere_length_std,sarcomere_oop,z_intensity_mean,z_intensity_std,z_lat_alignment_mean,z_lat_alignment_std,z_lat_dist_mean,z_lat_dist_std,z_lat_length_groups_mean,z_lat_neighbors_mean,z_lat_neighbors_std,z_length_max,z_length_mean,z_length_std,z_mask_area,z_mask_area_ratio,z_mask_intensity,z_oop,z_straightness_mean,z_straightness_std
1152.1575,0.29566949592932623,639.3202296561017,170.0325,0.0,0.7880991101264954,0.0,1.4660655884650349,0.019009858333455903,0.01272213359021514,27.246450424194336,11.933815956115723,5.902646064758301,0.9615563654983953,0.019494025677358633,1.0,70.0,506.0,76.0,200.7330780029297,0.1742236439053946,1.4619385071812045,0.25604578503239966,0.7580763697624207,1041.379598079077,209.2315030470914,0.7789820238857121,0.7235645834140799,1.7058020695298592,0.8186814396257224,3.8189718625768734,0.9473684210526315,0.7235645834140799,5.3999999999999995,1.201973684210526,1.0305032236942888,40.455,0.035112386978342805,1067.500556173526,0.6418134477371301,0.832560598608822,0.11830208677435976
