cell_mask_area,cell_mask_area_ratio,cell_mask_intensity,domain_area_mean,domain_area_std,domain_oop_mean,domain_oop_std,domain_slen_mean,myof_bending_mean,myof_bending_std,myof_length_max,myof_length_mean,myof_length_std,myof_straightness_mean,myof_straightness_std,n_domains,n_mbands,n_vectors,n_zbands,sarcomere_area,sarcomere_area_ratio,sarcomere_length_mean,sarcomere_length_std,sarcomere_oop,z_intensity_mean,z_intensity_std,z_lat_alignment_mean,z_lat_alignment_std,z_lat_dist_mean,z_lat_dist_std,z_lat_length_groups_mean,z_lat_neighbors_mean,z_lat_neighbors_std,z_length_max,z_length_mean,z_length_std,z_mask_area,z_mask_area_ratio,z_mask_intensity,z_oop,z_straightness_mean,z_straightness_std
436.5225,0.12625598708871302,646.3779186639864,35.0325,0.0,0.8887808918952942,0.0,1.535553794401319,0.02812941297618827,0.006894756506860121,13.4837064743042,12.291298866271973,0.6753632426261902,0.9496334461429771,0.006013705894537498,1.0,25.0,105.0,31.0,51.70188903808594,0.1184403760128881,1.6087910170992854,0.2944177002070848,0.8994406461715698,1179.2305454352397,156.85992382917658,0.6114827922209886,0.49765318130779057,1.787606768020137,0.7322893944434219,1.7276353073392066,0.45161290322580644,0.49765318130779057,1.95,0.9338709677419356,0.46305212846207394,14.67,0.033606515128086184,1187.6549079754602,0.7569382031783608,0.8445006230976108,0.09548290348799957
