cell_mask_area,cell_mask_area_ratio,cell_mask_intensity,domain_area_mean,domain_area_std,domain_oop_mean,domain_oop_std,domain_slen_mean,myof_bending_mean,myof_bending_std,myof_length_max,myof_length_mean,myof_length_std,myof_straightness_mean,myof_straightness_std,n_domains,n_mbands,n_vectors,n_zbands,sarcomere_area,sarcomere_area_ratio,sarcomere_length_mean,sarcomere_length_std,sarcomere_oop,z_intensity_mean,z_intensity_std,z_lat_alignment_mean,z_lat_alignment_std,z_lat_dist_mean,z_lat_dist_std,z_lat_length_groups_mean,z_lat_neighbors_mean,z_lat_neighbors_std,z_length_max,z_length_mean,z_length_std,z_mask_area,z_mask_area_ratio,z_mask_intensity,z_oop,z_straightness_mean,z_straightness_std
383.66999999999996,0.21595471181975912,692.292751583392,,,,,,0.010640873561204781,0.0,8.11989974975586,8.119897842407227,1.9073486328125e-06,0.9779005524861879,0.0,0.0,15.0,32.0,9.0,22.755754470825195,0.059310747441356365,1.4717880302248958,0.2740277684110268,0.8132818937301636,1242.3233043988462,116.1256319111139,0.7013851008339497,0.4969039949999533,1.1904380568153896,0.018900605429392536,1.025839444804397,0.4444444444444444,0.4969039949999533,1.2,0.5333333333333333,0.2838231060987733,5.422499999999999,0.01413323950269763,1245.804979253112,0.6219656307380873,0.9055247856718446,0.04542826045914486
