cell_mask_area,cell_mask_area_ratio,cell_mask_intensity,domain_area_mean,domain_area_std,domain_oop_mean,domain_oop_std,domain_slen_mean,myof_bending_mean,myof_bending_std,myof_length_max,myof_length_mean,myof_length_std,myof_straightness_mean,myof_straightness_std,n_domains,n_mbands,n_vectors,n_zbands,sarcomere_area,sarcomere_area_ratio,sarcomere_length_mean,sarcomere_length_std,sarcomere_oop,z_intensity_mean,z_intensity_std,z_lat_alignment_mean,z_lat_alignment_std,z_lat_dist_mean,z_lat_dist_std,z_lat_length_groups_mean,z_lat_neighbors_mean,z_lat_neighbors_std,z_length_max,z_length_mean,z_length_std,z_mask_area,z_mask_area_ratio,z_mask_intensity,z_oop,z_straightness_mean,z_straightness_std
690.8399999999999,0.4180770959001103,687.980458572173,40.027499999999996,0.0,0.6018021702766418,0.0,1.4493528178335697,0.027566996257417785,0.014486324736499185,17.5283145904541,11.363627433776855,2.9711503982543945,0.9425085055211139,0.02221048152555012,1.0,28.0,118.0,28.0,60.32038879394531,0.08731455734170766,1.488642541897335,0.24817022724644933,0.3564979135990143,1053.7096013052335,171.64024820091964,0.7049719282962924,0.4948716593053935,2.0669428980682545,0.6472998193458781,1.627348063109524,0.42857142857142855,0.4948716593053935,2.85,0.8357142857142857,0.5384927945626741,13.8375,0.02002996352266806,1069.8569105691056,0.08425631525022238,0.8469517177782789,0.10930734675710872
