sarcomere_area,cell_mask_area_ratio,domain_area_std,domain_oop_mean,sarcomere_length_mean,z_mask_intensity,myof_straightness_std,z_mask_area,z_straightness_std,myof_length_mean,myof_bending_std,sarcomere_oop,n_domains,myof_straightness_mean,z_intensity_mean,myof_bending_mean,z_lat_dist_mean,z_lat_length_groups_mean,z_length_max,sarcomere_area_ratio,z_length_std,myof_length_max,domain_slen_mean,z_mask_area_ratio,z_lat_alignment_std,n_zbands,cell_mask_area,cell_mask_intensity,z_oop,z_lat_alignment_mean,z_length_mean,z_lat_dist_std,myof_length_std,n_vectors,z_straightness_mean,n_mbands,z_intensity_std,sarcomere_length_std,z_lat_neighbors_mean,z_lat_neighbors_std,domain_area_mean,domain_oop_std
46.38001251220703,0.2583719288579742,0.0,0.7164943218231201,1.4138780865195626,1044.6466346153845,0.03778084184602765,9.36,0.10159580763804421,6.67334508895874,0.023966082362799814,0.316156268119812,1.0,0.9338430863350752,1028.2808457997783,0.03594069520400211,1.8910015849380166,1.233611551371671,1.2,0.03434068386085069,0.25191140759775604,6.905604362487793,1.3808018712001047,0.006930330190250891,0.49572844569527735,23.0,1350.585,625.7367140905608,0.05394889176227656,0.8505492040249167,0.5543478260869565,0.6516233618908349,0.19648440182209015,69.0,0.8562461409008726,27.0,246.5972775171076,0.2262171099767806,0.43478260869565216,0.49572844569527735,22.86,0.0
