cell_mask_area,cell_mask_area_ratio,cell_mask_intensity,domain_area_mean,domain_area_std,domain_oop_mean,domain_oop_std,domain_slen_mean,myof_bending_mean,myof_bending_std,myof_length_max,myof_length_mean,myof_length_std,myof_straightness_mean,myof_straightness_std,n_domains,n_mbands,n_vectors,n_zbands,sarcomere_area,sarcomere_area_ratio,sarcomere_length_mean,sarcomere_length_std,sarcomere_oop,z_intensity_mean,z_intensity_std,z_lat_alignment_mean,z_lat_alignment_std,z_lat_dist_mean,z_lat_dist_std,z_lat_length_groups_mean,z_lat_neighbors_mean,z_lat_neighbors_std,z_length_max,z_length_mean,z_length_std,z_mask_area,z_mask_area_ratio,z_mask_intensity,z_oop,z_straightness_mean,z_straightness_std
1266.2775,0.30579599111067646,587.7615629275573,130.095,58.36499999999999,0.6601842641830444,0.09382209181785583,1.4507967494238687,0.05836402267830038,0.06321596911096308,23.326148986816406,9.112170219421387,2.934311866760254,0.925751515521563,0.05745551267740009,2.0,130.0,646.0,130.0,321.1888427734375,0.2536480690634063,1.4463029564704473,0.2423318347019547,0.24758057296276093,779.8253031207649,163.78289507538489,0.7387851541148487,0.7066882509449754,1.7604096362638735,0.7296971375504322,4.669649503996191,1.1538461538461537,0.7066882509449754,5.55,0.9599999999999999,0.8429207463429671,61.402499999999996,0.04849055598002808,781.5991205569806,0.21325430654910452,0.8325410128867659,0.11749199444411386
