cell_mask_area,cell_mask_area_ratio,cell_mask_intensity,domain_area_mean,domain_area_std,domain_oop_mean,domain_oop_std,domain_slen_mean,myof_bending_mean,myof_bending_std,myof_length_max,myof_length_mean,myof_length_std,myof_straightness_mean,myof_straightness_std,n_domains,n_mbands,n_vectors,n_zbands,sarcomere_area,sarcomere_area_ratio,sarcomere_length_mean,sarcomere_length_std,sarcomere_oop,z_intensity_mean,z_intensity_std,z_lat_alignment_mean,z_lat_alignment_std,z_lat_dist_mean,z_lat_dist_std,z_lat_length_groups_mean,z_lat_neighbors_mean,z_lat_neighbors_std,z_length_max,z_length_mean,z_length_std,z_mask_area,z_mask_area_ratio,z_mask_intensity,z_oop,z_straightness_mean,z_straightness_std
938.9024999999999,0.14048985775608114,655.2758033981164,55.36125,26.08875,0.8647603988647461,0.007913202047348022,1.431504803464537,0.03694498980746505,0.02639301127686194,19.10129165649414,9.959385871887207,3.7381060123443604,0.9272969798942601,0.05017391382700659,2.0,53.0,271.0,57.0,146.4510040283203,0.15598105663614734,1.4756795853074265,0.19621848953310345,0.8076793551445007,1054.4349770338072,215.8161989927157,0.6945345250565995,0.662033763653095,1.7830156921833165,0.6280730300555983,4.096694824047006,1.0175438596491229,0.662033763653095,6.1499999999999995,1.1052631578947365,1.2310558943274867,31.095,0.033118454791631724,1056.7981186685963,0.6120764111235717,0.8424789089516606,0.1252694900575153
