sarcomere_area,cell_mask_area_ratio,domain_area_std,domain_oop_mean,sarcomere_length_mean,z_mask_intensity,myof_straightness_std,z_mask_area,z_straightness_std,myof_length_mean,myof_bending_std,sarcomere_oop,n_domains,myof_straightness_mean,z_intensity_mean,myof_bending_mean,z_lat_dist_mean,z_lat_length_groups_mean,z_length_max,sarcomere_area_ratio,z_length_std,myof_length_max,domain_slen_mean,z_mask_area_ratio,z_lat_alignment_std,n_zbands,cell_mask_area,cell_mask_intensity,z_oop,z_lat_alignment_mean,z_length_mean,z_lat_dist_std,myof_length_std,n_vectors,z_straightness_mean,n_mbands,z_intensity_std,sarcomere_length_std,z_lat_neighbors_mean,z_lat_neighbors_std,domain_area_mean,domain_oop_std
148.2719268798828,0.2263484918436442,20.508749999999996,0.6849895715713501,1.4320654129626935,905.4850427350427,0.057776465693861884,31.59,0.11660317974687635,9.759689331054688,0.04148110097279232,0.4264307916164398,2.0,0.9114135030814965,922.433262237412,0.04777977245944131,1.8338726202333067,3.1832049270896325,3.3,0.14001324558882594,0.7248709390287951,14.217193603515625,1.4389171081588836,0.029830450856244424,0.7074842739340632,53.0,1058.985,605.6082097480135,0.47165900232134805,0.8105492509240717,0.9113207547169809,0.6775682347620986,2.104703187942505,260.0,0.8370655727033323,66.0,123.25076804820411,0.3035809531605194,0.9056603773584906,0.7074842739340632,50.748749999999994,0.21592502295970917
