cell_mask_area,cell_mask_area_ratio,cell_mask_intensity,domain_area_mean,domain_area_std,domain_oop_mean,domain_oop_std,domain_slen_mean,myof_bending_mean,myof_bending_std,myof_length_max,myof_length_mean,myof_length_std,myof_straightness_mean,myof_straightness_std,n_domains,n_mbands,n_vectors,n_zbands,sarcomere_area,sarcomere_area_ratio,sarcomere_length_mean,sarcomere_length_std,sarcomere_oop,z_intensity_mean,z_intensity_std,z_lat_alignment_mean,z_lat_alignment_std,z_lat_dist_mean,z_lat_dist_std,z_lat_length_groups_mean,z_lat_neighbors_mean,z_lat_neighbors_std,z_length_max,z_length_mean,z_length_std,z_mask_area,z_mask_area_ratio,z_mask_intensity,z_oop,z_straightness_mean,z_straightness_std
1139.8725,0.2313034188034188,618.5443832533902,107.05499999999999,45.1125,0.8434782028198242,0.11640328168869019,1.382148161638772,0.02561057860165526,0.020404437575588186,32.9646110534668,12.413289070129395,5.5691938400268555,0.9508724616857303,0.026529588270349097,2.0,131.0,589.0,118.0,295.3601989746094,0.2591168740140756,1.3958162061498591,0.2843005671142131,0.7442792057991028,1062.7705697568674,275.03055783484604,0.7863706056650266,0.6185860200303275,1.9876169036712212,0.6077656162044945,3.4278330124725924,0.9152542372881356,0.6185860200303275,3.15,0.9495762711864407,0.6178659199455525,61.2675,0.05374943250231934,1074.5787734116782,0.5292747576473436,0.8336392926801383,0.0979731080066819
