cell_mask_area,cell_mask_area_ratio,cell_mask_intensity,domain_area_mean,domain_area_std,domain_oop_mean,domain_oop_std,domain_slen_mean,myof_bending_mean,myof_bending_std,myof_length_max,myof_length_mean,myof_length_std,myof_straightness_mean,myof_straightness_std,n_domains,n_mbands,n_vectors,n_zbands,sarcomere_area,sarcomere_area_ratio,sarcomere_length_mean,sarcomere_length_std,sarcomere_oop,z_intensity_mean,z_intensity_std,z_lat_alignment_mean,z_lat_alignment_std,z_lat_dist_mean,z_lat_dist_std,z_lat_length_groups_mean,z_lat_neighbors_mean,z_lat_neighbors_std,z_length_max,z_length_mean,z_length_std,z_mask_area,z_mask_area_ratio,z_mask_intensity,z_oop,z_straightness_mean,z_straightness_std
913.41,0.234583025147929,623.2014730515322,192.3525,0.0,0.8478708267211914,0.0,1.3790492262446012,0.021110054409129594,0.021255119243243234,18.93303871154785,10.410221099853516,4.2502641677856445,0.9561146258171385,0.02053439463535753,1.0,86.0,576.0,100.0,225.09280395507812,0.2464312892951447,1.3823427609063659,0.2774195194310935,0.8143548965454102,912.883634256573,153.0967189738645,0.7950835520277889,0.7691553809211764,1.5528584382996704,0.6570733784744812,5.382676018878972,1.22,0.7691553809211764,4.95,1.1520000000000001,0.965347605787677,48.3975,0.052985515814365954,930.5555555555555,0.7307426483271524,0.8355185023095377,0.12970819019063998
