cell_mask_area,cell_mask_area_ratio,cell_mask_intensity,domain_area_mean,domain_area_std,domain_oop_mean,domain_oop_std,domain_slen_mean,myof_bending_mean,myof_bending_std,myof_length_max,myof_length_mean,myof_length_std,myof_straightness_mean,myof_straightness_std,n_domains,n_mbands,n_vectors,n_zbands,sarcomere_area,sarcomere_area_ratio,sarcomere_length_mean,sarcomere_length_std,sarcomere_oop,z_intensity_mean,z_intensity_std,z_lat_alignment_mean,z_lat_alignment_std,z_lat_dist_mean,z_lat_dist_std,z_lat_length_groups_mean,z_lat_neighbors_mean,z_lat_neighbors_std,z_length_max,z_length_mean,z_length_std,z_mask_area,z_mask_area_ratio,z_mask_intensity,z_oop,z_straightness_mean,z_straightness_std
1058.2649999999999,0.3417150413031001,655.2028107326615,52.88999999999999,2.8899048427240634,0.6828147768974304,0.15006674826145172,1.5352480767688925,0.026204916603968967,0.011341734712508949,38.69758224487305,16.816707611083984,8.826945304870605,0.9357717908966696,0.035319504223958596,3.0,82.0,350.0,78.0,197.3546905517578,0.18648891397878398,1.5317112631231953,0.22762018501280204,0.663347601890564,1210.1849491182218,275.2655796577972,0.7705428938561273,0.5475424744631441,1.605669087638236,0.7250898926557768,1.9310359796561922,0.5384615384615384,0.5475424744631441,3.75,0.9788461538461538,0.7327730623779408,46.2825,0.04373431985372284,1240.0578512396694,0.5168049570287462,0.8434787045687907,0.09905468218145279
