cell_mask_area,cell_mask_area_ratio,cell_mask_intensity,domain_area_mean,domain_area_std,domain_oop_mean,domain_oop_std,domain_slen_mean,myof_bending_mean,myof_bending_std,myof_length_max,myof_length_mean,myof_length_std,myof_straightness_mean,myof_straightness_std,n_domains,n_mbands,n_vectors,n_zbands,sarcomere_area,sarcomere_area_ratio,sarcomere_length_mean,sarcomere_length_std,sarcomere_oop,z_intensity_mean,z_intensity_std,z_lat_alignment_mean,z_lat_alignment_std,z_lat_dist_mean,z_lat_dist_std,z_lat_length_groups_mean,z_lat_neighbors_mean,z_lat_neighbors_std,z_length_max,z_length_mean,z_length_std,z_mask_area,z_mask_area_ratio,z_mask_intensity,z_oop,z_straightness_mean,z_straightness_std
1233.6074999999998,0.26717639089903467,619.4736899702701,83.475,0.0,0.7713881134986877,0.0,1.4140079759573894,0.032723410158338254,0.024625493669173944,23.795883178710938,10.184500694274902,4.752447605133057,0.9326178479044934,0.045937973986611674,1.0,45.0,256.0,38.0,118.11116027832031,0.095744521882625,1.4167749195009511,0.26302693561836366,0.7718307971954346,1091.2022171231747,305.4089798886562,0.7459763370981636,0.7158668688808129,1.583898971187071,0.4814187876189893,2.4192496325668107,0.5263157894736842,0.7158668688808129,6.45,1.3657894736842107,1.6730882752357394,24.4575,0.019825998139602754,1168.5869365225392,0.6128314401151701,0.8347928947270701,0.1133433070581768
