cell_mask_area,cell_mask_area_ratio,cell_mask_intensity,domain_area_mean,domain_area_std,domain_oop_mean,domain_oop_std,domain_slen_mean,myof_bending_mean,myof_bending_std,myof_length_max,myof_length_mean,myof_length_std,myof_straightness_mean,myof_straightness_std,n_domains,n_mbands,n_vectors,n_zbands,sarcomere_area,sarcomere_area_ratio,sarcomere_length_mean,sarcomere_length_std,sarcomere_oop,z_intensity_mean,z_intensity_std,z_lat_alignment_mean,z_lat_alignment_std,z_lat_dist_mean,z_lat_dist_std,z_lat_length_groups_mean,z_lat_neighbors_mean,z_lat_neighbors_std,z_length_max,z_length_mean,z_length_std,z_mask_area,z_mask_area_ratio,z_mask_intensity,z_oop,z_straightness_mean,z_straightness_std
880.0649999999999,0.20637583892617448,666.2426752569412,137.9025,79.2225,0.8983166813850403,0.01091909408569336,1.5682977278095467,0.019974451346730978,0.021345231152214775,28.642776489257812,13.714343070983887,5.406771183013916,0.9665064969831313,0.022059619402926202,2.0,75.0,740.0,73.0,317.3184814453125,0.360562550999429,1.5446661197081866,0.28836316833614567,0.9056851863861084,1116.1047278875876,150.24088401146588,0.7935030511028006,0.4514317000899748,1.346891887194449,0.3879271933851371,5.439482620382545,1.0410958904109588,0.4514317000899748,6.6,1.906849315068493,1.608566857006085,65.16,0.0740399856828757,1119.5321132596684,0.8097480020377936,0.7656285706944395,0.14130245190229843
