sarcomere_area,cell_mask_area_ratio,domain_area_std,domain_oop_mean,sarcomere_length_mean,z_mask_intensity,myof_straightness_std,z_mask_area,z_straightness_std,myof_length_mean,myof_bending_std,sarcomere_oop,n_domains,myof_straightness_mean,z_intensity_mean,myof_bending_mean,z_lat_dist_mean,z_lat_length_groups_mean,z_length_max,sarcomere_area_ratio,z_length_std,myof_length_max,domain_slen_mean,z_mask_area_ratio,z_lat_alignment_std,n_zbands,cell_mask_area,cell_mask_intensity,z_oop,z_lat_alignment_mean,z_length_mean,z_lat_dist_std,myof_length_std,n_vectors,z_straightness_mean,n_mbands,z_intensity_std,sarcomere_length_std,z_lat_neighbors_mean,z_lat_neighbors_std,domain_area_mean,domain_oop_std
205.41299438476562,0.19345038551793498,49.916250000000005,0.948804497718811,1.457202724686405,1196.0690345172586,0.014391400084263954,44.9775,0.13333073134186668,13.950021743774414,0.010424170836879602,0.9130866527557373,2.0,0.9695265587738926,1160.6572385856377,0.01552290928841727,1.9762725837489006,3.247415848093282,6.75,0.24719664294109975,1.5683194951224586,26.586185455322266,1.5209995683999216,0.05412650276183256,0.6172846345880414,57.0,830.9699999999999,628.3851944113505,0.7133028794982551,0.805660669104403,1.689473684210526,0.6447249057809119,6.0422563552856445,502.0,0.7848897583482403,62.0,290.4561053048263,0.2586462094996483,0.5964912280701754,0.6172846345880414,85.26375,0.001696556806564331
