cell_mask_area,cell_mask_area_ratio,cell_mask_intensity,domain_area_mean,domain_area_std,domain_oop_mean,domain_oop_std,domain_slen_mean,myof_bending_mean,myof_bending_std,myof_length_max,myof_length_mean,myof_length_std,myof_straightness_mean,myof_straightness_std,n_domains,n_mbands,n_vectors,n_zbands,sarcomere_area,sarcomere_area_ratio,sarcomere_length_mean,sarcomere_length_std,sarcomere_oop,z_intensity_mean,z_intensity_std,z_lat_alignment_mean,z_lat_alignment_std,z_lat_dist_mean,z_lat_dist_std,z_lat_length_groups_mean,z_lat_neighbors_mean,z_lat_neighbors_std,z_length_max,z_length_mean,z_length_std,z_mask_area,z_mask_area_ratio,z_mask_intensity,z_oop,z_straightness_mean,z_straightness_std
1416.8474999999999,0.24115639875766406,594.7768179003033,41.810624999999995,15.689482282627269,0.8691509962081909,0.0761670395731926,1.506080831965051,0.022634489547835118,0.017955438368228084,19.38523292541504,10.466331481933594,4.052078723907471,0.9553288759912639,0.02363469284538101,4.0,97.0,392.0,89.0,220.03497314453125,0.15529898111443277,1.4986566392454737,0.29607343330750757,0.5250970125198364,959.3761022088155,185.2698128326355,0.7949145893208489,0.5324941847673162,1.7108231214227045,0.7537136374018135,1.9813261980389199,0.6067415730337079,0.5324941847673162,3.15,0.8612359550561799,0.6448914554163605,46.125,0.03255466802178781,965.3073170731707,0.5851320281122614,0.8552082547546214,0.09481335274257391
