cell_mask_area,cell_mask_area_ratio,cell_mask_intensity,domain_area_mean,domain_area_std,domain_oop_mean,domain_oop_std,domain_slen_mean,myof_bending_mean,myof_bending_std,myof_length_max,myof_length_mean,myof_length_std,myof_straightness_mean,myof_straightness_std,n_domains,n_mbands,n_vectors,n_zbands,sarcomere_area,sarcomere_area_ratio,sarcomere_length_mean,sarcomere_length_std,sarcomere_oop,z_intensity_mean,z_intensity_std,z_lat_alignment_mean,z_lat_alignment_std,z_lat_dist_mean,z_lat_dist_std,z_lat_length_groups_mean,z_lat_neighbors_mean,z_lat_neighbors_std,z_length_max,z_length_mean,z_length_std,z_mask_area,z_mask_area_ratio,z_mask_intensity,z_oop,z_straightness_mean,z_straightness_std
1058.985,0.2263484918436442,605.6082097480135,50.748749999999994,20.508749999999996,0.6849895715713501,0.21592502295970917,1.4389171081588836,0.04777977245944131,0.04148110097279232,14.217193603515625,9.759689331054688,2.104703187942505,0.9114135030814965,0.057776465693861884,2.0,66.0,260.0,53.0,148.2719268798828,0.14001324558882594,1.4320654129626935,0.3035809531605194,0.4264307916164398,922.433262237412,123.25076804820411,0.8105492509240717,0.7074842739340632,1.8338726202333067,0.6775682347620986,3.1832049270896325,0.9056603773584906,0.7074842739340632,3.3,0.9113207547169809,0.7248709390287951,31.59,0.029830450856244424,905.4850427350427,0.47165900232134805,0.8370655727033323,0.11660317974687635
