cell_mask_area,cell_mask_area_ratio,cell_mask_intensity,domain_area_mean,domain_area_std,domain_oop_mean,domain_oop_std,domain_slen_mean,myof_bending_mean,myof_bending_std,myof_length_max,myof_length_mean,myof_length_std,myof_straightness_mean,myof_straightness_std,n_domains,n_mbands,n_vectors,n_zbands,sarcomere_area,sarcomere_area_ratio,sarcomere_length_mean,sarcomere_length_std,sarcomere_oop,z_intensity_mean,z_intensity_std,z_lat_alignment_mean,z_lat_alignment_std,z_lat_dist_mean,z_lat_dist_std,z_lat_length_groups_mean,z_lat_neighbors_mean,z_lat_neighbors_std,z_length_max,z_length_mean,z_length_std,z_mask_area,z_mask_area_ratio,z_mask_intensity,z_oop,z_straightness_mean,z_straightness_std
523.665,0.16550399999999998,629.598736787832,,,,,,0.015120118177312025,0.005707065179242298,10.080733299255371,10.0191068649292,0.04550209268927574,0.9621400639886242,0.004443654461429303,0.0,20.0,37.0,14.0,30.703737258911133,0.058632402889082016,1.314948068592977,0.22118910548470952,0.9014512300491333,931.03682319419,138.08929031419103,0.33722142017511314,0.3499271061118826,2.4046829312822084,0.0,0.7388217639447852,0.14285714285714285,0.3499271061118826,0.8999999999999999,0.5142857142857142,0.23178543913697072,7.4925,0.014307811291569992,902.7177177177177,0.7476789488007307,0.8917247050335286,0.06824798304907495
