cell_mask_area,cell_mask_area_ratio,cell_mask_intensity,domain_area_mean,domain_area_std,domain_oop_mean,domain_oop_std,domain_slen_mean,myof_bending_mean,myof_bending_std,myof_length_max,myof_length_mean,myof_length_std,myof_straightness_mean,myof_straightness_std,n_domains,n_mbands,n_vectors,n_zbands,sarcomere_area,sarcomere_area_ratio,sarcomere_length_mean,sarcomere_length_std,sarcomere_oop,z_intensity_mean,z_intensity_std,z_lat_alignment_mean,z_lat_alignment_std,z_lat_dist_mean,z_lat_dist_std,z_lat_length_groups_mean,z_lat_neighbors_mean,z_lat_neighbors_std,z_length_max,z_length_mean,z_length_std,z_mask_area,z_mask_area_ratio,z_mask_intensity,z_oop,z_straightness_mean,z_straightness_std
993.9599999999999,0.33710814688196333,671.297061752988,26.82,3.51,0.7673237323760986,0.10840442776679993,1.4887567366599046,0.0166721246522045,0.013499202654163418,7.91103982925415,7.223423957824707,0.5737923383712769,0.9699746364356697,0.012187677839045763,2.0,46.0,120.0,40.0,89.50135040283203,0.09004522355309272,1.467955653327913,0.17182976021441848,0.34870821237564087,923.651209882896,112.084595259015,0.7637588730994637,0.6244997998398398,1.9375202364688142,0.6522195437686834,1.9125086727723488,0.6,0.6244997998398398,3.0,0.7575,0.5345032740779051,23.085,0.02322528069540022,927.714424951267,0.2528702519614891,0.8534733745565013,0.07950348188335604
