cell_mask_area,cell_mask_area_ratio,cell_mask_intensity,domain_area_mean,domain_area_std,domain_oop_mean,domain_oop_std,domain_slen_mean,myof_bending_mean,myof_bending_std,myof_length_max,myof_length_mean,myof_length_std,myof_straightness_mean,myof_straightness_std,n_domains,n_mbands,n_vectors,n_zbands,sarcomere_area,sarcomere_area_ratio,sarcomere_length_mean,sarcomere_length_std,sarcomere_oop,z_intensity_mean,z_intensity_std,z_lat_alignment_mean,z_lat_alignment_std,z_lat_dist_mean,z_lat_dist_std,z_lat_length_groups_mean,z_lat_neighbors_mean,z_lat_neighbors_std,z_length_max,z_length_mean,z_length_std,z_mask_area,z_mask_area_ratio,z_mask_intensity,z_oop,z_straightness_mean,z_straightness_std
867.8924999999999,0.19133337632253805,666.9805822725741,,,,,,0.0064464102312056905,0.0018583042209331863,9.833891868591309,9.663497924804688,0.04741479456424713,0.9846601950587157,0.004182675156771232,0.0,21.0,56.0,16.0,39.45723342895508,0.045463272731306105,1.576977106399461,0.21249468625829224,0.9251006245613098,1061.966056874508,166.03815161934645,0.9481885082825535,0.33071891388307384,1.677050983124841,0.0,0.9318033988749893,0.125,0.33071891388307384,2.25,0.76875,0.5273385416409463,8.459999999999999,0.009747751017551137,1101.3882978723404,0.821579359052524,0.874631383950051,0.056487287284417244
