sarcomere_area,cell_mask_area_ratio,domain_area_std,domain_oop_mean,sarcomere_length_mean,z_mask_intensity,myof_straightness_std,z_mask_area,z_straightness_std,myof_length_mean,myof_bending_std,sarcomere_oop,n_domains,myof_straightness_mean,z_intensity_mean,myof_bending_mean,z_lat_dist_mean,z_lat_length_groups_mean,z_length_max,sarcomere_area_ratio,z_length_std,myof_length_max,domain_slen_mean,z_mask_area_ratio,z_lat_alignment_std,n_zbands,cell_mask_area,cell_mask_intensity,z_oop,z_lat_alignment_mean,z_length_mean,z_lat_dist_std,myof_length_std,n_vectors,z_straightness_mean,n_mbands,z_intensity_std,sarcomere_length_std,z_lat_neighbors_mean,z_lat_neighbors_std,domain_area_mean,domain_oop_std
91.81058502197266,0.2652109248242293,0.0,0.8982807993888855,1.4220931739983367,1172.304054054054,0.013844062851374293,19.98,0.08728936698326277,9.527216911315918,0.017292176964998015,0.898280680179596,1.0,0.9533974852048824,1170.4631383434607,0.022924981922410177,1.5996589932314471,3.076028625879113,2.25,0.1300175390460428,0.5512434922564637,21.11269760131836,1.4220931739983367,0.028294672444557738,0.6490180966628885,35.0,706.14,658.4729161356105,0.8035274096768305,0.8700001578190886,0.9385714285714282,0.6199777055457331,4.083024978637695,164.0,0.8138591673252406,39.0,184.1589286532243,0.21618222005440968,0.9142857142857143,0.6490180966628885,73.215,0.0
