cell_mask_area,cell_mask_area_ratio,cell_mask_intensity,domain_area_mean,domain_area_std,domain_oop_mean,domain_oop_std,domain_slen_mean,myof_bending_mean,myof_bending_std,myof_length_max,myof_length_mean,myof_length_std,myof_straightness_mean,myof_straightness_std,n_domains,n_mbands,n_vectors,n_zbands,sarcomere_area,sarcomere_area_ratio,sarcomere_length_mean,sarcomere_length_std,sarcomere_oop,z_intensity_mean,z_intensity_std,z_lat_alignment_mean,z_lat_alignment_std,z_lat_dist_mean,z_lat_dist_std,z_lat_length_groups_mean,z_lat_neighbors_mean,z_lat_neighbors_std,z_length_max,z_length_mean,z_length_std,z_mask_area,z_mask_area_ratio,z_mask_intensity,z_oop,z_straightness_mean,z_straightness_std
1415.8574999999998,0.24098789450101674,594.8351264163236,42.26625,16.147496951927256,0.8673579692840576,0.08262701332569122,1.4950927398408185,0.039132254475450476,0.04783308327592823,22.355571746826172,11.489981651306152,4.7922258377075195,0.9565441035460359,0.032628969328153165,4.0,98.0,394.0,89.0,219.9090118408203,0.1553186050438129,1.4879803607117374,0.2753433110619976,0.5203422904014587,959.4857475051364,185.54111974821348,0.7944919499063222,0.5324941847673162,1.7108231214227045,0.7537136374018135,1.97890684320021,0.6067415730337079,0.5324941847673162,3.0,0.8595505617977528,0.6390774778729128,46.17,0.032609213850970174,965.8075048732943,0.5851612667430275,0.8553359360620778,0.09443363097079027
