cell_mask_area,cell_mask_area_ratio,cell_mask_intensity,domain_area_mean,domain_area_std,domain_oop_mean,domain_oop_std,domain_slen_mean,myof_bending_mean,myof_bending_std,myof_length_max,myof_length_mean,myof_length_std,myof_straightness_mean,myof_straightness_std,n_domains,n_mbands,n_vectors,n_zbands,sarcomere_area,sarcomere_area_ratio,sarcomere_length_mean,sarcomere_length_std,sarcomere_oop,z_intensity_mean,z_intensity_std,z_lat_alignment_mean,z_lat_alignment_std,z_lat_dist_mean,z_lat_dist_std,z_lat_length_groups_mean,z_lat_neighbors_mean,z_lat_neighbors_std,z_length_max,z_length_mean,z_length_std,z_mask_area,z_mask_area_ratio,z_mask_intensity,z_oop,z_straightness_mean,z_straightness_std
674.3249999999999,0.17655999622961635,786.0468802135468,36.54,0.0,0.7322725057601929,0.0,1.3845664235351633,0.026590374427686594,0.03895016344483386,12.99173641204834,10.548247337341309,1.6080000400543213,0.9575174096083463,0.02360088258239104,1.0,22.0,103.0,22.0,45.300987243652344,0.06717975344774753,1.3830993879506435,0.1921735804334236,0.7033652067184448,1733.0018006289604,361.0963793018302,0.8289768672501413,0.49792959773196915,1.6761344613070155,0.8712481091050014,1.8429807239138278,0.45454545454545453,0.49792959773196915,3.3,1.0431818181818182,0.8562995778009871,11.9475,0.01771771771771772,1733.885122410546,0.4977009322855128,0.816930160164636,0.12240279843320966
