sarcomere_area,cell_mask_area_ratio,domain_area_std,domain_oop_mean,sarcomere_length_mean,z_mask_intensity,myof_straightness_std,z_mask_area,z_straightness_std,myof_length_mean,myof_bending_std,sarcomere_oop,n_domains,myof_straightness_mean,z_intensity_mean,myof_bending_mean,z_lat_dist_mean,z_lat_length_groups_mean,z_length_max,sarcomere_area_ratio,z_length_std,myof_length_max,domain_slen_mean,z_mask_area_ratio,z_lat_alignment_std,n_zbands,cell_mask_area,cell_mask_intensity,z_oop,z_lat_alignment_mean,z_length_mean,z_lat_dist_std,myof_length_std,n_vectors,z_straightness_mean,n_mbands,z_intensity_std,sarcomere_length_std,z_lat_neighbors_mean,z_lat_neighbors_std,domain_area_mean,domain_oop_std
205.00650024414062,0.22241423451100872,17.864999999999995,0.7492673397064209,1.3638848158530097,1051.7883369330455,0.02087826849564752,41.67,0.10365830655705494,9.805879592895508,0.017658696506522565,0.6425214409828186,2.0,0.9494026356074879,1084.8049815031331,0.035307615005960906,1.7939522255716536,3.8130279236632347,3.15,0.18728468675952095,0.6965948261842663,18.697708129882812,1.3659280902820934,0.03806783144912641,0.6057461323547038,79.0,1094.625,662.4963617677287,0.5972371062375788,0.7768159907372846,0.9740506329113923,0.5846348538759131,4.425756454467773,417.0,0.8349597542938272,97.0,264.8876847235066,0.27199019168419497,1.0126582278481013,0.6057461323547038,83.3625,0.12052226066589355
