cell_mask_area,cell_mask_area_ratio,cell_mask_intensity,domain_area_mean,domain_area_std,domain_oop_mean,domain_oop_std,domain_slen_mean,myof_bending_mean,myof_bending_std,myof_length_max,myof_length_mean,myof_length_std,myof_straightness_mean,myof_straightness_std,n_domains,n_mbands,n_vectors,n_zbands,sarcomere_area,sarcomere_area_ratio,sarcomere_length_mean,sarcomere_length_std,sarcomere_oop,z_intensity_mean,z_intensity_std,z_lat_alignment_mean,z_lat_alignment_std,z_lat_dist_mean,z_lat_dist_std,z_lat_length_groups_mean,z_lat_neighbors_mean,z_lat_neighbors_std,z_length_max,z_length_mean,z_length_std,z_mask_area,z_mask_area_ratio,z_mask_intensity,z_oop,z_straightness_mean,z_straightness_std
831.06,0.19347133757961785,628.3734838639809,85.55625,49.376250000000006,0.949920654296875,0.0009607374668121338,1.516395536005944,0.014720887264044934,0.008849976842966324,24.50821876525879,13.865574836730957,5.960789203643799,0.9644214302768399,0.01910388623678838,2.0,62.0,504.0,57.0,205.48587036132812,0.24725756306563682,1.45220296383629,0.26028094708047994,0.912623941898346,1160.5193253662092,290.35068317294895,0.8030288019552739,0.6172846345880414,1.9762725837489006,0.6447249057809119,3.251165848093282,0.5964912280701754,0.6172846345880414,6.75,1.6921052631578946,1.5696348182312594,45.0,0.05414771496642842,1196.1165,0.7135837241019625,0.7854223162887336,0.13226475243302724
