sarcomere_area,cell_mask_area_ratio,domain_area_std,domain_oop_mean,sarcomere_length_mean,z_mask_intensity,myof_straightness_std,z_mask_area,z_straightness_std,myof_length_mean,myof_bending_std,sarcomere_oop,n_domains,myof_straightness_mean,z_intensity_mean,myof_bending_mean,z_lat_dist_mean,z_lat_length_groups_mean,z_length_max,sarcomere_area_ratio,z_length_std,myof_length_max,domain_slen_mean,z_mask_area_ratio,z_lat_alignment_std,n_zbands,cell_mask_area,cell_mask_intensity,z_oop,z_lat_alignment_mean,z_length_mean,z_lat_dist_std,myof_length_std,n_vectors,z_straightness_mean,n_mbands,z_intensity_std,sarcomere_length_std,z_lat_neighbors_mean,z_lat_neighbors_std,domain_area_mean,domain_oop_std
295.24993896484375,0.23126689312586746,45.731249999999996,0.8496354818344116,1.3882913808813044,1074.7295112091142,0.02564813731528032,61.2225,0.09793641293199672,12.891180038452148,0.02321045937102421,0.7536081075668335,2.0,0.9488430280199679,1063.0137900958505,0.029918545012120105,1.9706793431885892,3.3307077721383873,3.15,0.2590610528408705,0.6178659199455525,31.64596176147461,1.3765380769212088,0.05371843721003692,0.6296330718985326,118.0,1139.6924999999999,618.5647049533097,0.5295516201107334,0.7957001127543814,0.9495762711864407,0.6007136494153784,6.168177604675293,578.0,0.833603981945675,131.0,275.3816444614102,0.27277981605154,0.8983050847457628,0.6296330718985326,106.21124999999999,0.11219927668571472
