cell_mask_area,cell_mask_area_ratio,cell_mask_intensity,domain_area_mean,domain_area_std,domain_oop_mean,domain_oop_std,domain_slen_mean,myof_bending_mean,myof_bending_std,myof_length_max,myof_length_mean,myof_length_std,myof_straightness_mean,myof_straightness_std,n_domains,n_mbands,n_vectors,n_zbands,sarcomere_area,sarcomere_area_ratio,sarcomere_length_mean,sarcomere_length_std,sarcomere_oop,z_intensity_mean,z_intensity_std,z_lat_alignment_mean,z_lat_alignment_std,z_lat_dist_mean,z_lat_dist_std,z_lat_length_groups_mean,z_lat_neighbors_mean,z_lat_neighbors_std,z_length_max,z_length_mean,z_length_std,z_mask_area,z_mask_area_ratio,z_mask_intensity,z_oop,z_straightness_mean,z_straightness_std
380.78999999999996,0.20546564848425983,694.4801465374616,,,,,,0.0294611218495197,0.006552544070852386,9.3953218460083,6.589722633361816,1.931258201599121,0.9481779688282851,0.008728839325241345,0.0,21.0,53.0,15.0,36.349761962890625,0.0954588144722567,1.343357324141943,0.30511759522151016,0.8613030910491943,1280.3477654037824,137.89956263763153,0.8269403662300335,0.6110100926607788,1.1586706561066433,0.22909018022910035,0.9646676640266608,0.4,0.6110100926607788,1.5,0.5399999999999999,0.3826225293941798,8.82,0.02316237296147483,1284.8494897959183,0.8029483776234858,0.8677183836497562,0.09084359292572498
