cell_mask_area,cell_mask_area_ratio,cell_mask_intensity,domain_area_mean,domain_area_std,domain_oop_mean,domain_oop_std,domain_slen_mean,myof_bending_mean,myof_bending_std,myof_length_max,myof_length_mean,myof_length_std,myof_straightness_mean,myof_straightness_std,n_domains,n_mbands,n_vectors,n_zbands,sarcomere_area,sarcomere_area_ratio,sarcomere_length_mean,sarcomere_length_std,sarcomere_oop,z_intensity_mean,z_intensity_std,z_lat_alignment_mean,z_lat_alignment_std,z_lat_dist_mean,z_lat_dist_std,z_lat_length_groups_mean,z_lat_neighbors_mean,z_lat_neighbors_std,z_length_max,z_length_mean,z_length_std,z_mask_area,z_mask_area_ratio,z_mask_intensity,z_oop,z_straightness_mean,z_straightness_std
723.015,0.28805263724048913,600.7149747930541,22.86,1.2375000000000007,0.6774712204933167,0.06038421392440796,1.4271661430927334,0.051590961054627356,0.02670005315973315,11.228487968444824,9.108722686767578,1.885451078414917,0.9355002247453514,0.01985365816464282,2.0,33.0,86.0,32.0,60.4189567565918,0.08356528807368008,1.408512643751865,0.20809602906958624,0.6238292455673218,1073.8042151527657,178.295594971238,0.6369325813022979,0.6091746465505602,1.6083027946451962,0.692669251638198,1.1703247825006549,0.4375,0.6091746465505602,1.7999999999999998,0.5625,0.3577272005313546,16.38,0.022655131636273106,1079.6703296703297,0.3974709978830874,0.8792259426660302,0.07452153277826563
