sarcomere_area,cell_mask_area_ratio,domain_area_std,domain_oop_mean,sarcomere_length_mean,z_mask_intensity,myof_straightness_std,z_mask_area,z_straightness_std,myof_length_mean,myof_bending_std,sarcomere_oop,n_domains,myof_straightness_mean,z_intensity_mean,myof_bending_mean,z_lat_dist_mean,z_lat_length_groups_mean,z_length_max,sarcomere_area_ratio,z_length_std,myof_length_max,domain_slen_mean,z_mask_area_ratio,z_lat_alignment_std,n_zbands,cell_mask_area,cell_mask_intensity,z_oop,z_lat_alignment_mean,z_length_mean,z_lat_dist_std,myof_length_std,n_vectors,z_straightness_mean,n_mbands,z_intensity_std,sarcomere_length_std,z_lat_neighbors_mean,z_lat_neighbors_std,domain_area_mean,domain_oop_std
121.33438873291016,0.2822632233394907,25.39125,0.8911758661270142,1.4066190471421973,1109.1959514170042,0.01844137074883167,27.787499999999998,0.09455877332397984,10.661056518554688,0.012835147729462187,0.46632757782936096,2.0,0.9571034021978664,1087.5853602978875,0.029112279001139735,1.958630581630777,3.16255924203939,2.85,0.13731861931808337,0.712907669366323,16.139711380004883,1.4012423127800004,0.03144814239515164,0.6938335237488067,44.0,883.5975,659.8460186906368,0.45972582465052514,0.7904902543543705,0.9511363636363636,0.6938283819850942,2.853262186050415,222.0,0.8290416458168337,52.0,151.64623042917012,0.1941569319691378,0.8636363636363636,0.6938335237488067,46.676249999999996,0.041057318449020386
