cell_mask_area,cell_mask_area_ratio,cell_mask_intensity,domain_area_mean,domain_area_std,domain_oop_mean,domain_oop_std,domain_slen_mean,myof_bending_mean,myof_bending_std,myof_length_max,myof_length_mean,myof_length_std,myof_straightness_mean,myof_straightness_std,n_domains,n_mbands,n_vectors,n_zbands,sarcomere_area,sarcomere_area_ratio,sarcomere_length_mean,sarcomere_length_std,sarcomere_oop,z_intensity_mean,z_intensity_std,z_lat_alignment_mean,z_lat_alignment_std,z_lat_dist_mean,z_lat_dist_std,z_lat_length_groups_mean,z_lat_neighbors_mean,z_lat_neighbors_std,z_length_max,z_length_mean,z_length_std,z_mask_area,z_mask_area_ratio,z_mask_intensity,z_oop,z_straightness_mean,z_straightness_std
1712.4299999999998,0.2116580454975249,557.3217532979451,33.71062499999999,4.975461151679812,0.8748006224632263,0.07818376272916794,1.6115425880824052,0.03374565445959487,0.011587637191558621,11.642487525939941,8.953835487365723,1.7676706314086914,0.940688918679856,0.019957781476108237,4.0,90.0,240.0,75.0,206.11007690429688,0.12036116915978866,1.6060594350504644,0.2667621575633068,0.8058269023895264,747.7827636292232,96.07393268020708,0.7276643145853346,0.6386096007908292,2.176344556935123,0.5533275958438985,1.5327216804809842,0.4533333333333333,0.6386096007908292,1.95,0.6919999999999998,0.4220616068774794,49.455,0.028880012613654284,743.5709736123749,0.6109553533524114,0.8713294913978364,0.08674617565561536
