sarcomere_area,cell_mask_area_ratio,domain_area_std,domain_oop_mean,sarcomere_length_mean,z_mask_intensity,myof_straightness_std,z_mask_area,z_straightness_std,myof_length_mean,myof_bending_std,sarcomere_oop,n_domains,myof_straightness_mean,z_intensity_mean,myof_bending_mean,z_lat_dist_mean,z_lat_length_groups_mean,z_length_max,sarcomere_area_ratio,z_length_std,myof_length_max,domain_slen_mean,z_mask_area_ratio,z_lat_alignment_std,n_zbands,cell_mask_area,cell_mask_intensity,z_oop,z_lat_alignment_mean,z_length_mean,z_lat_dist_std,myof_length_std,n_vectors,z_straightness_mean,n_mbands,z_intensity_std,sarcomere_length_std,z_lat_neighbors_mean,z_lat_neighbors_std,domain_area_mean,domain_oop_std
118.11112976074219,0.26717639089903467,0.0,0.7731486558914185,1.4222983908468625,1168.5869365225392,0.04709837898701501,24.4575,0.1133433070581768,10.1995210647583,0.02741750633811162,0.7734896540641785,1.0,0.9319857794270257,1091.2022171231747,0.034033398010590375,1.583898971187071,2.4192496325668107,6.45,0.09574449714414204,1.6730882752357394,23.50896644592285,1.4211514348037064,0.019825998139602754,0.7158668688808129,38.0,1233.6074999999998,619.4736899702701,0.6128314401151701,0.7459763632297087,1.3657894736842107,0.4814187876189893,4.781620025634766,255.0,0.8347928947270701,45.0,305.4089798886562,0.26916030318788414,0.5263157894736842,0.7158668688808129,83.205,0.0
