cell_mask_area,cell_mask_area_ratio,cell_mask_intensity,domain_area_mean,domain_area_std,domain_oop_mean,domain_oop_std,domain_slen_mean,myof_bending_mean,myof_bending_std,myof_length_max,myof_length_mean,myof_length_std,myof_straightness_mean,myof_straightness_std,n_domains,n_mbands,n_vectors,n_zbands,sarcomere_area,sarcomere_area_ratio,sarcomere_length_mean,sarcomere_length_std,sarcomere_oop,z_intensity_mean,z_intensity_std,z_lat_alignment_mean,z_lat_alignment_std,z_lat_dist_mean,z_lat_dist_std,z_lat_length_groups_mean,z_lat_neighbors_mean,z_lat_neighbors_std,z_length_max,z_length_mean,z_length_std,z_mask_area,z_mask_area_ratio,z_mask_intensity,z_oop,z_straightness_mean,z_straightness_std
2119.5,0.4375371581450654,650.2706157112526,175.51125,70.97379275346992,0.8251885175704956,0.040647923946380615,1.572600447879281,0.026427110317973745,0.025350312714254173,52.173187255859375,13.792147636413574,8.70272445678711,0.946579815236438,0.038479719333561604,4.0,227.0,1703.0,242.0,785.2493286132812,0.3704880059510645,1.5536110264878336,0.22855546998767443,0.7939562201499939,901.7166161138713,139.10449597482997,0.7757523457332609,0.655554777357089,1.6411661051943742,0.6774156751798045,7.977823472169763,1.3636363636363635,0.655554777357089,7.6499999999999995,1.4194214876033058,1.329253999147276,169.5375,0.07998938428874734,893.0910418049104,0.7202340344247007,0.805557364259286,0.13255112252808415
