cell_mask_area,cell_mask_area_ratio,cell_mask_intensity,domain_area_mean,domain_area_std,domain_oop_mean,domain_oop_std,domain_slen_mean,myof_bending_mean,myof_bending_std,myof_length_max,myof_length_mean,myof_length_std,myof_straightness_mean,myof_straightness_std,n_domains,n_mbands,n_vectors,n_zbands,sarcomere_area,sarcomere_area_ratio,sarcomere_length_mean,sarcomere_length_std,sarcomere_oop,z_intensity_mean,z_intensity_std,z_lat_alignment_mean,z_lat_alignment_std,z_lat_dist_mean,z_lat_dist_std,z_lat_length_groups_mean,z_lat_neighbors_mean,z_lat_neighbors_std,z_length_max,z_length_mean,z_length_std,z_mask_area,z_mask_area_ratio,z_mask_intensity,z_oop,z_straightness_mean,z_straightness_std
1013.175,0.30697598320255776,686.8207861425716,28.912499999999998,0.0,0.7630734443664551,0.0,1.5402569498821372,0.04055070523516032,0.027653264791216013,9.552271842956543,8.812613487243652,0.7014764547348022,0.9626962516605292,0.014413526102025717,1.0,25.0,86.0,20.0,58.776676177978516,0.05801236329161154,1.5673327641057682,0.17157690006001874,0.7024953961372375,1088.547319478227,247.00582675401827,0.643087594434025,0.5,2.151726537057052,0.7228920456917969,2.067242179019017,0.5,0.5,3.15,1.0125,0.7144709581221619,13.635,0.01345769487008661,1064.1584158415842,0.5122444491279593,0.8409282629370946,0.11075873268701977
