cell_mask_area,cell_mask_area_ratio,cell_mask_intensity,domain_area_mean,domain_area_std,domain_oop_mean,domain_oop_std,domain_slen_mean,myof_bending_mean,myof_bending_std,myof_length_max,myof_length_mean,myof_length_std,myof_straightness_mean,myof_straightness_std,n_domains,n_mbands,n_vectors,n_zbands,sarcomere_area,sarcomere_area_ratio,sarcomere_length_mean,sarcomere_length_std,sarcomere_oop,z_intensity_mean,z_intensity_std,z_lat_alignment_mean,z_lat_alignment_std,z_lat_dist_mean,z_lat_dist_std,z_lat_length_groups_mean,z_lat_neighbors_mean,z_lat_neighbors_std,z_length_max,z_length_mean,z_length_std,z_mask_area,z_mask_area_ratio,z_mask_intensity,z_oop,z_straightness_mean,z_straightness_std
293.91749999999996,0.1791906721536351,684.595115976422,37.035,0.0,0.9642835259437561,0.0,1.3060476963691066,0.02095981442828761,0.0067323282140734995,15.956512451171875,12.988593101501465,3.2518277168273926,0.9611585758830378,0.015307692171535674,1.0,16.0,103.0,14.0,45.320274353027344,0.15419386172319563,1.3060476963691066,0.16916351049139075,0.9642836451530457,1291.382994521667,133.49032425063268,0.3905407886700797,0.3499271061118826,2.1000000000000014,0.0,1.7076923076923076,0.14285714285714285,0.3499271061118826,2.55,1.4357142857142855,0.630597384409807,10.0575,0.03421878588379392,1283.910514541387,0.98282476250436,0.7659977879591955,0.0756169963699055
