cell_mask_area,cell_mask_area_ratio,cell_mask_intensity,domain_area_mean,domain_area_std,domain_oop_mean,domain_oop_std,domain_slen_mean,myof_bending_mean,myof_bending_std,myof_length_max,myof_length_mean,myof_length_std,myof_straightness_mean,myof_straightness_std,n_domains,n_mbands,n_vectors,n_zbands,sarcomere_area,sarcomere_area_ratio,sarcomere_length_mean,sarcomere_length_std,sarcomere_oop,z_intensity_mean,z_intensity_std,z_lat_alignment_mean,z_lat_alignment_std,z_lat_dist_mean,z_lat_dist_std,z_lat_length_groups_mean,z_lat_neighbors_mean,z_lat_neighbors_std,z_length_max,z_length_mean,z_length_std,z_mask_area,z_mask_area_ratio,z_mask_intensity,z_oop,z_straightness_mean,z_straightness_std
883.5525,0.282248848191247,659.853319412259,46.935,25.47,0.8871880769729614,0.03228524327278137,1.3890094046416745,0.026875731572254265,0.019956726225836045,16.04786491394043,10.803677558898926,3.07441782951355,0.9583890468940124,0.027133960785831083,2.0,52.0,222.0,44.0,121.3616943359375,0.13735651739533022,1.3952051073227076,0.19089014601709836,0.4581514894962311,1087.5400560650835,151.65302521037808,0.7904973418275294,0.6938335237488067,1.958630581630777,0.6938283819850942,3.16255924203939,0.8636363636363636,0.6938335237488067,2.85,0.9511363636363636,0.712907669366323,27.81,0.03147520945274899,1109.1156957928802,0.45972272208623277,0.8286284226763379,0.0946450160935173
