cell_mask_area,cell_mask_area_ratio,cell_mask_intensity,domain_area_mean,domain_area_std,domain_oop_mean,domain_oop_std,domain_slen_mean,myof_bending_mean,myof_bending_std,myof_length_max,myof_length_mean,myof_length_std,myof_straightness_mean,myof_straightness_std,n_domains,n_mbands,n_vectors,n_zbands,sarcomere_area,sarcomere_area_ratio,sarcomere_length_mean,sarcomere_length_std,sarcomere_oop,z_intensity_mean,z_intensity_std,z_lat_alignment_mean,z_lat_alignment_std,z_lat_dist_mean,z_lat_dist_std,z_lat_length_groups_mean,z_lat_neighbors_mean,z_lat_neighbors_std,z_length_max,z_length_mean,z_length_std,z_mask_area,z_mask_area_ratio,z_mask_intensity,z_oop,z_straightness_mean,z_straightness_std
338.66999999999996,0.21761193598288248,609.7214323677916,46.665,0.0,0.8463137745857239,0.0,1.5535343611945802,0.017670577692746655,0.015009323095088966,13.320962905883789,9.317028999328613,1.6770638227462769,0.9662235139388885,0.024226840916562013,1.0,19.0,101.0,21.0,55.653953552246094,0.1643309225861343,1.5535343611945802,0.2574354231015248,0.8463137745857239,995.1090915889757,161.21949879929326,0.7240439346237835,0.46656947481584343,1.7112524023195355,0.7527384775309558,2.8959393017396518,0.8571428571428571,0.46656947481584343,2.25,0.9214285714285715,0.5034574339058885,11.745,0.03467977677385065,1011.6685823754789,0.5914374204552687,0.821147843598135,0.10889092762558698
