cell_mask_area,cell_mask_area_ratio,cell_mask_intensity,domain_area_mean,domain_area_std,domain_oop_mean,domain_oop_std,domain_slen_mean,myof_bending_mean,myof_bending_std,myof_length_max,myof_length_mean,myof_length_std,myof_straightness_mean,myof_straightness_std,n_domains,n_mbands,n_vectors,n_zbands,sarcomere_area,sarcomere_area_ratio,sarcomere_length_mean,sarcomere_length_std,sarcomere_oop,z_intensity_mean,z_intensity_std,z_lat_alignment_mean,z_lat_alignment_std,z_lat_dist_mean,z_lat_dist_std,z_lat_length_groups_mean,z_lat_neighbors_mean,z_lat_neighbors_std,z_length_max,z_length_mean,z_length_std,z_mask_area,z_mask_area_ratio,z_mask_intensity,z_oop,z_straightness_mean,z_straightness_std
1003.6574999999999,0.27602658350040843,629.0195260833501,34.627500000000005,7.504641064034974,0.8340645432472229,0.11545862257480621,1.38580563603767,0.041656347164121026,0.04049106725023603,14.923075675964355,8.24140453338623,2.504521369934082,0.9542012380497873,0.019402718466767423,3.0,62.0,245.0,58.0,134.80177307128906,0.134310532299404,1.3975253612706893,0.2958052853717007,0.29172611236572266,1028.908899517191,229.86422139870155,0.7379797862084736,0.6120082534240983,1.357203672011512,0.46600950563817595,2.711112875622929,0.9310344827586207,0.6120082534240983,2.6999999999999997,0.8172413793103447,0.5322813396077767,24.974999999999998,0.024883986818212387,1070.818018018018,0.1338915665315688,0.8473312244056411,0.09102581987071583
