cell_mask_area,cell_mask_area_ratio,cell_mask_intensity,domain_area_mean,domain_area_std,domain_oop_mean,domain_oop_std,domain_slen_mean,myof_bending_mean,myof_bending_std,myof_length_max,myof_length_mean,myof_length_std,myof_straightness_mean,myof_straightness_std,n_domains,n_mbands,n_vectors,n_zbands,sarcomere_area,sarcomere_area_ratio,sarcomere_length_mean,sarcomere_length_std,sarcomere_oop,z_intensity_mean,z_intensity_std,z_lat_alignment_mean,z_lat_alignment_std,z_lat_dist_mean,z_lat_dist_std,z_lat_length_groups_mean,z_lat_neighbors_mean,z_lat_neighbors_std,z_length_max,z_length_mean,z_length_std,z_mask_area,z_mask_area_ratio,z_mask_intensity,z_oop,z_straightness_mean,z_straightness_std
1086.0075,0.13186804180042347,606.8694138852633,118.96875,30.161250000000003,0.9273390173912048,0.0028396248817443848,1.419227169725614,0.015868405212983504,0.012878331423897714,31.061891555786133,15.492659568786621,7.976399898529053,0.9625042585332314,0.016624880011338727,2.0,107.0,602.0,91.0,284.1062927246094,0.26160619767783316,1.4048271102210357,0.20175990878945022,0.8949077725410461,1017.5236525178171,261.53715515008093,0.8176762954930503,0.6766946953116769,2.0071427186464508,0.7003592699354634,3.609523700899177,0.8791208791208791,0.6766946953116769,3.0,1.1406593406593404,0.7622231829684205,56.3625,0.051898812853502396,1012.6091816367266,0.8014110167106142,0.8176097006058197,0.09257936984332889
