cell_mask_area,cell_mask_area_ratio,cell_mask_intensity,domain_area_mean,domain_area_std,domain_oop_mean,domain_oop_std,domain_slen_mean,myof_bending_mean,myof_bending_std,myof_length_max,myof_length_mean,myof_length_std,myof_straightness_mean,myof_straightness_std,n_domains,n_mbands,n_vectors,n_zbands,sarcomere_area,sarcomere_area_ratio,sarcomere_length_mean,sarcomere_length_std,sarcomere_oop,z_intensity_mean,z_intensity_std,z_lat_alignment_mean,z_lat_alignment_std,z_lat_dist_mean,z_lat_dist_std,z_lat_length_groups_mean,z_lat_neighbors_mean,z_lat_neighbors_std,z_length_max,z_length_mean,z_length_std,z_mask_area,z_mask_area_ratio,z_mask_intensity,z_oop,z_straightness_mean,z_straightness_std
1431.855,0.22150673869458679,605.625553914328,136.98,100.09038109378942,0.7398390769958496,0.15813298523426056,1.3855265557811356,0.030663050043316355,0.023693599950929175,26.446857452392578,11.493029594421387,4.365158557891846,0.9367218549564235,0.044807558808205326,3.0,184.0,1127.0,161.0,510.5779724121094,0.35658497013462215,1.396017813311074,0.20742888859976347,0.3409161865711212,924.4198079286691,159.0339283374888,0.7767879109020719,0.7255658060962628,1.8446578050265805,0.622485005726659,5.439707076794257,1.1180124223602483,0.7255658060962628,4.8,1.3677018633540372,0.9833143652607771,102.8025,0.07179672522706558,902.3033486539724,0.2930485603565132,0.7886723308056425,0.11585771317914519
