sarcomere_area,cell_mask_area_ratio,domain_area_std,domain_oop_mean,sarcomere_length_mean,z_mask_intensity,myof_straightness_std,z_mask_area,z_straightness_std,myof_length_mean,myof_bending_std,sarcomere_oop,n_domains,myof_straightness_mean,z_intensity_mean,myof_bending_mean,z_lat_dist_mean,z_lat_length_groups_mean,z_length_max,sarcomere_area_ratio,z_length_std,myof_length_max,domain_slen_mean,z_mask_area_ratio,z_lat_alignment_std,n_zbands,cell_mask_area,cell_mask_intensity,z_oop,z_lat_alignment_mean,z_length_mean,z_lat_dist_std,myof_length_std,n_vectors,z_straightness_mean,n_mbands,z_intensity_std,sarcomere_length_std,z_lat_neighbors_mean,z_lat_neighbors_std,domain_area_mean,domain_oop_std
107.85317993164062,0.2616541472036359,15.22125,0.7798429727554321,1.6412581564977353,1003.1407284768212,0.03092309775827675,27.18,0.08579117250449954,11.70470905303955,0.03357557828521198,0.7212889790534973,2.0,0.9438840397478747,978.6404962806504,0.027175836588815776,1.8797763508631538,2.238410835600778,3.75,0.1445515715336833,0.758946638440411,16.10685157775879,1.6189641594728132,0.03642833448930973,0.653834841531101,40.0,746.1225,634.8388769940593,0.4580410274865956,0.7998179254775657,0.8999999999999998,0.7282080915382365,3.093146324157715,141.0,0.8533794305619171,45.0,151.54127381949786,0.2624154193867401,0.65,0.653834841531101,40.57875,0.03655394911766052
