cell_mask_area,cell_mask_area_ratio,cell_mask_intensity,domain_area_mean,domain_area_std,domain_oop_mean,domain_oop_std,domain_slen_mean,myof_bending_mean,myof_bending_std,myof_length_max,myof_length_mean,myof_length_std,myof_straightness_mean,myof_straightness_std,n_domains,n_mbands,n_vectors,n_zbands,sarcomere_area,sarcomere_area_ratio,sarcomere_length_mean,sarcomere_length_std,sarcomere_oop,z_intensity_mean,z_intensity_std,z_lat_alignment_mean,z_lat_alignment_std,z_lat_dist_mean,z_lat_dist_std,z_lat_length_groups_mean,z_lat_neighbors_mean,z_lat_neighbors_std,z_length_max,z_length_mean,z_length_std,z_mask_area,z_mask_area_ratio,z_mask_intensity,z_oop,z_straightness_mean,z_straightness_std
1013.04,0.30693508034003913,686.8441719971571,28.619999999999997,0.0,0.7629491686820984,0.0,1.5492155235673177,0.02966611421779103,0.022167667008706652,10.022274017333984,9.075297355651855,0.919837474822998,0.9602390957350567,0.011395409519658863,1.0,25.0,85.0,20.0,58.86963653564453,0.058111857908517466,1.5762026252365986,0.17482368028239864,0.7065771818161011,1087.9458909067985,247.28527114681,0.6496170996673121,0.5,2.151726537057052,0.7228920456917969,2.067242179019017,0.5,0.5,3.15,1.0125,0.7144709581221619,13.68,0.013503909026297086,1063.4440789473683,0.513678312181315,0.8440532629370946,0.11254328988472774
