cell_mask_area,cell_mask_area_ratio,cell_mask_intensity,domain_area_mean,domain_area_std,domain_oop_mean,domain_oop_std,domain_slen_mean,myof_bending_mean,myof_bending_std,myof_length_max,myof_length_mean,myof_length_std,myof_straightness_mean,myof_straightness_std,n_domains,n_mbands,n_vectors,n_zbands,sarcomere_area,sarcomere_area_ratio,sarcomere_length_mean,sarcomere_length_std,sarcomere_oop,z_intensity_mean,z_intensity_std,z_lat_alignment_mean,z_lat_alignment_std,z_lat_dist_mean,z_lat_dist_std,z_lat_length_groups_mean,z_lat_neighbors_mean,z_lat_neighbors_std,z_length_max,z_length_mean,z_length_std,z_mask_area,z_mask_area_ratio,z_mask_intensity,z_oop,z_straightness_mean,z_straightness_std
993.9599999999999,0.33710814688196333,671.297061752988,26.67375,3.3862500000000004,0.7696270942687988,0.10610106587409973,1.4907175116164897,0.027772225727836837,0.023063046373357175,7.760253429412842,6.655281066894531,0.7907957434654236,0.9637485198168023,0.01987346875653274,2.0,46.0,119.0,40.0,89.50126647949219,0.09004513911977564,1.4694979849367222,0.16902076898831336,0.3561830520629883,923.651209882896,112.084595259015,0.7637588793242971,0.6244997998398398,1.9375202364688142,0.6522195437686834,1.9125086727723488,0.6,0.6244997998398398,3.0,0.7575,0.5345032740779051,23.085,0.02322528069540022,927.714424951267,0.2528702519614891,0.8534733745565013,0.07950348188335604
