cell_mask_area,cell_mask_area_ratio,cell_mask_intensity,domain_area_mean,domain_area_std,domain_oop_mean,domain_oop_std,domain_slen_mean,myof_bending_mean,myof_bending_std,myof_length_max,myof_length_mean,myof_length_std,myof_straightness_mean,myof_straightness_std,n_domains,n_mbands,n_vectors,n_zbands,sarcomere_area,sarcomere_area_ratio,sarcomere_length_mean,sarcomere_length_std,sarcomere_oop,z_intensity_mean,z_intensity_std,z_lat_alignment_mean,z_lat_alignment_std,z_lat_dist_mean,z_lat_dist_std,z_lat_length_groups_mean,z_lat_neighbors_mean,z_lat_neighbors_std,z_length_max,z_length_mean,z_length_std,z_mask_area,z_mask_area_ratio,z_mask_intensity,z_oop,z_straightness_mean,z_straightness_std
1410.165,0.250696,564.9025433193988,,,,,,0.009747076232207252,0.008364587048017206,7.573777198791504,7.125922679901123,0.44210800528526306,0.9711760184473486,0.01652574942352092,0.0,21.0,48.0,21.0,51.408321380615234,0.036455536324199816,1.7068931024402605,0.21387957256243775,0.7529592514038086,797.7691488145039,114.74654436377514,0.7773647133115568,0.2935435239509036,2.328626204439004,0.0,0.7989313102219502,0.09523809523809523,0.2935435239509036,1.95,0.6499999999999999,0.4017817460121495,14.3775,0.010195615406707726,788.0438184663536,0.34699142471452843,0.8465279937230098,0.07980438597801542
