sarcomere_area,cell_mask_area_ratio,domain_area_std,domain_oop_mean,sarcomere_length_mean,z_mask_intensity,myof_straightness_std,z_mask_area,z_straightness_std,myof_length_mean,myof_bending_std,sarcomere_oop,n_domains,myof_straightness_mean,z_intensity_mean,myof_bending_mean,z_lat_dist_mean,z_lat_length_groups_mean,z_length_max,sarcomere_area_ratio,z_length_std,myof_length_max,domain_slen_mean,z_mask_area_ratio,z_lat_alignment_std,n_zbands,cell_mask_area,cell_mask_intensity,z_oop,z_lat_alignment_mean,z_length_mean,z_lat_dist_std,myof_length_std,n_vectors,z_straightness_mean,n_mbands,z_intensity_std,sarcomere_length_std,z_lat_neighbors_mean,z_lat_neighbors_std,domain_area_mean,domain_oop_std
206.11007690429688,0.2116580454975249,4.975461151679812,0.8748006224632263,1.6060594350504644,743.5709736123749,0.019957781476108237,49.455,0.08674617565561536,8.953835487365723,0.011587637191558621,0.8058269023895264,4.0,0.940688918679856,747.7827636292232,0.03374565445959487,2.176344556935123,1.5327216804809842,1.95,0.12036116915978866,0.4220616068774794,11.642487525939941,1.6115425880824052,0.028880012613654284,0.6386096007908292,75.0,1712.4299999999998,557.3217532979451,0.6109553533524114,0.7276643145853346,0.6919999999999998,0.5533275958438985,1.7676706314086914,240.0,0.8713294913978364,90.0,96.07393268020708,0.2667621575633068,0.4533333333333333,0.6386096007908292,33.71062499999999,0.07818376272916794
