cell_mask_area,cell_mask_area_ratio,cell_mask_intensity,domain_area_mean,domain_area_std,domain_oop_mean,domain_oop_std,domain_slen_mean,myof_bending_mean,myof_bending_std,myof_length_max,myof_length_mean,myof_length_std,myof_straightness_mean,myof_straightness_std,n_domains,n_mbands,n_vectors,n_zbands,sarcomere_area,sarcomere_area_ratio,sarcomere_length_mean,sarcomere_length_std,sarcomere_oop,z_intensity_mean,z_intensity_std,z_lat_alignment_mean,z_lat_alignment_std,z_lat_dist_mean,z_lat_dist_std,z_lat_length_groups_mean,z_lat_neighbors_mean,z_lat_neighbors_std,z_length_max,z_length_mean,z_length_std,z_mask_area,z_mask_area_ratio,z_mask_intensity,z_oop,z_straightness_mean,z_straightness_std
1139.6924999999999,0.23126689312586746,618.5647049533097,106.21124999999999,45.731249999999996,0.8496354818344116,0.11219927668571472,1.3765380769212088,0.029918545012120105,0.02321045937102421,31.64596176147461,12.891180038452148,6.168177604675293,0.9488430280199679,0.02564813731528032,2.0,131.0,578.0,118.0,295.24993896484375,0.2590610528408705,1.3882913808813044,0.27277981605154,0.7536081075668335,1063.0137900958505,275.3816444614102,0.7957001127543814,0.6296330718985326,1.9706793431885892,0.6007136494153784,3.3307077721383873,0.8983050847457628,0.6296330718985326,3.15,0.9495762711864407,0.6178659199455525,61.2225,0.05371843721003692,1074.7295112091142,0.5295516201107334,0.833603981945675,0.09793641293199672
