cell_mask_area,cell_mask_area_ratio,cell_mask_intensity,domain_area_mean,domain_area_std,domain_oop_mean,domain_oop_std,domain_slen_mean,myof_bending_mean,myof_bending_std,myof_length_max,myof_length_mean,myof_length_std,myof_straightness_mean,myof_straightness_std,n_domains,n_mbands,n_vectors,n_zbands,sarcomere_area,sarcomere_area_ratio,sarcomere_length_mean,sarcomere_length_std,sarcomere_oop,z_intensity_mean,z_intensity_std,z_lat_alignment_mean,z_lat_alignment_std,z_lat_dist_mean,z_lat_dist_std,z_lat_length_groups_mean,z_lat_neighbors_mean,z_lat_neighbors_std,z_length_max,z_length_mean,z_length_std,z_mask_area,z_mask_area_ratio,z_mask_intensity,z_oop,z_straightness_mean,z_straightness_std
1285.7625,0.23995985622144586,698.98136319888,122.505,28.674607887467264,0.7611272931098938,0.11992856115102768,1.4419318938291923,0.0350284549787146,0.032945240051114176,42.99481964111328,15.456385612487793,8.256802558898926,0.9429977863891055,0.031601202492942,3.0,151.0,890.0,150.0,428.02587890625,0.3328965333070843,1.447380892451419,0.21256547701297107,0.2888369560241699,1281.6866755866301,286.021258729642,0.8117200836793957,0.7098043548909955,1.7531259867879656,0.6939375148013833,4.3591120134683,1.0533333333333332,0.7098043548909955,6.3,1.14,0.942019108086455,87.6375,0.06815994400209992,1297.2646983311938,0.23316343756619276,0.8303408400923639,0.11395516849453735
