cell_mask_area,cell_mask_area_ratio,cell_mask_intensity,domain_area_mean,domain_area_std,domain_oop_mean,domain_oop_std,domain_slen_mean,myof_bending_mean,myof_bending_std,myof_length_max,myof_length_mean,myof_length_std,myof_straightness_mean,myof_straightness_std,n_domains,n_mbands,n_vectors,n_zbands,sarcomere_area,sarcomere_area_ratio,sarcomere_length_mean,sarcomere_length_std,sarcomere_oop,z_intensity_mean,z_intensity_std,z_lat_alignment_mean,z_lat_alignment_std,z_lat_dist_mean,z_lat_dist_std,z_lat_length_groups_mean,z_lat_neighbors_mean,z_lat_neighbors_std,z_length_max,z_length_mean,z_length_std,z_mask_area,z_mask_area_ratio,z_mask_intensity,z_oop,z_straightness_mean,z_straightness_std
883.5975,0.2822632233394907,659.8460186906368,46.58624999999999,25.27875,0.8918640613555908,0.040369123220443726,1.39566209972583,0.026172352469268245,0.012266752607242574,16.244077682495117,10.926748275756836,2.8653976917266846,0.9533101311536132,0.02164229914018881,2.0,52.0,221.0,44.0,121.3343734741211,0.13731860204914692,1.4023322772424516,0.1919363685225838,0.4644050896167755,1087.5853602978875,151.64623042917012,0.7904898958541218,0.6938335237488067,1.958630581630777,0.6938283819850942,3.16255924203939,0.8636363636363636,0.6938335237488067,2.85,0.9511363636363636,0.712907669366323,27.787499999999998,0.03144814239515164,1109.1959514170042,0.45972582465052514,0.8290416458168337,0.09455877332397984
