cell_mask_area,cell_mask_area_ratio,cell_mask_intensity,domain_area_mean,domain_area_std,domain_oop_mean,domain_oop_std,domain_slen_mean,myof_bending_mean,myof_bending_std,myof_length_max,myof_length_mean,myof_length_std,myof_straightness_mean,myof_straightness_std,n_domains,n_mbands,n_vectors,n_zbands,sarcomere_area,sarcomere_area_ratio,sarcomere_length_mean,sarcomere_length_std,sarcomere_oop,z_intensity_mean,z_intensity_std,z_lat_alignment_mean,z_lat_alignment_std,z_lat_dist_mean,z_lat_dist_std,z_lat_length_groups_mean,z_lat_neighbors_mean,z_lat_neighbors_std,z_length_max,z_length_mean,z_length_std,z_mask_area,z_mask_area_ratio,z_mask_intensity,z_oop,z_straightness_mean,z_straightness_std
673.65,0.1763832594966538,786.3109886439546,36.9,0.0,0.7191439270973206,0.0,1.369540061458568,0.016256890313163425,0.0062516604081221845,11.57541275024414,10.365951538085938,0.49781152606010437,0.959718988193963,0.018106526354477258,1.0,22.0,104.0,22.0,45.30403518676758,0.06725159235028216,1.3674007240381374,0.19455660162662733,0.6907680034637451,1733.0018006289604,361.0963793018302,0.8366700619005705,0.49792959773196915,1.6761344613070155,0.8712481091050014,1.8429807239138278,0.45454545454545453,0.49792959773196915,3.3,1.0431818181818182,0.8562995778009871,11.924999999999999,0.017702070808283232,1735.1698113207547,0.49770093228551293,0.816930160164636,0.12240279843320966
