cell_mask_area,cell_mask_area_ratio,cell_mask_intensity,domain_area_mean,domain_area_std,domain_oop_mean,domain_oop_std,domain_slen_mean,myof_bending_mean,myof_bending_std,myof_length_max,myof_length_mean,myof_length_std,myof_straightness_mean,myof_straightness_std,n_domains,n_mbands,n_vectors,n_zbands,sarcomere_area,sarcomere_area_ratio,sarcomere_length_mean,sarcomere_length_std,sarcomere_oop,z_intensity_mean,z_intensity_std,z_lat_alignment_mean,z_lat_alignment_std,z_lat_dist_mean,z_lat_dist_std,z_lat_length_groups_mean,z_lat_neighbors_mean,z_lat_neighbors_std,z_length_max,z_length_mean,z_length_std,z_mask_area,z_mask_area_ratio,z_mask_intensity,z_oop,z_straightness_mean,z_straightness_std
1058.7375,0.2262955909510619,605.6303474657316,51.00749999999999,20.4975,0.7043752670288086,0.19623810052871704,1.4272816092349414,0.050210308675559964,0.03236667267492423,14.058609008789062,9.772099494934082,2.3244192600250244,0.9204890589684466,0.044192322626211034,2.0,67.0,258.0,53.0,148.4971923828125,0.1402587443845264,1.425378962007737,0.2899154631643909,0.4535094201564789,922.4718628663428,123.27614873086395,0.8063859136694354,0.7114984013194265,1.8788562129638704,0.6994993431069563,3.418621618717741,0.9433962264150944,0.7114984013194265,3.3,0.9198113207547167,0.7202816287935581,31.634999999999998,0.02987992774412921,905.0725462304409,0.47310954485705364,0.8346235167680818,0.11741947800806415
