cell_mask_area,cell_mask_area_ratio,cell_mask_intensity,domain_area_mean,domain_area_std,domain_oop_mean,domain_oop_std,domain_slen_mean,myof_bending_mean,myof_bending_std,myof_length_max,myof_length_mean,myof_length_std,myof_straightness_mean,myof_straightness_std,n_domains,n_mbands,n_vectors,n_zbands,sarcomere_area,sarcomere_area_ratio,sarcomere_length_mean,sarcomere_length_std,sarcomere_oop,z_intensity_mean,z_intensity_std,z_lat_alignment_mean,z_lat_alignment_std,z_lat_dist_mean,z_lat_dist_std,z_lat_length_groups_mean,z_lat_neighbors_mean,z_lat_neighbors_std,z_length_max,z_length_mean,z_length_std,z_mask_area,z_mask_area_ratio,z_mask_intensity,z_oop,z_straightness_mean,z_straightness_std
1350.585,0.2583719288579742,625.7367140905608,22.994999999999997,0.0,0.7164948582649231,0.0,1.419964005816854,0.05897359430373501,0.027691145599887952,7.295886993408203,6.985300540924072,0.2994591295719147,0.9413526331251084,0.010453696396694254,1.0,27.0,68.0,23.0,46.37998962402344,0.03434066691398426,1.446707458254206,0.26148857629008393,0.3345416784286499,1028.2808457997783,246.5972775171076,0.8505686022996454,0.49572844569527735,1.8910015849380166,0.6516233618908349,1.233611551371671,0.43478260869565216,0.49572844569527735,1.2,0.5543478260869565,0.25191140759775604,9.36,0.006930330190250891,1044.6466346153845,0.053948891762276574,0.8562461409008726,0.10159580763804421
