sarcomere_area,cell_mask_area_ratio,domain_area_std,domain_oop_mean,sarcomere_length_mean,z_mask_intensity,myof_straightness_std,z_mask_area,z_straightness_std,myof_length_mean,myof_bending_std,sarcomere_oop,n_domains,myof_straightness_mean,z_intensity_mean,myof_bending_mean,z_lat_dist_mean,z_lat_length_groups_mean,z_length_max,sarcomere_area_ratio,z_length_std,myof_length_max,domain_slen_mean,z_mask_area_ratio,z_lat_alignment_std,n_zbands,cell_mask_area,cell_mask_intensity,z_oop,z_lat_alignment_mean,z_length_mean,z_lat_dist_std,myof_length_std,n_vectors,z_straightness_mean,n_mbands,z_intensity_std,sarcomere_length_std,z_lat_neighbors_mean,z_lat_neighbors_std,domain_area_mean,domain_oop_std
89.50126647949219,0.33710814688196333,3.3862500000000004,0.7696270942687988,1.4694979849367222,927.714424951267,0.01987346875653274,23.085,0.07950348188335604,6.655281066894531,0.023063046373357175,0.3561830520629883,2.0,0.9637485198168023,923.651209882896,0.027772225727836837,1.9375202364688142,1.9125086727723488,3.0,0.09004513911977564,0.5345032740779051,7.760253429412842,1.4907175116164897,0.02322528069540022,0.6244997998398398,40.0,993.9599999999999,671.297061752988,0.2528702519614891,0.7637588793242971,0.7575,0.6522195437686834,0.7907957434654236,119.0,0.8534733745565013,46.0,112.084595259015,0.16902076898831336,0.6,0.6244997998398398,26.67375,0.10610106587409973
