sarcomere_area,cell_mask_area_ratio,domain_area_std,domain_oop_mean,sarcomere_length_mean,z_mask_intensity,myof_straightness_std,z_mask_area,z_straightness_std,myof_length_mean,myof_bending_std,sarcomere_oop,n_domains,myof_straightness_mean,z_intensity_mean,myof_bending_mean,z_lat_dist_mean,z_lat_length_groups_mean,z_length_max,sarcomere_area_ratio,z_length_std,myof_length_max,domain_slen_mean,z_mask_area_ratio,z_lat_alignment_std,n_zbands,cell_mask_area,cell_mask_intensity,z_oop,z_lat_alignment_mean,z_length_mean,z_lat_dist_std,myof_length_std,n_vectors,z_straightness_mean,n_mbands,z_intensity_std,sarcomere_length_std,z_lat_neighbors_mean,z_lat_neighbors_std,domain_area_mean,domain_oop_std
36.312198638916016,0.20555063191249134,,,1.3290999641424763,1284.7175572519084,0.013252716023843977,8.8425,0.08964073144575005,6.584916114807129,0.008006542136463308,0.8552461266517639,0.0,0.9493322351278785,1279.3935529495698,0.014916496503286776,1.1586706561066433,0.9646676640266608,1.5,0.0953207427241707,0.3826225293941798,8.23037338256836,,0.02321185990195499,0.6110100926607788,15.0,380.9475,694.4204713247889,0.804835127253757,0.827038166689411,0.5399999999999999,0.22909018022910035,0.9181576371192932,52.0,0.8718850503164229,21.0,136.88307908192522,0.30775283159011735,0.4,0.6110100926607788,,
