cell_mask_area,cell_mask_area_ratio,cell_mask_intensity,domain_area_mean,domain_area_std,domain_oop_mean,domain_oop_std,domain_slen_mean,myof_bending_mean,myof_bending_std,myof_length_max,myof_length_mean,myof_length_std,myof_straightness_mean,myof_straightness_std,n_domains,n_mbands,n_vectors,n_zbands,sarcomere_area,sarcomere_area_ratio,sarcomere_length_mean,sarcomere_length_std,sarcomere_oop,z_intensity_mean,z_intensity_std,z_lat_alignment_mean,z_lat_alignment_std,z_lat_dist_mean,z_lat_dist_std,z_lat_length_groups_mean,z_lat_neighbors_mean,z_lat_neighbors_std,z_length_max,z_length_mean,z_length_std,z_mask_area,z_mask_area_ratio,z_mask_intensity,z_oop,z_straightness_mean,z_straightness_std
880.0649999999999,0.20637583892617448,666.2426752569412,137.85750000000002,79.2,0.8991022109985352,0.010187149047851562,1.5679479324172412,0.018455977051886594,0.013801967993700566,28.1934757232666,13.647902488708496,4.62553071975708,0.9689749628850959,0.01669688955227157,2.0,75.0,743.0,73.0,317.3184814453125,0.360562550999429,1.5434632084630526,0.2902035712398872,0.9059335589408875,1116.1047278875876,150.24088401146588,0.7935029520763995,0.4514317000899748,1.346891887194449,0.3879271933851371,5.439482620382545,1.0410958904109588,0.4514317000899748,6.6,1.906849315068493,1.608566857006085,65.16,0.0740399856828757,1119.5321132596684,0.8097480020377936,0.7656285706944395,0.14130245190229843
