cell_mask_area,cell_mask_area_ratio,cell_mask_intensity,domain_area_mean,domain_area_std,domain_oop_mean,domain_oop_std,domain_slen_mean,myof_bending_mean,myof_bending_std,myof_length_max,myof_length_mean,myof_length_std,myof_straightness_mean,myof_straightness_std,n_domains,n_mbands,n_vectors,n_zbands,sarcomere_area,sarcomere_area_ratio,sarcomere_length_mean,sarcomere_length_std,sarcomere_oop,z_intensity_mean,z_intensity_std,z_lat_alignment_mean,z_lat_alignment_std,z_lat_dist_mean,z_lat_dist_std,z_lat_length_groups_mean,z_lat_neighbors_mean,z_lat_neighbors_std,z_length_max,z_length_mean,z_length_std,z_mask_area,z_mask_area_ratio,z_mask_intensity,z_oop,z_straightness_mean,z_straightness_std
1152.1575,0.29566949592932623,639.3202296561017,169.6275,0.0,0.7874770164489746,0.0,1.4659799407396656,0.01958454167090513,0.016250339406399625,27.10274887084961,11.487908363342285,5.431630611419678,0.9609176540509465,0.024809505331973524,1.0,70.0,502.0,76.0,200.73304748535156,0.1742236174180627,1.4618250563986845,0.2577900411953241,0.757058322429657,1041.379598079077,209.2315030470914,0.7789787646976065,0.7235645834140799,1.7058020695298592,0.8186814396257224,3.8189718625768734,0.9473684210526315,0.7235645834140799,5.3999999999999995,1.201973684210526,1.0305032236942888,40.455,0.035112386978342805,1067.500556173526,0.6418134477371301,0.832560598608822,0.11830208677435976
