cell_mask_area,cell_mask_area_ratio,cell_mask_intensity,domain_area_mean,domain_area_std,domain_oop_mean,domain_oop_std,domain_slen_mean,myof_bending_mean,myof_bending_std,myof_length_max,myof_length_mean,myof_length_std,myof_straightness_mean,myof_straightness_std,n_domains,n_mbands,n_vectors,n_zbands,sarcomere_area,sarcomere_area_ratio,sarcomere_length_mean,sarcomere_length_std,sarcomere_oop,z_intensity_mean,z_intensity_std,z_lat_alignment_mean,z_lat_alignment_std,z_lat_dist_mean,z_lat_dist_std,z_lat_length_groups_mean,z_lat_neighbors_mean,z_lat_neighbors_std,z_length_max,z_length_mean,z_length_std,z_mask_area,z_mask_area_ratio,z_mask_intensity,z_oop,z_straightness_mean,z_straightness_std
685.125,0.2514367816091954,772.9070935960591,134.79749999999999,0.0,0.8187485933303833,0.0,1.502354836087428,0.032355622249727774,0.0641895829738536,23.423892974853516,10.936837196350098,4.004963397979736,0.9564863730710613,0.022828742474298606,1.0,69.0,279.0,61.0,156.5342559814453,0.22847546941280103,1.502354836087428,0.25846186528775555,0.8187485337257385,1274.3620546836642,229.1640919655802,0.726779842592241,0.6650971401672392,1.7575542048497765,0.6459514045304563,3.3411814885643003,0.9836065573770492,0.6650971401672392,2.25,0.8336065573770489,0.5164285702337954,31.7025,0.04627257799671593,1256.358410220014,0.71503015031438,0.8398609109980097,0.08818333839565698
