cell_mask_area,cell_mask_area_ratio,cell_mask_intensity,domain_area_mean,domain_area_std,domain_oop_mean,domain_oop_std,domain_slen_mean,myof_bending_mean,myof_bending_std,myof_length_max,myof_length_mean,myof_length_std,myof_straightness_mean,myof_straightness_std,n_domains,n_mbands,n_vectors,n_zbands,sarcomere_area,sarcomere_area_ratio,sarcomere_length_mean,sarcomere_length_std,sarcomere_oop,z_intensity_mean,z_intensity_std,z_lat_alignment_mean,z_lat_alignment_std,z_lat_dist_mean,z_lat_dist_std,z_lat_length_groups_mean,z_lat_neighbors_mean,z_lat_neighbors_std,z_length_max,z_length_mean,z_length_std,z_mask_area,z_mask_area_ratio,z_mask_intensity,z_oop,z_straightness_mean,z_straightness_std
3643.65,0.3941287136664874,570.2367914042238,31.95,9.067499999999999,0.8739782571792603,0.08560872077941895,1.8436847149733393,0.009762291328812475,0.0058608628003037015,18.156753540039062,12.503996849060059,4.443106174468994,0.9645690029816841,0.010313630889126976,2.0,75.0,191.0,91.0,210.5396270751953,0.05778261552981085,1.791186021430131,0.2874093178797439,0.5437976121902466,820.1202105571838,107.55434661986902,0.7558924009230605,0.5968560709450669,2.0763036662541934,0.6623541994276125,1.3919165257054067,0.43956043956043955,0.5968560709450669,3.4499999999999997,0.6296703296703295,0.48272224978589173,55.8,0.01531431394343584,827.5641129032258,0.09596480724055614,0.875737308429291,0.10428856605672084
