sarcomere_area,cell_mask_area_ratio,domain_area_std,domain_oop_mean,sarcomere_length_mean,z_mask_intensity,myof_straightness_std,z_mask_area,z_straightness_std,myof_length_mean,myof_bending_std,sarcomere_oop,n_domains,myof_straightness_mean,z_intensity_mean,myof_bending_mean,z_lat_dist_mean,z_lat_length_groups_mean,z_length_max,sarcomere_area_ratio,z_length_std,myof_length_max,domain_slen_mean,z_mask_area_ratio,z_lat_alignment_std,n_zbands,cell_mask_area,cell_mask_intensity,z_oop,z_lat_alignment_mean,z_length_mean,z_lat_dist_std,myof_length_std,n_vectors,z_straightness_mean,n_mbands,z_intensity_std,sarcomere_length_std,z_lat_neighbors_mean,z_lat_neighbors_std,domain_area_mean,domain_oop_std
245.44302368164062,0.3649066920632835,10.642322937216292,0.7896232604980469,1.423663643562033,840.8577777777778,0.08158823410496559,55.6875,0.10411832606803956,14.126818656921387,0.012387133854464126,0.4133007824420929,3.0,0.917643545595813,832.5657193310936,0.02198217137349285,1.7280735828786051,3.0890843315447927,5.25,0.24543443347646896,0.8654514680190667,34.775169372558594,1.4267963634638055,0.0556855510057148,0.6965219243312537,93.0,1000.035,617.1782162624309,0.37180222757589004,0.8092664635285116,1.1725806451612903,0.7513354346763798,6.16627836227417,550.0,0.8096427467496474,96.0,156.72468006851682,0.23981924836869023,0.7956989247311828,0.6965219243312537,70.57499999999999,0.12178493291139603
