cell_mask_area,cell_mask_area_ratio,cell_mask_intensity,domain_area_mean,domain_area_std,domain_oop_mean,domain_oop_std,domain_slen_mean,myof_bending_mean,myof_bending_std,myof_length_max,myof_length_mean,myof_length_std,myof_straightness_mean,myof_straightness_std,n_domains,n_mbands,n_vectors,n_zbands,sarcomere_area,sarcomere_area_ratio,sarcomere_length_mean,sarcomere_length_std,sarcomere_oop,z_intensity_mean,z_intensity_std,z_lat_alignment_mean,z_lat_alignment_std,z_lat_dist_mean,z_lat_dist_std,z_lat_length_groups_mean,z_lat_neighbors_mean,z_lat_neighbors_std,z_length_max,z_length_mean,z_length_std,z_mask_area,z_mask_area_ratio,z_mask_intensity,z_oop,z_straightness_mean,z_straightness_std
1056.2175,0.1923609631365864,651.4682487271798,123.85125,36.10124999999999,0.4160804748535156,0.016850009560585022,1.4028141884837029,0.033466812579170654,0.01830722917264053,21.60881805419922,12.903121948242188,4.892941474914551,0.8968736832130749,0.0896761300080706,2.0,111.0,626.0,97.0,287.9441223144531,0.27261820819523735,1.407999672448789,0.24492744443193354,0.3541204333305359,1029.2030882361423,151.38799617007322,0.7958433744636731,0.7495348754347849,1.7221181576643843,0.7069241425714078,4.350003204412177,1.0721649484536082,0.7495348754347849,3.9,1.0948453608247424,0.8987529887848007,60.637499999999996,0.05741005048676054,1031.1792207792207,0.35651416886981296,0.8158899568860346,0.11012908324995237
