sarcomere_area,cell_mask_area_ratio,domain_area_std,domain_oop_mean,sarcomere_length_mean,z_mask_intensity,myof_straightness_std,z_mask_area,z_straightness_std,myof_length_mean,myof_bending_std,sarcomere_oop,n_domains,myof_straightness_mean,z_intensity_mean,myof_bending_mean,z_lat_dist_mean,z_lat_length_groups_mean,z_length_max,sarcomere_area_ratio,z_length_std,myof_length_max,domain_slen_mean,z_mask_area_ratio,z_lat_alignment_std,n_zbands,cell_mask_area,cell_mask_intensity,z_oop,z_lat_alignment_mean,z_length_mean,z_lat_dist_std,myof_length_std,n_vectors,z_straightness_mean,n_mbands,z_intensity_std,sarcomere_length_std,z_lat_neighbors_mean,z_lat_neighbors_std,domain_area_mean,domain_oop_std
40.57833480834961,0.22613551422415687,,,1.6335597814092853,669.7791666666667,0.008905007920855511,10.799999999999999,0.0919724419722233,6.936949253082275,0.00672462554334767,0.8298565745353699,0.0,0.9805403152767572,674.7250480778149,0.006497630717068895,1.7933441644839987,1.1026205949262855,2.6999999999999997,0.050095318103323815,0.6195307574083792,7.456319808959961,,0.013332962973250742,0.4330127018922193,16.0,810.0224999999999,528.0798866698148,0.8502222707310283,0.8614571543300613,0.7406249999999999,0.037639177876057084,0.4935370683670044,51.0,0.8635449509149449,16.0,31.071458067331296,0.2970511648003825,0.25,0.4330127018922193,,
