cell_mask_area,cell_mask_area_ratio,cell_mask_intensity,domain_area_mean,domain_area_std,domain_oop_mean,domain_oop_std,domain_slen_mean,myof_bending_mean,myof_bending_std,myof_length_max,myof_length_mean,myof_length_std,myof_straightness_mean,myof_straightness_std,n_domains,n_mbands,n_vectors,n_zbands,sarcomere_area,sarcomere_area_ratio,sarcomere_length_mean,sarcomere_length_std,sarcomere_oop,z_intensity_mean,z_intensity_std,z_lat_alignment_mean,z_lat_alignment_std,z_lat_dist_mean,z_lat_dist_std,z_lat_length_groups_mean,z_lat_neighbors_mean,z_lat_neighbors_std,z_length_max,z_length_mean,z_length_std,z_mask_area,z_mask_area_ratio,z_mask_intensity,z_oop,z_straightness_mean,z_straightness_std
1386.675,0.3672649694889397,604.0588674346909,121.07249999999999,43.1775,0.48511803150177,0.0027742385864257812,1.5068225926646746,0.018564445250658375,0.012562072456165535,48.987274169921875,15.597290992736816,9.232547760009766,0.9100803576268035,0.09753358120700022,2.0,95.0,632.0,103.0,290.2484436035156,0.20931252355708124,1.5373956810936034,0.22090257769263125,0.30097874999046326,995.503609989282,174.2280476142997,0.8054183721327737,0.6246876870736083,1.3679647362581886,0.5392267645526125,3.052874727651701,0.8349514563106796,0.6246876870736083,6.0,1.207281553398058,1.1364953745007784,57.442499999999995,0.04142463086159338,1014.0665883274579,0.32925452735363037,0.827565802488962,0.11998720269186985
