cell_mask_area,cell_mask_area_ratio,cell_mask_intensity,domain_area_mean,domain_area_std,domain_oop_mean,domain_oop_std,domain_slen_mean,myof_bending_mean,myof_bending_std,myof_length_max,myof_length_mean,myof_length_std,myof_straightness_mean,myof_straightness_std,n_domains,n_mbands,n_vectors,n_zbands,sarcomere_area,sarcomere_area_ratio,sarcomere_length_mean,sarcomere_length_std,sarcomere_oop,z_intensity_mean,z_intensity_std,z_lat_alignment_mean,z_lat_alignment_std,z_lat_dist_mean,z_lat_dist_std,z_lat_length_groups_mean,z_lat_neighbors_mean,z_lat_neighbors_std,z_length_max,z_length_mean,z_length_std,z_mask_area,z_mask_area_ratio,z_mask_intensity,z_oop,z_straightness_mean,z_straightness_std
7224.974999999999,0.4690147345789369,575.8686120021176,49.06125,5.973749999999999,0.7641597986221313,0.0890093445777893,1.5678651864809494,0.025500878051027274,0.03299977642462537,10.258278846740723,7.3138322830200195,1.3551621437072754,0.9651782686316565,0.024797585116765046,2.0,131.0,349.0,140.0,327.6724548339844,0.04535274583427409,1.5901368619640757,0.21870827959011602,0.48781314492225647,783.8771123756898,121.8459011402029,0.7390254012774136,0.6477590885002648,1.6833959825808003,0.5373602988971398,1.419617328172089,0.45714285714285713,0.6477590885002648,2.25,0.7103571428571428,0.5012305011729857,78.795,0.010905920089688893,797.549685893775,0.31633840570931704,0.8557894403253875,0.1017986733749869
