sarcomere_area,cell_mask_area_ratio,domain_area_std,domain_oop_mean,sarcomere_length_mean,z_mask_intensity,myof_straightness_std,z_mask_area,z_straightness_std,myof_length_mean,myof_bending_std,sarcomere_oop,n_domains,myof_straightness_mean,z_intensity_mean,myof_bending_mean,z_lat_dist_mean,z_lat_length_groups_mean,z_length_max,sarcomere_area_ratio,z_length_std,myof_length_max,domain_slen_mean,z_mask_area_ratio,z_lat_alignment_std,n_zbands,cell_mask_area,cell_mask_intensity,z_oop,z_lat_alignment_mean,z_length_mean,z_lat_dist_std,myof_length_std,n_vectors,z_straightness_mean,n_mbands,z_intensity_std,sarcomere_length_std,z_lat_neighbors_mean,z_lat_neighbors_std,domain_area_mean,domain_oop_std
239.42222595214844,0.31223485491260816,42.91874999999999,0.8702616095542908,1.4474612509446818,1037.5617798967023,0.025810429429522417,56.6325,0.10870777536327518,12.860931396484375,0.035887978828057034,0.8760506510734558,2.0,0.9568680149498046,1009.9940332221748,0.026739534507797355,1.7431261139355907,2.9551317850219228,4.95,0.16064293206665892,0.94434533113667,21.475568771362305,1.4519378028457477,0.037998188405797106,0.6877460484825179,103.0,1490.3999999999999,604.3531400966184,0.7367682938045939,0.8267284757048822,1.0849514563106797,0.7478744740694022,5.140820503234863,607.0,0.8505567396114806,97.0,165.48462208958537,0.22901420997148791,0.7961165048543689,0.6877460484825179,105.53625,0.03419995307922363
