cell_mask_area,cell_mask_area_ratio,cell_mask_intensity,domain_area_mean,domain_area_std,domain_oop_mean,domain_oop_std,domain_slen_mean,myof_bending_mean,myof_bending_std,myof_length_max,myof_length_mean,myof_length_std,myof_straightness_mean,myof_straightness_std,n_domains,n_mbands,n_vectors,n_zbands,sarcomere_area,sarcomere_area_ratio,sarcomere_length_mean,sarcomere_length_std,sarcomere_oop,z_intensity_mean,z_intensity_std,z_lat_alignment_mean,z_lat_alignment_std,z_lat_dist_mean,z_lat_dist_std,z_lat_length_groups_mean,z_lat_neighbors_mean,z_lat_neighbors_std,z_length_max,z_length_mean,z_length_std,z_mask_area,z_mask_area_ratio,z_mask_intensity,z_oop,z_straightness_mean,z_straightness_std
1386.1799999999998,0.36713386727688785,604.0942572393195,120.42,44.325,0.4858241081237793,0.002249002456665039,1.5063064766025311,0.01760271613288013,0.013022972123604846,42.40020751953125,14.59127140045166,8.483076095581055,0.9244806103487895,0.08205451214830088,2.0,95.0,629.0,103.0,290.16168212890625,0.209324677984754,1.5350762524125527,0.2165126400366349,0.30404868721961975,995.503609989282,174.2280476142997,0.8048990485556914,0.6246876870736083,1.3679647362581886,0.5392267645526125,3.052874727651701,0.8349514563106796,0.6246876870736083,6.0,1.207281553398058,1.1364953745007784,57.442499999999995,0.041439423451499806,1014.0665883274579,0.32925452735363037,0.827565802488962,0.11998720269186985
