cell_mask_area,cell_mask_area_ratio,cell_mask_intensity,domain_area_mean,domain_area_std,domain_oop_mean,domain_oop_std,domain_slen_mean,myof_bending_mean,myof_bending_std,myof_length_max,myof_length_mean,myof_length_std,myof_straightness_mean,myof_straightness_std,n_domains,n_mbands,n_vectors,n_zbands,sarcomere_area,sarcomere_area_ratio,sarcomere_length_mean,sarcomere_length_std,sarcomere_oop,z_intensity_mean,z_intensity_std,z_lat_alignment_mean,z_lat_alignment_std,z_lat_dist_mean,z_lat_dist_std,z_lat_length_groups_mean,z_lat_neighbors_mean,z_lat_neighbors_std,z_length_max,z_length_mean,z_length_std,z_mask_area,z_mask_area_ratio,z_mask_intensity,z_oop,z_straightness_mean,z_straightness_std
2111.6475,0.2677907003287071,681.8425696050122,57.232499999999995,20.7346367824469,0.6211705207824707,0.24519820511341095,1.419137220617879,0.02841178931324845,0.026686047586194556,14.563005447387695,9.68858814239502,2.397502899169922,0.9459232158462658,0.03686543780302263,3.0,112.0,407.0,106.0,230.0151824951172,0.10892688410121347,1.399097443147022,0.25239057901033746,0.30040594935417175,1217.2681582016874,373.6262502273164,0.7291244032197206,0.5936653857566896,1.685503938900763,0.7293607454134152,1.9045422438489787,0.6037735849056604,0.5936653857566896,4.8,0.8207547169811319,0.6993888141950415,43.335,0.0205218910826736,1271.2580477673935,0.2719869564223448,0.849062894448687,0.10918133670432097
