cell_mask_area,cell_mask_area_ratio,cell_mask_intensity,domain_area_mean,domain_area_std,domain_oop_mean,domain_oop_std,domain_slen_mean,myof_bending_mean,myof_bending_std,myof_length_max,myof_length_mean,myof_length_std,myof_straightness_mean,myof_straightness_std,n_domains,n_mbands,n_vectors,n_zbands,sarcomere_area,sarcomere_area_ratio,sarcomere_length_mean,sarcomere_length_std,sarcomere_oop,z_intensity_mean,z_intensity_std,z_lat_alignment_mean,z_lat_alignment_std,z_lat_dist_mean,z_lat_dist_std,z_lat_length_groups_mean,z_lat_neighbors_mean,z_lat_neighbors_std,z_length_max,z_length_mean,z_length_std,z_mask_area,z_mask_area_ratio,z_mask_intensity,z_oop,z_straightness_mean,z_straightness_std
1443.78,0.26616780252280353,667.8805167684827,65.35125,23.14125,0.867998480796814,0.03340163826942444,1.4297007702997409,0.02402881710903883,0.019156573444278017,10.47892951965332,7.6165289878845215,1.8872703313827515,0.958976061683453,0.018560152225054485,2.0,92.0,392.0,72.0,208.29806518554688,0.14427271827116797,1.4027401006931854,0.23533781715986182,0.6137531399726868,1138.567709883269,327.7973525736358,0.8379411287730477,0.7264831572567789,1.687081567237235,0.7115165391530658,3.0479154051694533,0.8333333333333334,0.7264831572567789,4.5,1.0750000000000002,0.9695359714832658,45.315,0.03138636080289241,1120.337140019861,0.5294357665556788,0.8170776514770003,0.10913690771834816
