sarcomere_area,cell_mask_area_ratio,domain_area_std,domain_oop_mean,sarcomere_length_mean,z_mask_intensity,myof_straightness_std,z_mask_area,z_straightness_std,myof_length_mean,myof_bending_std,sarcomere_oop,n_domains,myof_straightness_mean,z_intensity_mean,myof_bending_mean,z_lat_dist_mean,z_lat_length_groups_mean,z_length_max,sarcomere_area_ratio,z_length_std,myof_length_max,domain_slen_mean,z_mask_area_ratio,z_lat_alignment_std,n_zbands,cell_mask_area,cell_mask_intensity,z_oop,z_lat_alignment_mean,z_length_mean,z_lat_dist_std,myof_length_std,n_vectors,z_straightness_mean,n_mbands,z_intensity_std,sarcomere_length_std,z_lat_neighbors_mean,z_lat_neighbors_std,domain_area_mean,domain_oop_std
596.9047241210938,0.40699002574002574,23.762995786516477,0.6387653350830078,1.6152275097210926,790.3274284027162,0.019369938752780872,152.415,0.0961768396612561,9.43149471282959,0.02440654012534323,0.26247361302375793,6.0,0.9643693514043669,782.922212929524,0.027620098928584687,1.9514446203955182,1.9908750848335532,2.85,0.13108039434070395,0.5209941422044507,17.914222717285156,1.6213985446842007,0.03347036385556456,0.6784177482338531,249.0,4553.73,573.7023242484732,0.13626808938551205,0.7675645825098769,0.7084337349397589,0.6548345882540391,3.304250478744507,689.0,0.8641558644520502,261.0,90.07960449160815,0.23459479124924149,0.6506024096385542,0.6784177482338531,62.57999999999999,0.19675733149051666
