cell_mask_area,cell_mask_area_ratio,cell_mask_intensity,domain_area_mean,domain_area_std,domain_oop_mean,domain_oop_std,domain_slen_mean,myof_bending_mean,myof_bending_std,myof_length_max,myof_length_mean,myof_length_std,myof_straightness_mean,myof_straightness_std,n_domains,n_mbands,n_vectors,n_zbands,sarcomere_area,sarcomere_area_ratio,sarcomere_length_mean,sarcomere_length_std,sarcomere_oop,z_intensity_mean,z_intensity_std,z_lat_alignment_mean,z_lat_alignment_std,z_lat_dist_mean,z_lat_dist_std,z_lat_length_groups_mean,z_lat_neighbors_mean,z_lat_neighbors_std,z_length_max,z_length_mean,z_length_std,z_mask_area,z_mask_area_ratio,z_mask_intensity,z_oop,z_straightness_mean,z_straightness_std
2649.105,0.5542672334656178,553.3645721857005,128.727,70.78817596180876,0.6377204060554504,0.26378193497657776,1.4693272432034803,0.03539517640832988,0.028493391179829408,19.875837326049805,10.714454650878906,3.74761962890625,0.9338091692546243,0.05104998482029639,5.0,280.0,1585.0,260.0,766.068359375,0.28918006623935255,1.4399184815925075,0.24691775920670644,0.25070464611053467,672.1273696425451,44.94948100948514,0.7403837765259791,0.6884937680466348,1.7721626695886425,0.6976404849484322,4.4287502905174305,1.0538461538461539,0.6884937680466348,6.0,1.1613461538461538,0.9364602518283612,160.98749999999998,0.06077052438465066,675.230607966457,0.1402241373873505,0.8099997184744228,0.11592088337893479
