sarcomere_area,cell_mask_area_ratio,domain_area_std,domain_oop_mean,sarcomere_length_mean,z_mask_intensity,myof_straightness_std,z_mask_area,z_straightness_std,myof_length_mean,myof_bending_std,sarcomere_oop,n_domains,myof_straightness_mean,z_intensity_mean,myof_bending_mean,z_lat_dist_mean,z_lat_length_groups_mean,z_length_max,sarcomere_area_ratio,z_length_std,myof_length_max,domain_slen_mean,z_mask_area_ratio,z_lat_alignment_std,n_zbands,cell_mask_area,cell_mask_intensity,z_oop,z_lat_alignment_mean,z_length_mean,z_lat_dist_std,myof_length_std,n_vectors,z_straightness_mean,n_mbands,z_intensity_std,sarcomere_length_std,z_lat_neighbors_mean,z_lat_neighbors_std,domain_area_mean,domain_oop_std
1042.288818359375,0.3172397719530998,93.05207692637762,0.6418276429176331,1.557103656061105,955.4212107208873,0.05333507319521891,194.76,0.10608697840902323,14.039291381835938,0.03333587410652941,0.15205764770507812,6.0,0.9344004304754461,942.1059096839806,0.028447362335367352,1.8046116467693483,3.9066389769107515,5.1,0.32723896215483816,0.7646458559874221,35.46405792236328,1.5608317856972072,0.06114721672788923,0.7153010853124833,357.0,3185.1,615.6675332014694,0.061428827210588614,0.7699463498044979,0.9630252100840335,0.6253535174089339,7.5748491287231445,1842.0,0.8465167680653617,394.0,223.69121069726327,0.19248939744638333,1.0308123249299719,0.7153010853124833,142.84124999999997,0.33791565895080566
