cell_mask_area,cell_mask_area_ratio,cell_mask_intensity,domain_area_mean,domain_area_std,domain_oop_mean,domain_oop_std,domain_slen_mean,myof_bending_mean,myof_bending_std,myof_length_max,myof_length_mean,myof_length_std,myof_straightness_mean,myof_straightness_std,n_domains,n_mbands,n_vectors,n_zbands,sarcomere_area,sarcomere_area_ratio,sarcomere_length_mean,sarcomere_length_std,sarcomere_oop,z_intensity_mean,z_intensity_std,z_lat_alignment_mean,z_lat_alignment_std,z_lat_dist_mean,z_lat_dist_std,z_lat_length_groups_mean,z_lat_neighbors_mean,z_lat_neighbors_std,z_length_max,z_length_mean,z_length_std,z_mask_area,z_mask_area_ratio,z_mask_intensity,z_oop,z_straightness_mean,z_straightness_std
1000.035,0.3649066920632835,617.1782162624309,70.605,10.5290384176334,0.7901056408882141,0.12111528217792511,1.4204553970380294,0.02196733890081558,0.013646040791567483,34.44722366333008,14.17341423034668,5.548623561859131,0.9390138388899701,0.05245095295625059,3.0,96.0,551.0,93.0,245.4429931640625,0.2454344029599589,1.4182552377516155,0.2330901387732081,0.41083821654319763,832.5657193310936,156.72468006851682,0.8092644028694107,0.6965219243312537,1.7280735828786051,0.7513354346763798,3.0890843315447927,0.7956989247311828,0.6965219243312537,5.25,1.1725806451612903,0.8654514680190667,55.6875,0.0556855510057148,840.8577777777778,0.37180222757589004,0.8096427467496474,0.10411832606803956
