cell_mask_area,cell_mask_area_ratio,cell_mask_intensity,domain_area_mean,domain_area_std,domain_oop_mean,domain_oop_std,domain_slen_mean,myof_bending_mean,myof_bending_std,myof_length_max,myof_length_mean,myof_length_std,myof_straightness_mean,myof_straightness_std,n_domains,n_mbands,n_vectors,n_zbands,sarcomere_area,sarcomere_area_ratio,sarcomere_length_mean,sarcomere_length_std,sarcomere_oop,z_intensity_mean,z_intensity_std,z_lat_alignment_mean,z_lat_alignment_std,z_lat_dist_mean,z_lat_dist_std,z_lat_length_groups_mean,z_lat_neighbors_mean,z_lat_neighbors_std,z_length_max,z_length_mean,z_length_std,z_mask_area,z_mask_area_ratio,z_mask_intensity,z_oop,z_straightness_mean,z_straightness_std
1352.1599999999999,0.31041322314049585,637.7317458732695,59.238,26.189514428488355,0.8609733581542969,0.057871658354997635,1.4051482181813697,0.020298815689291382,0.01634456947774942,18.1656494140625,9.608051300048828,2.771768808364868,0.9567056256021217,0.02283429757221221,5.0,157.0,681.0,130.0,350.1296081542969,0.258940959763857,1.4184786321074292,0.23176296630105356,0.28729259967803955,883.6938127572516,154.919747191398,0.7823742008744423,0.6955479726435272,1.8727402222055365,0.6238249910476433,3.463967226903192,0.9076923076923077,0.6955479726435272,4.2,1.0419230769230767,0.8526610798903415,69.9525,0.051733892438764646,887.7854615632036,0.2032758501723918,0.8297988047996827,0.10858087829817199
