cell_mask_area,cell_mask_area_ratio,cell_mask_intensity,domain_area_mean,domain_area_std,domain_oop_mean,domain_oop_std,domain_slen_mean,myof_bending_mean,myof_bending_std,myof_length_max,myof_length_mean,myof_length_std,myof_straightness_mean,myof_straightness_std,n_domains,n_mbands,n_vectors,n_zbands,sarcomere_area,sarcomere_area_ratio,sarcomere_length_mean,sarcomere_length_std,sarcomere_oop,z_intensity_mean,z_intensity_std,z_lat_alignment_mean,z_lat_alignment_std,z_lat_dist_mean,z_lat_dist_std,z_lat_length_groups_mean,z_lat_neighbors_mean,z_lat_neighbors_std,z_length_max,z_length_mean,z_length_std,z_mask_area,z_mask_area_ratio,z_mask_intensity,z_oop,z_straightness_mean,z_straightness_std
1056.2175,0.1923609631365864,651.4682487271798,124.02,36.045,0.41463544964790344,0.013176381587982178,1.4071566777743643,0.03438274652485302,0.017280434046805338,21.23404884338379,12.686409950256348,4.541202068328857,0.8965151802732388,0.08556077960079478,2.0,111.0,627.0,97.0,287.9440612792969,0.272618150408696,1.4113342101854416,0.24571144246693205,0.3531627655029297,1029.2030882361423,151.38799617007322,0.7958437114440827,0.7495348754347849,1.7221181576643843,0.7069241425714078,4.350003204412177,1.0721649484536082,0.7495348754347849,3.9,1.0948453608247424,0.8987529887848007,60.637499999999996,0.05741005048676054,1031.1792207792207,0.35651416886981296,0.8158899568860346,0.11012908324995237
