sarcomere_area,cell_mask_area_ratio,domain_area_std,domain_oop_mean,sarcomere_length_mean,z_mask_intensity,myof_straightness_std,z_mask_area,z_straightness_std,myof_length_mean,myof_bending_std,sarcomere_oop,n_domains,myof_straightness_mean,z_intensity_mean,myof_bending_mean,z_lat_dist_mean,z_lat_length_groups_mean,z_length_max,sarcomere_area_ratio,z_length_std,myof_length_max,domain_slen_mean,z_mask_area_ratio,z_lat_alignment_std,n_zbands,cell_mask_area,cell_mask_intensity,z_oop,z_lat_alignment_mean,z_length_mean,z_lat_dist_std,myof_length_std,n_vectors,z_straightness_mean,n_mbands,z_intensity_std,sarcomere_length_std,z_lat_neighbors_mean,z_lat_neighbors_std,domain_area_mean,domain_oop_std
22.456552505493164,0.3174706179248684,0.0,0.8178837299346924,1.4317555362553325,734.3981481481482,0.03064531200358811,4.859999999999999,0.0790468354797488,6.639571666717529,0.025315335047090347,0.7659944295883179,1.0,0.9446971537498364,715.0444302721088,0.07429541743880419,2.163722389248323,1.2310151970677243,1.05,0.028334913702138902,0.18464665649586523,6.698065757751465,1.4552091369279476,0.0061321826027708375,0.7284313590846835,14.0,792.54,554.2035827844651,0.878447809304759,0.7360759007627623,0.5035714285714284,0.48816536364794455,0.041756514459848404,42.0,0.9102807031903671,19.0,57.27613730675727,0.228742978969144,0.42857142857142855,0.7284313590846835,22.432499999999997,0.0
