cell_mask_area,cell_mask_area_ratio,cell_mask_intensity,domain_area_mean,domain_area_std,domain_oop_mean,domain_oop_std,domain_slen_mean,myof_bending_mean,myof_bending_std,myof_length_max,myof_length_mean,myof_length_std,myof_straightness_mean,myof_straightness_std,n_domains,n_mbands,n_vectors,n_zbands,sarcomere_area,sarcomere_area_ratio,sarcomere_length_mean,sarcomere_length_std,sarcomere_oop,z_intensity_mean,z_intensity_std,z_lat_alignment_mean,z_lat_alignment_std,z_lat_dist_mean,z_lat_dist_std,z_lat_length_groups_mean,z_lat_neighbors_mean,z_lat_neighbors_std,z_length_max,z_length_mean,z_length_std,z_mask_area,z_mask_area_ratio,z_mask_intensity,z_oop,z_straightness_mean,z_straightness_std
633.375,0.2986769090388227,613.34486678508,42.705,0.0,0.7861911654472351,0.0,1.426935773733436,0.02026616954233875,0.020022535299736178,9.877357482910156,7.483422756195068,1.4070852994918823,0.9690452054919407,0.015731467285087536,1.0,31.0,84.0,19.0,54.57644271850586,0.08616766168305642,1.4273869768490173,0.34743223047253974,0.7886943221092224,1023.7846573805409,169.27542638432638,0.7394415142565595,0.7405919620773836,1.548359432188079,0.5432154901640827,1.7415505071637287,0.631578947368421,0.7405919620773836,1.95,0.7026315789473685,0.4514519512261831,10.17,0.01605683836589698,1036.1482300884957,0.6774971544136679,0.8309432041366284,0.09098945480771983
