cell_mask_area,cell_mask_area_ratio,cell_mask_intensity,domain_area_mean,domain_area_std,domain_oop_mean,domain_oop_std,domain_slen_mean,myof_bending_mean,myof_bending_std,myof_length_max,myof_length_mean,myof_length_std,myof_straightness_mean,myof_straightness_std,n_domains,n_mbands,n_vectors,n_zbands,sarcomere_area,sarcomere_area_ratio,sarcomere_length_mean,sarcomere_length_std,sarcomere_oop,z_intensity_mean,z_intensity_std,z_lat_alignment_mean,z_lat_alignment_std,z_lat_dist_mean,z_lat_dist_std,z_lat_length_groups_mean,z_lat_neighbors_mean,z_lat_neighbors_std,z_length_max,z_length_mean,z_length_std,z_mask_area,z_mask_area_ratio,z_mask_intensity,z_oop,z_straightness_mean,z_straightness_std
411.23249999999996,0.14555459989806319,631.6993489084642,28.709999999999997,0.0,0.9263890981674194,0.0,1.3454369460023416,0.017802517799271823,0.008164507909760354,14.908190727233887,13.767155647277832,0.9051764607429504,0.9631943622902911,0.010062202660523718,1.0,24.0,86.0,21.0,46.236454010009766,0.11243385192077418,1.3723186816355684,0.16889900910018807,0.931954562664032,1049.5254707923054,112.59345282016618,0.9271835440993873,0.2935435239509036,3.0,0.0,0.8849999999999998,0.09523809523809523,0.2935435239509036,1.5,0.6999999999999998,0.3741657386773941,11.8575,0.0288340537287301,1028.168880455408,0.8447698248045055,0.8435053239138148,0.08632143110139578
