sarcomere_area,cell_mask_area_ratio,domain_area_std,domain_oop_mean,sarcomere_length_mean,z_mask_intensity,myof_straightness_std,z_mask_area,z_straightness_std,myof_length_mean,myof_bending_std,sarcomere_oop,n_domains,myof_straightness_mean,z_intensity_mean,myof_bending_mean,z_lat_dist_mean,z_lat_length_groups_mean,z_length_max,sarcomere_area_ratio,z_length_std,myof_length_max,domain_slen_mean,z_mask_area_ratio,z_lat_alignment_std,n_zbands,cell_mask_area,cell_mask_intensity,z_oop,z_lat_alignment_mean,z_length_mean,z_lat_dist_std,myof_length_std,n_vectors,z_straightness_mean,n_mbands,z_intensity_std,sarcomere_length_std,z_lat_neighbors_mean,z_lat_neighbors_std,domain_area_mean,domain_oop_std
117.7706298828125,0.3105802341597796,11.396250000000002,0.9142180681228638,1.4450768231764461,1034.2336530078467,0.03008944100176932,25.807499999999997,0.07645043908303796,14.590643882751465,0.0186051690661924,0.8982906341552734,2.0,0.9238697421804125,1016.9228802975987,0.03264816430368166,1.9348235517231285,2.150798331280247,2.85,0.14508551756004903,0.5205511494452305,24.963275909423828,1.4366232420008604,0.03179310918313607,0.7324658487452849,43.0,811.7325,605.4757324611248,0.7856713660750819,0.8495883524781418,0.7255813953488371,0.5186114380704454,4.713751792907715,187.0,0.8632814643326078,63.0,257.6984532368616,0.2670260841489369,0.6976744186046512,0.7324658487452849,46.56375,0.023942649364471436
