sarcomere_area,cell_mask_area_ratio,domain_area_std,domain_oop_mean,sarcomere_length_mean,z_mask_intensity,myof_straightness_std,z_mask_area,z_straightness_std,myof_length_mean,myof_bending_std,sarcomere_oop,n_domains,myof_straightness_mean,z_intensity_mean,myof_bending_mean,z_lat_dist_mean,z_lat_length_groups_mean,z_length_max,sarcomere_area_ratio,z_length_std,myof_length_max,domain_slen_mean,z_mask_area_ratio,z_lat_alignment_std,n_zbands,cell_mask_area,cell_mask_intensity,z_oop,z_lat_alignment_mean,z_length_mean,z_lat_dist_std,myof_length_std,n_vectors,z_straightness_mean,n_mbands,z_intensity_std,sarcomere_length_std,z_lat_neighbors_mean,z_lat_neighbors_std,domain_area_mean,domain_oop_std
290.16168212890625,0.36713386727688785,44.325,0.4858241081237793,1.5350762524125527,1014.0665883274579,0.08205451214830088,57.442499999999995,0.11998720269186985,14.59127140045166,0.013022972123604846,0.30404868721961975,2.0,0.9244806103487895,995.503609989282,0.01760271613288013,1.3679647362581886,3.052874727651701,6.0,0.209324677984754,1.1364953745007784,42.40020751953125,1.5063064766025311,0.041439423451499806,0.6246876870736083,103.0,1386.1799999999998,604.0942572393195,0.32925452735363037,0.8048990485556914,1.207281553398058,0.5392267645526125,8.483076095581055,629.0,0.827565802488962,95.0,174.2280476142997,0.2165126400366349,0.8349514563106796,0.6246876870736083,120.42,0.002249002456665039
