cell_mask_area,cell_mask_area_ratio,cell_mask_intensity,domain_area_mean,domain_area_std,domain_oop_mean,domain_oop_std,domain_slen_mean,myof_bending_mean,myof_bending_std,myof_length_max,myof_length_mean,myof_length_std,myof_straightness_mean,myof_straightness_std,n_domains,n_mbands,n_vectors,n_zbands,sarcomere_area,sarcomere_area_ratio,sarcomere_length_mean,sarcomere_length_std,sarcomere_oop,z_intensity_mean,z_intensity_std,z_lat_alignment_mean,z_lat_alignment_std,z_lat_dist_mean,z_lat_dist_std,z_lat_length_groups_mean,z_lat_neighbors_mean,z_lat_neighbors_std,z_length_max,z_length_mean,z_length_std,z_mask_area,z_mask_area_ratio,z_mask_intensity,z_oop,z_straightness_mean,z_straightness_std
1486.4175,0.29403674624793036,630.4671752720888,168.6975,57.66926401905959,0.6928488612174988,0.2526776194572449,1.5931222229535684,0.022472307181832823,0.016252184964637477,45.37797164916992,15.881888389587402,6.896459102630615,0.8899092087622074,0.10231638583601702,3.0,136.0,1383.0,137.0,544.1860961914062,0.36610581898518163,1.600100373589523,0.2609628115508105,0.09655357897281647,983.965265208889,156.46561051328737,0.8003556997607302,0.607990202130184,1.690448697021181,0.7005207752704737,5.171932851477455,0.948905109489051,0.607990202130184,7.949999999999999,1.916058394160584,1.432800513141566,113.085,0.07607889438868957,1008.8855949064863,0.15236120342978263,0.7816624884284881,0.13389808000157
