cell_mask_area,cell_mask_area_ratio,cell_mask_intensity,domain_area_mean,domain_area_std,domain_oop_mean,domain_oop_std,domain_slen_mean,myof_bending_mean,myof_bending_std,myof_length_max,myof_length_mean,myof_length_std,myof_straightness_mean,myof_straightness_std,n_domains,n_mbands,n_vectors,n_zbands,sarcomere_area,sarcomere_area_ratio,sarcomere_length_mean,sarcomere_length_std,sarcomere_oop,z_intensity_mean,z_intensity_std,z_lat_alignment_mean,z_lat_alignment_std,z_lat_dist_mean,z_lat_dist_std,z_lat_length_groups_mean,z_lat_neighbors_mean,z_lat_neighbors_std,z_length_max,z_length_mean,z_length_std,z_mask_area,z_mask_area_ratio,z_mask_intensity,z_oop,z_straightness_mean,z_straightness_std
1181.0925,0.2711415289256198,613.0108966909874,36.232499999999995,18.415690660412388,0.8564014434814453,0.0791114866733551,1.4969549742162618,0.020124875613937523,0.02170622071753587,16.374530792236328,9.76598834991455,3.41898775100708,0.9622250526862233,0.01446369216927321,3.0,63.0,252.0,65.0,145.0444793701172,0.12280535129138251,1.513813346031884,0.18424304371089023,0.34450626373291016,873.5452508852627,157.09474779852385,0.7245618869536369,0.6538009034115624,1.9500831872271356,0.7882804635469844,1.9728604468981648,0.5846153846153846,0.6538009034115624,6.0,0.8261538461538462,0.8738996462500579,32.31,0.027356028422837332,848.6859331476323,0.12990757378717538,0.8563426210350621,0.11014860685263611
