cell_mask_area,cell_mask_area_ratio,cell_mask_intensity,domain_area_mean,domain_area_std,domain_oop_mean,domain_oop_std,domain_slen_mean,myof_bending_mean,myof_bending_std,myof_length_max,myof_length_mean,myof_length_std,myof_straightness_mean,myof_straightness_std,n_domains,n_mbands,n_vectors,n_zbands,sarcomere_area,sarcomere_area_ratio,sarcomere_length_mean,sarcomere_length_std,sarcomere_oop,z_intensity_mean,z_intensity_std,z_lat_alignment_mean,z_lat_alignment_std,z_lat_dist_mean,z_lat_dist_std,z_lat_length_groups_mean,z_lat_neighbors_mean,z_lat_neighbors_std,z_length_max,z_length_mean,z_length_std,z_mask_area,z_mask_area_ratio,z_mask_intensity,z_oop,z_straightness_mean,z_straightness_std
817.7624999999999,0.26984386252774906,648.4197000962994,,,,,,0.011193703153515614,0.003908028592721261,6.234385967254639,6.190312385559082,0.022088559344410896,0.9715596330275231,0.0055045871559632475,0.0,25.0,61.0,22.0,44.15365219116211,0.05399324643910929,1.402721069777017,0.33363314574194175,0.6007080078125,998.7620966155059,213.60953269347834,0.8110639470975806,0.4810456929208346,1.5640690065918132,0.9065391015388695,1.0059042236870697,0.36363636363636365,0.4810456929208346,1.3499999999999999,0.5386363636363636,0.27754271505064937,8.145,0.009960104553583713,990.4751381215469,0.4733107249135287,0.8768167349584463,0.09418845624005939
