sarcomere_area,cell_mask_area_ratio,domain_area_std,domain_oop_mean,sarcomere_length_mean,z_mask_intensity,myof_straightness_std,z_mask_area,z_straightness_std,myof_length_mean,myof_bending_std,sarcomere_oop,n_domains,myof_straightness_mean,z_intensity_mean,myof_bending_mean,z_lat_dist_mean,z_lat_length_groups_mean,z_length_max,sarcomere_area_ratio,z_length_std,myof_length_max,domain_slen_mean,z_mask_area_ratio,z_lat_alignment_std,n_zbands,cell_mask_area,cell_mask_intensity,z_oop,z_lat_alignment_mean,z_length_mean,z_lat_dist_std,myof_length_std,n_vectors,z_straightness_mean,n_mbands,z_intensity_std,sarcomere_length_std,z_lat_neighbors_mean,z_lat_neighbors_std,domain_area_mean,domain_oop_std
66.31427764892578,0.29365655392654955,0.0,0.21085138618946075,1.4400519835466088,880.8171334431631,0.03224218087571876,13.657499999999999,0.1205800065426258,9.217050552368164,0.013664382407742643,0.2108512818813324,1.0,0.949902692960695,874.2896645568088,0.021755846460380604,1.6075031596433482,2.285001579821674,3.5999999999999996,0.1618773674323692,0.8006833019365397,11.882185935974121,1.4400519835466088,0.03333882572636898,0.5527707983925667,24.0,409.65749999999997,640.1394518591751,0.2655154104868011,0.706236046400367,0.9875000000000002,0.4895749092188577,1.7964398860931396,133.0,0.8294327112323975,28.0,78.53068632581719,0.25486388768588136,0.6666666666666666,0.5527707983925667,60.839999999999996,0.0
