cell_mask_area,cell_mask_area_ratio,cell_mask_intensity,domain_area_mean,domain_area_std,domain_oop_mean,domain_oop_std,domain_slen_mean,myof_bending_mean,myof_bending_std,myof_length_max,myof_length_mean,myof_length_std,myof_straightness_mean,myof_straightness_std,n_domains,n_mbands,n_vectors,n_zbands,sarcomere_area,sarcomere_area_ratio,sarcomere_length_mean,sarcomere_length_std,sarcomere_oop,z_intensity_mean,z_intensity_std,z_lat_alignment_mean,z_lat_alignment_std,z_lat_dist_mean,z_lat_dist_std,z_lat_length_groups_mean,z_lat_neighbors_mean,z_lat_neighbors_std,z_length_max,z_length_mean,z_length_std,z_mask_area,z_mask_area_ratio,z_mask_intensity,z_oop,z_straightness_mean,z_straightness_std
1029.915,0.22504314138081916,668.7042862760519,28.7775,0.0,0.5957802534103394,0.0,1.3999913822984977,0.019891473286512015,0.012145502131385896,17.193340301513672,9.90732192993164,4.151090145111084,0.9714008414720581,0.01359646598223141,1.0,42.0,143.0,43.0,83.14013671875,0.080725241130336,1.4221397369126985,0.3035671833571466,0.6269026398658752,1326.2183643155188,424.3267779661523,0.7466321505217074,0.42246284010662677,0.8164182302150014,0.3278128633421945,0.8613708197651319,0.23255813953488372,0.42246284010662677,1.65,0.6662790697674419,0.35775802694138836,17.775,0.017258705815528467,1332.3784810126583,0.5700004853896511,0.8800850502628296,0.10106369170449664
