cell_mask_area,cell_mask_area_ratio,cell_mask_intensity,domain_area_mean,domain_area_std,domain_oop_mean,domain_oop_std,domain_slen_mean,myof_bending_mean,myof_bending_std,myof_length_max,myof_length_mean,myof_length_std,myof_straightness_mean,myof_straightness_std,n_domains,n_mbands,n_vectors,n_zbands,sarcomere_area,sarcomere_area_ratio,sarcomere_length_mean,sarcomere_length_std,sarcomere_oop,z_intensity_mean,z_intensity_std,z_lat_alignment_mean,z_lat_alignment_std,z_lat_dist_mean,z_lat_dist_std,z_lat_length_groups_mean,z_lat_neighbors_mean,z_lat_neighbors_std,z_length_max,z_length_mean,z_length_std,z_mask_area,z_mask_area_ratio,z_mask_intensity,z_oop,z_straightness_mean,z_straightness_std
1731.2625,0.25265311215309244,593.1902267853661,98.91000000000001,47.40964458841681,0.79325932264328,0.04203028231859207,1.4435810764178658,0.027608289745752163,0.018435225704217132,27.104206085205078,11.379568099975586,4.592652797698975,0.9357558211538188,0.03625718018020981,3.0,129.0,833.0,133.0,362.6072998046875,0.209446747564097,1.433871258195768,0.2713451652695271,0.20024684071540833,829.4566002502761,175.7566528630068,0.8298250537696429,0.6505388991375418,1.7972438355310745,0.6468904290716478,3.438064455595674,0.8571428571428571,0.6505388991375418,8.1,1.1943609022556392,1.169500473908141,73.9575,0.04271882513483657,842.535138424095,0.32449726385360156,0.8347348881958969,0.11813211492886976
