cell_mask_area,cell_mask_area_ratio,cell_mask_intensity,domain_area_mean,domain_area_std,domain_oop_mean,domain_oop_std,domain_slen_mean,myof_bending_mean,myof_bending_std,myof_length_max,myof_length_mean,myof_length_std,myof_straightness_mean,myof_straightness_std,n_domains,n_mbands,n_vectors,n_zbands,sarcomere_area,sarcomere_area_ratio,sarcomere_length_mean,sarcomere_length_std,sarcomere_oop,z_intensity_mean,z_intensity_std,z_lat_alignment_mean,z_lat_alignment_std,z_lat_dist_mean,z_lat_dist_std,z_lat_length_groups_mean,z_lat_neighbors_mean,z_lat_neighbors_std,z_length_max,z_length_mean,z_length_std,z_mask_area,z_mask_area_ratio,z_mask_intensity,z_oop,z_straightness_mean,z_straightness_std
614.16,0.09754110369817146,620.2738862837045,27.7425,0.0,0.9503533244132996,0.0,1.417822392613886,0.017331172241759816,0.011619670797867219,13.387815475463867,8.652270317077637,1.2658758163452148,0.9724408382795098,0.013792961057955718,1.0,17.0,83.0,14.0,35.46623992919922,0.05774755752442234,1.4147020461831676,0.37804181075282783,0.9376163482666016,1385.8667895584174,285.1996736738176,0.5774113339059327,0.45175395145262565,1.9592658895170088,1.010582591466488,1.9765443149195014,0.2857142857142857,0.45175395145262565,3.75,1.4142857142857144,1.0263368584138326,9.81,0.01597303634232122,1401.3715596330276,0.9435374686802229,0.7842458943472762,0.1215507210931409
