sarcomere_area,cell_mask_area_ratio,domain_area_std,domain_oop_mean,sarcomere_length_mean,z_mask_intensity,myof_straightness_std,z_mask_area,z_straightness_std,myof_length_mean,myof_bending_std,sarcomere_oop,n_domains,myof_straightness_mean,z_intensity_mean,myof_bending_mean,z_lat_dist_mean,z_lat_length_groups_mean,z_length_max,sarcomere_area_ratio,z_length_std,myof_length_max,domain_slen_mean,z_mask_area_ratio,z_lat_alignment_std,n_zbands,cell_mask_area,cell_mask_intensity,z_oop,z_lat_alignment_mean,z_length_mean,z_lat_dist_std,myof_length_std,n_vectors,z_straightness_mean,n_mbands,z_intensity_std,sarcomere_length_std,z_lat_neighbors_mean,z_lat_neighbors_std,domain_area_mean,domain_oop_std
113.39086151123047,0.3551555990405252,20.73375,0.6610960364341736,1.3522548122315794,1177.8511187607573,0.038905635591267744,26.145,0.10685902296923518,8.75230598449707,0.018952947447037776,0.5589346885681152,2.0,0.9428807545973823,1167.3776746883798,0.026616622780835607,1.6838007584483283,3.4752136861402096,2.6999999999999997,0.11196360545074707,0.5552572895481624,13.732156753540039,1.3194010293719876,0.02581591166603719,0.6297407753929325,63.0,1012.7475,658.2876407989158,0.6039776865024677,0.7514667038738327,0.8547619047619047,0.7318444205217619,1.9903767108917236,237.0,0.8534869546668592,63.0,206.12789148493025,0.3506303721597181,1.0158730158730158,0.6297407753929325,47.48625,0.14629948139190674
