cell_mask_area,cell_mask_area_ratio,cell_mask_intensity,domain_area_mean,domain_area_std,domain_oop_mean,domain_oop_std,domain_slen_mean,myof_bending_mean,myof_bending_std,myof_length_max,myof_length_mean,myof_length_std,myof_straightness_mean,myof_straightness_std,n_domains,n_mbands,n_vectors,n_zbands,sarcomere_area,sarcomere_area_ratio,sarcomere_length_mean,sarcomere_length_std,sarcomere_oop,z_intensity_mean,z_intensity_std,z_lat_alignment_mean,z_lat_alignment_std,z_lat_dist_mean,z_lat_dist_std,z_lat_length_groups_mean,z_lat_neighbors_mean,z_lat_neighbors_std,z_length_max,z_length_mean,z_length_std,z_mask_area,z_mask_area_ratio,z_mask_intensity,z_oop,z_straightness_mean,z_straightness_std
2032.605,0.35705449213269097,616.7989993136886,135.1575,106.7499357728144,0.6849971413612366,0.12570597231388092,1.4693033946265104,0.030469826350175533,0.031697625848517624,25.956947326660156,12.396300315856934,4.819431304931641,0.9140997048433875,0.050703969617604476,3.0,163.0,1038.0,161.0,493.671142578125,0.24287608393078094,1.4861553776008736,0.2098287901455817,0.19125615060329437,889.7371287412527,150.75905630246763,0.7795546297943922,0.6766481406905004,1.7028328905139025,0.709911457450047,5.096530810540277,1.1428571428571428,0.6766481406905004,8.549999999999999,1.2111801242236024,1.3062317805235306,99.585,0.04899377891917022,876.0347943967465,0.1486240681150632,0.8173073679315508,0.12054318484772512
