cell_mask_area,cell_mask_area_ratio,cell_mask_intensity,domain_area_mean,domain_area_std,domain_oop_mean,domain_oop_std,domain_slen_mean,myof_bending_mean,myof_bending_std,myof_length_max,myof_length_mean,myof_length_std,myof_straightness_mean,myof_straightness_std,n_domains,n_mbands,n_vectors,n_zbands,sarcomere_area,sarcomere_area_ratio,sarcomere_length_mean,sarcomere_length_std,sarcomere_oop,z_intensity_mean,z_intensity_std,z_lat_alignment_mean,z_lat_alignment_std,z_lat_dist_mean,z_lat_dist_std,z_lat_length_groups_mean,z_lat_neighbors_mean,z_lat_neighbors_std,z_length_max,z_length_mean,z_length_std,z_mask_area,z_mask_area_ratio,z_mask_intensity,z_oop,z_straightness_mean,z_straightness_std
1069.8525,0.37943279389702833,724.0205261940314,28.845,4.162500000000001,0.8412439227104187,0.0690770149230957,1.4747042618448454,0.02968905110734911,0.01913358094726287,9.210668563842773,7.299495220184326,1.0969109535217285,0.956706250512794,0.019958708719005073,2.0,55.0,175.0,54.0,115.76624298095703,0.10820766692694277,1.4412377826179112,0.25499018186328487,0.37784671783447266,1311.6143641902597,284.3191187882967,0.6463535357725537,0.6849348892187751,1.5552155907636287,0.5987047046654906,2.3805917395768543,0.7777777777777778,0.6849348892187751,2.85,0.8500000000000002,0.635741037425355,26.482499999999998,0.02475341226944836,1340.6015293118096,0.307648583288034,0.8202994811616467,0.08892845412394311
