cell_mask_area,cell_mask_area_ratio,cell_mask_intensity,domain_area_mean,domain_area_std,domain_oop_mean,domain_oop_std,domain_slen_mean,myof_bending_mean,myof_bending_std,myof_length_max,myof_length_mean,myof_length_std,myof_straightness_mean,myof_straightness_std,n_domains,n_mbands,n_vectors,n_zbands,sarcomere_area,sarcomere_area_ratio,sarcomere_length_mean,sarcomere_length_std,sarcomere_oop,z_intensity_mean,z_intensity_std,z_lat_alignment_mean,z_lat_alignment_std,z_lat_dist_mean,z_lat_dist_std,z_lat_length_groups_mean,z_lat_neighbors_mean,z_lat_neighbors_std,z_length_max,z_length_mean,z_length_std,z_mask_area,z_mask_area_ratio,z_mask_intensity,z_oop,z_straightness_mean,z_straightness_std
1035.99,0.20853260869565218,651.3148075753627,50.887499999999996,7.871835078302898,0.8502834439277649,0.06738721579313278,1.479664989683333,0.02022834439730117,0.015235122603807503,19.242267608642578,12.146900177001953,4.0462727546691895,0.9617783852200582,0.020972315014575506,3.0,72.0,401.0,78.0,168.0505828857422,0.16221255309968455,1.4752077625763376,0.2304551858007887,0.8457796573638916,1043.9283479141923,182.4435417334921,0.8125634203961728,0.6749972605686247,1.6011348416241562,0.7085140922643592,3.2974012928207053,0.9230769230769231,0.6749972605686247,3.15,1.0365384615384612,0.7656768866007096,38.6325,0.03729041786117627,1039.7740244612696,0.7172491251587468,0.839184012882716,0.11156895557982834
