sarcomere_area,cell_mask_area_ratio,domain_area_std,domain_oop_mean,sarcomere_length_mean,z_mask_intensity,myof_straightness_std,z_mask_area,z_straightness_std,myof_length_mean,myof_bending_std,sarcomere_oop,n_domains,myof_straightness_mean,z_intensity_mean,myof_bending_mean,z_lat_dist_mean,z_lat_length_groups_mean,z_length_max,sarcomere_area_ratio,z_length_std,myof_length_max,domain_slen_mean,z_mask_area_ratio,z_lat_alignment_std,n_zbands,cell_mask_area,cell_mask_intensity,z_oop,z_lat_alignment_mean,z_length_mean,z_lat_dist_std,myof_length_std,n_vectors,z_straightness_mean,n_mbands,z_intensity_std,sarcomere_length_std,z_lat_neighbors_mean,z_lat_neighbors_std,domain_area_mean,domain_oop_std
71.74404907226562,0.22729244444444446,0.0,0.7906106114387512,1.4096699578812901,1378.455298013245,0.029012394158492032,13.59,0.1399007789564082,8.253130912780762,0.01764695680684816,0.7796987891197205,1.0,0.9409233106201449,1349.9844889020608,0.03449244252326492,1.7813077345397694,2.737538489693179,4.5,0.09975985993842272,0.899499861033897,10.78032398223877,1.4027678991482189,0.018896849482213807,0.6531972647421808,30.0,719.1675,711.640177705472,0.6675435902337842,0.8640757585681991,0.9299999999999999,0.9007317885301913,1.7529187202453613,144.0,0.8145691840437673,34.0,264.0372370027215,0.36510372340861,0.8,0.6531972647421808,53.9775,0.0
