sarcomere_area,cell_mask_area_ratio,domain_area_std,domain_oop_mean,sarcomere_length_mean,z_mask_intensity,myof_straightness_std,z_mask_area,z_straightness_std,myof_length_mean,myof_bending_std,sarcomere_oop,n_domains,myof_straightness_mean,z_intensity_mean,myof_bending_mean,z_lat_dist_mean,z_lat_length_groups_mean,z_length_max,sarcomere_area_ratio,z_length_std,myof_length_max,domain_slen_mean,z_mask_area_ratio,z_lat_alignment_std,n_zbands,cell_mask_area,cell_mask_intensity,z_oop,z_lat_alignment_mean,z_length_mean,z_lat_dist_std,myof_length_std,n_vectors,z_straightness_mean,n_mbands,z_intensity_std,sarcomere_length_std,z_lat_neighbors_mean,z_lat_neighbors_std,domain_area_mean,domain_oop_std
76.92112731933594,0.13579457836214592,0.0,0.8675403594970703,1.4161697263513595,965.8257575757576,0.038984333431894766,17.82,0.11173918487901192,6.023598670959473,0.04891505207493698,0.7962053418159485,1.0,0.9510084597803046,974.1427560448028,0.05518658061352926,1.794744428945339,1.4077816398165806,2.4,0.12770701418559074,0.681093891390085,8.534660339355469,1.4231229047530989,0.029585356742622342,0.531581484978049,27.0,602.3249999999999,630.3019424729174,0.642355555173989,0.7415771554731537,0.9333333333333331,0.6888522590292308,1.1805192232131958,139.0,0.8178477605949601,36.0,212.41836777588307,0.3259446946394367,0.2962962962962963,0.531581484978049,34.4925,0.0
