cell_mask_area,cell_mask_area_ratio,cell_mask_intensity,domain_area_mean,domain_area_std,domain_oop_mean,domain_oop_std,domain_slen_mean,myof_bending_mean,myof_bending_std,myof_length_max,myof_length_mean,myof_length_std,myof_straightness_mean,myof_straightness_std,n_domains,n_mbands,n_vectors,n_zbands,sarcomere_area,sarcomere_area_ratio,sarcomere_length_mean,sarcomere_length_std,sarcomere_oop,z_intensity_mean,z_intensity_std,z_lat_alignment_mean,z_lat_alignment_std,z_lat_dist_mean,z_lat_dist_std,z_lat_length_groups_mean,z_lat_neighbors_mean,z_lat_neighbors_std,z_length_max,z_length_mean,z_length_std,z_mask_area,z_mask_area_ratio,z_mask_intensity,z_oop,z_straightness_mean,z_straightness_std
1035.99,0.20853260869565218,651.3148075753627,51.0,7.9524972492921995,0.8502845764160156,0.06738679111003876,1.480637621792699,0.02126177136578444,0.018196501842184794,19.420072555541992,11.878758430480957,4.200066566467285,0.9606174220722692,0.021695995927333515,3.0,72.0,401.0,78.0,168.05052185058594,0.16221249418487238,1.4763951876728845,0.22911962025265542,0.8457805514335632,1043.9283479141923,182.4435417334921,0.8125600206708925,0.6749972605686247,1.6011348416241562,0.7085140922643592,3.2974012928207053,0.9230769230769231,0.6749972605686247,3.15,1.0365384615384612,0.7656768866007096,38.6325,0.03729041786117627,1039.7740244612696,0.7172491251587468,0.839184012882716,0.11156895557982834
