sarcomere_area,cell_mask_area_ratio,domain_area_std,domain_oop_mean,sarcomere_length_mean,z_mask_intensity,myof_straightness_std,z_mask_area,z_straightness_std,myof_length_mean,myof_bending_std,sarcomere_oop,n_domains,myof_straightness_mean,z_intensity_mean,myof_bending_mean,z_lat_dist_mean,z_lat_length_groups_mean,z_length_max,sarcomere_area_ratio,z_length_std,myof_length_max,domain_slen_mean,z_mask_area_ratio,z_lat_alignment_std,n_zbands,cell_mask_area,cell_mask_intensity,z_oop,z_lat_alignment_mean,z_length_mean,z_lat_dist_std,myof_length_std,n_vectors,z_straightness_mean,n_mbands,z_intensity_std,sarcomere_length_std,z_lat_neighbors_mean,z_lat_neighbors_std,domain_area_mean,domain_oop_std
64.15892791748047,0.1932684696732071,0.0,0.8612831234931946,1.4081038936613184,1127.0430107526881,0.015291112108857974,12.555,0.11695731987624171,8.733317375183105,0.025278153450513402,0.6119223833084106,1.0,0.9661995039416368,1115.3836200072296,0.029121967487529613,2.128023287395856,2.215385188235687,3.5999999999999996,0.07253715009650165,0.7499716440764373,10.384862899780273,1.4243898650506712,0.014194500267100812,0.48804226784007926,23.0,884.4975,674.8376790211391,0.4007451087094314,0.7292010062235087,0.8934782608695653,0.6517140277876649,1.348219394683838,100.0,0.8588879220670261,26.0,130.07003798698258,0.17184950626446865,0.6086956521739131,0.48804226784007926,36.495,0.0
