cell_mask_area,cell_mask_area_ratio,cell_mask_intensity,domain_area_mean,domain_area_std,domain_oop_mean,domain_oop_std,domain_slen_mean,myof_bending_mean,myof_bending_std,myof_length_max,myof_length_mean,myof_length_std,myof_straightness_mean,myof_straightness_std,n_domains,n_mbands,n_vectors,n_zbands,sarcomere_area,sarcomere_area_ratio,sarcomere_length_mean,sarcomere_length_std,sarcomere_oop,z_intensity_mean,z_intensity_std,z_lat_alignment_mean,z_lat_alignment_std,z_lat_dist_mean,z_lat_dist_std,z_lat_length_groups_mean,z_lat_neighbors_mean,z_lat_neighbors_std,z_length_max,z_length_mean,z_length_std,z_mask_area,z_mask_area_ratio,z_mask_intensity,z_oop,z_straightness_mean,z_straightness_std
1036.1475,0.2085643115942029,651.2941087055656,50.910000000000004,8.01828223499273,0.8447116017341614,0.06888046860694885,1.478233875840379,0.025341900863140417,0.019577108719920456,18.008586883544922,11.617393493652344,4.160153865814209,0.9572779293225278,0.0234714442661047,3.0,72.0,401.0,78.0,168.08489990234375,0.16222101573602576,1.4748405932302304,0.22954944750675724,0.8394548892974854,1043.9606725128808,182.33965426936425,0.8143361268823888,0.6749972605686247,1.610340899133433,0.7012860960963985,3.2874350564000863,0.9230769230769231,0.6749972605686247,3.15,1.0269230769230766,0.7542483228648099,38.61,0.03726303446179236,1039.9329836829836,0.7174686290853469,0.8398074692515138,0.11090390298144376
