cell_mask_area,cell_mask_area_ratio,cell_mask_intensity,domain_area_mean,domain_area_std,domain_oop_mean,domain_oop_std,domain_slen_mean,myof_bending_mean,myof_bending_std,myof_length_max,myof_length_mean,myof_length_std,myof_straightness_mean,myof_straightness_std,n_domains,n_mbands,n_vectors,n_zbands,sarcomere_area,sarcomere_area_ratio,sarcomere_length_mean,sarcomere_length_std,sarcomere_oop,z_intensity_mean,z_intensity_std,z_lat_alignment_mean,z_lat_alignment_std,z_lat_dist_mean,z_lat_dist_std,z_lat_length_groups_mean,z_lat_neighbors_mean,z_lat_neighbors_std,z_length_max,z_length_mean,z_length_std,z_mask_area,z_mask_area_ratio,z_mask_intensity,z_oop,z_straightness_mean,z_straightness_std
1485.6975,0.2938943189303708,630.5257530553831,168.3075,57.45379980906398,0.6920514106750488,0.25271904468536377,1.595211494439993,0.021460450392907816,0.014011532028727194,42.152099609375,16.09944725036621,7.448360443115234,0.8807399789463111,0.1137603783482788,3.0,136.0,1380.0,137.0,544.1697387695312,0.36627223157441624,1.6026573044337566,0.25718312694758144,0.09554910659790039,983.9846358407991,156.47409081387036,0.8003463592097552,0.607990202130184,1.690448697021181,0.7005207752704737,5.171932851477455,0.948905109489051,0.607990202130184,7.949999999999999,1.916058394160584,1.432800513141566,113.0625,0.07610061940603656,1008.912039800995,0.15236525200777776,0.7815984597436373,0.1339928701027446
