sarcomere_area,cell_mask_area_ratio,domain_area_std,domain_oop_mean,sarcomere_length_mean,z_mask_intensity,myof_straightness_std,z_mask_area,z_straightness_std,myof_length_mean,myof_bending_std,sarcomere_oop,n_domains,myof_straightness_mean,z_intensity_mean,myof_bending_mean,z_lat_dist_mean,z_lat_length_groups_mean,z_length_max,sarcomere_area_ratio,z_length_std,myof_length_max,domain_slen_mean,z_mask_area_ratio,z_lat_alignment_std,n_zbands,cell_mask_area,cell_mask_intensity,z_oop,z_lat_alignment_mean,z_length_mean,z_lat_dist_std,myof_length_std,n_vectors,z_straightness_mean,n_mbands,z_intensity_std,sarcomere_length_std,z_lat_neighbors_mean,z_lat_neighbors_std,domain_area_mean,domain_oop_std
362.6072998046875,0.25265311215309244,47.40964458841681,0.79325932264328,1.433871258195768,842.535138424095,0.03625718018020981,73.9575,0.11813211492886976,11.379568099975586,0.018435225704217132,0.20024684071540833,3.0,0.9357558211538188,829.4566002502761,0.027608289745752163,1.7972438355310745,3.438064455595674,8.1,0.209446747564097,1.169500473908141,27.104206085205078,1.4435810764178658,0.04271882513483657,0.6505388991375418,133.0,1731.2625,593.1902267853661,0.32449726385360156,0.8298250537696429,1.1943609022556392,0.6468904290716478,4.592652797698975,833.0,0.8347348881958969,129.0,175.7566528630068,0.2713451652695271,0.8571428571428571,0.6505388991375418,98.91000000000001,0.04203028231859207
