sarcomere_area,cell_mask_area_ratio,domain_area_std,domain_oop_mean,sarcomere_length_mean,z_mask_intensity,myof_straightness_std,z_mask_area,z_straightness_std,myof_length_mean,myof_bending_std,sarcomere_oop,n_domains,myof_straightness_mean,z_intensity_mean,myof_bending_mean,z_lat_dist_mean,z_lat_length_groups_mean,z_length_max,sarcomere_area_ratio,z_length_std,myof_length_max,domain_slen_mean,z_mask_area_ratio,z_lat_alignment_std,n_zbands,cell_mask_area,cell_mask_intensity,z_oop,z_lat_alignment_mean,z_length_mean,z_lat_dist_std,myof_length_std,n_vectors,z_straightness_mean,n_mbands,z_intensity_std,sarcomere_length_std,z_lat_neighbors_mean,z_lat_neighbors_std,domain_area_mean,domain_oop_std
44.14097213745117,0.26994038117440916,,,1.4213710854983839,991.8109589041096,0.0006313016622763734,8.2125,0.09297939629663628,5.76936674118042,0.000999511980837154,0.6038228273391724,0.0,0.9709283313652466,998.3613257489454,0.0072525010669219105,1.5640690065918132,1.0059042236870697,1.3499999999999999,0.05395844061518012,0.27383298583668003,5.879631519317627,,0.010039056053688322,0.4810456929208346,22.0,818.055,648.3739204576709,0.4791527378093853,0.7989459893234647,0.5386363636363636,0.9065391015388695,0.12250427901744843,61.0,0.8795715558950853,25.0,213.20964048654997,0.3460634033336761,0.36363636363636365,0.4810456929208346,,
