cell_mask_area,cell_mask_area_ratio,cell_mask_intensity,domain_area_mean,domain_area_std,domain_oop_mean,domain_oop_std,domain_slen_mean,myof_bending_mean,myof_bending_std,myof_length_max,myof_length_mean,myof_length_std,myof_straightness_mean,myof_straightness_std,n_domains,n_mbands,n_vectors,n_zbands,sarcomere_area,sarcomere_area_ratio,sarcomere_length_mean,sarcomere_length_std,sarcomere_oop,z_intensity_mean,z_intensity_std,z_lat_alignment_mean,z_lat_alignment_std,z_lat_dist_mean,z_lat_dist_std,z_lat_length_groups_mean,z_lat_neighbors_mean,z_lat_neighbors_std,z_length_max,z_length_mean,z_length_std,z_mask_area,z_mask_area_ratio,z_mask_intensity,z_oop,z_straightness_mean,z_straightness_std
602.3249999999999,0.13579457836214592,630.3019424729174,26.28,0.2475000000000005,0.9240970015525818,0.016579031944274902,1.4669541421659096,0.07936610550783285,0.016452608462970666,7.602200508117676,6.43683385848999,0.7805683016777039,0.9394047790858299,0.024124400715290758,2.0,36.0,136.0,27.0,76.92107391357422,0.12770692551956872,1.406955732041676,0.3177276787212444,0.7925965189933777,974.1427560448028,212.41836777588307,0.7415762782902977,0.531581484978049,1.794744428945339,0.6888522590292308,1.4077816398165806,0.2962962962962963,0.531581484978049,2.4,0.9333333333333331,0.681093891390085,17.82,0.029585356742622342,965.8257575757576,0.642355555173989,0.8178477605949601,0.11173918487901192
