cell_mask_area,cell_mask_area_ratio,cell_mask_intensity,domain_area_mean,domain_area_std,domain_oop_mean,domain_oop_std,domain_slen_mean,myof_bending_mean,myof_bending_std,myof_length_max,myof_length_mean,myof_length_std,myof_straightness_mean,myof_straightness_std,n_domains,n_mbands,n_vectors,n_zbands,sarcomere_area,sarcomere_area_ratio,sarcomere_length_mean,sarcomere_length_std,sarcomere_oop,z_intensity_mean,z_intensity_std,z_lat_alignment_mean,z_lat_alignment_std,z_lat_dist_mean,z_lat_dist_std,z_lat_length_groups_mean,z_lat_neighbors_mean,z_lat_neighbors_std,z_length_max,z_length_mean,z_length_std,z_mask_area,z_mask_area_ratio,z_mask_intensity,z_oop,z_straightness_mean,z_straightness_std
1055.79,0.19228310577127966,651.5213110561759,123.435,36.0,0.415050745010376,0.019647732377052307,1.4065905771914284,0.03009166048978001,0.019530271085801527,30.43536376953125,13.174449920654297,5.49583101272583,0.893424787232493,0.10000171968057756,2.0,111.0,624.0,97.0,288.003662109375,0.27278498764846704,1.4125558252257389,0.24411161769297812,0.35316821932792664,1029.1418871233948,151.50616830145896,0.7936490550112969,0.7495348754347849,1.737179939697581,0.7125887875831564,4.364074596983873,1.0721649484536082,0.7495348754347849,3.9,1.0932989690721648,0.8994737541078305,60.6825,0.05747591850652118,1030.9432703003338,0.3562998046346173,0.8177643711315827,0.10859415616659403
