cell_mask_area,cell_mask_area_ratio,cell_mask_intensity,domain_area_mean,domain_area_std,domain_oop_mean,domain_oop_std,domain_slen_mean,myof_bending_mean,myof_bending_std,myof_length_max,myof_length_mean,myof_length_std,myof_straightness_mean,myof_straightness_std,n_domains,n_mbands,n_vectors,n_zbands,sarcomere_area,sarcomere_area_ratio,sarcomere_length_mean,sarcomere_length_std,sarcomere_oop,z_intensity_mean,z_intensity_std,z_lat_alignment_mean,z_lat_alignment_std,z_lat_dist_mean,z_lat_dist_std,z_lat_length_groups_mean,z_lat_neighbors_mean,z_lat_neighbors_std,z_length_max,z_length_mean,z_length_std,z_mask_area,z_mask_area_ratio,z_mask_intensity,z_oop,z_straightness_mean,z_straightness_std
966.78,0.2568612095814827,552.5653742319865,32.7825,0.0,0.9474171996116638,0.0,1.364485962951414,0.039710147433940295,0.044975023773375804,12.698261260986328,8.448760986328125,3.1154658794403076,0.9583109460632923,0.02432096468819988,1.0,32.0,139.0,28.0,65.50948333740234,0.06776048670576795,1.3993613455170109,0.17578276747957444,0.4939384162425995,796.2491702108179,90.1765698288206,0.6551571848339942,0.5624291338579865,2.1922801868814354,0.646264328434659,1.8388036873313007,0.42857142857142855,0.5624291338579865,1.7999999999999998,0.975,0.5325980794987101,15.862499999999999,0.016407559113759077,776.090780141844,0.4825613846641217,0.8332132304975038,0.0966506709903152
