cell_mask_area,cell_mask_area_ratio,cell_mask_intensity,domain_area_mean,domain_area_std,domain_oop_mean,domain_oop_std,domain_slen_mean,myof_bending_mean,myof_bending_std,myof_length_max,myof_length_mean,myof_length_std,myof_straightness_mean,myof_straightness_std,n_domains,n_mbands,n_vectors,n_zbands,sarcomere_area,sarcomere_area_ratio,sarcomere_length_mean,sarcomere_length_std,sarcomere_oop,z_intensity_mean,z_intensity_std,z_lat_alignment_mean,z_lat_alignment_std,z_lat_dist_mean,z_lat_dist_std,z_lat_length_groups_mean,z_lat_neighbors_mean,z_lat_neighbors_std,z_length_max,z_length_mean,z_length_std,z_mask_area,z_mask_area_ratio,z_mask_intensity,z_oop,z_straightness_mean,z_straightness_std
719.1675,0.22729244444444446,711.640177705472,54.225,0.0,0.7906076908111572,0.0,1.4076446759726053,0.037457066247375326,0.016362929231186717,10.79938793182373,8.407563209533691,1.6954340934753418,0.942022004561307,0.029659761743928002,1.0,34.0,144.0,30.0,71.7440414428711,0.09975984932977518,1.4132002687740315,0.3652905957642674,0.7796958684921265,1349.9844889020608,264.0372370027215,0.864075719949804,0.6531972647421808,1.7813077345397694,0.9007317885301913,2.737538489693179,0.8,0.6531972647421808,4.5,0.9299999999999999,0.899499861033897,13.59,0.018896849482213807,1378.455298013245,0.6675435902337842,0.8145691840437673,0.1399007789564082
