sarcomere_area,cell_mask_area_ratio,domain_area_std,domain_oop_mean,sarcomere_length_mean,z_mask_intensity,myof_straightness_std,z_mask_area,z_straightness_std,myof_length_mean,myof_bending_std,sarcomere_oop,n_domains,myof_straightness_mean,z_intensity_mean,myof_bending_mean,z_lat_dist_mean,z_lat_length_groups_mean,z_length_max,sarcomere_area_ratio,z_length_std,myof_length_max,domain_slen_mean,z_mask_area_ratio,z_lat_alignment_std,n_zbands,cell_mask_area,cell_mask_intensity,z_oop,z_lat_alignment_mean,z_length_mean,z_lat_dist_std,myof_length_std,n_vectors,z_straightness_mean,n_mbands,z_intensity_std,sarcomere_length_std,z_lat_neighbors_mean,z_lat_neighbors_std,domain_area_mean,domain_oop_std
175.67892456054688,0.25870470637234483,16.01745415164345,0.7371814846992493,1.5134737300231962,941.3076496674057,0.041370211878292935,40.589999999999996,0.10467999281629804,13.912446975708008,0.015672072647693703,0.6463889479637146,3.0,0.9324232312177402,936.2133938222503,0.030083822027287332,1.6839397619388785,2.0473270238265817,3.5999999999999996,0.12570155683314777,0.5826246910423939,30.971874237060547,1.5175291000702122,0.029042904290429043,0.642416074439621,84.0,1397.5874999999999,608.4776624003864,0.5356147836479201,0.6686350364220983,0.8035714285714284,0.6956295347308094,8.092021942138672,304.0,0.8584809138357027,76.0,199.66488295982347,0.2328881495084319,0.6666666666666666,0.642416074439621,48.72,0.1557273268699646
