cell_mask_area,cell_mask_area_ratio,cell_mask_intensity,domain_area_mean,domain_area_std,domain_oop_mean,domain_oop_std,domain_slen_mean,myof_bending_mean,myof_bending_std,myof_length_max,myof_length_mean,myof_length_std,myof_straightness_mean,myof_straightness_std,n_domains,n_mbands,n_vectors,n_zbands,sarcomere_area,sarcomere_area_ratio,sarcomere_length_mean,sarcomere_length_std,sarcomere_oop,z_intensity_mean,z_intensity_std,z_lat_alignment_mean,z_lat_alignment_std,z_lat_dist_mean,z_lat_dist_std,z_lat_length_groups_mean,z_lat_neighbors_mean,z_lat_neighbors_std,z_length_max,z_length_mean,z_length_std,z_mask_area,z_mask_area_ratio,z_mask_intensity,z_oop,z_straightness_mean,z_straightness_std
1737.7875,0.41966192315842665,647.7972033404544,53.730000000000004,20.0025,0.5514215230941772,0.11237476766109467,1.3898478548819848,0.04048776033679806,0.029205339159696482,17.16135597229004,10.223889350891113,3.7113027572631836,0.9272903217526269,0.030856286539553843,2.0,96.0,315.0,82.0,182.34814453125,0.10493120967393885,1.3854107732080938,0.25462727371278754,0.1698135882616043,1131.3247216370141,291.10438298083994,0.7488486425293945,0.6898602743283391,1.9106881881390358,0.7338920702548088,1.958533801635981,0.6341463414634146,0.6898602743283391,2.6999999999999997,0.7317073170731707,0.47802389183593386,38.97,0.02242506635592672,1143.0866050808313,0.05061326967494121,0.8564059408785802,0.09917585420958624
