cell_mask_area,cell_mask_area_ratio,cell_mask_intensity,domain_area_mean,domain_area_std,domain_oop_mean,domain_oop_std,domain_slen_mean,myof_bending_mean,myof_bending_std,myof_length_max,myof_length_mean,myof_length_std,myof_straightness_mean,myof_straightness_std,n_domains,n_mbands,n_vectors,n_zbands,sarcomere_area,sarcomere_area_ratio,sarcomere_length_mean,sarcomere_length_std,sarcomere_oop,z_intensity_mean,z_intensity_std,z_lat_alignment_mean,z_lat_alignment_std,z_lat_dist_mean,z_lat_dist_std,z_lat_length_groups_mean,z_lat_neighbors_mean,z_lat_neighbors_std,z_length_max,z_length_mean,z_length_std,z_mask_area,z_mask_area_ratio,z_mask_intensity,z_oop,z_straightness_mean,z_straightness_std
1568.1825,0.12980697598188212,552.3582507138041,254.42999999999998,11.047499999999985,0.7385343909263611,0.18893218040466309,1.5897006137696645,0.013928358220779485,0.011151168772859895,38.31901550292969,19.63978385925293,10.059773445129395,0.9647091556682279,0.015834259109396023,2.0,179.0,1202.0,180.0,592.6201171875,0.37790251911846995,1.5915187931594592,0.2304307467855729,0.7370538115501404,747.5372144875752,111.53161824268969,0.8631437211828276,0.6716480559869962,1.6282176825932704,0.6569943326168046,4.807248780106595,1.0666666666666667,0.6716480559869962,7.35,1.375,1.2689070099893058,112.7025,0.07186822962250887,737.413056498303,0.6839565634053071,0.8201285281666276,0.1058154359235304
