sarcomere_area,cell_mask_area_ratio,domain_area_std,domain_oop_mean,sarcomere_length_mean,z_mask_intensity,myof_straightness_std,z_mask_area,z_straightness_std,myof_length_mean,myof_bending_std,sarcomere_oop,n_domains,myof_straightness_mean,z_intensity_mean,myof_bending_mean,z_lat_dist_mean,z_lat_length_groups_mean,z_length_max,sarcomere_area_ratio,z_length_std,myof_length_max,domain_slen_mean,z_mask_area_ratio,z_lat_alignment_std,n_zbands,cell_mask_area,cell_mask_intensity,z_oop,z_lat_alignment_mean,z_length_mean,z_lat_dist_std,myof_length_std,n_vectors,z_straightness_mean,n_mbands,z_intensity_std,sarcomere_length_std,z_lat_neighbors_mean,z_lat_neighbors_std,domain_area_mean,domain_oop_std
340.2794494628906,0.21822768518803762,22.170678297514378,0.8527578115463257,1.6810653761661871,841.083489329839,0.024903600628945147,60.0975,0.08119946941352195,18.60235595703125,0.015562769802314812,0.597808837890625,4.0,0.9507911899205297,838.1662995343355,0.017894269810576836,1.9271417574610754,2.6198028703814353,3.0,0.2372132552307989,0.5434023498871057,56.08979797363281,1.6924016905345685,0.04189475335267822,0.6800322885899264,131.0,1434.4875,562.1345463100934,0.5463084771039622,0.8621157573167195,0.8496183206106869,0.5713306960919352,13.296578407287598,576.0,0.8733040180356423,141.0,204.4601437333421,0.15861274005164896,0.7786259541984732,0.6800322885899264,74.379375,0.0772947296500206
