cell_mask_area,cell_mask_area_ratio,cell_mask_intensity,domain_area_mean,domain_area_std,domain_oop_mean,domain_oop_std,domain_slen_mean,myof_bending_mean,myof_bending_std,myof_length_max,myof_length_mean,myof_length_std,myof_straightness_mean,myof_straightness_std,n_domains,n_mbands,n_vectors,n_zbands,sarcomere_area,sarcomere_area_ratio,sarcomere_length_mean,sarcomere_length_std,sarcomere_oop,z_intensity_mean,z_intensity_std,z_lat_alignment_mean,z_lat_alignment_std,z_lat_dist_mean,z_lat_dist_std,z_lat_length_groups_mean,z_lat_neighbors_mean,z_lat_neighbors_std,z_length_max,z_length_mean,z_length_std,z_mask_area,z_mask_area_ratio,z_mask_intensity,z_oop,z_straightness_mean,z_straightness_std
1434.6675,0.2182550684753328,562.1269858695482,99.39749999999998,39.647240288574935,0.8017556667327881,0.0719723030924797,1.6995607172949807,0.013160990489834415,0.008236485342825676,58.75261688232422,22.976694107055664,14.168244361877441,0.9505590457312137,0.03063515529873243,3.0,141.0,579.0,131.0,340.3116760253906,0.2372059561015989,1.6827444766898159,0.1589694967259801,0.5990976095199585,838.1231808265138,204.37648823667936,0.8614977933418408,0.6800322885899264,1.9271417574610754,0.5713306960919352,2.6198028703814353,0.7786259541984732,0.6800322885899264,3.0,0.8496183206106869,0.5434023498871057,60.12,0.04190518012013236,841.1811377245509,0.5462836293739554,0.8735353388776502,0.08073865517175095
