sarcomere_area,cell_mask_area_ratio,domain_area_std,domain_oop_mean,sarcomere_length_mean,z_mask_intensity,myof_straightness_std,z_mask_area,z_straightness_std,myof_length_mean,myof_bending_std,sarcomere_oop,n_domains,myof_straightness_mean,z_intensity_mean,myof_bending_mean,z_lat_dist_mean,z_lat_length_groups_mean,z_length_max,sarcomere_area_ratio,z_length_std,myof_length_max,domain_slen_mean,z_mask_area_ratio,z_lat_alignment_std,n_zbands,cell_mask_area,cell_mask_intensity,z_oop,z_lat_alignment_mean,z_length_mean,z_lat_dist_std,myof_length_std,n_vectors,z_straightness_mean,n_mbands,z_intensity_std,sarcomere_length_std,z_lat_neighbors_mean,z_lat_neighbors_std,domain_area_mean,domain_oop_std
41.323760986328125,0.2029970275958703,0.0,0.8392664790153503,1.3468449795416952,873.4221218961625,0.011216979267863976,9.9675,0.10701274981174767,10.726011276245117,0.03936363527553139,0.8110328912734985,1.0,0.9664452903481852,863.7030585006668,0.03852013241613293,1.194997364644246,1.2457886414666042,1.65,0.053042934278479746,0.44090815370097197,12.742388725280762,1.3459592246252954,0.012794223826714801,0.4995998398718719,25.0,779.0625,598.9971696750903,0.6322759813435986,0.8707700038502654,0.66,0.6190567813159832,1.3749327659606934,84.0,0.8319980005216062,28.0,106.22849914136388,0.2766233782353202,0.48,0.4995998398718719,34.425,0.0
