cell_mask_area,cell_mask_area_ratio,cell_mask_intensity,domain_area_mean,domain_area_std,domain_oop_mean,domain_oop_std,domain_slen_mean,myof_bending_mean,myof_bending_std,myof_length_max,myof_length_mean,myof_length_std,myof_straightness_mean,myof_straightness_std,n_domains,n_mbands,n_vectors,n_zbands,sarcomere_area,sarcomere_area_ratio,sarcomere_length_mean,sarcomere_length_std,sarcomere_oop,z_intensity_mean,z_intensity_std,z_lat_alignment_mean,z_lat_alignment_std,z_lat_dist_mean,z_lat_dist_std,z_lat_length_groups_mean,z_lat_neighbors_mean,z_lat_neighbors_std,z_length_max,z_length_mean,z_length_std,z_mask_area,z_mask_area_ratio,z_mask_intensity,z_oop,z_straightness_mean,z_straightness_std
602.3249999999999,0.13579457836214592,630.3019424729174,34.4925,0.0,0.8675403594970703,0.0,1.4231229047530989,0.05518658061352926,0.04891505207493698,8.534660339355469,6.023598670959473,1.1805192232131958,0.9510084597803046,0.038984333431894766,1.0,36.0,139.0,27.0,76.92112731933594,0.12770701418559074,1.4161697263513595,0.3259446946394367,0.7962053418159485,974.1427560448028,212.41836777588307,0.7415771554731537,0.531581484978049,1.794744428945339,0.6888522590292308,1.4077816398165806,0.2962962962962963,0.531581484978049,2.4,0.9333333333333331,0.681093891390085,17.82,0.029585356742622342,965.8257575757576,0.642355555173989,0.8178477605949601,0.11173918487901192
