sarcomere_area,cell_mask_area_ratio,domain_area_std,domain_oop_mean,sarcomere_length_mean,z_mask_intensity,myof_straightness_std,z_mask_area,z_straightness_std,myof_length_mean,myof_bending_std,sarcomere_oop,n_domains,myof_straightness_mean,z_intensity_mean,myof_bending_mean,z_lat_dist_mean,z_lat_length_groups_mean,z_length_max,sarcomere_area_ratio,z_length_std,myof_length_max,domain_slen_mean,z_mask_area_ratio,z_lat_alignment_std,n_zbands,cell_mask_area,cell_mask_intensity,z_oop,z_lat_alignment_mean,z_length_mean,z_lat_dist_std,myof_length_std,n_vectors,z_straightness_mean,n_mbands,z_intensity_std,sarcomere_length_std,z_lat_neighbors_mean,z_lat_neighbors_std,domain_area_mean,domain_oop_std
65.49932861328125,0.2570644603989694,0.0,0.9471998810768127,1.3992363048961785,776.090780141844,0.02689527731179435,15.862499999999999,0.0966506709903152,9.595832824707031,0.015057561728088784,0.491653710603714,1.0,0.9592816467409466,796.2491702108179,0.023976084813046,2.1922801868814354,1.8388036873313007,1.7999999999999998,0.06769641578767009,0.5325980794987101,12.741204261779785,1.367583952975544,0.016394586298311704,0.5624291338579865,28.0,967.545,552.5306264824892,0.4825613846641217,0.6569154909785156,0.975,0.646264328434659,2.5636723041534424,137.0,0.8332132304975038,32.0,90.1765698288206,0.16939615574396583,0.42857142857142855,0.5624291338579865,33.0975,0.0
