cell_mask_area,cell_mask_area_ratio,cell_mask_intensity,domain_area_mean,domain_area_std,domain_oop_mean,domain_oop_std,domain_slen_mean,myof_bending_mean,myof_bending_std,myof_length_max,myof_length_mean,myof_length_std,myof_straightness_mean,myof_straightness_std,n_domains,n_mbands,n_vectors,n_zbands,sarcomere_area,sarcomere_area_ratio,sarcomere_length_mean,sarcomere_length_std,sarcomere_oop,z_intensity_mean,z_intensity_std,z_lat_alignment_mean,z_lat_alignment_std,z_lat_dist_mean,z_lat_dist_std,z_lat_length_groups_mean,z_lat_neighbors_mean,z_lat_neighbors_std,z_length_max,z_length_mean,z_length_std,z_mask_area,z_mask_area_ratio,z_mask_intensity,z_oop,z_straightness_mean,z_straightness_std
434.4525,0.06027357065264893,757.9331399865348,57.195,0.0,0.8116845488548279,0.0,1.3637613599543001,0.02370338392743062,0.011071999233091564,14.351700782775879,9.963348388671875,2.782557964324951,0.9355322009293439,0.028454395249374244,1.0,25.0,149.0,25.0,61.84971237182617,0.14236242712799713,1.3637613599543001,0.19638762675927746,0.8116846084594727,1206.8457861934633,229.53138781468067,0.8059189932667244,0.48989794855663565,1.672436749135246,0.5149808929872326,2.974957832756831,0.8,0.48989794855663565,2.6999999999999997,1.1159999999999999,0.6815746474158205,12.465,0.028691283857268633,1177.3393501805053,0.757320695940941,0.8159113334169861,0.09175980801838114
