cell_mask_area,cell_mask_area_ratio,cell_mask_intensity,domain_area_mean,domain_area_std,domain_oop_mean,domain_oop_std,domain_slen_mean,myof_bending_mean,myof_bending_std,myof_length_max,myof_length_mean,myof_length_std,myof_straightness_mean,myof_straightness_std,n_domains,n_mbands,n_vectors,n_zbands,sarcomere_area,sarcomere_area_ratio,sarcomere_length_mean,sarcomere_length_std,sarcomere_oop,z_intensity_mean,z_intensity_std,z_lat_alignment_mean,z_lat_alignment_std,z_lat_dist_mean,z_lat_dist_std,z_lat_length_groups_mean,z_lat_neighbors_mean,z_lat_neighbors_std,z_length_max,z_length_mean,z_length_std,z_mask_area,z_mask_area_ratio,z_mask_intensity,z_oop,z_straightness_mean,z_straightness_std
967.545,0.2570644603989694,552.5306264824892,33.0975,0.0,0.9472001194953918,0.0,1.367699690509521,0.031623717563772843,0.043188816302795585,12.993163108825684,9.449822425842285,3.5630950927734375,0.9588742896179319,0.01903665962925313,1.0,32.0,137.0,28.0,65.499267578125,0.06769635270517134,1.3991354402828318,0.17143709292317777,0.49165377020835876,796.2491702108179,90.1765698288206,0.6569059550697668,0.5624291338579865,2.1922801868814354,0.646264328434659,1.8388036873313007,0.42857142857142855,0.5624291338579865,1.7999999999999998,0.975,0.5325980794987101,15.862499999999999,0.016394586298311704,776.090780141844,0.4825613846641217,0.8332132304975038,0.0966506709903152
