cell_mask_area,cell_mask_area_ratio,cell_mask_intensity,domain_area_mean,domain_area_std,domain_oop_mean,domain_oop_std,domain_slen_mean,myof_bending_mean,myof_bending_std,myof_length_max,myof_length_mean,myof_length_std,myof_straightness_mean,myof_straightness_std,n_domains,n_mbands,n_vectors,n_zbands,sarcomere_area,sarcomere_area_ratio,sarcomere_length_mean,sarcomere_length_std,sarcomere_oop,z_intensity_mean,z_intensity_std,z_lat_alignment_mean,z_lat_alignment_std,z_lat_dist_mean,z_lat_dist_std,z_lat_length_groups_mean,z_lat_neighbors_mean,z_lat_neighbors_std,z_length_max,z_length_mean,z_length_std,z_mask_area,z_mask_area_ratio,z_mask_intensity,z_oop,z_straightness_mean,z_straightness_std
2650.3199999999997,0.5545214456197833,553.3455073349634,128.2635,70.57426711627971,0.6393158435821533,0.26148176193237305,1.4716499555746447,0.028956590955390604,0.02131329322237023,21.84718894958496,10.30549430847168,3.9428138732910156,0.9411704992690643,0.03954797372357154,5.0,280.0,1582.0,260.0,765.8574829101562,0.28896792949913835,1.441328109392329,0.24758332791866283,0.25474804639816284,672.1349861524461,44.966522728876896,0.7419440181294954,0.6834475778843438,1.7650842979147356,0.7070102196337826,4.374608584809709,1.0461538461538462,0.6834475778843438,6.0,1.163076923076923,0.9363914748025209,160.965,0.060734175495789196,675.2229521945765,0.13976479328099925,0.8096353270939572,0.11607111030441407
