cell_mask_area,cell_mask_area_ratio,cell_mask_intensity,domain_area_mean,domain_area_std,domain_oop_mean,domain_oop_std,domain_slen_mean,myof_bending_mean,myof_bending_std,myof_length_max,myof_length_mean,myof_length_std,myof_straightness_mean,myof_straightness_std,n_domains,n_mbands,n_vectors,n_zbands,sarcomere_area,sarcomere_area_ratio,sarcomere_length_mean,sarcomere_length_std,sarcomere_oop,z_intensity_mean,z_intensity_std,z_lat_alignment_mean,z_lat_alignment_std,z_lat_dist_mean,z_lat_dist_std,z_lat_length_groups_mean,z_lat_neighbors_mean,z_lat_neighbors_std,z_length_max,z_length_mean,z_length_std,z_mask_area,z_mask_area_ratio,z_mask_intensity,z_oop,z_straightness_mean,z_straightness_std
701.4375,0.229032589849834,589.1412991178829,38.16,0.0,0.8642742037773132,0.0,1.4309573106014115,0.027445920859979572,0.011563347220873781,11.373404502868652,8.567787170410156,2.849956512451172,0.9585386311168511,0.021325323741547393,1.0,30.0,74.0,19.0,55.13669204711914,0.07860528136451093,1.426110620392816,0.16831313603744216,0.8358150124549866,909.7331530977623,116.19493007980657,0.6713847992137015,0.48237638894271995,1.9625272519181909,0.7086866624104325,1.9442433470391651,0.631578947368421,0.48237638894271995,1.95,0.7105263157894737,0.5215308809972762,13.9275,0.019855653568564554,911.5282714054928,0.6239984930101417,0.8595145001124515,0.09427923917602891
