sarcomere_area,cell_mask_area_ratio,domain_area_std,domain_oop_mean,sarcomere_length_mean,z_mask_intensity,myof_straightness_std,z_mask_area,z_straightness_std,myof_length_mean,myof_bending_std,sarcomere_oop,n_domains,myof_straightness_mean,z_intensity_mean,myof_bending_mean,z_lat_dist_mean,z_lat_length_groups_mean,z_length_max,sarcomere_area_ratio,z_length_std,myof_length_max,domain_slen_mean,z_mask_area_ratio,z_lat_alignment_std,n_zbands,cell_mask_area,cell_mask_intensity,z_oop,z_lat_alignment_mean,z_length_mean,z_lat_dist_std,myof_length_std,n_vectors,z_straightness_mean,n_mbands,z_intensity_std,sarcomere_length_std,z_lat_neighbors_mean,z_lat_neighbors_std,domain_area_mean,domain_oop_std
34.699371337890625,0.18697675148490767,,,1.4133171142586107,1028.2994652406417,0.027150549423343644,8.415,0.09419627244710717,7.938782215118408,0.0040520458199357744,0.7939164638519287,0.0,0.928636570102189,1015.1083732736265,0.019119994843654696,1.0920164833920787,0.9963760302120048,1.7999999999999998,0.06471650363760084,0.4218717560428913,10.339309692382812,,0.015694502727654217,0.32218973970892123,17.0,536.175,649.5789341166596,0.714449397300124,0.3975462712492083,0.8735294117647058,0.0,1.7183183431625366,60.0,0.8308214254614756,17.0,142.91376428050856,0.21578334436963678,0.11764705882352941,0.32218973970892123,,
