cell_mask_area,cell_mask_area_ratio,cell_mask_intensity,domain_area_mean,domain_area_std,domain_oop_mean,domain_oop_std,domain_slen_mean,myof_bending_mean,myof_bending_std,myof_length_max,myof_length_mean,myof_length_std,myof_straightness_mean,myof_straightness_std,n_domains,n_mbands,n_vectors,n_zbands,sarcomere_area,sarcomere_area_ratio,sarcomere_length_mean,sarcomere_length_std,sarcomere_oop,z_intensity_mean,z_intensity_std,z_lat_alignment_mean,z_lat_alignment_std,z_lat_dist_mean,z_lat_dist_std,z_lat_length_groups_mean,z_lat_neighbors_mean,z_lat_neighbors_std,z_length_max,z_length_mean,z_length_std,z_mask_area,z_mask_area_ratio,z_mask_intensity,z_oop,z_straightness_mean,z_straightness_std
1072.71,0.5112049923870386,600.2019254971054,51.94125,19.96875,0.9221092462539673,0.03595581650733948,1.6026709579741942,0.018401096172750764,0.023262701331535865,20.778186798095703,12.337312698364258,4.332240581512451,0.956966642436815,0.022256307457807198,2.0,63.0,236.0,54.0,161.56275939941406,0.15061177708738993,1.6147619354224292,0.2165762676107498,0.9013885259628296,851.921853532292,124.11176833660946,0.8185570264046822,0.5867770191761059,1.836414757450515,0.4947592555687137,2.0883527263961823,0.6296296296296297,0.5867770191761059,2.85,0.8527777777777777,0.599182828299005,36.7875,0.03429398439466398,844.1553516819572,0.7192108896791791,0.8400949660021029,0.10179486244614436
