cell_mask_area,cell_mask_area_ratio,cell_mask_intensity,domain_area_mean,domain_area_std,domain_oop_mean,domain_oop_std,domain_slen_mean,myof_bending_mean,myof_bending_std,myof_length_max,myof_length_mean,myof_length_std,myof_straightness_mean,myof_straightness_std,n_domains,n_mbands,n_vectors,n_zbands,sarcomere_area,sarcomere_area_ratio,sarcomere_length_mean,sarcomere_length_std,sarcomere_oop,z_intensity_mean,z_intensity_std,z_lat_alignment_mean,z_lat_alignment_std,z_lat_dist_mean,z_lat_dist_std,z_lat_length_groups_mean,z_lat_neighbors_mean,z_lat_neighbors_std,z_length_max,z_length_mean,z_length_std,z_mask_area,z_mask_area_ratio,z_mask_intensity,z_oop,z_straightness_mean,z_straightness_std
1490.3999999999999,0.31223485491260816,604.3531400966184,105.53625,42.91874999999999,0.8702616095542908,0.03419995307922363,1.4519378028457477,0.026739534507797355,0.035887978828057034,21.475568771362305,12.860931396484375,5.140820503234863,0.9568680149498046,0.025810429429522417,2.0,97.0,607.0,103.0,239.42222595214844,0.16064293206665892,1.4474612509446818,0.22901420997148791,0.8760506510734558,1009.9940332221748,165.48462208958537,0.8267284757048822,0.6877460484825179,1.7431261139355907,0.7478744740694022,2.9551317850219228,0.7961165048543689,0.6877460484825179,4.95,1.0849514563106797,0.94434533113667,56.6325,0.037998188405797106,1037.5617798967023,0.7367682938045939,0.8505567396114806,0.10870777536327518
