cell_mask_area,cell_mask_area_ratio,cell_mask_intensity,domain_area_mean,domain_area_std,domain_oop_mean,domain_oop_std,domain_slen_mean,myof_bending_mean,myof_bending_std,myof_length_max,myof_length_mean,myof_length_std,myof_straightness_mean,myof_straightness_std,n_domains,n_mbands,n_vectors,n_zbands,sarcomere_area,sarcomere_area_ratio,sarcomere_length_mean,sarcomere_length_std,sarcomere_oop,z_intensity_mean,z_intensity_std,z_lat_alignment_mean,z_lat_alignment_std,z_lat_dist_mean,z_lat_dist_std,z_lat_length_groups_mean,z_lat_neighbors_mean,z_lat_neighbors_std,z_length_max,z_length_mean,z_length_std,z_mask_area,z_mask_area_ratio,z_mask_intensity,z_oop,z_straightness_mean,z_straightness_std
719.505,0.2273991111111111,711.5440928138095,54.044999999999995,0.0,0.7900725603103638,0.0,1.386390415333899,0.03353242732840846,0.014905436716297276,12.370380401611328,8.579087257385254,2.1564323902130127,0.9308265012181605,0.03364339475797382,1.0,34.0,143.0,30.0,71.6802749633789,0.0996244292442428,1.390169944720559,0.3645496238295606,0.7791337966918945,1349.9844889020608,264.0372370027215,0.8628436191893266,0.6531972647421808,1.7813077345397694,0.9007317885301913,2.737538489693179,0.8,0.6531972647421808,4.5,0.9299999999999999,0.899499861033897,13.567499999999999,0.01885671399086872,1379.0663349917081,0.6675435902337842,0.8145691840437673,0.1399007789564082
