sarcomere_area,cell_mask_area_ratio,domain_area_std,domain_oop_mean,sarcomere_length_mean,z_mask_intensity,myof_straightness_std,z_mask_area,z_straightness_std,myof_length_mean,myof_bending_std,sarcomere_oop,n_domains,myof_straightness_mean,z_intensity_mean,myof_bending_mean,z_lat_dist_mean,z_lat_length_groups_mean,z_length_max,sarcomere_area_ratio,z_length_std,myof_length_max,domain_slen_mean,z_mask_area_ratio,z_lat_alignment_std,n_zbands,cell_mask_area,cell_mask_intensity,z_oop,z_lat_alignment_mean,z_length_mean,z_lat_dist_std,myof_length_std,n_vectors,z_straightness_mean,n_mbands,z_intensity_std,sarcomere_length_std,z_lat_neighbors_mean,z_lat_neighbors_std,domain_area_mean,domain_oop_std
162.66746520996094,0.2373245742139057,6.3675,0.7474710941314697,1.46907398289713,1133.7189421894218,0.039815940136895676,36.585,0.11010519315383586,8.295496940612793,0.02817039899155367,0.5868982076644897,2.0,0.9502393089559,1125.787403746678,0.030302418725651644,1.346832602893267,1.6754147891997162,3.4499999999999997,0.14586230445763562,0.8003280442254304,16.974998474121094,1.502772558441818,0.032805407041258956,0.5557189302262113,68.0,1115.2124999999999,620.715202259659,0.3991514944860148,0.663597643258478,0.9198529411764705,0.45359433653506487,3.810060739517212,349.0,0.8289984744885046,76.0,254.56571374275356,0.36318867754293843,0.5,0.5557189302262113,46.8,0.11603161692619324
