cell_mask_area,cell_mask_area_ratio,cell_mask_intensity,domain_area_mean,domain_area_std,domain_oop_mean,domain_oop_std,domain_slen_mean,myof_bending_mean,myof_bending_std,myof_length_max,myof_length_mean,myof_length_std,myof_straightness_mean,myof_straightness_std,n_domains,n_mbands,n_vectors,n_zbands,sarcomere_area,sarcomere_area_ratio,sarcomere_length_mean,sarcomere_length_std,sarcomere_oop,z_intensity_mean,z_intensity_std,z_lat_alignment_mean,z_lat_alignment_std,z_lat_dist_mean,z_lat_dist_std,z_lat_length_groups_mean,z_lat_neighbors_mean,z_lat_neighbors_std,z_length_max,z_length_mean,z_length_std,z_mask_area,z_mask_area_ratio,z_mask_intensity,z_oop,z_straightness_mean,z_straightness_std
1397.5874999999999,0.25870470637234483,608.4776624003864,48.6975,15.999196464197817,0.7371805310249329,0.1557287573814392,1.5147455196536959,0.029015948662794614,0.022911015996554693,30.989017486572266,14.074981689453125,8.42876148223877,0.9210873024270382,0.05670053565914616,3.0,76.0,304.0,84.0,175.67893981933594,0.12570156775109678,1.5106885555526328,0.23425359717905578,0.646388590335846,936.2133938222503,199.66488295982347,0.6686368523348826,0.642416074439621,1.6839397619388785,0.6956295347308094,2.0473270238265817,0.6666666666666666,0.642416074439621,3.5999999999999996,0.8035714285714284,0.5826246910423939,40.589999999999996,0.029042904290429043,941.3076496674057,0.5356147836479201,0.8584809138357027,0.10467999281629804
