cell_mask_area,cell_mask_area_ratio,cell_mask_intensity,domain_area_mean,domain_area_std,domain_oop_mean,domain_oop_std,domain_slen_mean,myof_bending_mean,myof_bending_std,myof_length_max,myof_length_mean,myof_length_std,myof_straightness_mean,myof_straightness_std,n_domains,n_mbands,n_vectors,n_zbands,sarcomere_area,sarcomere_area_ratio,sarcomere_length_mean,sarcomere_length_std,sarcomere_oop,z_intensity_mean,z_intensity_std,z_lat_alignment_mean,z_lat_alignment_std,z_lat_dist_mean,z_lat_dist_std,z_lat_length_groups_mean,z_lat_neighbors_mean,z_lat_neighbors_std,z_length_max,z_length_mean,z_length_std,z_mask_area,z_mask_area_ratio,z_mask_intensity,z_oop,z_straightness_mean,z_straightness_std
1072.6875,0.5111942699062855,600.2048033560567,52.019999999999996,20.1375,0.9223681092262268,0.03577530384063721,1.600071850562882,0.03108187403056764,0.02589186348079984,16.973526000976562,9.188224792480469,4.274874687194824,0.9548318495213292,0.017243915776084945,2.0,63.0,239.0,54.0,161.76376342773438,0.1508023198067791,1.6020955542367614,0.21673102437617528,0.9040790796279907,852.0395419103252,124.2241240831576,0.8389179979331406,0.5867770191761059,1.8341577343614293,0.49107995594323267,2.0913697698417373,0.6296296296296297,0.5867770191761059,2.85,0.8555555555555555,0.6059631655675873,36.809999999999995,0.034315679077084424,844.3471882640587,0.7188071090992305,0.8397348836975763,0.10251812787452715
