cell_mask_area,cell_mask_area_ratio,cell_mask_intensity,domain_area_mean,domain_area_std,domain_oop_mean,domain_oop_std,domain_slen_mean,myof_bending_mean,myof_bending_std,myof_length_max,myof_length_mean,myof_length_std,myof_straightness_mean,myof_straightness_std,n_domains,n_mbands,n_vectors,n_zbands,sarcomere_area,sarcomere_area_ratio,sarcomere_length_mean,sarcomere_length_std,sarcomere_oop,z_intensity_mean,z_intensity_std,z_lat_alignment_mean,z_lat_alignment_std,z_lat_dist_mean,z_lat_dist_std,z_lat_length_groups_mean,z_lat_neighbors_mean,z_lat_neighbors_std,z_length_max,z_length_mean,z_length_std,z_mask_area,z_mask_area_ratio,z_mask_intensity,z_oop,z_straightness_mean,z_straightness_std
1012.6574999999999,0.35512403736901904,658.2991090274846,46.698750000000004,20.73375,0.6616026759147644,0.1391114592552185,1.3134439621035365,0.030279695865604972,0.023029884563139136,14.5537748336792,8.863153457641602,2.439453601837158,0.9431261745172501,0.04034679490265084,2.0,63.0,238.0,63.0,113.35507202148438,0.1119382140768072,1.3323911396877297,0.33818661259700894,0.5624170899391174,1167.2806268887005,206.08616148606131,0.752051083495711,0.6297407753929325,1.6838007584483283,0.7318444205217619,3.4752136861402096,1.0158730158730158,0.6297407753929325,2.6999999999999997,0.8547619047619047,0.5552572895481624,26.145,0.025818206056835605,1177.8080895008607,0.6036450562145013,0.8536997450970409,0.10680658581817458
