cell_mask_area,cell_mask_area_ratio,cell_mask_intensity,domain_area_mean,domain_area_std,domain_oop_mean,domain_oop_std,domain_slen_mean,myof_bending_mean,myof_bending_std,myof_length_max,myof_length_mean,myof_length_std,myof_straightness_mean,myof_straightness_std,n_domains,n_mbands,n_vectors,n_zbands,sarcomere_area,sarcomere_area_ratio,sarcomere_length_mean,sarcomere_length_std,sarcomere_oop,z_intensity_mean,z_intensity_std,z_lat_alignment_mean,z_lat_alignment_std,z_lat_dist_mean,z_lat_dist_std,z_lat_length_groups_mean,z_lat_neighbors_mean,z_lat_neighbors_std,z_length_max,z_length_mean,z_length_std,z_mask_area,z_mask_area_ratio,z_mask_intensity,z_oop,z_straightness_mean,z_straightness_std
1490.3999999999999,0.31223485491260816,604.3531400966184,105.2775,42.907500000000006,0.8702511787414551,0.03418967127799988,1.4488215620741305,0.026178054492961286,0.03516238789152788,21.75175666809082,11.992258071899414,5.198081016540527,0.9577274999049378,0.025755799524673398,2.0,97.0,608.0,103.0,239.4221954345703,0.1606429115905598,1.4449767967525635,0.2326946943057302,0.8760524392127991,1009.9940332221748,165.48462208958537,0.8267308614488298,0.6877460484825179,1.7431261139355907,0.7478744740694022,2.9551317850219228,0.7961165048543689,0.6877460484825179,4.95,1.0849514563106797,0.94434533113667,56.6325,0.037998188405797106,1037.5617798967023,0.7367682938045939,0.8505567396114806,0.10870777536327518
