cell_mask_area,cell_mask_area_ratio,cell_mask_intensity,domain_area_mean,domain_area_std,domain_oop_mean,domain_oop_std,domain_slen_mean,myof_bending_mean,myof_bending_std,myof_length_max,myof_length_mean,myof_length_std,myof_straightness_mean,myof_straightness_std,n_domains,n_mbands,n_vectors,n_zbands,sarcomere_area,sarcomere_area_ratio,sarcomere_length_mean,sarcomere_length_std,sarcomere_oop,z_intensity_mean,z_intensity_std,z_lat_alignment_mean,z_lat_alignment_std,z_lat_dist_mean,z_lat_dist_std,z_lat_length_groups_mean,z_lat_neighbors_mean,z_lat_neighbors_std,z_length_max,z_length_mean,z_length_std,z_mask_area,z_mask_area_ratio,z_mask_intensity,z_oop,z_straightness_mean,z_straightness_std
824.0849999999999,0.15016563893991078,586.3153770545514,36.074999999999996,12.005900112028252,0.9436883926391602,0.018540846183896065,1.5253058419236603,0.014487870503593306,0.00660011667522866,25.728416442871094,18.217174530029297,4.678836345672607,0.9717908438232842,0.00952844938463755,3.0,56.0,233.0,58.0,90.00048828125,0.10921262767948696,1.5218235708208625,0.18475073368164005,0.9390239715576172,1001.5569245540954,215.93735922521435,0.8490054049828872,0.5581522088358154,1.418600573056082,0.7790682987549661,1.3450697147102824,0.41379310344827586,0.5581522088358154,1.95,0.7732758620689656,0.39568965517241383,24.682499999999997,0.029951400644351006,982.5815861440292,0.865082130506444,0.9004903303043913,0.09329403832203473
