cell_mask_area,cell_mask_area_ratio,cell_mask_intensity,domain_area_mean,domain_area_std,domain_oop_mean,domain_oop_std,domain_slen_mean,myof_bending_mean,myof_bending_std,myof_length_max,myof_length_mean,myof_length_std,myof_straightness_mean,myof_straightness_std,n_domains,n_mbands,n_vectors,n_zbands,sarcomere_area,sarcomere_area_ratio,sarcomere_length_mean,sarcomere_length_std,sarcomere_oop,z_intensity_mean,z_intensity_std,z_lat_alignment_mean,z_lat_alignment_std,z_lat_dist_mean,z_lat_dist_std,z_lat_length_groups_mean,z_lat_neighbors_mean,z_lat_neighbors_std,z_length_max,z_length_mean,z_length_std,z_mask_area,z_mask_area_ratio,z_mask_intensity,z_oop,z_straightness_mean,z_straightness_std
999.855,0.36484101115754386,617.1962959629146,70.3275,10.23352395316491,0.7907490134239197,0.1229996457695961,1.4250980225828842,0.022469249963492557,0.012391306276573867,25.62009048461914,13.716915130615234,5.212054252624512,0.9393287939432768,0.043966473325002926,3.0,96.0,549.0,93.0,245.3790283203125,0.2454146134392612,1.4221999989970813,0.2287603197923626,0.4141315519809723,832.5924474416928,156.72846230928118,0.8100197471071363,0.6965219243312537,1.7280735828786051,0.7513354346763798,3.0890843315447927,0.7956989247311828,0.6965219243312537,5.25,1.1725806451612903,0.8654514680190667,55.6875,0.055695575858499484,840.7830303030303,0.3717905324680499,0.8094436228946095,0.10444418847298588
