sarcomere_area,cell_mask_area_ratio,domain_area_std,domain_oop_mean,sarcomere_length_mean,z_mask_intensity,myof_straightness_std,z_mask_area,z_straightness_std,myof_length_mean,myof_bending_std,sarcomere_oop,n_domains,myof_straightness_mean,z_intensity_mean,myof_bending_mean,z_lat_dist_mean,z_lat_length_groups_mean,z_length_max,sarcomere_area_ratio,z_length_std,myof_length_max,domain_slen_mean,z_mask_area_ratio,z_lat_alignment_std,n_zbands,cell_mask_area,cell_mask_intensity,z_oop,z_lat_alignment_mean,z_length_mean,z_lat_dist_std,myof_length_std,n_vectors,z_straightness_mean,n_mbands,z_intensity_std,sarcomere_length_std,z_lat_neighbors_mean,z_lat_neighbors_std,domain_area_mean,domain_oop_std
161.56275939941406,0.5112049923870386,19.96875,0.9221092462539673,1.6147619354224292,844.1553516819572,0.022256307457807198,36.7875,0.10179486244614436,12.337312698364258,0.023262701331535865,0.9013885259628296,2.0,0.956966642436815,851.921853532292,0.018401096172750764,1.836414757450515,2.0883527263961823,2.85,0.15061177708738993,0.599182828299005,20.778186798095703,1.6026709579741942,0.03429398439466398,0.5867770191761059,54.0,1072.71,600.2019254971054,0.7192108896791791,0.8185570264046822,0.8527777777777777,0.4947592555687137,4.332240581512451,236.0,0.8400949660021029,63.0,124.11176833660946,0.2165762676107498,0.6296296296296297,0.5867770191761059,51.94125,0.03595581650733948
