cell_mask_area,cell_mask_area_ratio,cell_mask_intensity,domain_area_mean,domain_area_std,domain_oop_mean,domain_oop_std,domain_slen_mean,myof_bending_mean,myof_bending_std,myof_length_max,myof_length_mean,myof_length_std,myof_straightness_mean,myof_straightness_std,n_domains,n_mbands,n_vectors,n_zbands,sarcomere_area,sarcomere_area_ratio,sarcomere_length_mean,sarcomere_length_std,sarcomere_oop,z_intensity_mean,z_intensity_std,z_lat_alignment_mean,z_lat_alignment_std,z_lat_dist_mean,z_lat_dist_std,z_lat_length_groups_mean,z_lat_neighbors_mean,z_lat_neighbors_std,z_length_max,z_length_mean,z_length_std,z_mask_area,z_mask_area_ratio,z_mask_intensity,z_oop,z_straightness_mean,z_straightness_std
1485.6975,0.2938943189303708,630.5257530553831,168.4125,57.64846301073429,0.691887617111206,0.2529498040676117,1.5957216068407412,0.020816364130860895,0.01353798410852229,43.632198333740234,15.700772285461426,7.241283416748047,0.8867200388402151,0.11158851722378878,3.0,136.0,1379.0,137.0,544.1697387695312,0.36627223157441624,1.6027445090376877,0.2571558042335556,0.09631489962339401,983.9846358407991,156.47409081387036,0.8003457718593411,0.607990202130184,1.690448697021181,0.7005207752704737,5.171932851477455,0.948905109489051,0.607990202130184,7.949999999999999,1.916058394160584,1.432800513141566,113.0625,0.07610061940603656,1008.912039800995,0.15236525200777776,0.7815984597436373,0.1339928701027446
