sarcomere_area,cell_mask_area_ratio,domain_area_std,domain_oop_mean,sarcomere_length_mean,z_mask_intensity,myof_straightness_std,z_mask_area,z_straightness_std,myof_length_mean,myof_bending_std,sarcomere_oop,n_domains,myof_straightness_mean,z_intensity_mean,myof_bending_mean,z_lat_dist_mean,z_lat_length_groups_mean,z_length_max,sarcomere_area_ratio,z_length_std,myof_length_max,domain_slen_mean,z_mask_area_ratio,z_lat_alignment_std,n_zbands,cell_mask_area,cell_mask_intensity,z_oop,z_lat_alignment_mean,z_length_mean,z_lat_dist_std,myof_length_std,n_vectors,z_straightness_mean,n_mbands,z_intensity_std,sarcomere_length_std,z_lat_neighbors_mean,z_lat_neighbors_std,domain_area_mean,domain_oop_std
108.4472885131836,0.24666692542063692,0.0,0.5930350422859192,1.374162134083037,870.3501544799176,0.04997708531539963,21.8475,0.07881638604722829,7.828995704650879,0.029559874853117906,0.44997838139533997,1.0,0.922626271065054,887.8688580542281,0.04789018010843222,1.7915709955391728,2.8985234125775747,1.7999999999999998,0.09480113861521629,0.3935938456225011,14.103840827941895,1.3906631904319744,0.019098383226466308,0.6240304388872749,46.0,1143.945,568.0742693049054,0.36035808828194626,0.7080724799949831,0.6554347826086956,0.6376809580867328,2.9333248138427734,168.0,0.8709035153106052,56.0,130.5081891814331,0.12159384418788559,0.9565217391304348,0.6240304388872749,58.905,0.0
