cell_mask_area,cell_mask_area_ratio,cell_mask_intensity,domain_area_mean,domain_area_std,domain_oop_mean,domain_oop_std,domain_slen_mean,myof_bending_mean,myof_bending_std,myof_length_max,myof_length_mean,myof_length_std,myof_straightness_mean,myof_straightness_std,n_domains,n_mbands,n_vectors,n_zbands,sarcomere_area,sarcomere_area_ratio,sarcomere_length_mean,sarcomere_length_std,sarcomere_oop,z_intensity_mean,z_intensity_std,z_lat_alignment_mean,z_lat_alignment_std,z_lat_dist_mean,z_lat_dist_std,z_lat_length_groups_mean,z_lat_neighbors_mean,z_lat_neighbors_std,z_length_max,z_length_mean,z_length_std,z_mask_area,z_mask_area_ratio,z_mask_intensity,z_oop,z_straightness_mean,z_straightness_std
622.0799999999999,0.1924798629917642,568.099754050926,31.095,0.0,0.8921261429786682,0.0,1.4254829877545787,0.03061167836301255,0.020937611275181237,13.416082382202148,7.958890438079834,2.8333580493927,0.9653348664650387,0.026388914678350413,1.0,32.0,110.0,31.0,55.950843811035156,0.08994155705220416,1.400686943302182,0.3086177674763789,0.8831090927124023,873.9949664399954,138.2859829025348,0.7849492709347216,0.6642342026443226,2.2763051591636674,0.6183553944079746,1.6576723380894027,0.45161290322580644,0.6642342026443226,2.25,0.7693548387096774,0.5530964769361377,12.014999999999999,0.019314236111111112,875.2116104868913,0.7986444247442597,0.8611624512976406,0.10524866273483194
