cell_mask_area,cell_mask_area_ratio,cell_mask_intensity,domain_area_mean,domain_area_std,domain_oop_mean,domain_oop_std,domain_slen_mean,myof_bending_mean,myof_bending_std,myof_length_max,myof_length_mean,myof_length_std,myof_straightness_mean,myof_straightness_std,n_domains,n_mbands,n_vectors,n_zbands,sarcomere_area,sarcomere_area_ratio,sarcomere_length_mean,sarcomere_length_std,sarcomere_oop,z_intensity_mean,z_intensity_std,z_lat_alignment_mean,z_lat_alignment_std,z_lat_dist_mean,z_lat_dist_std,z_lat_length_groups_mean,z_lat_neighbors_mean,z_lat_neighbors_std,z_length_max,z_length_mean,z_length_std,z_mask_area,z_mask_area_ratio,z_mask_intensity,z_oop,z_straightness_mean,z_straightness_std
734.4225,0.13327208884533726,719.6738764131001,66.375,0.0,0.8490051627159119,0.0,1.3016382607440227,0.03131859066168963,0.017038952119134757,14.849132537841797,10.03711223602295,3.7366952896118164,0.9486698623416797,0.028994024885462044,1.0,45.0,157.0,37.0,79.47666931152344,0.10821655016223418,1.3016382607440227,0.27486339842672675,0.8490051627159119,1566.7943033203094,284.7301691806241,0.7340830285332302,0.6922296472900377,1.7659102890475231,0.779683913443291,2.150284739900741,0.7027027027027027,0.6922296472900377,2.85,0.7743243243243244,0.5083919563685279,16.02,0.02181305719800251,1505.5898876404494,0.7100556420677699,0.8550575576051808,0.09413480421401432
