cell_mask_area,cell_mask_area_ratio,cell_mask_intensity,domain_area_mean,domain_area_std,domain_oop_mean,domain_oop_std,domain_slen_mean,myof_bending_mean,myof_bending_std,myof_length_max,myof_length_mean,myof_length_std,myof_straightness_mean,myof_straightness_std,n_domains,n_mbands,n_vectors,n_zbands,sarcomere_area,sarcomere_area_ratio,sarcomere_length_mean,sarcomere_length_std,sarcomere_oop,z_intensity_mean,z_intensity_std,z_lat_alignment_mean,z_lat_alignment_std,z_lat_dist_mean,z_lat_dist_std,z_lat_length_groups_mean,z_lat_neighbors_mean,z_lat_neighbors_std,z_length_max,z_length_mean,z_length_std,z_mask_area,z_mask_area_ratio,z_mask_intensity,z_oop,z_straightness_mean,z_straightness_std
884.5649999999999,0.19328321886323074,674.8233453731496,36.225,0.0,0.862689197063446,0.0,1.4006618139278442,0.027235745978268198,0.02399345367378721,9.941549301147461,7.603003025054932,1.7114206552505493,0.9694951707332257,0.0083390057887387,1.0,27.0,101.0,25.0,64.2176284790039,0.07259797581749663,1.3927177714111305,0.16829754808983102,0.6156122088432312,1145.4862637399847,161.25914493396226,0.809101602454681,0.571314274283428,2.0355980988185647,0.6893975279291445,1.9666214828738862,0.56,0.571314274283428,3.5999999999999996,0.8459999999999998,0.7371458471700156,12.6,0.014244289566057894,1127.5767857142857,0.39437052065072187,0.862176888301664,0.11622862141524178
