cell_mask_area,cell_mask_area_ratio,cell_mask_intensity,domain_area_mean,domain_area_std,domain_oop_mean,domain_oop_std,domain_slen_mean,myof_bending_mean,myof_bending_std,myof_length_max,myof_length_mean,myof_length_std,myof_straightness_mean,myof_straightness_std,n_domains,n_mbands,n_vectors,n_zbands,sarcomere_area,sarcomere_area_ratio,sarcomere_length_mean,sarcomere_length_std,sarcomere_oop,z_intensity_mean,z_intensity_std,z_lat_alignment_mean,z_lat_alignment_std,z_lat_dist_mean,z_lat_dist_std,z_lat_length_groups_mean,z_lat_neighbors_mean,z_lat_neighbors_std,z_length_max,z_length_mean,z_length_std,z_mask_area,z_mask_area_ratio,z_mask_intensity,z_oop,z_straightness_mean,z_straightness_std
811.7325,0.3105802341597796,605.4757324611248,46.56375,11.396250000000002,0.9142180681228638,0.023942649364471436,1.4366232420008604,0.03264816430368166,0.0186051690661924,24.963275909423828,14.590643882751465,4.713751792907715,0.9238697421804125,0.03008944100176932,2.0,63.0,187.0,43.0,117.7706298828125,0.14508551756004903,1.4450768231764461,0.2670260841489369,0.8982906341552734,1016.9228802975987,257.6984532368616,0.8495883524781418,0.7324658487452849,1.9348235517231285,0.5186114380704454,2.150798331280247,0.6976744186046512,0.7324658487452849,2.85,0.7255813953488371,0.5205511494452305,25.807499999999997,0.03179310918313607,1034.2336530078467,0.7856713660750819,0.8632814643326078,0.07645043908303796
