cell_mask_area,cell_mask_area_ratio,cell_mask_intensity,domain_area_mean,domain_area_std,domain_oop_mean,domain_oop_std,domain_slen_mean,myof_bending_mean,myof_bending_std,myof_length_max,myof_length_mean,myof_length_std,myof_straightness_mean,myof_straightness_std,n_domains,n_mbands,n_vectors,n_zbands,sarcomere_area,sarcomere_area_ratio,sarcomere_length_mean,sarcomere_length_std,sarcomere_oop,z_intensity_mean,z_intensity_std,z_lat_alignment_mean,z_lat_alignment_std,z_lat_dist_mean,z_lat_dist_std,z_lat_length_groups_mean,z_lat_neighbors_mean,z_lat_neighbors_std,z_length_max,z_length_mean,z_length_std,z_mask_area,z_mask_area_ratio,z_mask_intensity,z_oop,z_straightness_mean,z_straightness_std
810.0224999999999,0.22613551422415687,528.0798866698148,,,,,,0.006497630717068895,0.00672462554334767,7.3679585456848145,6.897701740264893,0.44954898953437805,0.9805403152767572,0.008905007920855511,0.0,16.0,51.0,16.0,40.57831954956055,0.05009529926583589,1.6361052677216756,0.29535794856240516,0.8298567533493042,674.7250480778149,31.071458067331296,0.8614570681101716,0.4330127018922193,1.7933441644839987,0.037639177876057084,1.1026205949262855,0.25,0.4330127018922193,2.6999999999999997,0.7406249999999999,0.6195307574083792,10.799999999999999,0.013332962973250742,669.7791666666667,0.8502222707310283,0.8635449509149449,0.0919724419722233
