sarcomere_area,cell_mask_area_ratio,domain_area_std,domain_oop_mean,sarcomere_length_mean,z_mask_intensity,myof_straightness_std,z_mask_area,z_straightness_std,myof_length_mean,myof_bending_std,sarcomere_oop,n_domains,myof_straightness_mean,z_intensity_mean,myof_bending_mean,z_lat_dist_mean,z_lat_length_groups_mean,z_length_max,sarcomere_area_ratio,z_length_std,myof_length_max,domain_slen_mean,z_mask_area_ratio,z_lat_alignment_std,n_zbands,cell_mask_area,cell_mask_intensity,z_oop,z_lat_alignment_mean,z_length_mean,z_lat_dist_std,myof_length_std,n_vectors,z_straightness_mean,n_mbands,z_intensity_std,sarcomere_length_std,z_lat_neighbors_mean,z_lat_neighbors_std,domain_area_mean,domain_oop_std
385.0899353027344,0.23443654697921956,71.01019961949129,0.6677982211112976,1.5653144601674336,905.910033632287,0.06121532575263544,80.28,0.10201876338798141,17.0390567779541,0.03435048564611621,0.5048820972442627,3.0,0.9381133967256527,902.5368497106617,0.02906341850602298,1.9447224715510252,4.569282677513612,3.75,0.31952036284284674,0.8010842652305685,34.09921646118164,1.5780782922817866,0.06661065994586018,0.6858571279792899,125.0,1205.2124999999999,608.4190236161672,0.40277745220022493,0.7120931841467603,1.1819999999999997,0.6335011755424774,5.826091766357422,727.0,0.8132698593894295,129.0,133.0622908712911,0.18383070640311766,1.04,0.6858571279792899,108.76499999999999,0.28464755415916443
