cell_mask_area,cell_mask_area_ratio,cell_mask_intensity,domain_area_mean,domain_area_std,domain_oop_mean,domain_oop_std,domain_slen_mean,myof_bending_mean,myof_bending_std,myof_length_max,myof_length_mean,myof_length_std,myof_straightness_mean,myof_straightness_std,n_domains,n_mbands,n_vectors,n_zbands,sarcomere_area,sarcomere_area_ratio,sarcomere_length_mean,sarcomere_length_std,sarcomere_oop,z_intensity_mean,z_intensity_std,z_lat_alignment_mean,z_lat_alignment_std,z_lat_dist_mean,z_lat_dist_std,z_lat_length_groups_mean,z_lat_neighbors_mean,z_lat_neighbors_std,z_length_max,z_length_mean,z_length_std,z_mask_area,z_mask_area_ratio,z_mask_intensity,z_oop,z_straightness_mean,z_straightness_std
530.0775,0.11790760175968051,745.0196952332442,27.4725,0.0,0.9580135941505432,0.0,1.304714699684101,0.01944958026993559,0.007927635842668947,11.875889778137207,8.858360290527344,2.933243989944458,0.9644291087135607,0.01352163759809522,1.0,24.0,67.0,25.0,37.96506118774414,0.07162171793321569,1.3169119946602397,0.2396797626306601,0.9509443044662476,1361.1935539665014,331.68485902533666,0.8015661576589876,0.664529909033446,1.7594006729067777,0.6534594648294394,2.0021628785100627,0.72,0.664529909033446,1.3499999999999999,0.648,0.32232902444551903,8.5275,0.016087270257651005,1332.910290237467,0.8666490001955452,0.8686453189512012,0.06489182929588039
