cell_mask_area,cell_mask_area_ratio,cell_mask_intensity,domain_area_mean,domain_area_std,domain_oop_mean,domain_oop_std,domain_slen_mean,myof_bending_mean,myof_bending_std,myof_length_max,myof_length_mean,myof_length_std,myof_straightness_mean,myof_straightness_std,n_domains,n_mbands,n_vectors,n_zbands,sarcomere_area,sarcomere_area_ratio,sarcomere_length_mean,sarcomere_length_std,sarcomere_oop,z_intensity_mean,z_intensity_std,z_lat_alignment_mean,z_lat_alignment_std,z_lat_dist_mean,z_lat_dist_std,z_lat_length_groups_mean,z_lat_neighbors_mean,z_lat_neighbors_std,z_length_max,z_length_mean,z_length_std,z_mask_area,z_mask_area_ratio,z_mask_intensity,z_oop,z_straightness_mean,z_straightness_std
622.0799999999999,0.1924798629917642,568.099754050926,31.1175,0.0,0.8921260237693787,0.0,1.4052205752346851,0.035333157121640715,0.01904670378020843,13.557018280029297,8.270342826843262,2.822788715362549,0.9639264213939966,0.02527199356307738,1.0,32.0,110.0,31.0,55.95085144042969,0.08994156931653435,1.3939842197103516,0.2962482894885215,0.8831043243408203,873.9949664399954,138.2859829025348,0.7849475315186228,0.6642342026443226,2.2763051591636674,0.6183553944079746,1.6576723380894027,0.45161290322580644,0.6642342026443226,2.25,0.7693548387096774,0.5530964769361377,12.014999999999999,0.019314236111111112,875.2116104868913,0.7986444247442597,0.8611624512976406,0.10524866273483194
