sarcomere_area,cell_mask_area_ratio,domain_area_std,domain_oop_mean,sarcomere_length_mean,z_mask_intensity,myof_straightness_std,z_mask_area,z_straightness_std,myof_length_mean,myof_bending_std,sarcomere_oop,n_domains,myof_straightness_mean,z_intensity_mean,myof_bending_mean,z_lat_dist_mean,z_lat_length_groups_mean,z_length_max,sarcomere_area_ratio,z_length_std,myof_length_max,domain_slen_mean,z_mask_area_ratio,z_lat_alignment_std,n_zbands,cell_mask_area,cell_mask_intensity,z_oop,z_lat_alignment_mean,z_length_mean,z_lat_dist_std,myof_length_std,n_vectors,z_straightness_mean,n_mbands,z_intensity_std,sarcomere_length_std,z_lat_neighbors_mean,z_lat_neighbors_std,domain_area_mean,domain_oop_std
32.797176361083984,0.20865691682392218,,,1.3214693260277388,1228.9767441860465,0.0239993974819189,6.7725,0.11737752132859083,6.081477642059326,0.01823109718316408,0.7950467467308044,0.0,0.9593965484103633,1305.3480264786945,0.0280464767483346,1.8661809047897286,2.32886306549358,1.65,0.06337894181115891,0.4329614547529319,6.487649440765381,,0.013087525544588896,0.6965680875490321,13.0,517.4775,683.2740553937127,0.6133663051257284,0.7420926380365933,0.7153846153846153,0.5695338713353151,0.4501103460788727,44.0,0.8484797254028025,16.0,237.3850818276453,0.17043740384267533,0.7692307692307693,0.6965680875490321,,
