cell_mask_area,cell_mask_area_ratio,cell_mask_intensity,domain_area_mean,domain_area_std,domain_oop_mean,domain_oop_std,domain_slen_mean,myof_bending_mean,myof_bending_std,myof_length_max,myof_length_mean,myof_length_std,myof_straightness_mean,myof_straightness_std,n_domains,n_mbands,n_vectors,n_zbands,sarcomere_area,sarcomere_area_ratio,sarcomere_length_mean,sarcomere_length_std,sarcomere_oop,z_intensity_mean,z_intensity_std,z_lat_alignment_mean,z_lat_alignment_std,z_lat_dist_mean,z_lat_dist_std,z_lat_length_groups_mean,z_lat_neighbors_mean,z_lat_neighbors_std,z_length_max,z_length_mean,z_length_std,z_mask_area,z_mask_area_ratio,z_mask_intensity,z_oop,z_straightness_mean,z_straightness_std
614.2724999999999,0.09755897098709623,620.2521519358265,26.459999999999997,0.0,0.9525396823883057,0.0,1.4300355689418474,0.01486463081702929,0.011003300850357315,14.752568244934082,10.175687789916992,3.0593881607055664,0.963411052502545,0.024305875531323178,1.0,17.0,81.0,14.0,35.44356918334961,0.057700074776828876,1.4263993448589858,0.38296410701729067,0.9390130639076233,1385.8667895584174,285.1996736738176,0.5817275077304378,0.45175395145262565,1.9592658895170088,1.010582591466488,1.9765443149195014,0.2857142857142857,0.45175395145262565,3.75,1.4142857142857144,1.0263368584138326,9.81,0.01597011098494561,1401.3715596330276,0.9435374686802229,0.7842458943472762,0.1215507210931409
