cell_mask_area,cell_mask_area_ratio,cell_mask_intensity,domain_area_mean,domain_area_std,domain_oop_mean,domain_oop_std,domain_slen_mean,myof_bending_mean,myof_bending_std,myof_length_max,myof_length_mean,myof_length_std,myof_straightness_mean,myof_straightness_std,n_domains,n_mbands,n_vectors,n_zbands,sarcomere_area,sarcomere_area_ratio,sarcomere_length_mean,sarcomere_length_std,sarcomere_oop,z_intensity_mean,z_intensity_std,z_lat_alignment_mean,z_lat_alignment_std,z_lat_dist_mean,z_lat_dist_std,z_lat_length_groups_mean,z_lat_neighbors_mean,z_lat_neighbors_std,z_length_max,z_length_mean,z_length_std,z_mask_area,z_mask_area_ratio,z_mask_intensity,z_oop,z_straightness_mean,z_straightness_std
778.725,0.20290908664528726,599.0333429644611,34.29,0.0,0.8366033434867859,0.0,1.324530521299038,0.040860575230932075,0.033908941207070865,11.351550102233887,9.041656494140625,1.9574373960494995,0.9613222058708096,0.012900241546484897,1.0,28.0,82.0,25.0,41.34157180786133,0.05308879489917664,1.3281455540977376,0.236406412732207,0.8081292510032654,863.9571244347328,106.12301416109123,0.8721525840065737,0.4995998398718719,1.194997364644246,0.6190567813159832,1.2457886414666042,0.48,0.4995998398718719,1.65,0.66,0.44090815370097197,9.945,0.01277087546951748,873.737556561086,0.6305694908465518,0.8296450593451357,0.10781675554836297
