cell_mask_area,cell_mask_area_ratio,cell_mask_intensity,domain_area_mean,domain_area_std,domain_oop_mean,domain_oop_std,domain_slen_mean,myof_bending_mean,myof_bending_std,myof_length_max,myof_length_mean,myof_length_std,myof_straightness_mean,myof_straightness_std,n_domains,n_mbands,n_vectors,n_zbands,sarcomere_area,sarcomere_area_ratio,sarcomere_length_mean,sarcomere_length_std,sarcomere_oop,z_intensity_mean,z_intensity_std,z_lat_alignment_mean,z_lat_alignment_std,z_lat_dist_mean,z_lat_dist_std,z_lat_length_groups_mean,z_lat_neighbors_mean,z_lat_neighbors_std,z_length_max,z_length_mean,z_length_std,z_mask_area,z_mask_area_ratio,z_mask_intensity,z_oop,z_straightness_mean,z_straightness_std
1738.0349999999999,0.4197216924489652,647.7798979882454,58.488749999999996,23.54625,0.5836634635925293,0.08153632283210754,1.3757226756524956,0.04364454896330506,0.032425800510396216,16.51546859741211,9.528390884399414,3.32197904586792,0.916690355586974,0.04331733316716032,2.0,94.0,315.0,83.0,182.21804809570312,0.10484141464107635,1.371093998454716,0.25118815341783135,0.16836416721343994,1132.8995424424097,289.75407171047453,0.7980725338992299,0.657482585524928,1.8252631571182312,0.7226440391138544,1.8289927401371686,0.6024096385542169,0.657482585524928,2.6999999999999997,0.7283132530120482,0.4727000609854868,38.902499999999996,0.02238303601480983,1143.8704453441296,0.03779950627063107,0.8544208195050199,0.09721299962852438
