cell_mask_area,cell_mask_area_ratio,cell_mask_intensity,domain_area_mean,domain_area_std,domain_oop_mean,domain_oop_std,domain_slen_mean,myof_bending_mean,myof_bending_std,myof_length_max,myof_length_mean,myof_length_std,myof_straightness_mean,myof_straightness_std,n_domains,n_mbands,n_vectors,n_zbands,sarcomere_area,sarcomere_area_ratio,sarcomere_length_mean,sarcomere_length_std,sarcomere_oop,z_intensity_mean,z_intensity_std,z_lat_alignment_mean,z_lat_alignment_std,z_lat_dist_mean,z_lat_dist_std,z_lat_length_groups_mean,z_lat_neighbors_mean,z_lat_neighbors_std,z_length_max,z_length_mean,z_length_std,z_mask_area,z_mask_area_ratio,z_mask_intensity,z_oop,z_straightness_mean,z_straightness_std
633.5775,0.2987724007681779,613.3182641429028,42.0075,0.0,0.7840080261230469,0.0,1.4010883519281836,0.02753314734492517,0.028533431364702586,9.132489204406738,6.869881629943848,1.5557010173797607,0.9564594764772901,0.02361112163458501,1.0,31.0,83.0,19.0,54.52096939086914,0.08605256561489186,1.4010131456553263,0.3145033322694676,0.7865616083145142,1024.3390433454533,169.7884114847152,0.7512797988294321,0.7405919620773836,1.5695424819381214,0.5445515562290839,1.7397888378175943,0.631578947368421,0.7405919620773836,1.95,0.6947368421052632,0.4544790936197132,10.17,0.016051706381618666,1036.5110619469026,0.672966690942989,0.8262198573080183,0.08837591279651283
