sarcomere_area,cell_mask_area_ratio,domain_area_std,domain_oop_mean,sarcomere_length_mean,z_mask_intensity,myof_straightness_std,z_mask_area,z_straightness_std,myof_length_mean,myof_bending_std,sarcomere_oop,n_domains,myof_straightness_mean,z_intensity_mean,myof_bending_mean,z_lat_dist_mean,z_lat_length_groups_mean,z_length_max,sarcomere_area_ratio,z_length_std,myof_length_max,domain_slen_mean,z_mask_area_ratio,z_lat_alignment_std,n_zbands,cell_mask_area,cell_mask_intensity,z_oop,z_lat_alignment_mean,z_length_mean,z_lat_dist_std,myof_length_std,n_vectors,z_straightness_mean,n_mbands,z_intensity_std,sarcomere_length_std,z_lat_neighbors_mean,z_lat_neighbors_std,domain_area_mean,domain_oop_std
181.28106689453125,0.14756111173122,16.5744943361781,0.8256706595420837,1.3887595292309742,1012.1519138755981,0.02794354958199829,37.62,0.09494714904327262,8.521302223205566,0.023361281577511817,0.41848477721214294,3.0,0.9514393616130332,988.1797359439057,0.03312645399695208,1.726891019207517,2.871829832150922,3.0,0.19659695247727324,0.6676656008591704,13.666645050048828,1.3779025083902798,0.04079839929725245,0.6293821443737578,76.0,922.0949999999999,615.3606949392416,0.28612118224233607,0.7277982348364842,0.9355263157894734,0.7550065614154784,2.041531562805176,363.0,0.8168411405818647,81.0,243.80660367188278,0.31110742833885546,0.8421052631578947,0.6293821443737578,51.254999999999995,0.04427821934223175
