cell_mask_area,cell_mask_area_ratio,cell_mask_intensity,domain_area_mean,domain_area_std,domain_oop_mean,domain_oop_std,domain_slen_mean,myof_bending_mean,myof_bending_std,myof_length_max,myof_length_mean,myof_length_std,myof_straightness_mean,myof_straightness_std,n_domains,n_mbands,n_vectors,n_zbands,sarcomere_area,sarcomere_area_ratio,sarcomere_length_mean,sarcomere_length_std,sarcomere_oop,z_intensity_mean,z_intensity_std,z_lat_alignment_mean,z_lat_alignment_std,z_lat_dist_mean,z_lat_dist_std,z_lat_length_groups_mean,z_lat_neighbors_mean,z_lat_neighbors_std,z_length_max,z_length_mean,z_length_std,z_mask_area,z_mask_area_ratio,z_mask_intensity,z_oop,z_straightness_mean,z_straightness_std
1443.4199999999998,0.26610143478747805,667.9206883651328,64.7325,23.3775,0.8694424629211426,0.03257155418395996,1.4219298912757887,0.030514370717982107,0.032559427853488025,11.021578788757324,7.563627243041992,1.8734617233276367,0.9586172696682504,0.027460936072874694,2.0,91.0,397.0,70.0,208.04583740234375,0.1441339578240178,1.3960136597418793,0.23298784805924921,0.6113300919532776,1124.8572240216265,315.122956809078,0.8393527156970451,0.7165677830848259,1.6571737607664854,0.7048961447638403,3.048976562493368,0.8285714285714286,0.7165677830848259,4.5,1.0992857142857142,0.9743310106772477,45.2025,0.03131624890884151,1119.9726231956197,0.5257891003386234,0.8127543609979981,0.10615855731446633
