cell_mask_area,cell_mask_area_ratio,cell_mask_intensity,domain_area_mean,domain_area_std,domain_oop_mean,domain_oop_std,domain_slen_mean,myof_bending_mean,myof_bending_std,myof_length_max,myof_length_mean,myof_length_std,myof_straightness_mean,myof_straightness_std,n_domains,n_mbands,n_vectors,n_zbands,sarcomere_area,sarcomere_area_ratio,sarcomere_length_mean,sarcomere_length_std,sarcomere_oop,z_intensity_mean,z_intensity_std,z_lat_alignment_mean,z_lat_alignment_std,z_lat_dist_mean,z_lat_dist_std,z_lat_length_groups_mean,z_lat_neighbors_mean,z_lat_neighbors_std,z_length_max,z_length_mean,z_length_std,z_mask_area,z_mask_area_ratio,z_mask_intensity,z_oop,z_straightness_mean,z_straightness_std
599.1075,0.29585555555555554,668.7346302625155,92.0925,0.0,0.25710946321487427,0.0,1.4846407239508945,0.030174993186903778,0.030953925489614502,14.950346946716309,10.492006301879883,1.8891559839248657,0.9318166312318593,0.059762724293156363,1.0,44.0,189.0,40.0,104.18608856201172,0.17390216040028164,1.4846407239508945,0.17818229317929912,0.25710952281951904,985.8930201817477,161.2155711553472,0.7275675944212401,0.7745966692414834,1.833702254383735,0.8141167252108306,3.753702254383735,1.0,0.7745966692414834,2.25,0.96,0.582687737986651,22.072499999999998,0.03684230292560183,1003.6625891946993,0.33413234223830507,0.8524753888949705,0.10741943014746629
