sarcomere_area,cell_mask_area_ratio,domain_area_std,domain_oop_mean,sarcomere_length_mean,z_mask_intensity,myof_straightness_std,z_mask_area,z_straightness_std,myof_length_mean,myof_bending_std,sarcomere_oop,n_domains,myof_straightness_mean,z_intensity_mean,myof_bending_mean,z_lat_dist_mean,z_lat_length_groups_mean,z_length_max,sarcomere_area_ratio,z_length_std,myof_length_max,domain_slen_mean,z_mask_area_ratio,z_lat_alignment_std,n_zbands,cell_mask_area,cell_mask_intensity,z_oop,z_lat_alignment_mean,z_length_mean,z_lat_dist_std,myof_length_std,n_vectors,z_straightness_mean,n_mbands,z_intensity_std,sarcomere_length_std,z_lat_neighbors_mean,z_lat_neighbors_std,domain_area_mean,domain_oop_std
208.04583740234375,0.26610143478747805,23.3775,0.8694424629211426,1.3960136597418793,1119.9726231956197,0.027460936072874694,45.2025,0.10615855731446633,7.563627243041992,0.032559427853488025,0.6113300919532776,2.0,0.9586172696682504,1124.8572240216265,0.030514370717982107,1.6571737607664854,3.048976562493368,4.5,0.1441339578240178,0.9743310106772477,11.021578788757324,1.4219298912757887,0.03131624890884151,0.7165677830848259,70.0,1443.4199999999998,667.9206883651328,0.5257891003386234,0.8393527156970451,1.0992857142857142,0.7048961447638403,1.8734617233276367,397.0,0.8127543609979981,91.0,315.122956809078,0.23298784805924921,0.8285714285714286,0.7165677830848259,64.7325,0.03257155418395996
