cell_mask_area,cell_mask_area_ratio,cell_mask_intensity,domain_area_mean,domain_area_std,domain_oop_mean,domain_oop_std,domain_slen_mean,myof_bending_mean,myof_bending_std,myof_length_max,myof_length_mean,myof_length_std,myof_straightness_mean,myof_straightness_std,n_domains,n_mbands,n_vectors,n_zbands,sarcomere_area,sarcomere_area_ratio,sarcomere_length_mean,sarcomere_length_std,sarcomere_oop,z_intensity_mean,z_intensity_std,z_lat_alignment_mean,z_lat_alignment_std,z_lat_dist_mean,z_lat_dist_std,z_lat_length_groups_mean,z_lat_neighbors_mean,z_lat_neighbors_std,z_length_max,z_length_mean,z_length_std,z_mask_area,z_mask_area_ratio,z_mask_intensity,z_oop,z_straightness_mean,z_straightness_std
1731.2625,0.25265311215309244,593.1902267853661,98.565,48.39807472926996,0.7917356491088867,0.047537147998809814,1.4396893096376047,0.03491196103845868,0.02635324173183002,27.619447708129883,11.457505226135254,5.213611125946045,0.9308341208615706,0.03372350611409612,3.0,129.0,829.0,133.0,362.6072692871094,0.20944672993674232,1.4294844563350237,0.27195252450273955,0.20020627975463867,829.4566002502761,175.7566528630068,0.8298261963646655,0.6505388991375418,1.7972438355310745,0.6468904290716478,3.438064455595674,0.8571428571428571,0.6505388991375418,8.1,1.1943609022556392,1.169500473908141,73.9575,0.04271882513483657,842.535138424095,0.32449726385360156,0.8347348881958969,0.11813211492886976
