cell_mask_area,cell_mask_area_ratio,cell_mask_intensity,domain_area_mean,domain_area_std,domain_oop_mean,domain_oop_std,domain_slen_mean,myof_bending_mean,myof_bending_std,myof_length_max,myof_length_mean,myof_length_std,myof_straightness_mean,myof_straightness_std,n_domains,n_mbands,n_vectors,n_zbands,sarcomere_area,sarcomere_area_ratio,sarcomere_length_mean,sarcomere_length_std,sarcomere_oop,z_intensity_mean,z_intensity_std,z_lat_alignment_mean,z_lat_alignment_std,z_lat_dist_mean,z_lat_dist_std,z_lat_length_groups_mean,z_lat_neighbors_mean,z_lat_neighbors_std,z_length_max,z_length_mean,z_length_std,z_mask_area,z_mask_area_ratio,z_mask_intensity,z_oop,z_straightness_mean,z_straightness_std
1398.0375,0.25878800499791754,608.4469944475738,47.835,15.581061821968362,0.7479375004768372,0.15494579076766968,1.5166193416381166,0.02565577749081253,0.026733297357114064,29.99706268310547,12.066213607788086,6.622905254364014,0.9297534317976269,0.06027746544418183,3.0,76.0,301.0,84.0,175.72000122070312,0.12569047770228134,1.5087963079677407,0.22712971925405326,0.649533212184906,936.3192751894101,199.69075804775468,0.677909582614924,0.6236095644623235,1.6301001093927279,0.6570404894573737,2.0177286261249354,0.6666666666666666,0.6236095644623235,3.5999999999999996,0.8017857142857142,0.5779400214272645,40.567499999999995,0.029017461977951235,941.4170826400443,0.5358831554222301,0.8583311994446948,0.10405399953718311
