cell_mask_area,cell_mask_area_ratio,cell_mask_intensity,domain_area_mean,domain_area_std,domain_oop_mean,domain_oop_std,domain_slen_mean,myof_bending_mean,myof_bending_std,myof_length_max,myof_length_mean,myof_length_std,myof_straightness_mean,myof_straightness_std,n_domains,n_mbands,n_vectors,n_zbands,sarcomere_area,sarcomere_area_ratio,sarcomere_length_mean,sarcomere_length_std,sarcomere_oop,z_intensity_mean,z_intensity_std,z_lat_alignment_mean,z_lat_alignment_std,z_lat_dist_mean,z_lat_dist_std,z_lat_length_groups_mean,z_lat_neighbors_mean,z_lat_neighbors_std,z_length_max,z_length_mean,z_length_std,z_mask_area,z_mask_area_ratio,z_mask_intensity,z_oop,z_straightness_mean,z_straightness_std
1049.1525,0.210567908816676,659.5080314825537,119.91375,27.933750000000003,0.9059010148048401,0.04164546728134155,1.5758748818558224,0.02535733142114099,0.022094574994020826,34.49420166015625,14.806355476379395,6.0982513427734375,0.953897605945753,0.02654243759058891,2.0,82.0,653.0,94.0,254.93666076660156,0.24299294980148414,1.5624073873227002,0.24098879044381433,0.8794540762901306,1283.7329339687171,300.45327635376157,0.7006451389277831,0.6343851708883221,1.5146414373653825,0.6498933114102086,3.9624258098253513,0.9574468085106383,0.6343851708883221,4.2,1.3404255319148932,1.0144770321253327,55.845,0.053228677432499094,1315.9774375503625,0.7690013332614734,0.8350173272491384,0.11483558682550465
