cell_mask_area,cell_mask_area_ratio,cell_mask_intensity,domain_area_mean,domain_area_std,domain_oop_mean,domain_oop_std,domain_slen_mean,myof_bending_mean,myof_bending_std,myof_length_max,myof_length_mean,myof_length_std,myof_straightness_mean,myof_straightness_std,n_domains,n_mbands,n_vectors,n_zbands,sarcomere_area,sarcomere_area_ratio,sarcomere_length_mean,sarcomere_length_std,sarcomere_oop,z_intensity_mean,z_intensity_std,z_lat_alignment_mean,z_lat_alignment_std,z_lat_dist_mean,z_lat_dist_std,z_lat_length_groups_mean,z_lat_neighbors_mean,z_lat_neighbors_std,z_length_max,z_length_mean,z_length_std,z_mask_area,z_mask_area_ratio,z_mask_intensity,z_oop,z_straightness_mean,z_straightness_std
860.265,0.2950154320987654,593.227284615787,61.6275,0.0,0.9049311876296997,0.0,1.4236059199832793,0.030726203194967484,0.028685952553641623,15.025814056396484,11.033653259277344,3.8848676681518555,0.9524001566392343,0.02409742489195319,1.0,30.0,188.0,32.0,84.05839538574219,0.09771221122066129,1.4521948002358236,0.2385504254026864,0.7539874911308289,918.9894078173709,117.64012588709043,0.8314182492107609,0.649519052838329,1.4109168584539211,0.6421165147623267,2.3663258447517825,0.625,0.649519052838329,4.5,1.1859375,0.986727100617871,20.092499999999998,0.02335617513208139,904.357222844345,0.4165746964665013,0.8128868283839682,0.12490708640438095
