cell_mask_area,cell_mask_area_ratio,cell_mask_intensity,domain_area_mean,domain_area_std,domain_oop_mean,domain_oop_std,domain_slen_mean,myof_bending_mean,myof_bending_std,myof_length_max,myof_length_mean,myof_length_std,myof_straightness_mean,myof_straightness_std,n_domains,n_mbands,n_vectors,n_zbands,sarcomere_area,sarcomere_area_ratio,sarcomere_length_mean,sarcomere_length_std,sarcomere_oop,z_intensity_mean,z_intensity_std,z_lat_alignment_mean,z_lat_alignment_std,z_lat_dist_mean,z_lat_dist_std,z_lat_length_groups_mean,z_lat_neighbors_mean,z_lat_neighbors_std,z_length_max,z_length_mean,z_length_std,z_mask_area,z_mask_area_ratio,z_mask_intensity,z_oop,z_straightness_mean,z_straightness_std
1533.735,0.1912577965202899,649.6163189860048,73.2,7.49296920452767,0.9186288714408875,0.024144371971488,1.5094260514004196,0.022440440246931932,0.015569990834847188,25.55125617980957,11.885092735290527,5.0859375,0.9699122799338292,0.014488394263612894,3.0,113.0,480.0,96.0,293.0969543457031,0.19110012769200882,1.503966008764544,0.25873617363397816,0.8974199891090393,1135.0074564165288,226.4641042687318,0.8171443204604321,0.6400954789890506,1.8226754566356536,0.675817416006727,2.95458961188261,0.8333333333333334,0.6400954789890506,3.3,0.9640625000000002,0.7110988827819589,57.2175,0.03730598832262418,1125.1388124262683,0.8090655808160501,0.823503162554684,0.10306257172000935
