cell_mask_area,cell_mask_area_ratio,cell_mask_intensity,domain_area_mean,domain_area_std,domain_oop_mean,domain_oop_std,domain_slen_mean,myof_bending_mean,myof_bending_std,myof_length_max,myof_length_mean,myof_length_std,myof_straightness_mean,myof_straightness_std,n_domains,n_mbands,n_vectors,n_zbands,sarcomere_area,sarcomere_area_ratio,sarcomere_length_mean,sarcomere_length_std,sarcomere_oop,z_intensity_mean,z_intensity_std,z_lat_alignment_mean,z_lat_alignment_std,z_lat_dist_mean,z_lat_dist_std,z_lat_length_groups_mean,z_lat_neighbors_mean,z_lat_neighbors_std,z_length_max,z_length_mean,z_length_std,z_mask_area,z_mask_area_ratio,z_mask_intensity,z_oop,z_straightness_mean,z_straightness_std
433.62,0.060158074142516456,758.3581361560814,57.78,0.0,0.8133119344711304,0.0,1.3584357020223314,0.021480487132896835,0.017413879160707954,13.045171737670898,10.296506881713867,2.499159336090088,0.9490259085221797,0.03248436704775708,1.0,25.0,152.0,25.0,61.779449462890625,0.14247370846107335,1.3584357020223314,0.20445316807815836,0.8133120536804199,1206.8457861934633,229.53138781468067,0.8315650206358359,0.48989794855663565,1.672436749135246,0.5149808929872326,2.974957832756831,0.8,0.48989794855663565,2.6999999999999997,1.1159999999999999,0.6815746474158205,12.465,0.028746367787463676,1177.3393501805053,0.757320695940941,0.8159113334169861,0.09175980801838114
