cell_mask_area,cell_mask_area_ratio,cell_mask_intensity,domain_area_mean,domain_area_std,domain_oop_mean,domain_oop_std,domain_slen_mean,myof_bending_mean,myof_bending_std,myof_length_max,myof_length_mean,myof_length_std,myof_straightness_mean,myof_straightness_std,n_domains,n_mbands,n_vectors,n_zbands,sarcomere_area,sarcomere_area_ratio,sarcomere_length_mean,sarcomere_length_std,sarcomere_oop,z_intensity_mean,z_intensity_std,z_lat_alignment_mean,z_lat_alignment_std,z_lat_dist_mean,z_lat_dist_std,z_lat_length_groups_mean,z_lat_neighbors_mean,z_lat_neighbors_std,z_length_max,z_length_mean,z_length_std,z_mask_area,z_mask_area_ratio,z_mask_intensity,z_oop,z_straightness_mean,z_straightness_std
509.66999999999996,0.12319841623791239,589.2441726999823,,,,,,0.03613032132819298,0.0,5.052572727203369,5.052572727203369,0.0,0.94912559618442,0.0,0.0,13.0,33.0,14.0,21.76329231262207,0.04270075208001662,1.3355656038040093,0.15552449935471716,0.9338778257369995,865.3723922902493,153.23222148256022,0.800926829587329,0.6226998490772392,1.4056569120272737,0.9268919277186256,1.3722627648109096,0.5714285714285714,0.6226998490772392,0.8999999999999999,0.5785714285714285,0.23957871187497745,4.7924999999999995,0.009403143210312555,851.5117370892019,0.8778245294738163,0.8759318944969293,0.09096147902427879
