cell_mask_area,cell_mask_area_ratio,cell_mask_intensity,domain_area_mean,domain_area_std,domain_oop_mean,domain_oop_std,domain_slen_mean,myof_bending_mean,myof_bending_std,myof_length_max,myof_length_mean,myof_length_std,myof_straightness_mean,myof_straightness_std,n_domains,n_mbands,n_vectors,n_zbands,sarcomere_area,sarcomere_area_ratio,sarcomere_length_mean,sarcomere_length_std,sarcomere_oop,z_intensity_mean,z_intensity_std,z_lat_alignment_mean,z_lat_alignment_std,z_lat_dist_mean,z_lat_dist_std,z_lat_length_groups_mean,z_lat_neighbors_mean,z_lat_neighbors_std,z_length_max,z_length_mean,z_length_std,z_mask_area,z_mask_area_ratio,z_mask_intensity,z_oop,z_straightness_mean,z_straightness_std
708.8625,0.36504681127178346,659.6147595619743,41.1975,0.0,0.7159749269485474,0.0,1.4003409203667871,0.14175971311779956,0.11425553089439294,8.06540298461914,7.972538948059082,0.08595006167888641,0.9571694577428524,0.014601890175284515,1.0,28.0,89.0,25.0,57.827728271484375,0.08157820207936571,1.4063676263801623,0.26960692457016894,0.711168646812439,1008.5177832149333,131.7180370117577,0.7457729786816291,0.6013318551349163,1.5978577352726386,0.7676917726727257,2.023794976090859,0.72,0.6013318551349163,2.25,0.7199999999999999,0.517880295048962,13.2075,0.018631963180447547,1043.565587734242,0.5587316764347844,0.835392617702465,0.1149701748976587
