cell_mask_area,cell_mask_area_ratio,cell_mask_intensity,domain_area_mean,domain_area_std,domain_oop_mean,domain_oop_std,domain_slen_mean,myof_bending_mean,myof_bending_std,myof_length_max,myof_length_mean,myof_length_std,myof_straightness_mean,myof_straightness_std,n_domains,n_mbands,n_vectors,n_zbands,sarcomere_area,sarcomere_area_ratio,sarcomere_length_mean,sarcomere_length_std,sarcomere_oop,z_intensity_mean,z_intensity_std,z_lat_alignment_mean,z_lat_alignment_std,z_lat_dist_mean,z_lat_dist_std,z_lat_length_groups_mean,z_lat_neighbors_mean,z_lat_neighbors_std,z_length_max,z_length_mean,z_length_std,z_mask_area,z_mask_area_ratio,z_mask_intensity,z_oop,z_straightness_mean,z_straightness_std
922.0949999999999,0.14756111173122,615.3606949392416,51.254999999999995,16.5744943361781,0.8256706595420837,0.04427821934223175,1.3779025083902798,0.03312645399695208,0.023361281577511817,13.666645050048828,8.521302223205566,2.041531562805176,0.9514393616130332,0.02794354958199829,3.0,81.0,363.0,76.0,181.28106689453125,0.19659695247727324,1.3887595292309742,0.31110742833885546,0.41848477721214294,988.1797359439057,243.80660367188278,0.7277982348364842,0.6293821443737578,1.726891019207517,0.7550065614154784,2.871829832150922,0.8421052631578947,0.6293821443737578,3.0,0.9355263157894734,0.6676656008591704,37.62,0.04079839929725245,1012.1519138755981,0.28612118224233607,0.8168411405818647,0.09494714904327262
