cell_mask_area,cell_mask_area_ratio,cell_mask_intensity,domain_area_mean,domain_area_std,domain_oop_mean,domain_oop_std,domain_slen_mean,myof_bending_mean,myof_bending_std,myof_length_max,myof_length_mean,myof_length_std,myof_straightness_mean,myof_straightness_std,n_domains,n_mbands,n_vectors,n_zbands,sarcomere_area,sarcomere_area_ratio,sarcomere_length_mean,sarcomere_length_std,sarcomere_oop,z_intensity_mean,z_intensity_std,z_lat_alignment_mean,z_lat_alignment_std,z_lat_dist_mean,z_lat_dist_std,z_lat_length_groups_mean,z_lat_neighbors_mean,z_lat_neighbors_std,z_length_max,z_length_mean,z_length_std,z_mask_area,z_mask_area_ratio,z_mask_intensity,z_oop,z_straightness_mean,z_straightness_std
3185.1,0.3172397719530998,615.6675332014694,142.84124999999997,93.05207692637762,0.6418276429176331,0.33791565895080566,1.5608317856972072,0.028447362335367352,0.03333587410652941,35.46405792236328,14.039291381835938,7.5748491287231445,0.9344004304754461,0.05333507319521891,6.0,394.0,1842.0,357.0,1042.288818359375,0.32723896215483816,1.557103656061105,0.19248939744638333,0.15205764770507812,942.1059096839806,223.69121069726327,0.7699463498044979,0.7153010853124833,1.8046116467693483,0.6253535174089339,3.9066389769107515,1.0308123249299719,0.7153010853124833,5.1,0.9630252100840335,0.7646458559874221,194.76,0.06114721672788923,955.4212107208873,0.061428827210588614,0.8465167680653617,0.10608697840902323
