cell_mask_area,cell_mask_area_ratio,cell_mask_intensity,domain_area_mean,domain_area_std,domain_oop_mean,domain_oop_std,domain_slen_mean,myof_bending_mean,myof_bending_std,myof_length_max,myof_length_mean,myof_length_std,myof_straightness_mean,myof_straightness_std,n_domains,n_mbands,n_vectors,n_zbands,sarcomere_area,sarcomere_area_ratio,sarcomere_length_mean,sarcomere_length_std,sarcomere_oop,z_intensity_mean,z_intensity_std,z_lat_alignment_mean,z_lat_alignment_std,z_lat_dist_mean,z_lat_dist_std,z_lat_length_groups_mean,z_lat_neighbors_mean,z_lat_neighbors_std,z_length_max,z_length_mean,z_length_std,z_mask_area,z_mask_area_ratio,z_mask_intensity,z_oop,z_straightness_mean,z_straightness_std
1490.5575,0.3122678507457058,604.3422192703066,105.08625,41.97375,0.8707225322723389,0.033864885568618774,1.452824729602348,0.02005701694991223,0.017439273569211346,20.62191390991211,11.918000221252441,4.368828773498535,0.9564163976275396,0.03388721005230516,2.0,97.0,605.0,103.0,239.35110473632812,0.16057824319848657,1.4488255637479734,0.22888937031785417,0.8761944770812988,1009.969314467359,165.48635442829573,0.8280535157160136,0.6877460484825179,1.7431261139355907,0.7478744740694022,2.9551317850219228,0.7961165048543689,0.6877460484825179,4.95,1.0849514563106797,0.94434533113667,56.655,0.03800926834422691,1037.510325655282,0.736688774523124,0.8507399233447652,0.10840261817387833
