cell_mask_area,cell_mask_area_ratio,cell_mask_intensity,domain_area_mean,domain_area_std,domain_oop_mean,domain_oop_std,domain_slen_mean,myof_bending_mean,myof_bending_std,myof_length_max,myof_length_mean,myof_length_std,myof_straightness_mean,myof_straightness_std,n_domains,n_mbands,n_vectors,n_zbands,sarcomere_area,sarcomere_area_ratio,sarcomere_length_mean,sarcomere_length_std,sarcomere_oop,z_intensity_mean,z_intensity_std,z_lat_alignment_mean,z_lat_alignment_std,z_lat_dist_mean,z_lat_dist_std,z_lat_length_groups_mean,z_lat_neighbors_mean,z_lat_neighbors_std,z_length_max,z_length_mean,z_length_std,z_mask_area,z_mask_area_ratio,z_mask_intensity,z_oop,z_straightness_mean,z_straightness_std
622.1025,0.1924868247923643,568.0959890050273,30.037499999999998,0.0,0.8895926475524902,0.0,1.401426439378942,0.02487064383431887,0.019225611329555106,13.288519859313965,8.109416007995605,2.940610647201538,0.9555954704209627,0.021794398342898695,1.0,32.0,106.0,31.0,55.969478607177734,0.08996825861843946,1.369948507391735,0.269228191410907,0.8817553520202637,873.9949664399954,138.2859829025348,0.7860252502843242,0.6642342026443226,2.2763051591636674,0.6183553944079746,1.6576723380894027,0.45161290322580644,0.6642342026443226,2.25,0.7693548387096774,0.5530964769361377,12.014999999999999,0.019313537560128755,875.2116104868913,0.7986444247442597,0.8611624512976406,0.10524866273483194
