sarcomere_area,cell_mask_area_ratio,domain_area_std,domain_oop_mean,sarcomere_length_mean,z_mask_intensity,myof_straightness_std,z_mask_area,z_straightness_std,myof_length_mean,myof_bending_std,sarcomere_oop,n_domains,myof_straightness_mean,z_intensity_mean,myof_bending_mean,z_lat_dist_mean,z_lat_length_groups_mean,z_length_max,sarcomere_area_ratio,z_length_std,myof_length_max,domain_slen_mean,z_mask_area_ratio,z_lat_alignment_std,n_zbands,cell_mask_area,cell_mask_intensity,z_oop,z_lat_alignment_mean,z_length_mean,z_lat_dist_std,myof_length_std,n_vectors,z_straightness_mean,n_mbands,z_intensity_std,sarcomere_length_std,z_lat_neighbors_mean,z_lat_neighbors_std,domain_area_mean,domain_oop_std
151.53408813476562,0.08453130460852468,2.8903135643040554,0.9495360255241394,1.5044045794492398,794.551724137931,0.011746094282893985,34.582499999999996,0.09485895810401644,13.045249938964844,0.013773803101690664,0.9277288317680359,3.0,0.9738442482376165,798.5067717750989,0.020305417565949214,1.3851577385885527,1.6980983438568875,3.0,0.13196787164527843,0.6656568075456314,23.46320915222168,1.5343156385830845,0.030117176784104714,0.531034762359817,62.0,1148.2649999999999,557.6232707606694,0.7368193117869811,0.9026936079656456,0.9024193548387094,0.5804851757179048,4.727633953094482,289.0,0.8498959834727353,65.0,86.65493313388659,0.26481423026733897,0.5161290322580645,0.531034762359817,42.262499999999996,0.019863471388816833
