sarcomere_area,cell_mask_area_ratio,domain_area_std,domain_oop_mean,sarcomere_length_mean,z_mask_intensity,myof_straightness_std,z_mask_area,z_straightness_std,myof_length_mean,myof_bending_std,sarcomere_oop,n_domains,myof_straightness_mean,z_intensity_mean,myof_bending_mean,z_lat_dist_mean,z_lat_length_groups_mean,z_length_max,sarcomere_area_ratio,z_length_std,myof_length_max,domain_slen_mean,z_mask_area_ratio,z_lat_alignment_std,n_zbands,cell_mask_area,cell_mask_intensity,z_oop,z_lat_alignment_mean,z_length_mean,z_lat_dist_std,myof_length_std,n_vectors,z_straightness_mean,n_mbands,z_intensity_std,sarcomere_length_std,z_lat_neighbors_mean,z_lat_neighbors_std,domain_area_mean,domain_oop_std
57.82771682739258,0.36504681127178346,0.0,0.715975284576416,1.4085909507230796,1043.565587734242,0.02892401283973974,13.2075,0.1149701748976587,8.151989936828613,0.06533669608637804,0.7111688852310181,1.0,0.9552674474373266,1008.5177832149333,0.06639248940705104,1.5978577352726386,2.023794976090859,2.25,0.08157818593506157,0.517880295048962,11.08216381072998,1.4026153556141396,0.018631963180447547,0.6013318551349163,25.0,708.8625,659.6147595619743,0.5587316764347844,0.7457721716779919,0.7199999999999999,0.7676917726727257,2.185821533203125,89.0,0.835392617702465,28.0,131.7180370117577,0.2683702282592892,0.72,0.6013318551349163,41.2875,0.0
