cell_mask_area,cell_mask_area_ratio,cell_mask_intensity,domain_area_mean,domain_area_std,domain_oop_mean,domain_oop_std,domain_slen_mean,myof_bending_mean,myof_bending_std,myof_length_max,myof_length_mean,myof_length_std,myof_straightness_mean,myof_straightness_std,n_domains,n_mbands,n_vectors,n_zbands,sarcomere_area,sarcomere_area_ratio,sarcomere_length_mean,sarcomere_length_std,sarcomere_oop,z_intensity_mean,z_intensity_std,z_lat_alignment_mean,z_lat_alignment_std,z_lat_dist_mean,z_lat_dist_std,z_lat_length_groups_mean,z_lat_neighbors_mean,z_lat_neighbors_std,z_length_max,z_length_mean,z_length_std,z_mask_area,z_mask_area_ratio,z_mask_intensity,z_oop,z_straightness_mean,z_straightness_std
2650.3199999999997,0.5545214456197833,553.3455073349634,128.169,70.46271887672232,0.640022337436676,0.26008009910583496,1.470018870725163,0.028710025839723086,0.021277591583832054,25.307893753051758,10.826416015625,4.0780348777771,0.937855985210368,0.0429780737065552,5.0,280.0,1582.0,260.0,765.8572998046875,0.28896786041107775,1.438905180739267,0.24710213201381087,0.25589802861213684,672.1349861524461,44.966522728876896,0.7419464387852964,0.6834475778843438,1.7650842979147356,0.7070102196337826,4.374608584809709,1.0461538461538462,0.6834475778843438,6.0,1.163076923076923,0.9363914748025209,160.965,0.060734175495789196,675.2229521945765,0.13976479328099925,0.8096353270939572,0.11607111030441407
