sarcomere_area,cell_mask_area_ratio,domain_area_std,domain_oop_mean,sarcomere_length_mean,z_mask_intensity,myof_straightness_std,z_mask_area,z_straightness_std,myof_length_mean,myof_bending_std,sarcomere_oop,n_domains,myof_straightness_mean,z_intensity_mean,myof_bending_mean,z_lat_dist_mean,z_lat_length_groups_mean,z_length_max,sarcomere_area_ratio,z_length_std,myof_length_max,domain_slen_mean,z_mask_area_ratio,z_lat_alignment_std,n_zbands,cell_mask_area,cell_mask_intensity,z_oop,z_lat_alignment_mean,z_length_mean,z_lat_dist_std,myof_length_std,n_vectors,z_straightness_mean,n_mbands,z_intensity_std,sarcomere_length_std,z_lat_neighbors_mean,z_lat_neighbors_std,domain_area_mean,domain_oop_std
55.13669204711914,0.229032589849834,0.0,0.8642742037773132,1.426110620392816,911.5282714054928,0.021325323741547393,13.9275,0.09427923917602891,8.567787170410156,0.011563347220873781,0.8358150124549866,1.0,0.9585386311168511,909.7331530977623,0.027445920859979572,1.9625272519181909,1.9442433470391651,1.95,0.07860528136451093,0.5215308809972762,11.373404502868652,1.4309573106014115,0.019855653568564554,0.48237638894271995,19.0,701.4375,589.1412991178829,0.6239984930101417,0.6713847992137015,0.7105263157894737,0.7086866624104325,2.849956512451172,74.0,0.8595145001124515,30.0,116.19493007980657,0.16831313603744216,0.631578947368421,0.48237638894271995,38.16,0.0
