cell_mask_area,cell_mask_area_ratio,cell_mask_intensity,domain_area_mean,domain_area_std,domain_oop_mean,domain_oop_std,domain_slen_mean,myof_bending_mean,myof_bending_std,myof_length_max,myof_length_mean,myof_length_std,myof_straightness_mean,myof_straightness_std,n_domains,n_mbands,n_vectors,n_zbands,sarcomere_area,sarcomere_area_ratio,sarcomere_length_mean,sarcomere_length_std,sarcomere_oop,z_intensity_mean,z_intensity_std,z_lat_alignment_mean,z_lat_alignment_std,z_lat_dist_mean,z_lat_dist_std,z_lat_length_groups_mean,z_lat_neighbors_mean,z_lat_neighbors_std,z_length_max,z_length_mean,z_length_std,z_mask_area,z_mask_area_ratio,z_mask_intensity,z_oop,z_straightness_mean,z_straightness_std
1072.71,0.5112049923870386,600.2019254971054,52.00875,19.676250000000003,0.9224677085876465,0.03631401062011719,1.599074940629649,0.018156525089987677,0.009448096242968008,20.56194305419922,10.938873291015625,4.967136383056641,0.9569815702571711,0.017454172756365002,2.0,63.0,237.0,54.0,161.56280517578125,0.15061181976096172,1.6124351981138916,0.2175107969361335,0.9017859697341919,851.921853532292,124.11176833660946,0.8185570042258411,0.5867770191761059,1.836414757450515,0.4947592555687137,2.0883527263961823,0.6296296296296297,0.5867770191761059,2.85,0.8527777777777777,0.599182828299005,36.7875,0.03429398439466398,844.1553516819572,0.7192108896791791,0.8400949660021029,0.10179486244614436
