sarcomere_area,cell_mask_area_ratio,domain_area_std,domain_oop_mean,sarcomere_length_mean,z_mask_intensity,myof_straightness_std,z_mask_area,z_straightness_std,myof_length_mean,myof_bending_std,sarcomere_oop,n_domains,myof_straightness_mean,z_intensity_mean,myof_bending_mean,z_lat_dist_mean,z_lat_length_groups_mean,z_length_max,sarcomere_area_ratio,z_length_std,myof_length_max,domain_slen_mean,z_mask_area_ratio,z_lat_alignment_std,n_zbands,cell_mask_area,cell_mask_intensity,z_oop,z_lat_alignment_mean,z_length_mean,z_lat_dist_std,myof_length_std,n_vectors,z_straightness_mean,n_mbands,z_intensity_std,sarcomere_length_std,z_lat_neighbors_mean,z_lat_neighbors_std,domain_area_mean,domain_oop_std
230.01527404785156,0.2677907003287071,20.83513228899687,0.6231555938720703,1.3970144428647446,1271.2580477673935,0.02946066517235273,43.335,0.10918133670432097,10.013579368591309,0.02664749862877883,0.30337339639663696,3.0,0.9475592399378031,1217.2681582016874,0.02829193639431671,1.685503938900763,1.9045422438489787,4.8,0.10892692745728232,0.6993888141950415,18.54294204711914,1.4191877208459498,0.0205218910826736,0.5936653857566896,106.0,2111.6475,681.8425696050122,0.2719869564223448,0.7291234498620739,0.8207547169811319,0.7293607454134152,2.4757134914398193,408.0,0.849062894448687,112.0,373.6262502273164,0.2419376356630608,0.6037735849056604,0.5936653857566896,57.435,0.243653804063797
