cell_mask_area,cell_mask_area_ratio,cell_mask_intensity,domain_area_mean,domain_area_std,domain_oop_mean,domain_oop_std,domain_slen_mean,myof_bending_mean,myof_bending_std,myof_length_max,myof_length_mean,myof_length_std,myof_straightness_mean,myof_straightness_std,n_domains,n_mbands,n_vectors,n_zbands,sarcomere_area,sarcomere_area_ratio,sarcomere_length_mean,sarcomere_length_std,sarcomere_oop,z_intensity_mean,z_intensity_std,z_lat_alignment_mean,z_lat_alignment_std,z_lat_dist_mean,z_lat_dist_std,z_lat_length_groups_mean,z_lat_neighbors_mean,z_lat_neighbors_std,z_length_max,z_length_mean,z_length_std,z_mask_area,z_mask_area_ratio,z_mask_intensity,z_oop,z_straightness_mean,z_straightness_std
1048.095,0.21035566554072363,659.6566484908334,119.8125,28.07999999999999,0.9068386554718018,0.04102450609207153,1.5711445553495071,0.028684506436591213,0.025427820981641775,34.6286735534668,13.864519119262695,6.294957637786865,0.9549159607777731,0.022182412926524446,2.0,82.0,651.0,94.0,254.9185791015625,0.2432208712965547,1.5566728164911934,0.24084370114827036,0.8801323175430298,1283.7329339687171,300.45327635376157,0.7013650162641831,0.6343851708883221,1.5146414373653825,0.6498933114102086,3.9624258098253513,0.9574468085106383,0.6343851708883221,4.2,1.3404255319148932,1.0144770321253327,55.845,0.05328238375338113,1315.9774375503625,0.7690013332614734,0.8350173272491384,0.11483558682550465
