cell_mask_area,cell_mask_area_ratio,cell_mask_intensity,domain_area_mean,domain_area_std,domain_oop_mean,domain_oop_std,domain_slen_mean,myof_bending_mean,myof_bending_std,myof_length_max,myof_length_mean,myof_length_std,myof_straightness_mean,myof_straightness_std,n_domains,n_mbands,n_vectors,n_zbands,sarcomere_area,sarcomere_area_ratio,sarcomere_length_mean,sarcomere_length_std,sarcomere_oop,z_intensity_mean,z_intensity_std,z_lat_alignment_mean,z_lat_alignment_std,z_lat_dist_mean,z_lat_dist_std,z_lat_length_groups_mean,z_lat_neighbors_mean,z_lat_neighbors_std,z_length_max,z_length_mean,z_length_std,z_mask_area,z_mask_area_ratio,z_mask_intensity,z_oop,z_straightness_mean,z_straightness_std
7223.13,0.4688949650039144,575.8823435961972,49.095,5.670000000000002,0.7642425298690796,0.08911970257759094,1.570008685944551,0.0267798557023888,0.03436832397060856,10.579497337341309,7.766624450683594,1.5087640285491943,0.9646885405003659,0.028699024623897423,2.0,131.0,353.0,139.0,327.3338623046875,0.04531745410987861,1.5928773272745687,0.22380841251548741,0.4858058989048004,782.0718512894622,120.48641990984405,0.7282345811162831,0.6489192681312047,1.7036527893361295,0.5569069028008417,1.4361391519509918,0.460431654676259,0.6489192681312047,2.25,0.7133093525179854,0.5018159662797208,78.72749999999999,0.010899360803419016,797.4901400400114,0.3210403969900145,0.8550210478442414,0.10151474286783709
