cell_mask_area,cell_mask_area_ratio,cell_mask_intensity,domain_area_mean,domain_area_std,domain_oop_mean,domain_oop_std,domain_slen_mean,myof_bending_mean,myof_bending_std,myof_length_max,myof_length_mean,myof_length_std,myof_straightness_mean,myof_straightness_std,n_domains,n_mbands,n_vectors,n_zbands,sarcomere_area,sarcomere_area_ratio,sarcomere_length_mean,sarcomere_length_std,sarcomere_oop,z_intensity_mean,z_intensity_std,z_lat_alignment_mean,z_lat_alignment_std,z_lat_dist_mean,z_lat_dist_std,z_lat_length_groups_mean,z_lat_neighbors_mean,z_lat_neighbors_std,z_length_max,z_length_mean,z_length_std,z_mask_area,z_mask_area_ratio,z_mask_intensity,z_oop,z_straightness_mean,z_straightness_std
571.5,0.13673483669876887,642.9337401574803,39.678749999999994,2.868750000000002,0.7123550176620483,0.1483285129070282,1.4023535719135376,0.06031071825146627,0.06464878684187274,14.027379989624023,9.13637924194336,3.0751266479492188,0.9427662855872492,0.039143509009109866,2.0,51.0,193.0,44.0,89.44125366210938,0.15650263107980644,1.4105167081862469,0.3648380651509684,0.6529826521873474,1002.4745349601336,127.2107389825805,0.6584421832498683,0.7343406555183415,1.6425669513355823,0.7234945740055179,2.6119865989890707,0.7727272727272727,0.7343406555183415,3.15,0.968181818181818,0.7882006918155504,21.465,0.03755905511811024,1002.7746331236897,0.4878465896797367,0.8132713575483844,0.11857238929046801
