cell_mask_area,cell_mask_area_ratio,cell_mask_intensity,domain_area_mean,domain_area_std,domain_oop_mean,domain_oop_std,domain_slen_mean,myof_bending_mean,myof_bending_std,myof_length_max,myof_length_mean,myof_length_std,myof_straightness_mean,myof_straightness_std,n_domains,n_mbands,n_vectors,n_zbands,sarcomere_area,sarcomere_area_ratio,sarcomere_length_mean,sarcomere_length_std,sarcomere_oop,z_intensity_mean,z_intensity_std,z_lat_alignment_mean,z_lat_alignment_std,z_lat_dist_mean,z_lat_dist_std,z_lat_length_groups_mean,z_lat_neighbors_mean,z_lat_neighbors_std,z_length_max,z_length_mean,z_length_std,z_mask_area,z_mask_area_ratio,z_mask_intensity,z_oop,z_straightness_mean,z_straightness_std
1205.2124999999999,0.23443654697921956,608.4190236161672,108.495,98.63885206905036,0.8530788421630859,0.08696504682302475,1.5593834383883973,0.02890699153611966,0.03453716708332402,33.962955474853516,17.216840744018555,5.801124095916748,0.939781962217053,0.062042118944279884,3.0,129.0,728.0,125.0,385.0898742675781,0.31952031220019556,1.5642507091725435,0.18498598204041128,0.5054473876953125,902.5368497106617,133.0622908712911,0.7120954670973865,0.6858571279792899,1.9447224715510252,0.6335011755424774,4.569282677513612,1.04,0.6858571279792899,3.75,1.1819999999999997,0.8010842652305685,80.28,0.06661065994586018,905.910033632287,0.40277745220022493,0.8132698593894295,0.10201876338798141
