sarcomere_area,cell_mask_area_ratio,domain_area_std,domain_oop_mean,sarcomere_length_mean,z_mask_intensity,myof_straightness_std,z_mask_area,z_straightness_std,myof_length_mean,myof_bending_std,sarcomere_oop,n_domains,myof_straightness_mean,z_intensity_mean,myof_bending_mean,z_lat_dist_mean,z_lat_length_groups_mean,z_length_max,sarcomere_area_ratio,z_length_std,myof_length_max,domain_slen_mean,z_mask_area_ratio,z_lat_alignment_std,n_zbands,cell_mask_area,cell_mask_intensity,z_oop,z_lat_alignment_mean,z_length_mean,z_lat_dist_std,myof_length_std,n_vectors,z_straightness_mean,n_mbands,z_intensity_std,sarcomere_length_std,z_lat_neighbors_mean,z_lat_neighbors_std,domain_area_mean,domain_oop_std
53.97050476074219,0.3287811539774667,0.0,0.8779581189155579,1.4753840177239603,925.2100694444445,0.029877374014898817,12.959999999999999,0.09523310015604285,9.273463249206543,0.012748746758423886,0.5717713832855225,1.0,0.9387887207753374,917.9777445946403,0.02577015712055579,1.4330134816928213,1.6730593004702279,3.15,0.08302835238758846,0.7383115668566038,20.73258399963379,1.4946544992852755,0.019937694704049845,0.49572844569527735,23.0,650.025,606.3546209761163,0.46911757471554416,0.4983687923842517,0.9978260869565219,0.427752687059498,4.214991092681885,99.0,0.8102668803385357,23.0,153.98247491246758,0.20757643397792436,0.43478260869565216,0.49572844569527735,23.085,0.0
