cell_mask_area,cell_mask_area_ratio,cell_mask_intensity,domain_area_mean,domain_area_std,domain_oop_mean,domain_oop_std,domain_slen_mean,myof_bending_mean,myof_bending_std,myof_length_max,myof_length_mean,myof_length_std,myof_straightness_mean,myof_straightness_std,n_domains,n_mbands,n_vectors,n_zbands,sarcomere_area,sarcomere_area_ratio,sarcomere_length_mean,sarcomere_length_std,sarcomere_oop,z_intensity_mean,z_intensity_std,z_lat_alignment_mean,z_lat_alignment_std,z_lat_dist_mean,z_lat_dist_std,z_lat_length_groups_mean,z_lat_neighbors_mean,z_lat_neighbors_std,z_length_max,z_length_mean,z_length_std,z_mask_area,z_mask_area_ratio,z_mask_intensity,z_oop,z_straightness_mean,z_straightness_std
411.90749999999997,0.1457935142711519,631.5206751515814,38.745,0.0,0.9314472079277039,0.0,1.3621995834315748,0.020622307070088237,0.009636991081715231,14.506986618041992,11.450309753417969,2.074986696243286,0.966802052329712,0.009097776514482177,1.0,24.0,87.0,21.0,46.23060607910156,0.11223540741331868,1.3588671005727195,0.17983571142937338,0.9322158694267273,1049.5254707923054,112.59345282016618,0.9310974158262044,0.2935435239509036,3.0,0.0,0.8849999999999998,0.09523809523809523,0.2935435239509036,1.5,0.6999999999999998,0.3741657386773941,11.8575,0.028786802862293112,1028.168880455408,0.8447698248045055,0.8435053239138148,0.08632143110139578
