sarcomere_area,cell_mask_area_ratio,domain_area_std,domain_oop_mean,sarcomere_length_mean,z_mask_intensity,myof_straightness_std,z_mask_area,z_straightness_std,myof_length_mean,myof_bending_std,sarcomere_oop,n_domains,myof_straightness_mean,z_intensity_mean,myof_bending_mean,z_lat_dist_mean,z_lat_length_groups_mean,z_length_max,sarcomere_area_ratio,z_length_std,myof_length_max,domain_slen_mean,z_mask_area_ratio,z_lat_alignment_std,n_zbands,cell_mask_area,cell_mask_intensity,z_oop,z_lat_alignment_mean,z_length_mean,z_lat_dist_std,myof_length_std,n_vectors,z_straightness_mean,n_mbands,z_intensity_std,sarcomere_length_std,z_lat_neighbors_mean,z_lat_neighbors_std,domain_area_mean,domain_oop_std
22.244661331176758,0.1246786716465748,,,1.3544217499798423,913.3880597014926,0.01576212471131644,3.0149999999999997,0.0740950403347079,5.336774826049805,0.012532587810656241,0.6711337566375732,0.0,0.965762124711317,941.3188599279507,0.01629435750879119,1.8447727556622464,1.2542897833733424,0.75,0.0518677726624504,0.1443137078762504,5.34763765335083,,0.007030061381879229,0.6555547773570889,11.0,428.8725,646.0560831016211,0.4785356287205793,0.7382480240021921,0.4090909090909091,0.7853747385588127,0.010652166791260242,24.0,0.893153563608109,14.0,120.43951977659128,0.3491671700590538,0.5454545454545454,0.6555547773570889,,
