cell_mask_area,cell_mask_area_ratio,cell_mask_intensity,domain_area_mean,domain_area_std,domain_oop_mean,domain_oop_std,domain_slen_mean,myof_bending_mean,myof_bending_std,myof_length_max,myof_length_mean,myof_length_std,myof_straightness_mean,myof_straightness_std,n_domains,n_mbands,n_vectors,n_zbands,sarcomere_area,sarcomere_area_ratio,sarcomere_length_mean,sarcomere_length_std,sarcomere_oop,z_intensity_mean,z_intensity_std,z_lat_alignment_mean,z_lat_alignment_std,z_lat_dist_mean,z_lat_dist_std,z_lat_length_groups_mean,z_lat_neighbors_mean,z_lat_neighbors_std,z_length_max,z_length_mean,z_length_std,z_mask_area,z_mask_area_ratio,z_mask_intensity,z_oop,z_straightness_mean,z_straightness_std
1656.675,0.25385453442188877,595.6102811354068,94.4475,37.31458109774247,0.6245294213294983,0.14642910659313202,1.473944885150286,0.03872456521843843,0.029457650812913048,31.62428855895996,11.851258277893066,5.9674296379089355,0.928351556855146,0.042218011874960854,3.0,141.0,619.0,143.0,327.8417053222656,0.19789138202862097,1.4842982403000444,0.23866902267623805,0.4313981831073761,920.0770485089225,130.98527607232725,0.7246691015890949,0.6094757641818441,1.5835288558898681,0.6620856554825102,2.413501683554913,0.7972027972027972,0.6094757641818441,3.15,0.8202797202797201,0.5662179076639684,72.9675,0.044044547059622435,928.5232809127351,0.46012756079797157,0.8657613169235284,0.09920408832899273
