sarcomere_area,cell_mask_area_ratio,domain_area_std,domain_oop_mean,sarcomere_length_mean,z_mask_intensity,myof_straightness_std,z_mask_area,z_straightness_std,myof_length_mean,myof_bending_std,sarcomere_oop,n_domains,myof_straightness_mean,z_intensity_mean,myof_bending_mean,z_lat_dist_mean,z_lat_length_groups_mean,z_length_max,sarcomere_area_ratio,z_length_std,myof_length_max,domain_slen_mean,z_mask_area_ratio,z_lat_alignment_std,n_zbands,cell_mask_area,cell_mask_intensity,z_oop,z_lat_alignment_mean,z_length_mean,z_lat_dist_std,myof_length_std,n_vectors,z_straightness_mean,n_mbands,z_intensity_std,sarcomere_length_std,z_lat_neighbors_mean,z_lat_neighbors_std,domain_area_mean,domain_oop_std
327.6723937988281,0.4690147345789369,5.861249999999998,0.7641584873199463,1.5903750013770424,797.549685893775,0.029012886957809306,78.795,0.1017986733749869,7.657830715179443,0.03312263597504853,0.48895537853240967,2.0,0.9627518959036314,783.8771123756898,0.030868224670262425,1.6833959825808003,1.419617328172089,2.25,0.04535273738647236,0.5012305011729857,10.439061164855957,1.5679881191519773,0.010905920089688893,0.6477590885002648,140.0,7224.974999999999,575.8686120021176,0.31633840570931704,0.7390252126770365,0.7103571428571428,0.5373602988971398,1.337767243385315,350.0,0.8557894403253875,131.0,121.8459011402029,0.21794257401632028,0.45714285714285713,0.6477590885002648,48.94875,0.08900799602270126
