cell_mask_area,cell_mask_area_ratio,cell_mask_intensity,domain_area_mean,domain_area_std,domain_oop_mean,domain_oop_std,domain_slen_mean,myof_bending_mean,myof_bending_std,myof_length_max,myof_length_mean,myof_length_std,myof_straightness_mean,myof_straightness_std,n_domains,n_mbands,n_vectors,n_zbands,sarcomere_area,sarcomere_area_ratio,sarcomere_length_mean,sarcomere_length_std,sarcomere_oop,z_intensity_mean,z_intensity_std,z_lat_alignment_mean,z_lat_alignment_std,z_lat_dist_mean,z_lat_dist_std,z_lat_length_groups_mean,z_lat_neighbors_mean,z_lat_neighbors_std,z_length_max,z_length_mean,z_length_std,z_mask_area,z_mask_area_ratio,z_mask_intensity,z_oop,z_straightness_mean,z_straightness_std
1561.995,0.16635355462047946,601.2966350724554,31.290000000000003,13.952084521676323,0.896462619304657,0.030549785122275352,1.394305545396497,0.03002490350845821,0.019719518877889253,10.328706741333008,7.002748012542725,1.4503073692321777,0.9563575075142344,0.017310006526248905,3.0,89.0,222.0,80.0,144.52102661132812,0.09252336058138991,1.4127428052107247,0.25307188285151394,0.559333860874176,1043.044571057513,257.636674641535,0.7781027535451004,0.6514407110397692,1.8705841349236616,0.6994436687716865,2.2211858812782346,0.775,0.6514407110397692,2.4,0.6356249999999999,0.39632639247847223,31.68,0.02028175506323644,1031.8238636363637,0.5099800198775528,0.8805515552839648,0.09982879314605748
