cell_mask_area,cell_mask_area_ratio,cell_mask_intensity,domain_area_mean,domain_area_std,domain_oop_mean,domain_oop_std,domain_slen_mean,myof_bending_mean,myof_bending_std,myof_length_max,myof_length_mean,myof_length_std,myof_straightness_mean,myof_straightness_std,n_domains,n_mbands,n_vectors,n_zbands,sarcomere_area,sarcomere_area_ratio,sarcomere_length_mean,sarcomere_length_std,sarcomere_oop,z_intensity_mean,z_intensity_std,z_lat_alignment_mean,z_lat_alignment_std,z_lat_dist_mean,z_lat_dist_std,z_lat_length_groups_mean,z_lat_neighbors_mean,z_lat_neighbors_std,z_length_max,z_length_mean,z_length_std,z_mask_area,z_mask_area_ratio,z_mask_intensity,z_oop,z_straightness_mean,z_straightness_std
824.625,0.1502640383101548,586.266275579809,36.15,12.097474426507379,0.9432830214500427,0.018355000764131546,1.533477705233589,0.01299741382104547,0.007845520146865431,26.107044219970703,15.498617172241211,5.218163967132568,0.9755871602184327,0.008212834129560401,3.0,56.0,231.0,58.0,90.02413177490234,0.10916978235549776,1.5291859197990885,0.19370681509045823,0.9385130405426025,1001.5267931912055,215.57105334366184,0.8492276607374268,0.5581522088358154,1.418600573056082,0.7790682987549661,1.3483305842754998,0.41379310344827586,0.5581522088358154,1.95,0.7758620689655173,0.3969975005686917,24.66,0.029904502046384722,982.5091240875912,0.8651704726215491,0.9005276493072276,0.09331521839085322
