sarcomere_area,cell_mask_area_ratio,domain_area_std,domain_oop_mean,sarcomere_length_mean,z_mask_intensity,myof_straightness_std,z_mask_area,z_straightness_std,myof_length_mean,myof_bending_std,sarcomere_oop,n_domains,myof_straightness_mean,z_intensity_mean,myof_bending_mean,z_lat_dist_mean,z_lat_length_groups_mean,z_length_max,sarcomere_area_ratio,z_length_std,myof_length_max,domain_slen_mean,z_mask_area_ratio,z_lat_alignment_std,n_zbands,cell_mask_area,cell_mask_intensity,z_oop,z_lat_alignment_mean,z_length_mean,z_lat_dist_std,myof_length_std,n_vectors,z_straightness_mean,n_mbands,z_intensity_std,sarcomere_length_std,z_lat_neighbors_mean,z_lat_neighbors_std,domain_area_mean,domain_oop_std
493.7848815917969,0.3570900639898186,106.44260055306802,0.6801080703735352,1.4844647829728057,875.9735891647856,0.05070682866734962,99.675,0.12047450142935322,12.396366119384766,0.017314900398225738,0.188580721616745,3.0,0.9189824402123995,889.5798849997724,0.027892319030083636,1.7060416724397631,5.200909934366147,8.549999999999999,0.2429078412942676,1.3062317805235306,25.968563079833984,1.470320201939721,0.04903317210311355,0.6739058877027997,161.0,2032.8075,616.78957796053,0.14813252740594787,0.7736705482809076,1.2111801242236024,0.7067548776345484,4.707658767700195,1041.0,0.8171756821606714,164.0,150.72477282147136,0.2094057526992157,1.15527950310559,0.6739058877027997,134.6625,0.12451905757188797
