cell_mask_area,cell_mask_area_ratio,cell_mask_intensity,domain_area_mean,domain_area_std,domain_oop_mean,domain_oop_std,domain_slen_mean,myof_bending_mean,myof_bending_std,myof_length_max,myof_length_mean,myof_length_std,myof_straightness_mean,myof_straightness_std,n_domains,n_mbands,n_vectors,n_zbands,sarcomere_area,sarcomere_area_ratio,sarcomere_length_mean,sarcomere_length_std,sarcomere_oop,z_intensity_mean,z_intensity_std,z_lat_alignment_mean,z_lat_alignment_std,z_lat_dist_mean,z_lat_dist_std,z_lat_length_groups_mean,z_lat_neighbors_mean,z_lat_neighbors_std,z_length_max,z_length_mean,z_length_std,z_mask_area,z_mask_area_ratio,z_mask_intensity,z_oop,z_straightness_mean,z_straightness_std
650.025,0.3287811539774667,606.3546209761163,23.107499999999998,0.0,0.8779580593109131,0.0,1.4943743312329012,0.021803015797031828,0.013877992885830774,20.804533004760742,9.311047554016113,4.646736145019531,0.9506878416704526,0.021359812603569943,1.0,23.0,99.0,23.0,53.97052764892578,0.08302838759882433,1.4794726571802224,0.20346679089633501,0.5717473030090332,917.9777445946403,153.98247491246758,0.4983689741908533,0.49572844569527735,1.4330134816928213,0.427752687059498,1.6730593004702279,0.43478260869565216,0.49572844569527735,3.15,0.9978260869565219,0.7383115668566038,12.959999999999999,0.019937694704049845,925.2100694444445,0.46911757471554416,0.8102668803385357,0.09523310015604285
