cell_mask_area,cell_mask_area_ratio,cell_mask_intensity,domain_area_mean,domain_area_std,domain_oop_mean,domain_oop_std,domain_slen_mean,myof_bending_mean,myof_bending_std,myof_length_max,myof_length_mean,myof_length_std,myof_straightness_mean,myof_straightness_std,n_domains,n_mbands,n_vectors,n_zbands,sarcomere_area,sarcomere_area_ratio,sarcomere_length_mean,sarcomere_length_std,sarcomere_oop,z_intensity_mean,z_intensity_std,z_lat_alignment_mean,z_lat_alignment_std,z_lat_dist_mean,z_lat_dist_std,z_lat_length_groups_mean,z_lat_neighbors_mean,z_lat_neighbors_std,z_length_max,z_length_mean,z_length_std,z_mask_area,z_mask_area_ratio,z_mask_intensity,z_oop,z_straightness_mean,z_straightness_std
1877.1525,0.29926035927456385,619.283846144626,88.2675,39.911258280089335,0.7617371678352356,0.2282434105873108,1.3412165224643102,0.03602518429443034,0.022097843814866666,22.17293357849121,9.970450401306152,4.007858753204346,0.9477286379940929,0.03034089132752553,3.0,175.0,771.0,157.0,370.2710876464844,0.19725146872536162,1.3549363071798797,0.2519947095176319,0.4938817620277405,1024.3071282558524,244.4816819808718,0.7850227141399516,0.6014304017382357,1.8535411927922005,0.6422833516177467,1.7243765717026807,0.445859872611465,0.6014304017382357,5.85,0.9267515923566877,0.7615674554818218,79.44749999999999,0.04232341272219492,1004.27386009629,0.4612574829106236,0.8400955812878457,0.09488703327061264
