cell_mask_area,cell_mask_area_ratio,cell_mask_intensity,domain_area_mean,domain_area_std,domain_oop_mean,domain_oop_std,domain_slen_mean,myof_bending_mean,myof_bending_std,myof_length_max,myof_length_mean,myof_length_std,myof_straightness_mean,myof_straightness_std,n_domains,n_mbands,n_vectors,n_zbands,sarcomere_area,sarcomere_area_ratio,sarcomere_length_mean,sarcomere_length_std,sarcomere_oop,z_intensity_mean,z_intensity_std,z_lat_alignment_mean,z_lat_alignment_std,z_lat_dist_mean,z_lat_dist_std,z_lat_length_groups_mean,z_lat_neighbors_mean,z_lat_neighbors_std,z_length_max,z_length_mean,z_length_std,z_mask_area,z_mask_area_ratio,z_mask_intensity,z_oop,z_straightness_mean,z_straightness_std
1858.6799999999998,0.3791723276906694,597.9976999806314,53.692499999999995,19.032307729227163,0.8687337040901184,0.06404192745685577,1.6099947227491356,0.019235637676446198,0.015655443572684145,19.934553146362305,8.532212257385254,3.2651586532592773,0.9606956949763202,0.02748018627878896,3.0,104.0,355.0,96.0,235.31668090820312,0.12660419271106546,1.5971745671928557,0.2560438059955004,0.6706350445747375,844.1148355923502,143.04871249053477,0.7619525363193851,0.6817945071647321,1.837295323659211,0.6621456054002787,2.1814404076310154,0.6875,0.6817945071647321,3.3,0.7999999999999999,0.6643841132959156,55.1025,0.02964603912454,838.3103307472438,0.5431366293109602,0.8498760960266322,0.08760932499190074
