cell_mask_area,cell_mask_area_ratio,cell_mask_intensity,domain_area_mean,domain_area_std,domain_oop_mean,domain_oop_std,domain_slen_mean,myof_bending_mean,myof_bending_std,myof_length_max,myof_length_mean,myof_length_std,myof_straightness_mean,myof_straightness_std,n_domains,n_mbands,n_vectors,n_zbands,sarcomere_area,sarcomere_area_ratio,sarcomere_length_mean,sarcomere_length_std,sarcomere_oop,z_intensity_mean,z_intensity_std,z_lat_alignment_mean,z_lat_alignment_std,z_lat_dist_mean,z_lat_dist_std,z_lat_length_groups_mean,z_lat_neighbors_mean,z_lat_neighbors_std,z_length_max,z_length_mean,z_length_std,z_mask_area,z_mask_area_ratio,z_mask_intensity,z_oop,z_straightness_mean,z_straightness_std
5037.5025,0.3670642434973645,608.6093376628597,448.08187499999997,137.0270997760913,0.6328761577606201,0.15960600972175598,1.64845794846436,0.026943910876580546,0.02312878085682446,56.25905990600586,18.984878540039062,10.77395248413086,0.9015881605765259,0.08123084541300424,4.0,475.0,4602.0,485.0,1996.2564697265625,0.39627900328120186,1.6595544553739248,0.22168898774685122,0.32299068570137024,900.8357681031118,161.86492756563476,0.8171317262916091,0.7187156859424201,1.6648693282461766,0.6713675533638668,7.981219445614025,1.2742268041237113,0.7187156859424201,18.0,1.8355670103092783,1.9188076028209913,378.5625,0.07514884607997714,902.6651411589896,0.23044504543023484,0.7851986515774965,0.1482349888474265
