cell_mask_area,cell_mask_area_ratio,cell_mask_intensity,domain_area_mean,domain_area_std,domain_oop_mean,domain_oop_std,domain_slen_mean,myof_bending_mean,myof_bending_std,myof_length_max,myof_length_mean,myof_length_std,myof_straightness_mean,myof_straightness_std,n_domains,n_mbands,n_vectors,n_zbands,sarcomere_area,sarcomere_area_ratio,sarcomere_length_mean,sarcomere_length_std,sarcomere_oop,z_intensity_mean,z_intensity_std,z_lat_alignment_mean,z_lat_alignment_std,z_lat_dist_mean,z_lat_dist_std,z_lat_length_groups_mean,z_lat_neighbors_mean,z_lat_neighbors_std,z_length_max,z_length_mean,z_length_std,z_mask_area,z_mask_area_ratio,z_mask_intensity,z_oop,z_straightness_mean,z_straightness_std
1652.3774999999998,0.18634988784344772,587.1625702964365,141.345,23.759999999999998,0.6839410662651062,0.14210987091064453,1.3584129081607115,0.02303619192190215,0.01706403548855735,26.96662712097168,13.696121215820312,4.993760108947754,0.9293740328002916,0.03912945193872838,2.0,141.0,758.0,140.0,337.62933349609375,0.2043294183660173,1.3630107594703806,0.21758945977565813,0.6332637071609497,954.2700080738317,192.97830910031217,0.7888914441413055,0.6646696279248167,1.8721360186472895,0.7059955446388689,4.9550918227862715,1.15,0.6646696279248167,3.75,0.9407142857142856,0.7458836014679338,69.9075,0.042307220958891056,949.0337946572256,0.5351831185077388,0.8527035489790415,0.10496478821265574
