cell_mask_area,cell_mask_area_ratio,cell_mask_intensity,domain_area_mean,domain_area_std,domain_oop_mean,domain_oop_std,domain_slen_mean,myof_bending_mean,myof_bending_std,myof_length_max,myof_length_mean,myof_length_std,myof_straightness_mean,myof_straightness_std,n_domains,n_mbands,n_vectors,n_zbands,sarcomere_area,sarcomere_area_ratio,sarcomere_length_mean,sarcomere_length_std,sarcomere_oop,z_intensity_mean,z_intensity_std,z_lat_alignment_mean,z_lat_alignment_std,z_lat_dist_mean,z_lat_dist_std,z_lat_length_groups_mean,z_lat_neighbors_mean,z_lat_neighbors_std,z_length_max,z_length_mean,z_length_std,z_mask_area,z_mask_area_ratio,z_mask_intensity,z_oop,z_straightness_mean,z_straightness_std
382.47749999999996,0.15515557543286387,613.0231778339902,21.419999999999998,0.0,0.6905973553657532,0.0,1.4695309659466493,0.026974506130238066,0.022732644044046825,8.717435836791992,7.174565315246582,1.449972152709961,0.95370615346309,0.021862882896877964,1.0,17.0,64.0,21.0,37.07298278808594,0.09692853249690751,1.4869342136995805,0.18504176411069323,0.7109677791595459,930.4312265115835,154.12628719397964,0.8413115223015586,0.45175395145262565,1.5211787416964764,0.942610861284083,0.828529790282746,0.2857142857142857,0.45175395145262565,1.2,0.4928571428571428,0.27441961017569344,9.855,0.025766221542443676,967.6940639269407,0.5416576820695578,0.8555698769034388,0.07878962715349866
