sarcomere_area,cell_mask_area_ratio,domain_area_std,domain_oop_mean,sarcomere_length_mean,z_mask_intensity,myof_straightness_std,z_mask_area,z_straightness_std,myof_length_mean,myof_bending_std,sarcomere_oop,n_domains,myof_straightness_mean,z_intensity_mean,myof_bending_mean,z_lat_dist_mean,z_lat_length_groups_mean,z_length_max,sarcomere_area_ratio,z_length_std,myof_length_max,domain_slen_mean,z_mask_area_ratio,z_lat_alignment_std,n_zbands,cell_mask_area,cell_mask_intensity,z_oop,z_lat_alignment_mean,z_length_mean,z_lat_dist_std,myof_length_std,n_vectors,z_straightness_mean,n_mbands,z_intensity_std,sarcomere_length_std,z_lat_neighbors_mean,z_lat_neighbors_std,domain_area_mean,domain_oop_std
792.1229858398438,0.3409035867248199,67.55106921615744,0.7381178736686707,1.4409926035088998,880.9192563441444,0.10094630637591526,165.80249999999998,0.12491867613168565,11.434147834777832,0.022814419650309135,0.24544063210487366,8.0,0.9239963810228821,883.4356188157266,0.028571435723464222,1.6783460902966725,2.815964457934047,10.049999999999999,0.22532075085011066,1.1665255721146,33.953914642333984,1.4339736101228295,0.04716280736786861,0.699355562917689,273.0,3515.535,583.1810862358076,0.14770243640080236,0.779884457621032,1.1038461538461537,0.6189752521097551,5.728287220001221,1635.0,0.8243039029251721,317.0,151.40618520692863,0.2560042123865863,0.7619047619047619,0.699355562917689,80.8903125,0.12018784135580063
