cell_mask_area,cell_mask_area_ratio,cell_mask_intensity,domain_area_mean,domain_area_std,domain_oop_mean,domain_oop_std,domain_slen_mean,myof_bending_mean,myof_bending_std,myof_length_max,myof_length_mean,myof_length_std,myof_straightness_mean,myof_straightness_std,n_domains,n_mbands,n_vectors,n_zbands,sarcomere_area,sarcomere_area_ratio,sarcomere_length_mean,sarcomere_length_std,sarcomere_oop,z_intensity_mean,z_intensity_std,z_lat_alignment_mean,z_lat_alignment_std,z_lat_dist_mean,z_lat_dist_std,z_lat_length_groups_mean,z_lat_neighbors_mean,z_lat_neighbors_std,z_length_max,z_length_mean,z_length_std,z_mask_area,z_mask_area_ratio,z_mask_intensity,z_oop,z_straightness_mean,z_straightness_std
743.0174999999999,0.2978023068113158,656.6531205523423,53.595,2.677500000000002,0.8339253664016724,0.040475696325302124,1.5774604529492322,0.029228196151881634,0.020524743375569355,20.048908233642578,13.795931816101074,3.3332982063293457,0.9388745245377319,0.02209795324737974,2.0,39.0,263.0,37.0,131.685302734375,0.17723041884528293,1.5788185569873108,0.18621661572748063,0.6210698485374451,969.0362710924434,164.13186084666057,0.8004077987481973,0.6508970042590428,1.6396639844283634,0.6476897545650263,3.681589080292066,0.8108108108108109,0.6508970042590428,4.05,1.5243243243243243,1.1777567787743222,27.72,0.03730733125397451,959.0024350649351,0.48275205234716173,0.8218473483020167,0.1459046692957682
