cell_mask_area,cell_mask_area_ratio,cell_mask_intensity,domain_area_mean,domain_area_std,domain_oop_mean,domain_oop_std,domain_slen_mean,myof_bending_mean,myof_bending_std,myof_length_max,myof_length_mean,myof_length_std,myof_straightness_mean,myof_straightness_std,n_domains,n_mbands,n_vectors,n_zbands,sarcomere_area,sarcomere_area_ratio,sarcomere_length_mean,sarcomere_length_std,sarcomere_oop,z_intensity_mean,z_intensity_std,z_lat_alignment_mean,z_lat_alignment_std,z_lat_dist_mean,z_lat_dist_std,z_lat_length_groups_mean,z_lat_neighbors_mean,z_lat_neighbors_std,z_length_max,z_length_mean,z_length_std,z_mask_area,z_mask_area_ratio,z_mask_intensity,z_oop,z_straightness_mean,z_straightness_std
622.935,0.40332731192820925,822.102434443401,71.1,0.0,0.5794549584388733,0.0,1.4230617999106379,0.02126739388530698,0.02099291578509762,11.08513355255127,7.038506984710693,2.3540079593658447,0.956410534508507,0.017471476952326974,1.0,39.0,153.0,40.0,86.42393493652344,0.13873668189542,1.4292798404853164,0.19571576105982133,0.5768935084342957,1545.6648567865188,334.46168926504856,0.7382238012546177,0.6538348415311009,1.761121098228671,0.7600602659056847,4.297399132897613,1.15,0.6538348415311009,2.25,0.81375,0.5438275806724039,19.8675,0.03189337571335693,1540.8697621744054,0.5571913432858117,0.8377957036500454,0.09811076199278689
