cell_mask_area,cell_mask_area_ratio,cell_mask_intensity,domain_area_mean,domain_area_std,domain_oop_mean,domain_oop_std,domain_slen_mean,myof_bending_mean,myof_bending_std,myof_length_max,myof_length_mean,myof_length_std,myof_straightness_mean,myof_straightness_std,n_domains,n_mbands,n_vectors,n_zbands,sarcomere_area,sarcomere_area_ratio,sarcomere_length_mean,sarcomere_length_std,sarcomere_oop,z_intensity_mean,z_intensity_std,z_lat_alignment_mean,z_lat_alignment_std,z_lat_dist_mean,z_lat_dist_std,z_lat_length_groups_mean,z_lat_neighbors_mean,z_lat_neighbors_std,z_length_max,z_length_mean,z_length_std,z_mask_area,z_mask_area_ratio,z_mask_intensity,z_oop,z_straightness_mean,z_straightness_std
5036.22,0.3669707924484995,608.6276180349548,448.28999999999996,141.63559222305318,0.6314221620559692,0.16048425436019897,1.6485962174852826,0.0260931447260178,0.022943733707537443,55.207637786865234,19.27517318725586,10.084461212158203,0.9093340662451996,0.07674378202365605,4.0,475.0,4595.0,485.0,1995.90087890625,0.39630931113141404,1.659986869651894,0.2223037173247972,0.32429632544517517,900.8664707889014,161.8474448527848,0.8178074577113416,0.7187156859424201,1.6713000963587998,0.6695409727004451,7.989953010084483,1.2742268041237113,0.7187156859424201,18.0,1.8346391752577318,1.91786934068769,378.5625,0.0751679831302048,902.7049628528974,0.23017605866448287,0.7852756710702846,0.1481878219457998
