cell_mask_area,cell_mask_area_ratio,cell_mask_intensity,domain_area_mean,domain_area_std,domain_oop_mean,domain_oop_std,domain_slen_mean,myof_bending_mean,myof_bending_std,myof_length_max,myof_length_mean,myof_length_std,myof_straightness_mean,myof_straightness_std,n_domains,n_mbands,n_vectors,n_zbands,sarcomere_area,sarcomere_area_ratio,sarcomere_length_mean,sarcomere_length_std,sarcomere_oop,z_intensity_mean,z_intensity_std,z_lat_alignment_mean,z_lat_alignment_std,z_lat_dist_mean,z_lat_dist_std,z_lat_length_groups_mean,z_lat_neighbors_mean,z_lat_neighbors_std,z_length_max,z_length_mean,z_length_std,z_mask_area,z_mask_area_ratio,z_mask_intensity,z_oop,z_straightness_mean,z_straightness_std
438.16499999999996,0.16581378517603984,588.6279141419328,,,,,,0.015043982071238176,0.004718487978481596,8.096233367919922,7.839344501495361,0.26571959257125854,0.9389447673358049,0.00914534040170728,0.0,17.0,44.0,18.0,36.4056282043457,0.08308657287630392,1.5243628830489475,0.2928696845520041,0.8581889271736145,920.1390118238028,101.70773867749377,0.6826507301532972,0.5983516452371671,2.04122576573278,0.8135707549492102,1.569702217589531,0.5555555555555556,0.5983516452371671,1.2,0.5666666666666667,0.2718251071716682,8.955,0.02043750641881483,922.5326633165829,0.3939979674526266,0.9141342624237362,0.07833686427944804
