sarcomere_area,cell_mask_area_ratio,domain_area_std,domain_oop_mean,sarcomere_length_mean,z_mask_intensity,myof_straightness_std,z_mask_area,z_straightness_std,myof_length_mean,myof_bending_std,sarcomere_oop,n_domains,myof_straightness_mean,z_intensity_mean,myof_bending_mean,z_lat_dist_mean,z_lat_length_groups_mean,z_length_max,sarcomere_area_ratio,z_length_std,myof_length_max,domain_slen_mean,z_mask_area_ratio,z_lat_alignment_std,n_zbands,cell_mask_area,cell_mask_intensity,z_oop,z_lat_alignment_mean,z_length_mean,z_lat_dist_std,myof_length_std,n_vectors,z_straightness_mean,n_mbands,z_intensity_std,sarcomere_length_std,z_lat_neighbors_mean,z_lat_neighbors_std,domain_area_mean,domain_oop_std
235.3271942138672,0.37928707817721147,18.949313641923816,0.8697586059570312,1.5906779617982845,838.8406211687781,0.03272999967770681,55.0575,0.08734442453410149,8.957099914550781,0.021207000188133797,0.6680487394332886,3.0,0.9568383797390633,844.2230063237247,0.022029580586852743,1.8359946632340216,2.1807591093130587,3.3,0.12657154417127794,0.659426834455499,15.101334571838379,1.6042400160849324,0.029612866530320817,0.6817945071647321,96.0,1859.2424999999998,597.9745259157963,0.5439773952727307,0.771712942054335,0.7999999999999999,0.6642055789600418,2.096130132675171,358.0,0.8503937189503145,104.0,143.01452008431025,0.2591800946454578,0.6875,0.6817945071647321,53.36249999999999,0.06444904208183289
