cell_mask_area,cell_mask_area_ratio,cell_mask_intensity,domain_area_mean,domain_area_std,domain_oop_mean,domain_oop_std,domain_slen_mean,myof_bending_mean,myof_bending_std,myof_length_max,myof_length_mean,myof_length_std,myof_straightness_mean,myof_straightness_std,n_domains,n_mbands,n_vectors,n_zbands,sarcomere_area,sarcomere_area_ratio,sarcomere_length_mean,sarcomere_length_std,sarcomere_oop,z_intensity_mean,z_intensity_std,z_lat_alignment_mean,z_lat_alignment_std,z_lat_dist_mean,z_lat_dist_std,z_lat_length_groups_mean,z_lat_neighbors_mean,z_lat_neighbors_std,z_length_max,z_length_mean,z_length_std,z_mask_area,z_mask_area_ratio,z_mask_intensity,z_oop,z_straightness_mean,z_straightness_std
484.335,0.13999011497840905,549.8426553934777,24.3,0.0,0.9624831676483154,0.0,1.7034237251228719,0.012588235719836176,0.007900571285700483,14.518084526062012,9.003313064575195,2.6083571910858154,0.9787441724669427,0.010385915960614061,1.0,21.0,84.0,27.0,42.50585174560547,0.08776126388884857,1.5882299742138943,0.28355740194281825,0.971967875957489,740.7406435303863,71.095384943834,0.8824932192326949,0.628539361054709,1.5641761235793012,0.6468021756491166,1.3826217495940862,0.4444444444444444,0.628539361054709,1.95,0.7277777777777777,0.47557632353405993,11.317499999999999,0.02336709095976958,743.0755467196819,0.8698918397208929,0.8849768950291511,0.10508344694062373
