cell_mask_area,cell_mask_area_ratio,cell_mask_intensity,domain_area_mean,domain_area_std,domain_oop_mean,domain_oop_std,domain_slen_mean,myof_bending_mean,myof_bending_std,myof_length_max,myof_length_mean,myof_length_std,myof_straightness_mean,myof_straightness_std,n_domains,n_mbands,n_vectors,n_zbands,sarcomere_area,sarcomere_area_ratio,sarcomere_length_mean,sarcomere_length_std,sarcomere_oop,z_intensity_mean,z_intensity_std,z_lat_alignment_mean,z_lat_alignment_std,z_lat_dist_mean,z_lat_dist_std,z_lat_length_groups_mean,z_lat_neighbors_mean,z_lat_neighbors_std,z_length_max,z_length_mean,z_length_std,z_mask_area,z_mask_area_ratio,z_mask_intensity,z_oop,z_straightness_mean,z_straightness_std
1155.7124999999999,0.11529120765660211,652.7202375158182,272.9025,0.0,0.9056215882301331,0.0,1.4527744461187924,0.013716906646067327,0.008944255637754969,44.71644592285156,21.34903907775879,12.802342414855957,0.9643786201879211,0.017675644840376627,1.0,118.0,699.0,122.0,292.9833068847656,0.2535088154577939,1.4527744461187924,0.1567199655669179,0.9056217074394226,1137.03845775424,310.84023811912704,0.8363311287560377,0.6313071971793347,1.7951094187307484,0.7086750543647552,5.773441648337758,1.2459016393442623,0.6313071971793347,4.6499999999999995,1.0586065573770491,0.7155959519969196,58.095,0.05026769200817678,1114.635553834237,0.7973427678431164,0.8308310410444438,0.09688303601785642
