cell_mask_area,cell_mask_area_ratio,cell_mask_intensity,domain_area_mean,domain_area_std,domain_oop_mean,domain_oop_std,domain_slen_mean,myof_bending_mean,myof_bending_std,myof_length_max,myof_length_mean,myof_length_std,myof_straightness_mean,myof_straightness_std,n_domains,n_mbands,n_vectors,n_zbands,sarcomere_area,sarcomere_area_ratio,sarcomere_length_mean,sarcomere_length_std,sarcomere_oop,z_intensity_mean,z_intensity_std,z_lat_alignment_mean,z_lat_alignment_std,z_lat_dist_mean,z_lat_dist_std,z_lat_length_groups_mean,z_lat_neighbors_mean,z_lat_neighbors_std,z_length_max,z_length_mean,z_length_std,z_mask_area,z_mask_area_ratio,z_mask_intensity,z_oop,z_straightness_mean,z_straightness_std
1783.0349999999999,0.46853419733232426,552.612901597557,165.27375,31.758750000000006,0.5335625410079956,0.21719324588775635,1.5630149394327408,0.019133030745821372,0.017709343747026145,42.52040100097656,15.484757423400879,7.758476734161377,0.9409616447780653,0.04630732102020093,2.0,161.0,843.0,166.0,437.4468078613281,0.24533831801469302,1.5586152843217325,0.22533434993313525,0.5845242142677307,692.0169427399487,75.56359170985203,0.7783898358972473,0.7263971226497764,1.7233305059767923,0.6988212541501331,3.2091734079172674,0.8795180722891566,0.7263971226497764,3.4499999999999997,1.0400602409638553,0.7961356191515799,89.41499999999999,0.05014764152133862,698.1016607951686,0.48423423135096905,0.8323772193693607,0.10803710968362347
