sarcomere_area,cell_mask_area_ratio,domain_area_std,domain_oop_mean,sarcomere_length_mean,z_mask_intensity,myof_straightness_std,z_mask_area,z_straightness_std,myof_length_mean,myof_bending_std,sarcomere_oop,n_domains,myof_straightness_mean,z_intensity_mean,myof_bending_mean,z_lat_dist_mean,z_lat_length_groups_mean,z_length_max,sarcomere_area_ratio,z_length_std,myof_length_max,domain_slen_mean,z_mask_area_ratio,z_lat_alignment_std,n_zbands,cell_mask_area,cell_mask_intensity,z_oop,z_lat_alignment_mean,z_length_mean,z_lat_dist_std,myof_length_std,n_vectors,z_straightness_mean,n_mbands,z_intensity_std,sarcomere_length_std,z_lat_neighbors_mean,z_lat_neighbors_std,domain_area_mean,domain_oop_std
37.271671295166016,0.3508582502768549,0.0,0.943111002445221,1.411556419237564,1040.1458333333333,0.012755322292715643,9.719999999999999,0.12464548549500243,10.294530868530273,0.006565456602104456,0.943111002445221,1.0,0.9653119567733189,1040.2647196815612,0.011917488355241031,1.384533733258462,1.6426424969560836,2.55,0.06535621889961338,0.8212596761203497,10.958032608032227,1.411556419237564,0.017044109524185273,0.46153846153846156,13.0,570.285,626.5,0.6316171778235468,0.6773227484397328,1.176923076923077,0.2925172498663833,0.3799315392971039,77.0,0.8381161032211856,12.0,90.33170769592907,0.18729101941462925,0.3076923076923077,0.46153846153846156,28.035,0.0
