cell_mask_area,cell_mask_area_ratio,cell_mask_intensity,domain_area_mean,domain_area_std,domain_oop_mean,domain_oop_std,domain_slen_mean,myof_bending_mean,myof_bending_std,myof_length_max,myof_length_mean,myof_length_std,myof_straightness_mean,myof_straightness_std,n_domains,n_mbands,n_vectors,n_zbands,sarcomere_area,sarcomere_area_ratio,sarcomere_length_mean,sarcomere_length_std,sarcomere_oop,z_intensity_mean,z_intensity_std,z_lat_alignment_mean,z_lat_alignment_std,z_lat_dist_mean,z_lat_dist_std,z_lat_length_groups_mean,z_lat_neighbors_mean,z_lat_neighbors_std,z_length_max,z_length_mean,z_length_std,z_mask_area,z_mask_area_ratio,z_mask_intensity,z_oop,z_straightness_mean,z_straightness_std
1236.9375,0.16767009479193354,619.2715052296498,21.195,0.0,0.7016634345054626,0.0,1.5546438536509228,0.05028530483275781,0.0030984237348762574,9.914443016052246,8.390605926513672,1.0850714445114136,0.8993700194390563,0.006334608346045259,1.0,49.0,110.0,40.0,79.54715728759766,0.06430976285188027,1.5071910431417301,0.3164726921629214,0.2669750452041626,1016.7843758228715,179.8923357924577,0.7997167243916079,0.48733971724044817,1.7089672151210604,0.716192053601109,0.8355667450172943,0.25,0.48733971724044817,1.2,0.5175,0.2531180554602931,18.0675,0.014606639381537062,978.9937733499378,0.30899079191343226,0.8803877752386239,0.09175280121720664
