cell_mask_area,cell_mask_area_ratio,cell_mask_intensity,domain_area_mean,domain_area_std,domain_oop_mean,domain_oop_std,domain_slen_mean,myof_bending_mean,myof_bending_std,myof_length_max,myof_length_mean,myof_length_std,myof_straightness_mean,myof_straightness_std,n_domains,n_mbands,n_vectors,n_zbands,sarcomere_area,sarcomere_area_ratio,sarcomere_length_mean,sarcomere_length_std,sarcomere_oop,z_intensity_mean,z_intensity_std,z_lat_alignment_mean,z_lat_alignment_std,z_lat_dist_mean,z_lat_dist_std,z_lat_length_groups_mean,z_lat_neighbors_mean,z_lat_neighbors_std,z_length_max,z_length_mean,z_length_std,z_mask_area,z_mask_area_ratio,z_mask_intensity,z_oop,z_straightness_mean,z_straightness_std
913.365,0.3485061813186814,597.4883233975464,37.552499999999995,13.364999999999998,0.7193896770477295,0.08769643306732178,1.512387977520849,0.04721320229001194,0.04462290998398932,13.118928909301758,8.90771484375,2.177870035171509,0.9302927526228779,0.033293071572773586,2.0,62.0,176.0,52.0,131.76454162597656,0.14426274449532941,1.5469687465477149,0.2503372111214985,0.6166206002235413,873.0265703874126,117.01874261560951,0.8198306996317378,0.6605986168199103,1.6416223977427715,0.5357946465104667,1.7844415125984205,0.5769230769230769,0.6605986168199103,2.4,0.7961538461538461,0.5274982823382675,30.915,0.033847366605902346,872.0574963609898,0.5603322412132694,0.8480418810251209,0.0944746097459862
