cell_mask_area,cell_mask_area_ratio,cell_mask_intensity,domain_area_mean,domain_area_std,domain_oop_mean,domain_oop_std,domain_slen_mean,myof_bending_mean,myof_bending_std,myof_length_max,myof_length_mean,myof_length_std,myof_straightness_mean,myof_straightness_std,n_domains,n_mbands,n_vectors,n_zbands,sarcomere_area,sarcomere_area_ratio,sarcomere_length_mean,sarcomere_length_std,sarcomere_oop,z_intensity_mean,z_intensity_std,z_lat_alignment_mean,z_lat_alignment_std,z_lat_dist_mean,z_lat_dist_std,z_lat_length_groups_mean,z_lat_neighbors_mean,z_lat_neighbors_std,z_length_max,z_length_mean,z_length_std,z_mask_area,z_mask_area_ratio,z_mask_intensity,z_oop,z_straightness_mean,z_straightness_std
913.23,0.34845467032967037,597.5003695673598,37.45125,13.263749999999998,0.7188428640365601,0.08703580498695374,1.5054861079842183,0.024217714517234864,0.014675046073149211,13.770220756530762,11.25058364868164,2.2849462032318115,0.9315833033594938,0.03470550605654576,2.0,62.0,174.0,52.0,131.68190002441406,0.14419357667226665,1.5446161885410796,0.239978403659885,0.6155956387519836,873.0265703874126,117.01874261560951,0.8177437604894394,0.6605986168199103,1.6416223977427715,0.5357946465104667,1.7844415125984205,0.5769230769230769,0.6605986168199103,2.4,0.7961538461538461,0.5274982823382675,30.915,0.033852370158667586,872.0574963609898,0.5603322412132694,0.8480418810251209,0.0944746097459862
