sarcomere_area,cell_mask_area_ratio,domain_area_std,domain_oop_mean,sarcomere_length_mean,z_mask_intensity,myof_straightness_std,z_mask_area,z_straightness_std,myof_length_mean,myof_bending_std,sarcomere_oop,n_domains,myof_straightness_mean,z_intensity_mean,myof_bending_mean,z_lat_dist_mean,z_lat_length_groups_mean,z_length_max,sarcomere_area_ratio,z_length_std,myof_length_max,domain_slen_mean,z_mask_area_ratio,z_lat_alignment_std,n_zbands,cell_mask_area,cell_mask_intensity,z_oop,z_lat_alignment_mean,z_length_mean,z_lat_dist_std,myof_length_std,n_vectors,z_straightness_mean,n_mbands,z_intensity_std,sarcomere_length_std,z_lat_neighbors_mean,z_lat_neighbors_std,domain_area_mean,domain_oop_std
352.7381286621094,0.16260564929148208,66.42458134924055,0.9024710655212402,1.6726395626288961,1287.1570402747425,0.028234151846548282,72.0675,0.10196281481360575,13.01856517791748,0.02408356801724939,0.8556821346282959,4.0,0.9577652222714451,1301.5834122013534,0.027451884975126645,2.0397600665172506,2.887569766583882,5.3999999999999995,0.25243949829735146,0.8476715578237182,23.650388717651367,1.6489391805062086,0.05157560826369097,0.6152442765672601,115.0,1397.3174999999999,652.3864708629213,0.8185407709846785,0.8022696155597541,1.1308695652173915,0.6265864492299675,4.863114356994629,622.0,0.8398021982068425,124.0,342.44525433901657,0.36576900645712995,0.7130434782608696,0.6152442765672601,73.513125,0.05124937742948532
