cell_mask_area,cell_mask_area_ratio,cell_mask_intensity,domain_area_mean,domain_area_std,domain_oop_mean,domain_oop_std,domain_slen_mean,myof_bending_mean,myof_bending_std,myof_length_max,myof_length_mean,myof_length_std,myof_straightness_mean,myof_straightness_std,n_domains,n_mbands,n_vectors,n_zbands,sarcomere_area,sarcomere_area_ratio,sarcomere_length_mean,sarcomere_length_std,sarcomere_oop,z_intensity_mean,z_intensity_std,z_lat_alignment_mean,z_lat_alignment_std,z_lat_dist_mean,z_lat_dist_std,z_lat_length_groups_mean,z_lat_neighbors_mean,z_lat_neighbors_std,z_length_max,z_length_mean,z_length_std,z_mask_area,z_mask_area_ratio,z_mask_intensity,z_oop,z_straightness_mean,z_straightness_std
1236.9375,0.16767009479193354,619.2715052296498,21.2625,0.0,0.7016634941101074,0.0,1.5567660364777514,0.042480460075774426,0.013782125281409487,9.925336837768555,7.686788082122803,1.3069086074829102,0.9119996749356396,0.022552606081348493,1.0,49.0,110.0,40.0,79.5471420288086,0.06430975051593843,1.512071490331209,0.31335026179202563,0.2669743597507477,1016.7843758228715,179.8923357924577,0.7997157926413214,0.48733971724044817,1.7089672151210604,0.716192053601109,0.8355667450172943,0.25,0.48733971724044817,1.2,0.5175,0.2531180554602931,18.0675,0.014606639381537062,978.9937733499378,0.30899079191343226,0.8803877752386239,0.09175280121720664
