cell_mask_area,cell_mask_area_ratio,cell_mask_intensity,domain_area_mean,domain_area_std,domain_oop_mean,domain_oop_std,domain_slen_mean,myof_bending_mean,myof_bending_std,myof_length_max,myof_length_mean,myof_length_std,myof_straightness_mean,myof_straightness_std,n_domains,n_mbands,n_vectors,n_zbands,sarcomere_area,sarcomere_area_ratio,sarcomere_length_mean,sarcomere_length_std,sarcomere_oop,z_intensity_mean,z_intensity_std,z_lat_alignment_mean,z_lat_alignment_std,z_lat_dist_mean,z_lat_dist_std,z_lat_length_groups_mean,z_lat_neighbors_mean,z_lat_neighbors_std,z_length_max,z_length_mean,z_length_std,z_mask_area,z_mask_area_ratio,z_mask_intensity,z_oop,z_straightness_mean,z_straightness_std
743.0174999999999,0.2978023068113158,656.6531205523423,52.942499999999995,1.7324999999999982,0.8360464572906494,0.03919687867164612,1.5758396303652678,0.024692463878965745,0.020171906494946202,20.048904418945312,12.7618989944458,2.97723388671875,0.9455890294809054,0.021399581127028704,2.0,39.0,262.0,37.0,131.685302734375,0.17723041884528293,1.5772663783497713,0.1909783239594882,0.6196253895759583,969.0362710924434,164.13186084666057,0.8004020773576116,0.6508970042590428,1.6396639844283634,0.6476897545650263,3.681589080292066,0.8108108108108109,0.6508970042590428,4.05,1.5243243243243243,1.1777567787743222,27.72,0.03730733125397451,959.0024350649351,0.48275205234716173,0.8218473483020167,0.1459046692957682
