sarcomere_area,cell_mask_area_ratio,domain_area_std,domain_oop_mean,sarcomere_length_mean,z_mask_intensity,myof_straightness_std,z_mask_area,z_straightness_std,myof_length_mean,myof_bending_std,sarcomere_oop,n_domains,myof_straightness_mean,z_intensity_mean,myof_bending_mean,z_lat_dist_mean,z_lat_length_groups_mean,z_length_max,sarcomere_area_ratio,z_length_std,myof_length_max,domain_slen_mean,z_mask_area_ratio,z_lat_alignment_std,n_zbands,cell_mask_area,cell_mask_intensity,z_oop,z_lat_alignment_mean,z_length_mean,z_lat_dist_std,myof_length_std,n_vectors,z_straightness_mean,n_mbands,z_intensity_std,sarcomere_length_std,z_lat_neighbors_mean,z_lat_neighbors_std,domain_area_mean,domain_oop_std
685.6866455078125,0.3274647887323944,121.17375,0.5691541433334351,1.4088248684170364,977.7880741337631,0.039478136942459094,139.61249999999998,0.13585144247600128,11.447922706604004,0.027430803842299206,0.6409925222396851,2.0,0.9494421085172606,969.8384550609891,0.022846877742607137,1.4840098697162662,9.841550516227795,7.6499999999999995,0.38733778213184683,1.4053236372126126,27.90387725830078,1.4001966424444894,0.07886575662828237,0.639145626009437,209.0,1770.2549999999999,621.5381046798343,0.5818815031665899,0.8089046099789793,1.7131578947368422,0.66363748129887,5.732292652130127,1923.0,0.7740681275178598,183.0,177.23183251604405,0.22693047943977154,1.4354066985645932,0.639145626009437,314.40375,0.18468770384788513
