sarcomere_area,cell_mask_area_ratio,domain_area_std,domain_oop_mean,sarcomere_length_mean,z_mask_intensity,myof_straightness_std,z_mask_area,z_straightness_std,myof_length_mean,myof_bending_std,sarcomere_oop,n_domains,myof_straightness_mean,z_intensity_mean,myof_bending_mean,z_lat_dist_mean,z_lat_length_groups_mean,z_length_max,sarcomere_area_ratio,z_length_std,myof_length_max,domain_slen_mean,z_mask_area_ratio,z_lat_alignment_std,n_zbands,cell_mask_area,cell_mask_intensity,z_oop,z_lat_alignment_mean,z_length_mean,z_lat_dist_std,myof_length_std,n_vectors,z_straightness_mean,n_mbands,z_intensity_std,sarcomere_length_std,z_lat_neighbors_mean,z_lat_neighbors_std,domain_area_mean,domain_oop_std
106.69906616210938,0.4341759638469142,6.2212499999999995,0.6966319680213928,1.4629712784881648,927.8872340425532,0.020175976024506284,21.15,0.09647315497794837,7.4199090003967285,0.04403283564115047,0.5951473712921143,2.0,0.894508497400283,942.3697577677914,0.08405037948391446,1.8888547035086085,2.4188182848969184,3.4499999999999997,0.10283157078488968,0.5759912568588514,9.942377090454102,1.4646346522273093,0.020383381039118745,0.6552578735783543,38.0,1037.61,633.5995749848208,0.5575908336837596,0.7002815601037092,0.7184210526315791,0.7494850959381418,1.8283711671829224,137.0,0.840047728462748,51.0,168.8231240117365,0.22213352165606962,0.7894736842105263,0.6552578735783543,29.53125,0.08762633800506592
