cell_mask_area,cell_mask_area_ratio,cell_mask_intensity,domain_area_mean,domain_area_std,domain_oop_mean,domain_oop_std,domain_slen_mean,myof_bending_mean,myof_bending_std,myof_length_max,myof_length_mean,myof_length_std,myof_straightness_mean,myof_straightness_std,n_domains,n_mbands,n_vectors,n_zbands,sarcomere_area,sarcomere_area_ratio,sarcomere_length_mean,sarcomere_length_std,sarcomere_oop,z_intensity_mean,z_intensity_std,z_lat_alignment_mean,z_lat_alignment_std,z_lat_dist_mean,z_lat_dist_std,z_lat_length_groups_mean,z_lat_neighbors_mean,z_lat_neighbors_std,z_length_max,z_length_mean,z_length_std,z_mask_area,z_mask_area_ratio,z_mask_intensity,z_oop,z_straightness_mean,z_straightness_std
496.44,0.15120199555933225,734.3432741116751,34.425,0.0,0.8144958019256592,0.0,1.4445887402035764,0.008967278605426808,0.009327283775183614,10.748296737670898,7.993529796600342,1.536861538887024,0.9786104703062988,0.013514234703931675,1.0,19.0,106.0,18.0,55.927242279052734,0.11265659954687925,1.4681709524621132,0.23891398179369225,0.572060227394104,1328.232505669416,231.20097353985602,0.7762615175489799,0.5773502691896257,1.974459006988616,0.6375826454049123,2.5872295034943082,0.6666666666666666,0.5773502691896257,3.4499999999999997,1.0666666666666667,0.9012337223063849,10.9125,0.02198150833937636,1359.1670103092783,0.3425456003547338,0.7989744347461761,0.14595029035584683
