cell_mask_area,cell_mask_area_ratio,cell_mask_intensity,domain_area_mean,domain_area_std,domain_oop_mean,domain_oop_std,domain_slen_mean,myof_bending_mean,myof_bending_std,myof_length_max,myof_length_mean,myof_length_std,myof_straightness_mean,myof_straightness_std,n_domains,n_mbands,n_vectors,n_zbands,sarcomere_area,sarcomere_area_ratio,sarcomere_length_mean,sarcomere_length_std,sarcomere_oop,z_intensity_mean,z_intensity_std,z_lat_alignment_mean,z_lat_alignment_std,z_lat_dist_mean,z_lat_dist_std,z_lat_length_groups_mean,z_lat_neighbors_mean,z_lat_neighbors_std,z_length_max,z_length_mean,z_length_std,z_mask_area,z_mask_area_ratio,z_mask_intensity,z_oop,z_straightness_mean,z_straightness_std
911.745,0.23980920367389452,552.2514930161394,27.945,0.0,0.26698532700538635,0.0,1.3898480485603661,0.02357945721425292,0.0,5.901697158813477,5.90169620513916,9.5367431640625e-07,0.9660831509846824,0.0,1.0,28.0,66.0,23.0,44.16259765625,0.048437444303231714,1.381750401359466,0.16547038486860066,0.1296282708644867,819.0329482577766,160.44515291674963,0.7806644242737322,0.5601782055097881,2.1246948877268683,0.5483353299462931,1.1578305026793405,0.34782608695652173,0.5601782055097881,1.65,0.5869565217391305,0.3954132102058465,10.9575,0.012018162973199744,835.4681724845996,0.17739527646564632,0.8460782254696673,0.10379519665656362
