cell_mask_area,cell_mask_area_ratio,cell_mask_intensity,domain_area_mean,domain_area_std,domain_oop_mean,domain_oop_std,domain_slen_mean,myof_bending_mean,myof_bending_std,myof_length_max,myof_length_mean,myof_length_std,myof_straightness_mean,myof_straightness_std,n_domains,n_mbands,n_vectors,n_zbands,sarcomere_area,sarcomere_area_ratio,sarcomere_length_mean,sarcomere_length_std,sarcomere_oop,z_intensity_mean,z_intensity_std,z_lat_alignment_mean,z_lat_alignment_std,z_lat_dist_mean,z_lat_dist_std,z_lat_length_groups_mean,z_lat_neighbors_mean,z_lat_neighbors_std,z_length_max,z_length_mean,z_length_std,z_mask_area,z_mask_area_ratio,z_mask_intensity,z_oop,z_straightness_mean,z_straightness_std
400.40999999999997,0.27402069475240204,645.9062148797483,35.92125,1.338750000000001,0.9370906949043274,0.030709803104400635,1.543344302559936,0.019336398839924825,0.01138603745961648,22.389360427856445,12.44307804107666,4.812673568725586,0.939113160574788,0.03395905063329512,2.0,31.0,195.0,32.0,83.95744323730469,0.20967868743863713,1.5341346216336782,0.22457589777664477,0.7544311881065369,1013.4308857920228,162.11227479162628,0.7967232395068926,0.3903123748998999,1.1247024193241864,0.42725222991381095,1.5232450778611226,0.1875,0.3903123748998999,4.35,1.275,0.921615429558338,19.575,0.04888739042481457,1007.5666666666667,0.7341761488262722,0.8398825054231523,0.11051155289403253
