cell_mask_area,cell_mask_area_ratio,cell_mask_intensity,domain_area_mean,domain_area_std,domain_oop_mean,domain_oop_std,domain_slen_mean,myof_bending_mean,myof_bending_std,myof_length_max,myof_length_mean,myof_length_std,myof_straightness_mean,myof_straightness_std,n_domains,n_mbands,n_vectors,n_zbands,sarcomere_area,sarcomere_area_ratio,sarcomere_length_mean,sarcomere_length_std,sarcomere_oop,z_intensity_mean,z_intensity_std,z_lat_alignment_mean,z_lat_alignment_std,z_lat_dist_mean,z_lat_dist_std,z_lat_length_groups_mean,z_lat_neighbors_mean,z_lat_neighbors_std,z_length_max,z_length_mean,z_length_std,z_mask_area,z_mask_area_ratio,z_mask_intensity,z_oop,z_straightness_mean,z_straightness_std
1149.7949999999998,0.21283631820074966,657.7814762631599,95.25375,39.79124999999999,0.5534489154815674,0.1799437701702118,1.4297720419064168,0.046047721793997444,0.035344494100215174,16.297332763671875,8.793091773986816,3.0936248302459717,0.9395078522910922,0.029954265983675395,2.0,98.0,428.0,87.0,234.39468383789062,0.20385780407628373,1.4236853488005692,0.3349851617588041,0.37159237265586853,1089.380056479123,190.27993855060828,0.744519720010135,0.7509187572901644,1.957676455783426,0.7326388272730294,3.308680577279736,0.8505747126436781,0.7509187572901644,5.55,1.0689655172413792,0.9002311765456317,48.735,0.04238581660208994,1123.3245614035088,0.1386248661846649,0.8152174432942452,0.12794250751479605
