cell_mask_area,cell_mask_area_ratio,cell_mask_intensity,domain_area_mean,domain_area_std,domain_oop_mean,domain_oop_std,domain_slen_mean,myof_bending_mean,myof_bending_std,myof_length_max,myof_length_mean,myof_length_std,myof_straightness_mean,myof_straightness_std,n_domains,n_mbands,n_vectors,n_zbands,sarcomere_area,sarcomere_area_ratio,sarcomere_length_mean,sarcomere_length_std,sarcomere_oop,z_intensity_mean,z_intensity_std,z_lat_alignment_mean,z_lat_alignment_std,z_lat_dist_mean,z_lat_dist_std,z_lat_length_groups_mean,z_lat_neighbors_mean,z_lat_neighbors_std,z_length_max,z_length_mean,z_length_std,z_mask_area,z_mask_area_ratio,z_mask_intensity,z_oop,z_straightness_mean,z_straightness_std
727.785,0.21486077160165798,693.9092314351079,26.099999999999998,0.0,0.7958488464355469,0.0,1.379682442908454,0.0603502173430094,0.055601719196779274,11.162513732910156,7.001922130584717,2.2304797172546387,0.8984216643335579,0.061945481390903515,1.0,29.0,79.0,29.0,52.49805450439453,0.07213401554634202,1.4122875803586477,0.2764532218305163,0.5404009819030762,1214.264285044754,242.1525695659964,0.6849868826610807,0.673959320196278,1.804004823773108,0.7345945111443163,1.4443827900088029,0.5517241379310345,0.673959320196278,1.3499999999999999,0.5482758620689655,0.2875229402004268,12.8025,0.01759104680640574,1211.768014059754,0.3287388250005682,0.8964931927167482,0.08626161274929489
