cell_mask_area,cell_mask_area_ratio,cell_mask_intensity,domain_area_mean,domain_area_std,domain_oop_mean,domain_oop_std,domain_slen_mean,myof_bending_mean,myof_bending_std,myof_length_max,myof_length_mean,myof_length_std,myof_straightness_mean,myof_straightness_std,n_domains,n_mbands,n_vectors,n_zbands,sarcomere_area,sarcomere_area_ratio,sarcomere_length_mean,sarcomere_length_std,sarcomere_oop,z_intensity_mean,z_intensity_std,z_lat_alignment_mean,z_lat_alignment_std,z_lat_dist_mean,z_lat_dist_std,z_lat_length_groups_mean,z_lat_neighbors_mean,z_lat_neighbors_std,z_length_max,z_length_mean,z_length_std,z_mask_area,z_mask_area_ratio,z_mask_intensity,z_oop,z_straightness_mean,z_straightness_std
437.91749999999996,0.16572012431350844,588.6597646817038,,,,,,0.027117743266875716,0.003871500086699984,8.212254524230957,8.148614883422852,0.0398966409265995,0.9516194042749322,0.004795874863167793,0.0,17.0,45.0,18.0,36.421207427978516,0.08316910703038476,1.532972464471853,0.29601568686394225,0.8539405465126038,920.0434129782041,101.75199486372667,0.6807609364387954,0.5983516452371671,2.04122576573278,0.8135707549492102,1.569702217589531,0.5555555555555556,0.5983516452371671,1.2,0.5666666666666667,0.2718251071716682,8.9775,0.02050043672609567,922.3157894736842,0.3944516004801267,0.9144761427656165,0.07802538822736166
