cell_mask_area,cell_mask_area_ratio,cell_mask_intensity,domain_area_mean,domain_area_std,domain_oop_mean,domain_oop_std,domain_slen_mean,myof_bending_mean,myof_bending_std,myof_length_max,myof_length_mean,myof_length_std,myof_straightness_mean,myof_straightness_std,n_domains,n_mbands,n_vectors,n_zbands,sarcomere_area,sarcomere_area_ratio,sarcomere_length_mean,sarcomere_length_std,sarcomere_oop,z_intensity_mean,z_intensity_std,z_lat_alignment_mean,z_lat_alignment_std,z_lat_dist_mean,z_lat_dist_std,z_lat_length_groups_mean,z_lat_neighbors_mean,z_lat_neighbors_std,z_length_max,z_length_mean,z_length_std,z_mask_area,z_mask_area_ratio,z_mask_intensity,z_oop,z_straightness_mean,z_straightness_std
496.3275,0.15116773114772072,734.4067274128473,35.01,0.0,0.815143883228302,0.0,1.4542725663994187,0.030682896477698243,0.022520254976556627,10.590651512145996,8.430253982543945,1.3827311992645264,0.9349157327857783,0.04444651052055051,1.0,19.0,107.0,18.0,55.93686294555664,0.11270151854482502,1.4729802808239956,0.2390317499759816,0.586518406867981,1328.232505669416,231.20097353985602,0.7760371777887359,0.5773502691896257,1.974459006988616,0.6375826454049123,2.5872295034943082,0.6666666666666666,0.5773502691896257,3.4499999999999997,1.0666666666666667,0.9012337223063849,10.9125,0.021986490774740467,1359.1670103092783,0.3425456003547338,0.7989744347461761,0.14595029035584683
