cell_mask_area,cell_mask_area_ratio,cell_mask_intensity,domain_area_mean,domain_area_std,domain_oop_mean,domain_oop_std,domain_slen_mean,myof_bending_mean,myof_bending_std,myof_length_max,myof_length_mean,myof_length_std,myof_straightness_mean,myof_straightness_std,n_domains,n_mbands,n_vectors,n_zbands,sarcomere_area,sarcomere_area_ratio,sarcomere_length_mean,sarcomere_length_std,sarcomere_oop,z_intensity_mean,z_intensity_std,z_lat_alignment_mean,z_lat_alignment_std,z_lat_dist_mean,z_lat_dist_std,z_lat_length_groups_mean,z_lat_neighbors_mean,z_lat_neighbors_std,z_length_max,z_length_mean,z_length_std,z_mask_area,z_mask_area_ratio,z_mask_intensity,z_oop,z_straightness_mean,z_straightness_std
470.85749999999996,0.14568960115844362,624.1108137812396,29.002499999999998,0.0,0.9743183851242065,0.0,1.5501633658076888,0.022978516025035728,0.01770971151658901,12.30766487121582,9.757088661193848,1.965908408164978,0.9503309200322176,0.02306260685037575,1.0,19.0,93.0,20.0,48.570465087890625,0.10315321533137017,1.5229480924150605,0.21951069666818304,0.9210593104362488,999.1465538701065,97.09868232355234,0.7033262096535722,0.4000000000000001,1.3951102881551598,0.6451102881551598,1.3800122542394624,0.2,0.4000000000000001,4.05,1.1024999999999998,0.9346757459140577,13.2975,0.028241028336598653,981.5025380710659,0.7436048374834244,0.8266265659548176,0.10326647024038146
