cell_mask_area,cell_mask_area_ratio,cell_mask_intensity,domain_area_mean,domain_area_std,domain_oop_mean,domain_oop_std,domain_slen_mean,myof_bending_mean,myof_bending_std,myof_length_max,myof_length_mean,myof_length_std,myof_straightness_mean,myof_straightness_std,n_domains,n_mbands,n_vectors,n_zbands,sarcomere_area,sarcomere_area_ratio,sarcomere_length_mean,sarcomere_length_std,sarcomere_oop,z_intensity_mean,z_intensity_std,z_lat_alignment_mean,z_lat_alignment_std,z_lat_dist_mean,z_lat_dist_std,z_lat_length_groups_mean,z_lat_neighbors_mean,z_lat_neighbors_std,z_length_max,z_length_mean,z_length_std,z_mask_area,z_mask_area_ratio,z_mask_intensity,z_oop,z_straightness_mean,z_straightness_std
968.265,0.1178187353527389,610.4452293535344,109.27125,60.446250000000006,0.5340766906738281,0.256801962852478,1.4996959297976318,0.02424407164571238,0.017859579991693637,36.25542449951172,15.209877967834473,7.205928802490234,0.9353251021438223,0.056655620867500346,2.0,105.0,541.0,101.0,243.0392303466797,0.2510048698927253,1.466518249244549,0.2613987460498326,0.22290170192718506,1051.5051030700774,200.22593856275068,0.8025509547500613,0.6515122327272118,1.7289153119621572,0.6813669605813629,2.332414783746341,0.6534653465346535,0.6515122327272118,2.6999999999999997,1.0054455445544555,0.577888825432156,46.8675,0.04840358786076126,1051.0369659145463,0.21502188840095837,0.8359911849469899,0.09964358188473713
