cell_mask_area,cell_mask_area_ratio,cell_mask_intensity,domain_area_mean,domain_area_std,domain_oop_mean,domain_oop_std,domain_slen_mean,myof_bending_mean,myof_bending_std,myof_length_max,myof_length_mean,myof_length_std,myof_straightness_mean,myof_straightness_std,n_domains,n_mbands,n_vectors,n_zbands,sarcomere_area,sarcomere_area_ratio,sarcomere_length_mean,sarcomere_length_std,sarcomere_oop,z_intensity_mean,z_intensity_std,z_lat_alignment_mean,z_lat_alignment_std,z_lat_dist_mean,z_lat_dist_std,z_lat_length_groups_mean,z_lat_neighbors_mean,z_lat_neighbors_std,z_length_max,z_length_mean,z_length_std,z_mask_area,z_mask_area_ratio,z_mask_intensity,z_oop,z_straightness_mean,z_straightness_std
504.47249999999997,0.20588613406795223,633.3294679095491,22.55625,1.0462500000000006,0.6463373899459839,0.1880689561367035,1.4419484537793368,0.033985891012815385,0.04083032858989095,9.716248512268066,6.9076619148254395,1.5862758159637451,0.9553982371251525,0.01784559751316579,2.0,29.0,77.0,24.0,55.73053741455078,0.11047289478524754,1.4452592982420696,0.20317218512832322,0.5755637288093567,1093.5427446783679,226.76324765885715,0.696895044464031,0.5773502691896257,2.1944758945970713,0.6117806371832823,1.614825298199024,0.5,0.5773502691896257,2.55,0.6625,0.4858947931394202,12.3075,0.024396770884438698,1047.707495429616,0.5810998929990474,0.8542993227890673,0.0959910154543056
