cell_mask_area,cell_mask_area_ratio,cell_mask_intensity,domain_area_mean,domain_area_std,domain_oop_mean,domain_oop_std,domain_slen_mean,myof_bending_mean,myof_bending_std,myof_length_max,myof_length_mean,myof_length_std,myof_straightness_mean,myof_straightness_std,n_domains,n_mbands,n_vectors,n_zbands,sarcomere_area,sarcomere_area_ratio,sarcomere_length_mean,sarcomere_length_std,sarcomere_oop,z_intensity_mean,z_intensity_std,z_lat_alignment_mean,z_lat_alignment_std,z_lat_dist_mean,z_lat_dist_std,z_lat_length_groups_mean,z_lat_neighbors_mean,z_lat_neighbors_std,z_length_max,z_length_mean,z_length_std,z_mask_area,z_mask_area_ratio,z_mask_intensity,z_oop,z_straightness_mean,z_straightness_std
472.95,0.23054312538387295,645.8613225499524,86.8275,0.0,0.941827654838562,0.0,1.4938794112605058,0.01438794918795097,0.012636029441556678,16.059619903564453,11.957040786743164,2.2446606159210205,0.9708156908252374,0.014637440327736399,1.0,22.0,259.0,20.0,101.41049194335938,0.21442116913703219,1.4912672820616866,0.15652194432621,0.9421915411949158,1032.88996949272,102.08891295059516,0.7942494264712976,0.5385164807134504,1.4487140415176143,0.48859761144494057,5.5216751248780485,0.9,0.5385164807134504,7.949999999999999,2.385,2.1455244114202006,20.6325,0.04362511893434824,1041.5430752453653,0.9192227650472939,0.7477288655676353,0.16984354258359816
