cell_mask_area,cell_mask_area_ratio,cell_mask_intensity,domain_area_mean,domain_area_std,domain_oop_mean,domain_oop_std,domain_slen_mean,myof_bending_mean,myof_bending_std,myof_length_max,myof_length_mean,myof_length_std,myof_straightness_mean,myof_straightness_std,n_domains,n_mbands,n_vectors,n_zbands,sarcomere_area,sarcomere_area_ratio,sarcomere_length_mean,sarcomere_length_std,sarcomere_oop,z_intensity_mean,z_intensity_std,z_lat_alignment_mean,z_lat_alignment_std,z_lat_dist_mean,z_lat_dist_std,z_lat_length_groups_mean,z_lat_neighbors_mean,z_lat_neighbors_std,z_length_max,z_length_mean,z_length_std,z_mask_area,z_mask_area_ratio,z_mask_intensity,z_oop,z_straightness_mean,z_straightness_std
528.66,0.214067055393586,644.430669050051,33.55875,7.12125,0.8677921295166016,0.019412189722061157,1.4071193714312957,0.043989929620461804,0.04881375188821651,14.562129974365234,9.20431137084961,2.7682313919067383,0.951088049436733,0.03108768623257975,2.0,38.0,139.0,29.0,80.62586212158203,0.1525098591184921,1.4041689109963564,0.2857359744744507,0.6246747374534607,1097.8652793755857,219.43060148670054,0.7029680169801994,0.6168463386206318,1.8414981903470589,0.3809651098834416,1.6803908322644503,0.41379310344827586,0.6168463386206318,3.4499999999999997,0.9517241379310345,0.7671580737416607,18.224999999999998,0.03447395301327885,1096.6197530864197,0.4412546857139649,0.8156782786743024,0.12240744341581468
