cell_mask_area,cell_mask_area_ratio,cell_mask_intensity,domain_area_mean,domain_area_std,domain_oop_mean,domain_oop_std,domain_slen_mean,myof_bending_mean,myof_bending_std,myof_length_max,myof_length_mean,myof_length_std,myof_straightness_mean,myof_straightness_std,n_domains,n_mbands,n_vectors,n_zbands,sarcomere_area,sarcomere_area_ratio,sarcomere_length_mean,sarcomere_length_std,sarcomere_oop,z_intensity_mean,z_intensity_std,z_lat_alignment_mean,z_lat_alignment_std,z_lat_dist_mean,z_lat_dist_std,z_lat_length_groups_mean,z_lat_neighbors_mean,z_lat_neighbors_std,z_length_max,z_length_mean,z_length_std,z_mask_area,z_mask_area_ratio,z_mask_intensity,z_oop,z_straightness_mean,z_straightness_std
570.1949999999999,0.35080287929125137,626.5150737905453,28.1925,0.0,0.9428858757019043,0.0,1.3993603219185244,0.009737702072068841,0.002182975222549032,10.578676223754883,10.063435554504395,0.2723228633403778,0.9662435933331516,0.017647587130548627,1.0,12.0,77.0,13.0,37.29737854003906,0.06541161977926686,1.3993603219185244,0.19284345061151748,0.9428859353065491,1040.2647196815612,90.33170769592907,0.6897838394313219,0.46153846153846156,1.384533733258462,0.2925172498663833,1.6426424969560836,0.3076923076923077,0.46153846153846156,2.55,1.176923076923077,0.8212596761203497,9.719999999999999,0.017046799779022966,1040.1458333333333,0.6316171778235468,0.8381161032211856,0.12464548549500243
