cell_mask_area,cell_mask_area_ratio,cell_mask_intensity,domain_area_mean,domain_area_std,domain_oop_mean,domain_oop_std,domain_slen_mean,myof_bending_mean,myof_bending_std,myof_length_max,myof_length_mean,myof_length_std,myof_straightness_mean,myof_straightness_std,n_domains,n_mbands,n_vectors,n_zbands,sarcomere_area,sarcomere_area_ratio,sarcomere_length_mean,sarcomere_length_std,sarcomere_oop,z_intensity_mean,z_intensity_std,z_lat_alignment_mean,z_lat_alignment_std,z_lat_dist_mean,z_lat_dist_std,z_lat_length_groups_mean,z_lat_neighbors_mean,z_lat_neighbors_std,z_length_max,z_length_mean,z_length_std,z_mask_area,z_mask_area_ratio,z_mask_intensity,z_oop,z_straightness_mean,z_straightness_std
447.0525,0.20024187452758882,571.133222608083,23.8275,0.0,0.717551052570343,0.0,1.3446270501197157,0.03552247617213081,0.01278248630883801,12.666616439819336,11.907796859741211,0.4892895817756653,0.9448459203592687,0.012706223627894692,1.0,22.0,94.0,26.0,44.1215705871582,0.09869438284576913,1.347922341346584,0.29203774935774274,0.268782377243042,868.1123073499141,86.42685395363215,0.9164736099753646,0.42132504423474315,0.7464985704219046,0.11287109620293877,1.029978074402857,0.23076923076923078,0.42132504423474315,2.6999999999999997,0.825,0.5872442160045249,11.1375,0.024913181337762342,859.3010101010101,0.22841118223978948,0.8189996114606996,0.11700032664365749
