sarcomere_area,cell_mask_area_ratio,domain_area_std,domain_oop_mean,sarcomere_length_mean,z_mask_intensity,myof_straightness_std,z_mask_area,z_straightness_std,myof_length_mean,myof_bending_std,sarcomere_oop,n_domains,myof_straightness_mean,z_intensity_mean,myof_bending_mean,z_lat_dist_mean,z_lat_length_groups_mean,z_length_max,sarcomere_area_ratio,z_length_std,myof_length_max,domain_slen_mean,z_mask_area_ratio,z_lat_alignment_std,n_zbands,cell_mask_area,cell_mask_intensity,z_oop,z_lat_alignment_mean,z_length_mean,z_lat_dist_std,myof_length_std,n_vectors,z_straightness_mean,n_mbands,z_intensity_std,sarcomere_length_std,z_lat_neighbors_mean,z_lat_neighbors_std,domain_area_mean,domain_oop_std
90.82301330566406,0.30200712977788,0.0,0.9403102397918701,1.7432141662161327,891.0255271920089,0.025094410394456125,20.2725,0.10077119797903261,9.280289649963379,0.007657652297440246,0.8753859996795654,1.0,0.9455387742343843,892.4296372996589,0.024413956292451026,1.8545793444118694,2.7904573771672654,2.55,0.11823257576346988,0.5623572483221714,10.481420516967773,1.7319585088740328,0.026390556808529336,0.6308120761625652,34.0,768.1725,568.11821563516,0.6419522582780359,0.8296475523069357,0.7411764705882352,0.6281205738398002,1.0741212368011475,118.0,0.8550927061420585,33.0,129.72454833192555,0.2553663111064082,0.8823529411764706,0.6308120761625652,55.0575,0.0
