cell_mask_area,cell_mask_area_ratio,cell_mask_intensity,domain_area_mean,domain_area_std,domain_oop_mean,domain_oop_std,domain_slen_mean,myof_bending_mean,myof_bending_std,myof_length_max,myof_length_mean,myof_length_std,myof_straightness_mean,myof_straightness_std,n_domains,n_mbands,n_vectors,n_zbands,sarcomere_area,sarcomere_area_ratio,sarcomere_length_mean,sarcomere_length_std,sarcomere_oop,z_intensity_mean,z_intensity_std,z_lat_alignment_mean,z_lat_alignment_std,z_lat_dist_mean,z_lat_dist_std,z_lat_length_groups_mean,z_lat_neighbors_mean,z_lat_neighbors_std,z_length_max,z_length_mean,z_length_std,z_mask_area,z_mask_area_ratio,z_mask_intensity,z_oop,z_straightness_mean,z_straightness_std
652.41,0.13944675284702987,732.0415919437164,58.2975,0.0,0.8712076544761658,0.0,1.4663791454963393,0.013790539273351271,0.007776900592292996,23.4263973236084,18.7189884185791,2.4406986236572266,0.9584661535474543,0.013130933986650748,1.0,29.0,149.0,29.0,74.5995101928711,0.11434452291177495,1.4613492140480595,0.20962652078033792,0.8722123503684998,1279.4528746932308,214.32013924975456,0.6975748221051961,0.4973174173053778,1.2964831423230008,0.5646405597123525,1.9867554827897143,0.5517241379310345,0.4973174173053778,4.05,1.0810344827586207,0.9174001677438568,17.865,0.027383087322389293,1267.8652392947104,0.802305136231513,0.8348517688170817,0.12575143778524595
