cell_mask_area,cell_mask_area_ratio,cell_mask_intensity,domain_area_mean,domain_area_std,domain_oop_mean,domain_oop_std,domain_slen_mean,myof_bending_mean,myof_bending_std,myof_length_max,myof_length_mean,myof_length_std,myof_straightness_mean,myof_straightness_std,n_domains,n_mbands,n_vectors,n_zbands,sarcomere_area,sarcomere_area_ratio,sarcomere_length_mean,sarcomere_length_std,sarcomere_oop,z_intensity_mean,z_intensity_std,z_lat_alignment_mean,z_lat_alignment_std,z_lat_dist_mean,z_lat_dist_std,z_lat_length_groups_mean,z_lat_neighbors_mean,z_lat_neighbors_std,z_length_max,z_length_mean,z_length_std,z_mask_area,z_mask_area_ratio,z_mask_intensity,z_oop,z_straightness_mean,z_straightness_std
1426.2749999999999,0.4809377489473085,540.6321975074933,96.11999999999999,69.94151509922415,0.7556840777397156,0.08554265648126602,1.4967765497120042,0.015536466480673663,0.009889224984258607,30.92376708984375,15.082627296447754,6.024177074432373,0.9466681754150743,0.04356104007465081,4.0,117.0,1096.0,118.0,433.7776184082031,0.3041332270482222,1.473846776025555,0.15325846258874815,0.29821667075157166,619.116125258619,42.8805784476316,0.8413017401349407,0.6132221191567981,1.5251013472771329,0.6289222155885007,3.602762963245862,0.7457627118644068,0.6132221191567981,7.949999999999999,1.6906779661016949,1.6478793402500624,89.955,0.06306988483988012,623.2441220610306,0.1360087691709357,0.8035854249942144,0.13221402162855314
