cell_mask_area,cell_mask_area_ratio,cell_mask_intensity,domain_area_mean,domain_area_std,domain_oop_mean,domain_oop_std,domain_slen_mean,myof_bending_mean,myof_bending_std,myof_length_max,myof_length_mean,myof_length_std,myof_straightness_mean,myof_straightness_std,n_domains,n_mbands,n_vectors,n_zbands,sarcomere_area,sarcomere_area_ratio,sarcomere_length_mean,sarcomere_length_std,sarcomere_oop,z_intensity_mean,z_intensity_std,z_lat_alignment_mean,z_lat_alignment_std,z_lat_dist_mean,z_lat_dist_std,z_lat_length_groups_mean,z_lat_neighbors_mean,z_lat_neighbors_std,z_length_max,z_length_mean,z_length_std,z_mask_area,z_mask_area_ratio,z_mask_intensity,z_oop,z_straightness_mean,z_straightness_std
1397.3174999999999,0.16260564929148208,652.3864708629213,73.513125,66.42458134924055,0.9024710655212402,0.05124937742948532,1.6489391805062086,0.027451884975126645,0.02408356801724939,23.650388717651367,13.01856517791748,4.863114356994629,0.9577652222714451,0.028234151846548282,4.0,124.0,622.0,115.0,352.7381286621094,0.25243949829735146,1.6726395626288961,0.36576900645712995,0.8556821346282959,1301.5834122013534,342.44525433901657,0.8022696155597541,0.6152442765672601,2.0397600665172506,0.6265864492299675,2.887569766583882,0.7130434782608696,0.6152442765672601,5.3999999999999995,1.1308695652173915,0.8476715578237182,72.0675,0.05157560826369097,1287.1570402747425,0.8185407709846785,0.8398021982068425,0.10196281481360575
