cell_mask_area,cell_mask_area_ratio,cell_mask_intensity,domain_area_mean,domain_area_std,domain_oop_mean,domain_oop_std,domain_slen_mean,myof_bending_mean,myof_bending_std,myof_length_max,myof_length_mean,myof_length_std,myof_straightness_mean,myof_straightness_std,n_domains,n_mbands,n_vectors,n_zbands,sarcomere_area,sarcomere_area_ratio,sarcomere_length_mean,sarcomere_length_std,sarcomere_oop,z_intensity_mean,z_intensity_std,z_lat_alignment_mean,z_lat_alignment_std,z_lat_dist_mean,z_lat_dist_std,z_lat_length_groups_mean,z_lat_neighbors_mean,z_lat_neighbors_std,z_length_max,z_length_mean,z_length_std,z_mask_area,z_mask_area_ratio,z_mask_intensity,z_oop,z_straightness_mean,z_straightness_std
1877.5349999999999,0.2993213383838384,619.2591256621048,79.5675,33.7220350809378,0.7613682746887207,0.22677189111709595,1.3440768724817105,0.037407810237932486,0.03031207783081826,21.996826171875,9.65929889678955,3.7280099391937256,0.946362158461095,0.029867909985643096,3.0,175.0,766.0,156.0,370.593505859375,0.19738300796489813,1.3484557151453516,0.24875771961945942,0.4954395294189453,1021.7070817137026,243.08194177868393,0.7824251988921389,0.6022912639254536,1.8137205748417344,0.633800749984949,1.7283489266071133,0.44871794871794873,0.6022912639254536,5.85,0.9336538461538461,0.7655265378662681,79.49249999999999,0.0423387579991851,1004.1276535522219,0.45842095969200586,0.8399976631937266,0.09519239831097216
