sarcomere_area,cell_mask_area_ratio,domain_area_std,domain_oop_mean,sarcomere_length_mean,z_mask_intensity,myof_straightness_std,z_mask_area,z_straightness_std,myof_length_mean,myof_bending_std,sarcomere_oop,n_domains,myof_straightness_mean,z_intensity_mean,myof_bending_mean,z_lat_dist_mean,z_lat_length_groups_mean,z_length_max,sarcomere_area_ratio,z_length_std,myof_length_max,domain_slen_mean,z_mask_area_ratio,z_lat_alignment_std,n_zbands,cell_mask_area,cell_mask_intensity,z_oop,z_lat_alignment_mean,z_length_mean,z_lat_dist_std,myof_length_std,n_vectors,z_straightness_mean,n_mbands,z_intensity_std,sarcomere_length_std,z_lat_neighbors_mean,z_lat_neighbors_std,domain_area_mean,domain_oop_std
48.570465087890625,0.14568960115844362,0.0,0.9743183851242065,1.5229480924150605,981.5025380710659,0.02306260685037575,13.2975,0.10326647024038146,9.757088661193848,0.01770971151658901,0.9210593104362488,1.0,0.9503309200322176,999.1465538701065,0.022978516025035728,1.3951102881551598,1.3800122542394624,4.05,0.10315321533137017,0.9346757459140577,12.30766487121582,1.5501633658076888,0.028241028336598653,0.4000000000000001,20.0,470.85749999999996,624.1108137812396,0.7436048374834244,0.7033262096535722,1.1024999999999998,0.6451102881551598,1.965908408164978,93.0,0.8266265659548176,19.0,97.09868232355234,0.21951069666818304,0.2,0.4000000000000001,29.002499999999998,0.0
