cell_mask_area,cell_mask_area_ratio,cell_mask_intensity,domain_area_mean,domain_area_std,domain_oop_mean,domain_oop_std,domain_slen_mean,myof_bending_mean,myof_bending_std,myof_length_max,myof_length_mean,myof_length_std,myof_straightness_mean,myof_straightness_std,n_domains,n_mbands,n_vectors,n_zbands,sarcomere_area,sarcomere_area_ratio,sarcomere_length_mean,sarcomere_length_std,sarcomere_oop,z_intensity_mean,z_intensity_std,z_lat_alignment_mean,z_lat_alignment_std,z_lat_dist_mean,z_lat_dist_std,z_lat_length_groups_mean,z_lat_neighbors_mean,z_lat_neighbors_std,z_length_max,z_length_mean,z_length_std,z_mask_area,z_mask_area_ratio,z_mask_intensity,z_oop,z_straightness_mean,z_straightness_std
504.2475,0.2057943067033976,633.3774039534158,22.691249999999997,1.0912500000000005,0.6460884809494019,0.1887134611606598,1.4532977912860465,0.03879651816091991,0.027114843750092387,9.531463623046875,7.161255836486816,1.3732497692108154,0.9457650673523258,0.023001810430870604,2.0,29.0,77.0,24.0,55.74897003173828,0.11055874353712865,1.4563930420923419,0.19784313163183814,0.5755248665809631,1093.5427446783679,226.76324765885715,0.6882044183807142,0.5773502691896257,2.1944758945970713,0.6117806371832823,1.614825298199024,0.5,0.5773502691896257,2.55,0.6625,0.4858947931394202,12.285,0.024363036009102675,1047.970695970696,0.5810998929990474,0.8542993227890673,0.0959910154543056
