cell_mask_area,cell_mask_area_ratio,cell_mask_intensity,domain_area_mean,domain_area_std,domain_oop_mean,domain_oop_std,domain_slen_mean,myof_bending_mean,myof_bending_std,myof_length_max,myof_length_mean,myof_length_std,myof_straightness_mean,myof_straightness_std,n_domains,n_mbands,n_vectors,n_zbands,sarcomere_area,sarcomere_area_ratio,sarcomere_length_mean,sarcomere_length_std,sarcomere_oop,z_intensity_mean,z_intensity_std,z_lat_alignment_mean,z_lat_alignment_std,z_lat_dist_mean,z_lat_dist_std,z_lat_length_groups_mean,z_lat_neighbors_mean,z_lat_neighbors_std,z_length_max,z_length_mean,z_length_std,z_mask_area,z_mask_area_ratio,z_mask_intensity,z_oop,z_straightness_mean,z_straightness_std
338.3775,0.20938683448429496,673.6158654165836,44.46,0.0,0.43277910351753235,0.0,1.4619676317809467,0.07475401583760252,0.0380748494536981,6.486928939819336,5.782820224761963,0.45296865701675415,0.9471458711971704,0.021674191618312397,1.0,31.0,73.0,26.0,56.27421569824219,0.16630602122848648,1.4619676317809467,0.28916006924864984,0.4327790439128876,1052.2651866968079,173.08041936836318,0.7175317832463222,0.6617173282340482,1.8674202546580327,0.6617921616491114,2.4094415200825567,0.8461538461538461,0.6617173282340482,1.95,0.6,0.40973725164380087,11.79,0.03484274220360396,1097.4274809160306,0.2127484749353406,0.8600082991290174,0.11398517066673568
