cell_mask_area,cell_mask_area_ratio,cell_mask_intensity,domain_area_mean,domain_area_std,domain_oop_mean,domain_oop_std,domain_slen_mean,myof_bending_mean,myof_bending_std,myof_length_max,myof_length_mean,myof_length_std,myof_straightness_mean,myof_straightness_std,n_domains,n_mbands,n_vectors,n_zbands,sarcomere_area,sarcomere_area_ratio,sarcomere_length_mean,sarcomere_length_std,sarcomere_oop,z_intensity_mean,z_intensity_std,z_lat_alignment_mean,z_lat_alignment_std,z_lat_dist_mean,z_lat_dist_std,z_lat_length_groups_mean,z_lat_neighbors_mean,z_lat_neighbors_std,z_length_max,z_length_mean,z_length_std,z_mask_area,z_mask_area_ratio,z_mask_intensity,z_oop,z_straightness_mean,z_straightness_std
507.015,0.3693553410152601,776.7031596698323,23.445,0.8324999999999996,0.6292455792427063,0.2634738087654114,1.4320055253325266,0.04269339348491082,0.02591544635883734,13.250035285949707,9.473214149475098,1.800338864326477,0.9453104333567653,0.027888262022561873,2.0,31.0,123.0,29.0,73.46351623535156,0.14489416730343593,1.4410014494784584,0.1807346711031017,0.37594112753868103,1373.3868072911646,154.39540365904583,0.7133592181423081,0.5623967734586237,1.7361254744295813,0.7061733760463238,1.8328097045446028,0.5517241379310345,0.5623967734586237,2.1,0.8482758620689654,0.5419445764099119,15.997499999999999,0.031552320937250376,1342.0098452883262,0.24781090698560057,0.8412032646990134,0.11014125398561252
