cell_mask_area,cell_mask_area_ratio,cell_mask_intensity,domain_area_mean,domain_area_std,domain_oop_mean,domain_oop_std,domain_slen_mean,myof_bending_mean,myof_bending_std,myof_length_max,myof_length_mean,myof_length_std,myof_straightness_mean,myof_straightness_std,n_domains,n_mbands,n_vectors,n_zbands,sarcomere_area,sarcomere_area_ratio,sarcomere_length_mean,sarcomere_length_std,sarcomere_oop,z_intensity_mean,z_intensity_std,z_lat_alignment_mean,z_lat_alignment_std,z_lat_dist_mean,z_lat_dist_std,z_lat_length_groups_mean,z_lat_neighbors_mean,z_lat_neighbors_std,z_length_max,z_length_mean,z_length_std,z_mask_area,z_mask_area_ratio,z_mask_intensity,z_oop,z_straightness_mean,z_straightness_std
914.8275,0.20051189489880458,677.3133377603974,177.17624999999998,58.916250000000005,0.8654578924179077,0.068997323513031,1.5778954951850586,0.019003322069326825,0.01140185226168768,25.114858627319336,17.24774169921875,4.18462610244751,0.9463190322842511,0.02725058298086889,2.0,104.0,949.0,112.0,385.40142822265625,0.42128316892819273,1.574246471739042,0.18498355148346243,0.3493400514125824,1078.016252050107,162.93412501257657,0.800458016267179,0.708683386892301,1.506689709262568,0.7393725950344612,5.589213299664118,1.125,0.708683386892301,7.5,1.597767857142857,1.3183354695961904,81.9225,0.08954966919993114,1082.349079923098,0.3494921356810277,0.8144624996631146,0.11216242379795185
