cell_mask_area,cell_mask_area_ratio,cell_mask_intensity,domain_area_mean,domain_area_std,domain_oop_mean,domain_oop_std,domain_slen_mean,myof_bending_mean,myof_bending_std,myof_length_max,myof_length_mean,myof_length_std,myof_straightness_mean,myof_straightness_std,n_domains,n_mbands,n_vectors,n_zbands,sarcomere_area,sarcomere_area_ratio,sarcomere_length_mean,sarcomere_length_std,sarcomere_oop,z_intensity_mean,z_intensity_std,z_lat_alignment_mean,z_lat_alignment_std,z_lat_dist_mean,z_lat_dist_std,z_lat_length_groups_mean,z_lat_neighbors_mean,z_lat_neighbors_std,z_length_max,z_length_mean,z_length_std,z_mask_area,z_mask_area_ratio,z_mask_intensity,z_oop,z_straightness_mean,z_straightness_std
912.1274999999999,0.2399098096771139,552.2346135819828,30.599999999999998,0.0,0.30034735798835754,0.0,1.414256974341602,0.0051441993077440545,0.0,5.912717819213867,5.912717819213867,0.0,0.9879649890590813,0.0,1.0,27.0,65.0,23.0,44.09865951538086,0.048347034285646316,1.397060551174538,0.1577546056384367,0.1207638680934906,819.0329482577766,160.44515291674963,0.776609046048389,0.5601782055097881,2.1246948877268683,0.5483353299462931,1.1578305026793405,0.34782608695652173,0.5601782055097881,1.65,0.5869565217391305,0.3954132102058465,10.98,0.012037790769382571,835.0553278688525,0.17739527646564632,0.8460782254696673,0.10379519665656362
