sarcomere_area,cell_mask_area_ratio,domain_area_std,domain_oop_mean,sarcomere_length_mean,z_mask_intensity,myof_straightness_std,z_mask_area,z_straightness_std,myof_length_mean,myof_bending_std,sarcomere_oop,n_domains,myof_straightness_mean,z_intensity_mean,myof_bending_mean,z_lat_dist_mean,z_lat_length_groups_mean,z_length_max,sarcomere_area_ratio,z_length_std,myof_length_max,domain_slen_mean,z_mask_area_ratio,z_lat_alignment_std,n_zbands,cell_mask_area,cell_mask_intensity,z_oop,z_lat_alignment_mean,z_length_mean,z_lat_dist_std,myof_length_std,n_vectors,z_straightness_mean,n_mbands,z_intensity_std,sarcomere_length_std,z_lat_neighbors_mean,z_lat_neighbors_std,domain_area_mean,domain_oop_std
44.09865951538086,0.2399098096771139,0.0,0.30034735798835754,1.397060551174538,835.0553278688525,0.0,10.98,0.10379519665656362,5.912717819213867,0.0,0.1207638680934906,1.0,0.9879649890590813,819.0329482577766,0.0051441993077440545,2.1246948877268683,1.1578305026793405,1.65,0.048347034285646316,0.3954132102058465,5.912717819213867,1.414256974341602,0.012037790769382571,0.5601782055097881,23.0,912.1274999999999,552.2346135819828,0.17739527646564632,0.776609046048389,0.5869565217391305,0.5483353299462931,0.0,65.0,0.8460782254696673,27.0,160.44515291674963,0.1577546056384367,0.34782608695652173,0.5601782055097881,30.599999999999998,0.0
