cell_mask_area,cell_mask_area_ratio,cell_mask_intensity,domain_area_mean,domain_area_std,domain_oop_mean,domain_oop_std,domain_slen_mean,myof_bending_mean,myof_bending_std,myof_length_max,myof_length_mean,myof_length_std,myof_straightness_mean,myof_straightness_std,n_domains,n_mbands,n_vectors,n_zbands,sarcomere_area,sarcomere_area_ratio,sarcomere_length_mean,sarcomere_length_std,sarcomere_oop,z_intensity_mean,z_intensity_std,z_lat_alignment_mean,z_lat_alignment_std,z_lat_dist_mean,z_lat_dist_std,z_lat_length_groups_mean,z_lat_neighbors_mean,z_lat_neighbors_std,z_length_max,z_length_mean,z_length_std,z_mask_area,z_mask_area_ratio,z_mask_intensity,z_oop,z_straightness_mean,z_straightness_std
623.1374999999999,0.403458423168813,821.9993139555877,67.77,0.0,0.5964314341545105,0.0,1.4066591429696331,0.03902289687107896,0.029239588083585365,11.076820373535156,8.388495445251465,2.1175336837768555,0.9436229711705236,0.042289221183096436,1.0,38.0,151.0,40.0,86.36639404296875,0.13859925625238212,1.4108627214807374,0.18299459191462186,0.584633469581604,1545.8585472627092,334.51734844234534,0.7377243961521586,0.6538348415311009,1.761121098228671,0.7600602659056847,4.288575603485849,1.15,0.6538348415311009,2.25,0.8099999999999999,0.5468317840067455,19.845,0.03184690377324427,1541.202947845805,0.5591273971595502,0.8371598811392229,0.0978347106264777
