cell_mask_area,cell_mask_area_ratio,cell_mask_intensity,domain_area_mean,domain_area_std,domain_oop_mean,domain_oop_std,domain_slen_mean,myof_bending_mean,myof_bending_std,myof_length_max,myof_length_mean,myof_length_std,myof_straightness_mean,myof_straightness_std,n_domains,n_mbands,n_vectors,n_zbands,sarcomere_area,sarcomere_area_ratio,sarcomere_length_mean,sarcomere_length_std,sarcomere_oop,z_intensity_mean,z_intensity_std,z_lat_alignment_mean,z_lat_alignment_std,z_lat_dist_mean,z_lat_dist_std,z_lat_length_groups_mean,z_lat_neighbors_mean,z_lat_neighbors_std,z_length_max,z_length_mean,z_length_std,z_mask_area,z_mask_area_ratio,z_mask_intensity,z_oop,z_straightness_mean,z_straightness_std
506.9475,0.36930616794243476,776.73733966535,23.5125,0.3825000000000003,0.6297212243080139,0.26304155588150024,1.4278413764065214,0.04293409716973458,0.02962163072119153,12.955914497375488,8.581889152526855,2.295224189758301,0.9435254414718333,0.024914367661285703,2.0,31.0,123.0,30.0,73.51602172851562,0.14501703180016792,1.4388405647678213,0.18101965264556882,0.37556737661361694,1378.3793573452358,154.3194916343204,0.7119439363234913,0.5617433182117573,1.7361254744295813,0.7061733760463238,1.7631365361562117,0.5333333333333333,0.5617433182117573,2.1,0.83,0.5418486873657626,15.93,0.031423372242687854,1341.7457627118645,0.26707158068799886,0.8417658494784065,0.1089762460878447
