cell_mask_area,cell_mask_area_ratio,cell_mask_intensity,domain_area_mean,domain_area_std,domain_oop_mean,domain_oop_std,domain_slen_mean,myof_bending_mean,myof_bending_std,myof_length_max,myof_length_mean,myof_length_std,myof_straightness_mean,myof_straightness_std,n_domains,n_mbands,n_vectors,n_zbands,sarcomere_area,sarcomere_area_ratio,sarcomere_length_mean,sarcomere_length_std,sarcomere_oop,z_intensity_mean,z_intensity_std,z_lat_alignment_mean,z_lat_alignment_std,z_lat_dist_mean,z_lat_dist_std,z_lat_length_groups_mean,z_lat_neighbors_mean,z_lat_neighbors_std,z_length_max,z_length_mean,z_length_std,z_mask_area,z_mask_area_ratio,z_mask_intensity,z_oop,z_straightness_mean,z_straightness_std
472.85999999999996,0.23049925418969902,645.884278644842,86.85,0.0,0.9416517615318298,0.0,1.4971712508619968,0.013323633615259163,0.009706947376739347,16.228038787841797,12.55441951751709,2.3470094203948975,0.9724632368855072,0.016604684310644754,1.0,23.0,258.0,20.0,101.49471282958984,0.21464008972970827,1.493945327885266,0.1619544628423389,0.9420215487480164,1032.4079841986024,101.86485161059153,0.7866035514717079,0.5385164807134504,1.4313541318710763,0.47825239066375747,5.521107926076335,0.9,0.5385164807134504,7.949999999999999,2.3925,2.1395253562414256,20.654999999999998,0.04368100494861058,1041.4117647058824,0.9205294059316979,0.7478922642604457,0.1700310395558567
