cell_mask_area,cell_mask_area_ratio,cell_mask_intensity,domain_area_mean,domain_area_std,domain_oop_mean,domain_oop_std,domain_slen_mean,myof_bending_mean,myof_bending_std,myof_length_max,myof_length_mean,myof_length_std,myof_straightness_mean,myof_straightness_std,n_domains,n_mbands,n_vectors,n_zbands,sarcomere_area,sarcomere_area_ratio,sarcomere_length_mean,sarcomere_length_std,sarcomere_oop,z_intensity_mean,z_intensity_std,z_lat_alignment_mean,z_lat_alignment_std,z_lat_dist_mean,z_lat_dist_std,z_lat_length_groups_mean,z_lat_neighbors_mean,z_lat_neighbors_std,z_length_max,z_length_mean,z_length_std,z_mask_area,z_mask_area_ratio,z_mask_intensity,z_oop,z_straightness_mean,z_straightness_std
1199.8799999999999,0.3658742410208912,617.4945432043204,52.379999999999995,6.502500000000001,0.7687488794326782,0.014112085103988647,1.5435692521937106,0.013494021964345739,0.011580448505536476,10.533110618591309,8.152782440185547,1.6155809164047241,0.9555666939814021,0.022795002429661076,2.0,56.0,233.0,51.0,139.8197479248047,0.11652810941494542,1.5320795313389077,0.2421111019254964,0.6515516638755798,900.875984011318,96.90232008762128,0.8311596693060358,0.6156987634551992,1.9789664263195585,0.7420267166388811,2.5777185072774262,0.6666666666666666,0.6156987634551992,3.3,1.0588235294117645,0.7866973583049671,31.9725,0.02664641464146415,897.2596762843068,0.6560573704910111,0.8136771581720147,0.11176576739154254
