cell_mask_area,cell_mask_area_ratio,cell_mask_intensity,domain_area_mean,domain_area_std,domain_oop_mean,domain_oop_std,domain_slen_mean,myof_bending_mean,myof_bending_std,myof_length_max,myof_length_mean,myof_length_std,myof_straightness_mean,myof_straightness_std,n_domains,n_mbands,n_vectors,n_zbands,sarcomere_area,sarcomere_area_ratio,sarcomere_length_mean,sarcomere_length_std,sarcomere_oop,z_intensity_mean,z_intensity_std,z_lat_alignment_mean,z_lat_alignment_std,z_lat_dist_mean,z_lat_dist_std,z_lat_length_groups_mean,z_lat_neighbors_mean,z_lat_neighbors_std,z_length_max,z_length_mean,z_length_std,z_mask_area,z_mask_area_ratio,z_mask_intensity,z_oop,z_straightness_mean,z_straightness_std
1199.475,0.3657507461150561,617.5291127368224,51.795,7.087500000000002,0.7696781754493713,0.018281757831573486,1.536544396926944,0.020734390303545805,0.012547167297544654,11.809898376464844,8.401310920715332,1.8350456953048706,0.9592852286352243,0.022636816751042996,2.0,56.0,232.0,51.0,139.7992706298828,0.11655038298412457,1.5237608700814305,0.2368294608840232,0.6512182950973511,902.8653301771348,93.43150465066192,0.8164034265609675,0.6212933144217592,1.9645373347852797,0.707711959860428,2.86331904252876,0.7450980392156863,0.6212933144217592,3.3,1.064705882352941,0.7821096481505031,31.95,0.026636653535921966,897.3654929577465,0.6322367913457229,0.81407398356884,0.11218501448556649
