cell_mask_area,cell_mask_area_ratio,cell_mask_intensity,domain_area_mean,domain_area_std,domain_oop_mean,domain_oop_std,domain_slen_mean,myof_bending_mean,myof_bending_std,myof_length_max,myof_length_mean,myof_length_std,myof_straightness_mean,myof_straightness_std,n_domains,n_mbands,n_vectors,n_zbands,sarcomere_area,sarcomere_area_ratio,sarcomere_length_mean,sarcomere_length_std,sarcomere_oop,z_intensity_mean,z_intensity_std,z_lat_alignment_mean,z_lat_alignment_std,z_lat_dist_mean,z_lat_dist_std,z_lat_length_groups_mean,z_lat_neighbors_mean,z_lat_neighbors_std,z_length_max,z_length_mean,z_length_std,z_mask_area,z_mask_area_ratio,z_mask_intensity,z_oop,z_straightness_mean,z_straightness_std
727.5825,0.214800988415347,693.9568605622043,25.65,0.0,0.7955399751663208,0.0,1.373046517177415,0.05591964116264349,0.038138810862632086,8.013907432556152,7.3445963859558105,0.6378085613250732,0.9303508183392264,0.033840891158826915,1.0,29.0,79.0,29.0,52.47203826904297,0.07211833471674067,1.3971421072229626,0.28282658783772596,0.5536195635795593,1214.264285044754,242.1525695659964,0.6859836419748055,0.673959320196278,1.804004823773108,0.7345945111443163,1.4443827900088029,0.5517241379310345,0.673959320196278,1.3499999999999999,0.5482758620689655,0.2875229402004268,12.8025,0.017595942728144232,1211.768014059754,0.3287388250005682,0.8964931927167482,0.08626161274929489
