sarcomere_area,cell_mask_area_ratio,domain_area_std,domain_oop_mean,sarcomere_length_mean,z_mask_intensity,myof_straightness_std,z_mask_area,z_straightness_std,myof_length_mean,myof_bending_std,sarcomere_oop,n_domains,myof_straightness_mean,z_intensity_mean,myof_bending_mean,z_lat_dist_mean,z_lat_length_groups_mean,z_length_max,sarcomere_area_ratio,z_length_std,myof_length_max,domain_slen_mean,z_mask_area_ratio,z_lat_alignment_std,n_zbands,cell_mask_area,cell_mask_intensity,z_oop,z_lat_alignment_mean,z_length_mean,z_lat_dist_std,myof_length_std,n_vectors,z_straightness_mean,n_mbands,z_intensity_std,sarcomere_length_std,z_lat_neighbors_mean,z_lat_neighbors_std,domain_area_mean,domain_oop_std
55.73054122924805,0.20588613406795223,1.125,0.6463392972946167,1.4458159688986463,1047.707495429616,0.01732765095502408,12.3075,0.0959910154543056,6.933224678039551,0.041444042104925,0.5755653381347656,2.0,0.9486369250352606,1093.5427446783679,0.042335201338156124,2.1944758945970713,1.614825298199024,2.55,0.11047290234700216,0.4858947931394202,9.331656455993652,1.4426693094121985,0.024396770884438698,0.5773502691896257,24.0,504.47249999999997,633.3294679095491,0.5810998929990474,0.6969429406337015,0.6625,0.6117806371832823,1.3565977811813354,77.0,0.8542993227890673,29.0,226.76324765885715,0.20212494779863527,0.5,0.5773502691896257,22.544999999999998,0.18806716799736023
