cell_mask_area,cell_mask_area_ratio,cell_mask_intensity,domain_area_mean,domain_area_std,domain_oop_mean,domain_oop_std,domain_slen_mean,myof_bending_mean,myof_bending_std,myof_length_max,myof_length_mean,myof_length_std,myof_straightness_mean,myof_straightness_std,n_domains,n_mbands,n_vectors,n_zbands,sarcomere_area,sarcomere_area_ratio,sarcomere_length_mean,sarcomere_length_std,sarcomere_oop,z_intensity_mean,z_intensity_std,z_lat_alignment_mean,z_lat_alignment_std,z_lat_dist_mean,z_lat_dist_std,z_lat_length_groups_mean,z_lat_neighbors_mean,z_lat_neighbors_std,z_length_max,z_length_mean,z_length_std,z_mask_area,z_mask_area_ratio,z_mask_intensity,z_oop,z_straightness_mean,z_straightness_std
1652.3774999999998,0.18634988784344772,587.1625702964365,141.4125,23.849999999999994,0.6835657358169556,0.14223966002464294,1.358634580613832,0.025427674182807305,0.016340129848406226,23.068613052368164,13.517570495605469,4.942165374755859,0.9220361730150678,0.04186342151041965,2.0,141.0,758.0,140.0,337.62933349609375,0.2043294183660173,1.3630473953899158,0.2147479856620274,0.6325205564498901,954.2700080738317,192.97830910031217,0.7888929573868247,0.6646696279248167,1.8721360186472895,0.7059955446388689,4.9550918227862715,1.15,0.6646696279248167,3.75,0.9407142857142856,0.7458836014679338,69.9075,0.042307220958891056,949.0337946572256,0.5351831185077388,0.8527035489790415,0.10496478821265574
