cell_mask_area,cell_mask_area_ratio,cell_mask_intensity,domain_area_mean,domain_area_std,domain_oop_mean,domain_oop_std,domain_slen_mean,myof_bending_mean,myof_bending_std,myof_length_max,myof_length_mean,myof_length_std,myof_straightness_mean,myof_straightness_std,n_domains,n_mbands,n_vectors,n_zbands,sarcomere_area,sarcomere_area_ratio,sarcomere_length_mean,sarcomere_length_std,sarcomere_oop,z_intensity_mean,z_intensity_std,z_lat_alignment_mean,z_lat_alignment_std,z_lat_dist_mean,z_lat_dist_std,z_lat_length_groups_mean,z_lat_neighbors_mean,z_lat_neighbors_std,z_length_max,z_length_mean,z_length_std,z_mask_area,z_mask_area_ratio,z_mask_intensity,z_oop,z_straightness_mean,z_straightness_std
772.56,0.39322033898305087,591.1010892357875,87.50999999999999,19.34603447738063,0.7829664349555969,0.23424920439720154,1.520195211430515,0.014081984239424552,0.007926100829224148,25.45469856262207,13.232501983642578,4.085648536682129,0.9562616703579774,0.031067618025641345,3.0,93.0,666.0,94.0,301.2339782714844,0.38991661265336597,1.519561723365064,0.17260422936606026,0.4055219292640686,846.4612248020942,105.89568380231117,0.782983878976345,0.6788534524912262,1.48442033001402,0.5606160910000038,4.683847368156163,1.0851063829787233,0.6788534524912262,4.95,1.3372340425531912,1.116651914615997,58.6575,0.07592614165890028,860.8784042961258,0.4097615886858176,0.8235069346963979,0.12109622807043328
