sarcomere_area,cell_mask_area_ratio,domain_area_std,domain_oop_mean,sarcomere_length_mean,z_mask_intensity,myof_straightness_std,z_mask_area,z_straightness_std,myof_length_mean,myof_bending_std,sarcomere_oop,n_domains,myof_straightness_mean,z_intensity_mean,myof_bending_mean,z_lat_dist_mean,z_lat_length_groups_mean,z_length_max,sarcomere_area_ratio,z_length_std,myof_length_max,domain_slen_mean,z_mask_area_ratio,z_lat_alignment_std,n_zbands,cell_mask_area,cell_mask_intensity,z_oop,z_lat_alignment_mean,z_length_mean,z_lat_dist_std,myof_length_std,n_vectors,z_straightness_mean,n_mbands,z_intensity_std,sarcomere_length_std,z_lat_neighbors_mean,z_lat_neighbors_std,domain_area_mean,domain_oop_std
79.54715728759766,0.16767009479193354,0.0,0.7016634345054626,1.5071910431417301,978.9937733499378,0.006334608346045259,18.0675,0.09175280121720664,8.390605926513672,0.0030984237348762574,0.2669750452041626,1.0,0.8993700194390563,1016.7843758228715,0.05028530483275781,1.7089672151210604,0.8355667450172943,1.2,0.06430976285188027,0.2531180554602931,9.914443016052246,1.5546438536509228,0.014606639381537062,0.48733971724044817,40.0,1236.9375,619.2715052296498,0.30899079191343226,0.7997167243916079,0.5175,0.716192053601109,1.0850714445114136,110.0,0.8803877752386239,49.0,179.8923357924577,0.3164726921629214,0.25,0.48733971724044817,21.195,0.0
