sarcomere_area,cell_mask_area_ratio,domain_area_std,domain_oop_mean,sarcomere_length_mean,z_mask_intensity,myof_straightness_std,z_mask_area,z_straightness_std,myof_length_mean,myof_bending_std,sarcomere_oop,n_domains,myof_straightness_mean,z_intensity_mean,myof_bending_mean,z_lat_dist_mean,z_lat_length_groups_mean,z_length_max,sarcomere_area_ratio,z_length_std,myof_length_max,domain_slen_mean,z_mask_area_ratio,z_lat_alignment_std,n_zbands,cell_mask_area,cell_mask_intensity,z_oop,z_lat_alignment_mean,z_length_mean,z_lat_dist_std,myof_length_std,n_vectors,z_straightness_mean,n_mbands,z_intensity_std,sarcomere_length_std,z_lat_neighbors_mean,z_lat_neighbors_std,domain_area_mean,domain_oop_std
61.434268951416016,0.25877424462330123,0.0,0.7624197602272034,1.4573744670271462,965.9953488372093,0.002295101394867276,14.5125,0.12420560212234968,8.029877662658691,0.017193707004449908,0.5089694261550903,1.0,0.9817108296211723,940.4293099944343,0.02350018314629815,1.57997883679295,1.4165162182938131,1.95,0.11601495446765529,0.44758567557484,9.35826587677002,1.4824715934119237,0.02740599107711918,0.4925123054167483,29.0,529.5375,603.3623114510303,0.49318520833853613,0.6272919284814837,0.796551724137931,0.6163739735634506,1.338687539100647,90.0,0.8316611857070432,31.0,120.50834140864616,0.332310175801311,0.41379310344827586,0.4925123054167483,29.9025,0.0
