cell_mask_area,cell_mask_area_ratio,cell_mask_intensity,domain_area_mean,domain_area_std,domain_oop_mean,domain_oop_std,domain_slen_mean,myof_bending_mean,myof_bending_std,myof_length_max,myof_length_mean,myof_length_std,myof_straightness_mean,myof_straightness_std,n_domains,n_mbands,n_vectors,n_zbands,sarcomere_area,sarcomere_area_ratio,sarcomere_length_mean,sarcomere_length_std,sarcomere_oop,z_intensity_mean,z_intensity_std,z_lat_alignment_mean,z_lat_alignment_std,z_lat_dist_mean,z_lat_dist_std,z_lat_length_groups_mean,z_lat_neighbors_mean,z_lat_neighbors_std,z_length_max,z_length_mean,z_length_std,z_mask_area,z_mask_area_ratio,z_mask_intensity,z_oop,z_straightness_mean,z_straightness_std
446.5125,0.19999999999999998,571.1873519778281,24.075,0.0,0.7109516859054565,0.0,1.3416534787453647,0.041197255182349554,0.025579479911552135,12.246224403381348,10.260663032531738,2.556863784790039,0.9490283922578684,0.013444959972454812,1.0,22.0,93.0,26.0,44.1541633605957,0.09888673522151273,1.3593043696989942,0.32249971352345824,0.2532048523426056,868.493426231033,86.98395869810159,0.9157795924399301,0.42132504423474315,0.7464985704219046,0.11287109620293877,1.0234563352724224,0.23076923076923078,0.42132504423474315,2.6999999999999997,0.8192307692307691,0.5886877393303429,11.115,0.02489292013101537,859.2368421052631,0.22441205724616717,0.8183656300574873,0.11722341617722627
