cell_mask_area,cell_mask_area_ratio,cell_mask_intensity,domain_area_mean,domain_area_std,domain_oop_mean,domain_oop_std,domain_slen_mean,myof_bending_mean,myof_bending_std,myof_length_max,myof_length_mean,myof_length_std,myof_straightness_mean,myof_straightness_std,n_domains,n_mbands,n_vectors,n_zbands,sarcomere_area,sarcomere_area_ratio,sarcomere_length_mean,sarcomere_length_std,sarcomere_oop,z_intensity_mean,z_intensity_std,z_lat_alignment_mean,z_lat_alignment_std,z_lat_dist_mean,z_lat_dist_std,z_lat_length_groups_mean,z_lat_neighbors_mean,z_lat_neighbors_std,z_length_max,z_length_mean,z_length_std,z_mask_area,z_mask_area_ratio,z_mask_intensity,z_oop,z_straightness_mean,z_straightness_std
517.41,0.1166504342180018,760.456340233084,95.60249999999999,0.0,0.74873286485672,0.0,1.3585059062868179,0.03714140366916909,0.024613148040740263,21.032039642333984,10.29918098449707,4.600263595581055,0.9305265524204268,0.045896594539237126,1.0,50.0,240.0,43.0,102.68522644042969,0.1984600731343223,1.3585059062868179,0.2449765980520746,0.7487329244613647,1422.336393370784,307.3434482502175,0.7766040327341722,0.6610544373745068,1.5994667279139496,0.602769596360205,3.353884111229522,0.9302325581395349,0.6610544373745068,3.0,1.05,0.6778042524587485,21.982499999999998,0.0424856496782049,1467.17911975435,0.8014574041211338,0.8291265012653292,0.10497988245240245
