cell_mask_area,cell_mask_area_ratio,cell_mask_intensity,domain_area_mean,domain_area_std,domain_oop_mean,domain_oop_std,domain_slen_mean,myof_bending_mean,myof_bending_std,myof_length_max,myof_length_mean,myof_length_std,myof_straightness_mean,myof_straightness_std,n_domains,n_mbands,n_vectors,n_zbands,sarcomere_area,sarcomere_area_ratio,sarcomere_length_mean,sarcomere_length_std,sarcomere_oop,z_intensity_mean,z_intensity_std,z_lat_alignment_mean,z_lat_alignment_std,z_lat_dist_mean,z_lat_dist_std,z_lat_length_groups_mean,z_lat_neighbors_mean,z_lat_neighbors_std,z_length_max,z_length_mean,z_length_std,z_mask_area,z_mask_area_ratio,z_mask_intensity,z_oop,z_straightness_mean,z_straightness_std
789.975,0.19715415197322614,652.5181429792082,45.405,0.0,0.9159595370292664,0.0,1.5813310860432837,0.014891290133004064,0.012589072625156267,14.42259693145752,10.627370834350586,3.3477299213409424,0.964449173157539,0.015628009475644754,1.0,26.0,132.0,30.0,77.45098876953125,0.09804232889589069,1.5582556740464029,0.16124963865901096,0.9133431911468506,1279.1228647476466,315.7118416097861,0.802757531016882,0.5962847939999438,1.8594826222137915,0.6943157622328033,2.5947413111068953,0.6666666666666666,0.5962847939999438,3.9,1.1099999999999999,0.8896066546513688,18.1125,0.022927940757618913,1326.2844720496894,0.8883467981154253,0.8082602371287101,0.09584563723581449
