cell_mask_area,cell_mask_area_ratio,cell_mask_intensity,domain_area_mean,domain_area_std,domain_oop_mean,domain_oop_std,domain_slen_mean,myof_bending_mean,myof_bending_std,myof_length_max,myof_length_mean,myof_length_std,myof_straightness_mean,myof_straightness_std,n_domains,n_mbands,n_vectors,n_zbands,sarcomere_area,sarcomere_area_ratio,sarcomere_length_mean,sarcomere_length_std,sarcomere_oop,z_intensity_mean,z_intensity_std,z_lat_alignment_mean,z_lat_alignment_std,z_lat_dist_mean,z_lat_dist_std,z_lat_length_groups_mean,z_lat_neighbors_mean,z_lat_neighbors_std,z_length_max,z_length_mean,z_length_std,z_mask_area,z_mask_area_ratio,z_mask_intensity,z_oop,z_straightness_mean,z_straightness_std
1037.61,0.4341759638469142,633.5995749848208,29.5425,6.2775,0.6966351270675659,0.08762314915657043,1.463480710847239,0.08405037948391446,0.04403283564115047,9.791714668273926,7.435919284820557,1.712319016456604,0.894508497400283,0.020175976024506284,2.0,51.0,137.0,38.0,106.69913482666016,0.10283163696057301,1.4641806819818486,0.2226233567948487,0.5951502919197083,942.3697577677914,168.8231240117365,0.70028242218136,0.6552578735783543,1.8888547035086085,0.7494850959381418,2.4188182848969184,0.7894736842105263,0.6552578735783543,3.4499999999999997,0.7184210526315791,0.5759912568588514,21.15,0.020383381039118745,927.8872340425532,0.5575908336837596,0.840047728462748,0.09647315497794837
