cell_mask_area,cell_mask_area_ratio,cell_mask_intensity,domain_area_mean,domain_area_std,domain_oop_mean,domain_oop_std,domain_slen_mean,myof_bending_mean,myof_bending_std,myof_length_max,myof_length_mean,myof_length_std,myof_straightness_mean,myof_straightness_std,n_domains,n_mbands,n_vectors,n_zbands,sarcomere_area,sarcomere_area_ratio,sarcomere_length_mean,sarcomere_length_std,sarcomere_oop,z_intensity_mean,z_intensity_std,z_lat_alignment_mean,z_lat_alignment_std,z_lat_dist_mean,z_lat_dist_std,z_lat_length_groups_mean,z_lat_neighbors_mean,z_lat_neighbors_std,z_length_max,z_length_mean,z_length_std,z_mask_area,z_mask_area_ratio,z_mask_intensity,z_oop,z_straightness_mean,z_straightness_std
790.38,0.19725522786999394,652.4482748804372,44.82,0.0,0.9149540662765503,0.0,1.583119524436378,0.022379237819724833,0.018801570212273376,14.415684700012207,9.391288757324219,3.2465882301330566,0.9559569473171208,0.02404945638127737,1.0,26.0,130.0,31.0,77.39813232421875,0.0979252161292274,1.5535911845283543,0.17434378223198402,0.9125182628631592,1270.9797958505526,313.77544020964837,0.8006263144554554,0.5982979674513358,1.8594826222137915,0.6943157622328033,2.478325058197043,0.6451612903225806,0.5982979674513358,3.9,1.079032258064516,0.8889804048738869,18.09,0.022887724891824186,1326.75,0.8869943530983849,0.809079588534847,0.09339331896424444
