cell_mask_area,cell_mask_area_ratio,cell_mask_intensity,domain_area_mean,domain_area_std,domain_oop_mean,domain_oop_std,domain_slen_mean,myof_bending_mean,myof_bending_std,myof_length_max,myof_length_mean,myof_length_std,myof_straightness_mean,myof_straightness_std,n_domains,n_mbands,n_vectors,n_zbands,sarcomere_area,sarcomere_area_ratio,sarcomere_length_mean,sarcomere_length_std,sarcomere_oop,z_intensity_mean,z_intensity_std,z_lat_alignment_mean,z_lat_alignment_std,z_lat_dist_mean,z_lat_dist_std,z_lat_length_groups_mean,z_lat_neighbors_mean,z_lat_neighbors_std,z_length_max,z_length_mean,z_length_std,z_mask_area,z_mask_area_ratio,z_mask_intensity,z_oop,z_straightness_mean,z_straightness_std
529.5375,0.25877424462330123,603.3623114510303,29.9025,0.0,0.7624197602272034,0.0,1.4796925745139415,0.01769328552883331,0.01657500769067075,9.358267784118652,7.736612796783447,0.9047805666923523,0.9783283288757141,0.0019828438278694568,1.0,31.0,90.0,29.0,61.43425369262695,0.11601492565234181,1.4604275372452107,0.3297226265882394,0.5089666247367859,940.4293099944343,120.50834140864616,0.6272892028961713,0.4925123054167483,1.57997883679295,0.6163739735634506,1.4165162182938131,0.41379310344827586,0.4925123054167483,1.95,0.796551724137931,0.44758567557484,14.5125,0.02740599107711918,965.9953488372093,0.49318520833853613,0.8316611857070432,0.12420560212234968
