cell_mask_area,cell_mask_area_ratio,cell_mask_intensity,domain_area_mean,domain_area_std,domain_oop_mean,domain_oop_std,domain_slen_mean,myof_bending_mean,myof_bending_std,myof_length_max,myof_length_mean,myof_length_std,myof_straightness_mean,myof_straightness_std,n_domains,n_mbands,n_vectors,n_zbands,sarcomere_area,sarcomere_area_ratio,sarcomere_length_mean,sarcomere_length_std,sarcomere_oop,z_intensity_mean,z_intensity_std,z_lat_alignment_mean,z_lat_alignment_std,z_lat_dist_mean,z_lat_dist_std,z_lat_length_groups_mean,z_lat_neighbors_mean,z_lat_neighbors_std,z_length_max,z_length_mean,z_length_std,z_mask_area,z_mask_area_ratio,z_mask_intensity,z_oop,z_straightness_mean,z_straightness_std
1190.61,0.20390343525422422,600.2999659838234,20.5425,0.0,0.8203451633453369,0.0,1.4569854899176236,0.010082666438341024,0.0,8.705653190612793,8.70565414428711,9.5367431640625e-07,0.9683954619124795,0.0,1.0,15.0,36.0,19.0,30.571273803710938,0.02567698390212659,1.4597250660841707,0.16568061444730195,0.7716424465179443,1182.078388504627,220.58182707602091,0.5156415141784214,0.6698906348083082,1.9234871373092197,0.6739879320922448,2.42162700895216,0.8421052631578947,0.6698906348083082,1.5,0.5921052631578948,0.3525333720278858,8.4825,0.007124499206289213,1207.5729442970821,0.3458741013437976,0.8764322958864621,0.05944714064443806
