cell_mask_area,cell_mask_area_ratio,cell_mask_intensity,domain_area_mean,domain_area_std,domain_oop_mean,domain_oop_std,domain_slen_mean,myof_bending_mean,myof_bending_std,myof_length_max,myof_length_mean,myof_length_std,myof_straightness_mean,myof_straightness_std,n_domains,n_mbands,n_vectors,n_zbands,sarcomere_area,sarcomere_area_ratio,sarcomere_length_mean,sarcomere_length_std,sarcomere_oop,z_intensity_mean,z_intensity_std,z_lat_alignment_mean,z_lat_alignment_std,z_lat_dist_mean,z_lat_dist_std,z_lat_length_groups_mean,z_lat_neighbors_mean,z_lat_neighbors_std,z_length_max,z_length_mean,z_length_std,z_mask_area,z_mask_area_ratio,z_mask_intensity,z_oop,z_straightness_mean,z_straightness_std
978.12,0.20478613152440173,613.7647911299227,27.956249999999997,1.45125,0.8644968271255493,0.03545215725898743,1.5910776300330207,0.03272259469598075,0.028917157485921482,11.306656837463379,8.10982608795166,1.4646515846252441,0.9479312564695441,0.03625658854439535,2.0,57.0,180.0,50.0,118.77825164794922,0.121435255027961,1.5722105052409399,0.23823111679811607,0.5854754447937012,1059.2936797816878,199.5414641671007,0.6251259586923156,0.448998886412873,1.732650809925374,0.9194678737535863,1.1541524574297122,0.28,0.448998886412873,1.65,0.75,0.3865229618017537,30.105,0.03077843209422157,1035.5,0.38691015391254135,0.8763715304852521,0.09131662291913419
