sarcomere_area,cell_mask_area_ratio,domain_area_std,domain_oop_mean,sarcomere_length_mean,z_mask_intensity,myof_straightness_std,z_mask_area,z_straightness_std,myof_length_mean,myof_bending_std,sarcomere_oop,n_domains,myof_straightness_mean,z_intensity_mean,myof_bending_mean,z_lat_dist_mean,z_lat_length_groups_mean,z_length_max,sarcomere_area_ratio,z_length_std,myof_length_max,domain_slen_mean,z_mask_area_ratio,z_lat_alignment_std,n_zbands,cell_mask_area,cell_mask_intensity,z_oop,z_lat_alignment_mean,z_length_mean,z_lat_dist_std,myof_length_std,n_vectors,z_straightness_mean,n_mbands,z_intensity_std,sarcomere_length_std,z_lat_neighbors_mean,z_lat_neighbors_std,domain_area_mean,domain_oop_std
517.9240112304688,0.3111348280808922,32.05383238105078,0.7942926287651062,1.4352387065441286,751.3546040324256,0.035407317066632284,108.2475,0.0978876528213088,13.40657901763916,0.018807823753802678,0.471169650554657,6.0,0.939567549285543,747.6408349972181,0.0271754829497687,1.7767164171762921,2.401896200408101,3.15,0.21398348046049093,0.589782423911587,43.14302444458008,1.4647894395096193,0.04472311825458061,0.684388679309096,205.0,2420.3925,564.5102674462922,0.3991505216327532,0.7713562579337657,0.9139024390243902,0.6117496849576882,7.066162586212158,967.0,0.8352339250595704,228.0,103.8762235814187,0.26623997605556043,0.7121951219512195,0.684388679309096,64.90124999999999,0.07924585789442062
