cell_mask_area,cell_mask_area_ratio,cell_mask_intensity,domain_area_mean,domain_area_std,domain_oop_mean,domain_oop_std,domain_slen_mean,myof_bending_mean,myof_bending_std,myof_length_max,myof_length_mean,myof_length_std,myof_straightness_mean,myof_straightness_std,n_domains,n_mbands,n_vectors,n_zbands,sarcomere_area,sarcomere_area_ratio,sarcomere_length_mean,sarcomere_length_std,sarcomere_oop,z_intensity_mean,z_intensity_std,z_lat_alignment_mean,z_lat_alignment_std,z_lat_dist_mean,z_lat_dist_std,z_lat_length_groups_mean,z_lat_neighbors_mean,z_lat_neighbors_std,z_length_max,z_length_mean,z_length_std,z_mask_area,z_mask_area_ratio,z_mask_intensity,z_oop,z_straightness_mean,z_straightness_std
2419.6725,0.31104227405247814,564.5258087613097,64.15499999999999,31.507972205459364,0.7920953631401062,0.08431427925825119,1.4663409644242293,0.025738994626531685,0.017561876350391106,38.20243835449219,13.462821006774902,6.5030012130737305,0.9419898755694676,0.03188318947184293,6.0,229.0,955.0,206.0,518.1109008789062,0.21412439116405474,1.4367882283408313,0.2659562708828986,0.47247767448425293,746.924840325354,104.06004600871061,0.7710455777832242,0.681481477686812,1.80489506798938,0.634233744132445,2.4356987502364706,0.7184466019417476,0.681481477686812,3.15,0.912378640776699,0.590235819525196,108.27,0.04474572488632242,751.3358270989194,0.39906823243732614,0.8355422800452037,0.09834112731066794
