cell_mask_area,cell_mask_area_ratio,cell_mask_intensity,domain_area_mean,domain_area_std,domain_oop_mean,domain_oop_std,domain_slen_mean,myof_bending_mean,myof_bending_std,myof_length_max,myof_length_mean,myof_length_std,myof_straightness_mean,myof_straightness_std,n_domains,n_mbands,n_vectors,n_zbands,sarcomere_area,sarcomere_area_ratio,sarcomere_length_mean,sarcomere_length_std,sarcomere_oop,z_intensity_mean,z_intensity_std,z_lat_alignment_mean,z_lat_alignment_std,z_lat_dist_mean,z_lat_dist_std,z_lat_length_groups_mean,z_lat_neighbors_mean,z_lat_neighbors_std,z_length_max,z_length_mean,z_length_std,z_mask_area,z_mask_area_ratio,z_mask_intensity,z_oop,z_straightness_mean,z_straightness_std
707.49,0.15300769807207576,595.391521434932,21.8475,0.0,0.9427658319473267,0.0,1.3210466305561406,0.02644374741654245,0.0074843798994410245,10.984938621520996,9.621966361999512,0.6308171153068542,0.9596271361808284,0.013773940117954688,1.0,24.0,71.0,15.0,39.88340759277344,0.0563731043446175,1.3173607801368583,0.26122631632536786,0.9336047768592834,1026.4686781885998,71.32405796837723,0.7346252480472609,0.5962847939999438,1.495586629311172,0.7792436295701388,1.9177933146555861,0.6666666666666666,0.5962847939999438,1.95,0.78,0.4874423042781576,9.0,0.012721027859051012,974.535,0.9541933599530634,0.819314022166894,0.09414600775790563
