sarcomere_area,cell_mask_area_ratio,domain_area_std,domain_oop_mean,sarcomere_length_mean,z_mask_intensity,myof_straightness_std,z_mask_area,z_straightness_std,myof_length_mean,myof_bending_std,sarcomere_oop,n_domains,myof_straightness_mean,z_intensity_mean,myof_bending_mean,z_lat_dist_mean,z_lat_length_groups_mean,z_length_max,sarcomere_area_ratio,z_length_std,myof_length_max,domain_slen_mean,z_mask_area_ratio,z_lat_alignment_std,n_zbands,cell_mask_area,cell_mask_intensity,z_oop,z_lat_alignment_mean,z_length_mean,z_lat_dist_std,myof_length_std,n_vectors,z_straightness_mean,n_mbands,z_intensity_std,sarcomere_length_std,z_lat_neighbors_mean,z_lat_neighbors_std,domain_area_mean,domain_oop_std
42.5058479309082,0.13999011497840905,0.0,0.962483286857605,1.5886470130152002,743.0755467196819,0.010591601114316805,11.317499999999999,0.10508344694062373,8.99138355255127,0.007757557126370461,0.9716366529464722,1.0,0.9774785542072667,740.7406435303863,0.012726767899960072,1.5641761235793012,1.3826217495940862,1.95,0.08776125601269412,0.47557632353405993,14.527536392211914,1.696281044712874,0.02336709095976958,0.628539361054709,27.0,484.335,549.8426553934777,0.8698918397208929,0.8824645196277338,0.7277777777777777,0.6468021756491166,2.7330234050750732,83.0,0.8849768950291511,21.0,71.095384943834,0.27316335479605564,0.4444444444444444,0.628539361054709,24.21,0.0
