cell_mask_area,cell_mask_area_ratio,cell_mask_intensity,domain_area_mean,domain_area_std,domain_oop_mean,domain_oop_std,domain_slen_mean,myof_bending_mean,myof_bending_std,myof_length_max,myof_length_mean,myof_length_std,myof_straightness_mean,myof_straightness_std,n_domains,n_mbands,n_vectors,n_zbands,sarcomere_area,sarcomere_area_ratio,sarcomere_length_mean,sarcomere_length_std,sarcomere_oop,z_intensity_mean,z_intensity_std,z_lat_alignment_mean,z_lat_alignment_std,z_lat_dist_mean,z_lat_dist_std,z_lat_length_groups_mean,z_lat_neighbors_mean,z_lat_neighbors_std,z_length_max,z_length_mean,z_length_std,z_mask_area,z_mask_area_ratio,z_mask_intensity,z_oop,z_straightness_mean,z_straightness_std
1150.8525,0.21303206997084548,657.6512541789673,93.98249999999999,41.69249999999999,0.5579984188079834,0.17707985639572144,1.4206813149586783,0.03710156750813092,0.023339643331661032,17.04008674621582,9.058857917785645,3.1056501865386963,0.9384359023882096,0.039085049493257036,2.0,98.0,423.0,87.0,234.31729125976562,0.2036032343499846,1.419994102824517,0.321139651229441,0.371718168258667,1089.380056479123,190.27993855060828,0.7444506839834993,0.7509187572901644,1.957676455783426,0.7326388272730294,3.308680577279736,0.8505747126436781,0.7509187572901644,5.55,1.0689655172413792,0.9002311765456317,48.7575,0.04236641967584899,1123.286109829257,0.1386248661846649,0.8152174432942452,0.12794250751479605
