cell_mask_area,cell_mask_area_ratio,cell_mask_intensity,domain_area_mean,domain_area_std,domain_oop_mean,domain_oop_std,domain_slen_mean,myof_bending_mean,myof_bending_std,myof_length_max,myof_length_mean,myof_length_std,myof_straightness_mean,myof_straightness_std,n_domains,n_mbands,n_vectors,n_zbands,sarcomere_area,sarcomere_area_ratio,sarcomere_length_mean,sarcomere_length_std,sarcomere_oop,z_intensity_mean,z_intensity_std,z_lat_alignment_mean,z_lat_alignment_std,z_lat_dist_mean,z_lat_dist_std,z_lat_length_groups_mean,z_lat_neighbors_mean,z_lat_neighbors_std,z_length_max,z_length_mean,z_length_std,z_mask_area,z_mask_area_ratio,z_mask_intensity,z_oop,z_straightness_mean,z_straightness_std
1236.5325,0.16761519598872746,619.3040377022036,21.4875,0.0,0.7151591181755066,0.0,1.5549215897367303,0.04531858697312062,0.03839821014157087,9.891036033630371,7.450924873352051,1.5327856540679932,0.9435645444164917,0.022950011240616918,1.0,49.0,111.0,40.0,79.66516876220703,0.06442626357350659,1.5101617173283242,0.3106564412092742,0.265532910823822,1016.5151947261902,179.74706825094714,0.8035231698262596,0.48733971724044817,1.7089672151210604,0.716192053601109,0.8269953164458659,0.25,0.48733971724044817,1.2,0.51,0.255,18.044999999999998,0.014593227432356203,978.3840399002494,0.3181270227872661,0.8803385651894139,0.09155857633055535
