cell_mask_area,cell_mask_area_ratio,cell_mask_intensity,domain_area_mean,domain_area_std,domain_oop_mean,domain_oop_std,domain_slen_mean,myof_bending_mean,myof_bending_std,myof_length_max,myof_length_mean,myof_length_std,myof_straightness_mean,myof_straightness_std,n_domains,n_mbands,n_vectors,n_zbands,sarcomere_area,sarcomere_area_ratio,sarcomere_length_mean,sarcomere_length_std,sarcomere_oop,z_intensity_mean,z_intensity_std,z_lat_alignment_mean,z_lat_alignment_std,z_lat_dist_mean,z_lat_dist_std,z_lat_length_groups_mean,z_lat_neighbors_mean,z_lat_neighbors_std,z_length_max,z_length_mean,z_length_std,z_mask_area,z_mask_area_ratio,z_mask_intensity,z_oop,z_straightness_mean,z_straightness_std
913.365,0.3485061813186814,597.4883233975464,37.49625,13.30875,0.719390332698822,0.08769702911376953,1.5126027153576933,0.0467152070263021,0.04125611870048111,13.572844505310059,9.636913299560547,2.6000797748565674,0.9248930464864201,0.03178304616915865,2.0,62.0,176.0,52.0,131.7644805908203,0.14426267767083292,1.5477244791011011,0.2452448033364087,0.6166208386421204,873.0265703874126,117.01874261560951,0.8198307160744461,0.6605986168199103,1.6416223977427715,0.5357946465104667,1.7844415125984205,0.5769230769230769,0.6605986168199103,2.4,0.7961538461538461,0.5274982823382675,30.915,0.033847366605902346,872.0574963609898,0.5603322412132694,0.8480418810251209,0.0944746097459862
