cell_mask_area,cell_mask_area_ratio,cell_mask_intensity,domain_area_mean,domain_area_std,domain_oop_mean,domain_oop_std,domain_slen_mean,myof_bending_mean,myof_bending_std,myof_length_max,myof_length_mean,myof_length_std,myof_straightness_mean,myof_straightness_std,n_domains,n_mbands,n_vectors,n_zbands,sarcomere_area,sarcomere_area_ratio,sarcomere_length_mean,sarcomere_length_std,sarcomere_oop,z_intensity_mean,z_intensity_std,z_lat_alignment_mean,z_lat_alignment_std,z_lat_dist_mean,z_lat_dist_std,z_lat_length_groups_mean,z_lat_neighbors_mean,z_lat_neighbors_std,z_length_max,z_length_mean,z_length_std,z_mask_area,z_mask_area_ratio,z_mask_intensity,z_oop,z_straightness_mean,z_straightness_std
528.795,0.21412172011661806,644.4007318526083,33.5925,7.154999999999998,0.8645977973937988,0.0014819204807281494,1.3947307266188158,0.016424241816175546,0.012069588392376053,12.95316219329834,9.19409465789795,2.489316463470459,0.9643753906375373,0.013139993181170172,2.0,38.0,142.0,29.0,80.62279510498047,0.15246512373411336,1.3900129704043338,0.2784464576776448,0.6247236132621765,1097.8652793755857,219.43060148670054,0.7837772711200971,0.6032019201564105,1.8784369979008535,0.4073996133002899,1.5413410412293445,0.3448275862068966,0.6032019201564105,3.4499999999999997,0.9517241379310345,0.7671580737416607,18.2025,0.034422602331716456,1097.0766378244746,0.4412546857139649,0.8156782786743024,0.12240744341581468
