cell_mask_area,cell_mask_area_ratio,cell_mask_intensity,domain_area_mean,domain_area_std,domain_oop_mean,domain_oop_std,domain_slen_mean,myof_bending_mean,myof_bending_std,myof_length_max,myof_length_mean,myof_length_std,myof_straightness_mean,myof_straightness_std,n_domains,n_mbands,n_vectors,n_zbands,sarcomere_area,sarcomere_area_ratio,sarcomere_length_mean,sarcomere_length_std,sarcomere_oop,z_intensity_mean,z_intensity_std,z_lat_alignment_mean,z_lat_alignment_std,z_lat_dist_mean,z_lat_dist_std,z_lat_length_groups_mean,z_lat_neighbors_mean,z_lat_neighbors_std,z_length_max,z_length_mean,z_length_std,z_mask_area,z_mask_area_ratio,z_mask_intensity,z_oop,z_straightness_mean,z_straightness_std
1859.2424999999998,0.37928707817721147,597.9745259157963,53.324999999999996,18.94080416719417,0.8690029978752136,0.06477171182632446,1.6047371411869988,0.022738584276913824,0.018793294342306047,13.352316856384277,8.928628921508789,1.8598990440368652,0.9595700320483805,0.0315183094951154,3.0,104.0,357.0,96.0,235.3271942138672,0.12657154417127794,1.5916083818240543,0.25842903088388036,0.6672055125236511,844.2230063237247,143.01452008431025,0.7717188402056766,0.6817945071647321,1.8359946632340216,0.6642055789600418,2.1807591093130587,0.6875,0.6817945071647321,3.3,0.7999999999999999,0.659426834455499,55.0575,0.029612866530320817,838.8406211687781,0.5439773952727307,0.8503937189503145,0.08734442453410149
