sarcomere_area,cell_mask_area_ratio,domain_area_std,domain_oop_mean,sarcomere_length_mean,z_mask_intensity,myof_straightness_std,z_mask_area,z_straightness_std,myof_length_mean,myof_bending_std,sarcomere_oop,n_domains,myof_straightness_mean,z_intensity_mean,myof_bending_mean,z_lat_dist_mean,z_lat_length_groups_mean,z_length_max,sarcomere_area_ratio,z_length_std,myof_length_max,domain_slen_mean,z_mask_area_ratio,z_lat_alignment_std,n_zbands,cell_mask_area,cell_mask_intensity,z_oop,z_lat_alignment_mean,z_length_mean,z_lat_dist_std,myof_length_std,n_vectors,z_straightness_mean,n_mbands,z_intensity_std,sarcomere_length_std,z_lat_neighbors_mean,z_lat_neighbors_std,domain_area_mean,domain_oop_std
118.71537780761719,0.2049886941775014,1.40625,0.8618674278259277,1.5706456903272794,1035.5762331838564,0.04746183568967432,30.105,0.09189387209014348,7.777329921722412,0.036529571455929166,0.5883224010467529,2.0,0.9459484035560168,1059.361627150109,0.03604036321691353,1.732650809925374,1.1576408295227352,1.65,0.12125104018549639,0.38592874990080744,14.529016494750977,1.5894808962328968,0.0307480179248535,0.448998886412873,50.0,979.0875,613.6697690451568,0.3868220883944269,0.6258301966490729,0.753,0.9194678737535863,2.6694743633270264,182.0,0.8755381971519188,57.0,199.45663037605559,0.23994581766278925,0.28,0.448998886412873,27.978749999999998,0.03284716606140137
