cell_mask_area,cell_mask_area_ratio,cell_mask_intensity,domain_area_mean,domain_area_std,domain_oop_mean,domain_oop_std,domain_slen_mean,myof_bending_mean,myof_bending_std,myof_length_max,myof_length_mean,myof_length_std,myof_straightness_mean,myof_straightness_std,n_domains,n_mbands,n_vectors,n_zbands,sarcomere_area,sarcomere_area_ratio,sarcomere_length_mean,sarcomere_length_std,sarcomere_oop,z_intensity_mean,z_intensity_std,z_lat_alignment_mean,z_lat_alignment_std,z_lat_dist_mean,z_lat_dist_std,z_lat_length_groups_mean,z_lat_neighbors_mean,z_lat_neighbors_std,z_length_max,z_length_mean,z_length_std,z_mask_area,z_mask_area_ratio,z_mask_intensity,z_oop,z_straightness_mean,z_straightness_std
1191.1499999999999,0.20399591545768067,600.2613524744994,20.25,0.0,0.8042227625846863,0.0,1.4568368372685478,0.005803714547461484,0.0,8.377294540405273,8.377294540405273,0.0,0.9580983078162771,0.0,1.0,15.0,36.0,19.0,30.520235061645508,0.025622495119544567,1.4556972956236103,0.1764854313356799,0.7556890845298767,1183.9656065497397,222.8464247200591,0.5331122752189379,0.6359497880839248,1.8841181578386512,0.6225743066515746,1.9990689254058795,0.7368421052631579,0.6359497880839248,1.5,0.5684210526315789,0.35622676334774134,8.459999999999999,0.007102380052890064,1208.218085106383,0.34742295037935195,0.8792518447586425,0.060572131211177035
