sarcomere_area,cell_mask_area_ratio,domain_area_std,domain_oop_mean,sarcomere_length_mean,z_mask_intensity,myof_straightness_std,z_mask_area,z_straightness_std,myof_length_mean,myof_bending_std,sarcomere_oop,n_domains,myof_straightness_mean,z_intensity_mean,myof_bending_mean,z_lat_dist_mean,z_lat_length_groups_mean,z_length_max,sarcomere_area_ratio,z_length_std,myof_length_max,domain_slen_mean,z_mask_area_ratio,z_lat_alignment_std,n_zbands,cell_mask_area,cell_mask_intensity,z_oop,z_lat_alignment_mean,z_length_mean,z_lat_dist_std,myof_length_std,n_vectors,z_straightness_mean,n_mbands,z_intensity_std,sarcomere_length_std,z_lat_neighbors_mean,z_lat_neighbors_std,domain_area_mean,domain_oop_std
424.1990966796875,0.5104016613848075,83.68843938979863,0.8084316253662109,1.4745647059872944,625.4213426853707,0.051082671496589266,89.82,0.13375707749753762,15.972330093383789,0.013260514542147696,0.39050018787384033,3.0,0.9362855200981003,617.8654391524166,0.02225242467479072,1.5905004822091762,3.5080002685721987,8.1,0.22170694151679726,1.7675751277506457,32.82371139526367,1.4827374769820143,0.04694427131719134,0.6566770896360544,123.0,1913.3325,535.0596799040418,0.20318614500447338,0.8047836818433591,1.6841463414634146,0.6561953268665275,6.931789398193359,1118.0,0.8131630366190303,124.0,42.9302755165964,0.15146033686690444,0.7154471544715447,0.6566770896360544,126.26249999999999,0.06830765306949615
