cell_mask_area,cell_mask_area_ratio,cell_mask_intensity,domain_area_mean,domain_area_std,domain_oop_mean,domain_oop_std,domain_slen_mean,myof_bending_mean,myof_bending_std,myof_length_max,myof_length_mean,myof_length_std,myof_straightness_mean,myof_straightness_std,n_domains,n_mbands,n_vectors,n_zbands,sarcomere_area,sarcomere_area_ratio,sarcomere_length_mean,sarcomere_length_std,sarcomere_oop,z_intensity_mean,z_intensity_std,z_lat_alignment_mean,z_lat_alignment_std,z_lat_dist_mean,z_lat_dist_std,z_lat_length_groups_mean,z_lat_neighbors_mean,z_lat_neighbors_std,z_length_max,z_length_mean,z_length_std,z_mask_area,z_mask_area_ratio,z_mask_intensity,z_oop,z_straightness_mean,z_straightness_std
1651.725,0.3199640852191499,650.3226535894293,206.23499999999999,0.0,0.8320063948631287,0.0,1.4726262267588128,0.020456514545064752,0.015689946230572228,36.27689743041992,15.78758430480957,9.952571868896484,0.9526360031392432,0.022008572478586657,1.0,101.0,534.0,88.0,277.6634216308594,0.16810511533751646,1.4640426462543144,0.19861860487076224,0.8172948360443115,1026.6162404704914,174.04937261570862,0.8179133336309344,0.6726658448613065,1.7234096599379716,0.6541367275411166,3.8235479503781478,0.9545454545454546,0.6726658448613065,5.7,1.1761363636363635,1.1565764839487014,60.705,0.036752486037324616,1052.1838398813936,0.6628665258287221,0.81917207546906,0.1184447604772565
