cell_mask_area,cell_mask_area_ratio,cell_mask_intensity,domain_area_mean,domain_area_std,domain_oop_mean,domain_oop_std,domain_slen_mean,myof_bending_mean,myof_bending_std,myof_length_max,myof_length_mean,myof_length_std,myof_straightness_mean,myof_straightness_std,n_domains,n_mbands,n_vectors,n_zbands,sarcomere_area,sarcomere_area_ratio,sarcomere_length_mean,sarcomere_length_std,sarcomere_oop,z_intensity_mean,z_intensity_std,z_lat_alignment_mean,z_lat_alignment_std,z_lat_dist_mean,z_lat_dist_std,z_lat_length_groups_mean,z_lat_neighbors_mean,z_lat_neighbors_std,z_length_max,z_length_mean,z_length_std,z_mask_area,z_mask_area_ratio,z_mask_intensity,z_oop,z_straightness_mean,z_straightness_std
821.4525,0.15396845479082322,614.8776466076857,,,,,,0.050442549260413604,0.03127845573995829,7.277306079864502,6.608699321746826,0.3439658284187317,0.9470653047992008,0.024405675173001764,0.0,33.0,75.0,27.0,55.03694152832031,0.06699954230867922,1.5177144091282426,0.3362089951749137,0.6609037518501282,1011.6974877818101,172.4876331804921,0.4786274268782813,0.531581484978049,1.5928818839718277,1.014385185082257,1.0400664146037961,0.2962962962962963,0.531581484978049,1.5,0.65,0.3696845502136472,14.1975,0.017283409570242953,989.7939778129952,0.5906596066272903,0.8694282469561359,0.07815938978698142
