cell_mask_area,cell_mask_area_ratio,cell_mask_intensity,domain_area_mean,domain_area_std,domain_oop_mean,domain_oop_std,domain_slen_mean,myof_bending_mean,myof_bending_std,myof_length_max,myof_length_mean,myof_length_std,myof_straightness_mean,myof_straightness_std,n_domains,n_mbands,n_vectors,n_zbands,sarcomere_area,sarcomere_area_ratio,sarcomere_length_mean,sarcomere_length_std,sarcomere_oop,z_intensity_mean,z_intensity_std,z_lat_alignment_mean,z_lat_alignment_std,z_lat_dist_mean,z_lat_dist_std,z_lat_length_groups_mean,z_lat_neighbors_mean,z_lat_neighbors_std,z_length_max,z_length_mean,z_length_std,z_mask_area,z_mask_area_ratio,z_mask_intensity,z_oop,z_straightness_mean,z_straightness_std
1199.8574999999998,0.36586738019278925,617.4964089485626,52.57124999999999,6.37875,0.7687513828277588,0.014107227325439453,1.5494021648251968,0.023847708427053638,0.021788508107259606,11.830273628234863,9.228801727294922,1.7668057680130005,0.9581504250238815,0.02741328032389856,2.0,56.0,233.0,51.0,139.8196563720703,0.11653021827347858,1.5383884997516322,0.24243160077918813,0.6515524983406067,900.875984011318,96.90232008762128,0.8311582760362869,0.6156987634551992,1.9789664263195585,0.7420267166388811,2.5777185072774262,0.6666666666666666,0.6156987634551992,3.3,1.0588235294117645,0.7866973583049671,31.9725,0.026646914321075632,897.2596762843068,0.6560573704910111,0.8136771581720147,0.11176576739154254
