sarcomere_area,cell_mask_area_ratio,domain_area_std,domain_oop_mean,sarcomere_length_mean,z_mask_intensity,myof_straightness_std,z_mask_area,z_straightness_std,myof_length_mean,myof_bending_std,sarcomere_oop,n_domains,myof_straightness_mean,z_intensity_mean,myof_bending_mean,z_lat_dist_mean,z_lat_length_groups_mean,z_length_max,sarcomere_area_ratio,z_length_std,myof_length_max,domain_slen_mean,z_mask_area_ratio,z_lat_alignment_std,n_zbands,cell_mask_area,cell_mask_intensity,z_oop,z_lat_alignment_mean,z_length_mean,z_lat_dist_std,myof_length_std,n_vectors,z_straightness_mean,n_mbands,z_intensity_std,sarcomere_length_std,z_lat_neighbors_mean,z_lat_neighbors_std,domain_area_mean,domain_oop_std
80.59717559814453,0.2161420101637493,5.43375,0.8156195878982544,1.4154031432425926,1153.8258766626361,0.01272867977041885,18.607499999999998,0.09623423419349567,11.6034574508667,0.007221360320649286,0.5268008708953857,2.0,0.9651763216891293,1137.5380720163016,0.01916693081755838,1.9366936830043826,1.5368768736376914,3.0,0.11697406175916365,0.5232093002582141,15.243946075439453,1.4328951053365029,0.027005845279691736,0.6231516747429889,43.0,689.0174999999999,692.5649348528883,0.42972500983871004,0.763270544933585,0.7290697674418605,0.5691814984791033,3.5075995922088623,121.0,0.858581979399756,47.0,185.28974376716104,0.23334210003510392,0.46511627906976744,0.6231516747429889,31.12875,0.08627322316169739
