sarcomere_area,cell_mask_area_ratio,domain_area_std,domain_oop_mean,sarcomere_length_mean,z_mask_intensity,myof_straightness_std,z_mask_area,z_straightness_std,myof_length_mean,myof_bending_std,sarcomere_oop,n_domains,myof_straightness_mean,z_intensity_mean,myof_bending_mean,z_lat_dist_mean,z_lat_length_groups_mean,z_length_max,sarcomere_area_ratio,z_length_std,myof_length_max,domain_slen_mean,z_mask_area_ratio,z_lat_alignment_std,n_zbands,cell_mask_area,cell_mask_intensity,z_oop,z_lat_alignment_mean,z_length_mean,z_lat_dist_std,myof_length_std,n_vectors,z_straightness_mean,n_mbands,z_intensity_std,sarcomere_length_std,z_lat_neighbors_mean,z_lat_neighbors_std,domain_area_mean,domain_oop_std
23.93871307373047,0.2766921799498058,,,1.4860589377819393,906.1142857142858,0.0,5.5125,0.05903184990950743,7.447028160095215,0.0,0.4997571110725403,0.0,0.9000000000000002,918.5051322692226,0.07503611199450304,1.9672029976944991,1.6564511241354372,1.3499999999999999,0.04801185935365116,0.4063544843386729,7.447028160095215,,0.011055956678700362,0.49792959773196915,11.0,498.59999999999997,602.1494133574007,0.44298071436702274,0.7316488796166055,0.6681818181818181,0.43314243137999586,0.0,29.0,0.8288780135071999,12.0,101.4698603198577,0.16829655969075985,0.5454545454545454,0.49792959773196915,,
