cell_mask_area,cell_mask_area_ratio,cell_mask_intensity,domain_area_mean,domain_area_std,domain_oop_mean,domain_oop_std,domain_slen_mean,myof_bending_mean,myof_bending_std,myof_length_max,myof_length_mean,myof_length_std,myof_straightness_mean,myof_straightness_std,n_domains,n_mbands,n_vectors,n_zbands,sarcomere_area,sarcomere_area_ratio,sarcomere_length_mean,sarcomere_length_std,sarcomere_oop,z_intensity_mean,z_intensity_std,z_lat_alignment_mean,z_lat_alignment_std,z_lat_dist_mean,z_lat_dist_std,z_lat_length_groups_mean,z_lat_neighbors_mean,z_lat_neighbors_std,z_length_max,z_length_mean,z_length_std,z_mask_area,z_mask_area_ratio,z_mask_intensity,z_oop,z_straightness_mean,z_straightness_std
1652.0625,0.32002946406778476,650.2955260469868,207.51749999999998,0.0,0.8320088386535645,0.0,1.4708993692213064,0.019464320327879925,0.01061763965628986,36.38999938964844,17.910728454589844,9.366271018981934,0.943829034156671,0.02026361560308914,1.0,102.0,533.0,87.0,277.5293884277344,0.16798964229727045,1.4634434868366253,0.20289421458558476,0.8212361931800842,1025.4439642771185,174.67843578919883,0.8136914561133913,0.6670629024619266,1.7431900326304899,0.649536962947664,3.7971911160402185,0.9425287356321839,0.6670629024619266,5.7,1.1862068965517238,1.1604767563468916,60.66,0.0367177391896493,1052.1606083086053,0.6622469870556553,0.8167555273169126,0.11745569155343542
