cell_mask_area,cell_mask_area_ratio,cell_mask_intensity,domain_area_mean,domain_area_std,domain_oop_mean,domain_oop_std,domain_slen_mean,myof_bending_mean,myof_bending_std,myof_length_max,myof_length_mean,myof_length_std,myof_straightness_mean,myof_straightness_std,n_domains,n_mbands,n_vectors,n_zbands,sarcomere_area,sarcomere_area_ratio,sarcomere_length_mean,sarcomere_length_std,sarcomere_oop,z_intensity_mean,z_intensity_std,z_lat_alignment_mean,z_lat_alignment_std,z_lat_dist_mean,z_lat_dist_std,z_lat_length_groups_mean,z_lat_neighbors_mean,z_lat_neighbors_std,z_length_max,z_length_mean,z_length_std,z_mask_area,z_mask_area_ratio,z_mask_intensity,z_oop,z_straightness_mean,z_straightness_std
914.8275,0.20051189489880458,677.3133377603974,177.3225,58.7475,0.865532636642456,0.06907203793525696,1.577431481780501,0.019165707933472876,0.011704190852257065,25.26483917236328,17.384449005126953,4.201594352722168,0.946500962315523,0.02642407679627068,2.0,104.0,950.0,112.0,385.4014587402344,0.4212832022870261,1.5740082054800564,0.1856180984972596,0.3487820029258728,1078.016252050107,162.93412501257657,0.800458201365108,0.708683386892301,1.506689709262568,0.7393725950344612,5.589213299664118,1.125,0.708683386892301,7.5,1.597767857142857,1.3183354695961904,81.9225,0.08954966919993114,1082.349079923098,0.3494921356810277,0.8144624996631146,0.11216242379795185
