sarcomere_area,cell_mask_area_ratio,domain_area_std,domain_oop_mean,sarcomere_length_mean,z_mask_intensity,myof_straightness_std,z_mask_area,z_straightness_std,myof_length_mean,myof_bending_std,sarcomere_oop,n_domains,myof_straightness_mean,z_intensity_mean,myof_bending_mean,z_lat_dist_mean,z_lat_length_groups_mean,z_length_max,sarcomere_area_ratio,z_length_std,myof_length_max,domain_slen_mean,z_mask_area_ratio,z_lat_alignment_std,n_zbands,cell_mask_area,cell_mask_intensity,z_oop,z_lat_alignment_mean,z_length_mean,z_lat_dist_std,myof_length_std,n_vectors,z_straightness_mean,n_mbands,z_intensity_std,sarcomere_length_std,z_lat_neighbors_mean,z_lat_neighbors_std,domain_area_mean,domain_oop_std
31.23558807373047,0.2877258098006644,,,1.5236540149059006,927.990625,0.004217073730852613,7.199999999999999,0.09915226333919087,6.113546371459961,0.0012365613321921826,0.9553839564323425,0.0,0.9859192994338554,939.3199711399712,0.002200547667663103,1.8164658342969684,1.4369924076215486,1.5,0.06261550488622368,0.44896575363148167,6.1831746101379395,,0.01443326868431735,0.48104569292083466,11.0,498.84749999999997,582.1243516305083,0.7035634833038874,0.9063593116145059,0.8454545454545456,0.43353416570303316,0.03748452663421631,32.0,0.8324686347748865,12.0,93.64544030848053,0.1257381344149987,0.36363636363636365,0.48104569292083466,,
