cell_mask_area,cell_mask_area_ratio,cell_mask_intensity,domain_area_mean,domain_area_std,domain_oop_mean,domain_oop_std,domain_slen_mean,myof_bending_mean,myof_bending_std,myof_length_max,myof_length_mean,myof_length_std,myof_straightness_mean,myof_straightness_std,n_domains,n_mbands,n_vectors,n_zbands,sarcomere_area,sarcomere_area_ratio,sarcomere_length_mean,sarcomere_length_std,sarcomere_oop,z_intensity_mean,z_intensity_std,z_lat_alignment_mean,z_lat_alignment_std,z_lat_dist_mean,z_lat_dist_std,z_lat_length_groups_mean,z_lat_neighbors_mean,z_lat_neighbors_std,z_length_max,z_length_mean,z_length_std,z_mask_area,z_mask_area_ratio,z_mask_intensity,z_oop,z_straightness_mean,z_straightness_std
772.7175,0.39330050389372423,591.0851410767842,86.96249999999999,19.79076773397131,0.7865198254585266,0.22992652654647827,1.521691971953145,0.017128972401895485,0.015865104179942045,24.707311630249023,13.99165153503418,4.61354923248291,0.9468574492048614,0.048693717287089995,3.0,93.0,661.0,95.0,301.20281982421875,0.3897968142616399,1.5209453136650195,0.17117234031820897,0.4072158932685852,848.9480991274855,108.0611029307057,0.7786461809296124,0.6660754534550054,1.49999991561215,0.566237806194131,4.754651060740275,1.0947368421052632,0.6660754534550054,4.95,1.3310526315789475,1.1123748645736202,58.68,0.07593978394432636,860.954754601227,0.3950147623347751,0.8227331774890674,0.120690568222571
