sarcomere_area,cell_mask_area_ratio,domain_area_std,domain_oop_mean,sarcomere_length_mean,z_mask_intensity,myof_straightness_std,z_mask_area,z_straightness_std,myof_length_mean,myof_bending_std,sarcomere_oop,n_domains,myof_straightness_mean,z_intensity_mean,myof_bending_mean,z_lat_dist_mean,z_lat_length_groups_mean,z_length_max,sarcomere_area_ratio,z_length_std,myof_length_max,domain_slen_mean,z_mask_area_ratio,z_lat_alignment_std,n_zbands,cell_mask_area,cell_mask_intensity,z_oop,z_lat_alignment_mean,z_length_mean,z_lat_dist_std,myof_length_std,n_vectors,z_straightness_mean,n_mbands,z_intensity_std,sarcomere_length_std,z_lat_neighbors_mean,z_lat_neighbors_std,domain_area_mean,domain_oop_std
293.0106201171875,0.11530916404054552,5.996250000000003,0.9219455718994141,1.4518355695457459,1114.8662272198526,0.01918339206437378,58.027499999999996,0.09594172914738196,21.289480209350586,0.010011056403926138,0.9078342318534851,2.0,0.9660826348418555,1138.7993378601716,0.013850797567442268,1.821431496265343,5.761029613476101,4.6499999999999995,0.2534929676567566,0.7133174621369472,44.991310119628906,1.4516493453886745,0.0502014676970393,0.6301619021721736,121.0,1155.8925,652.7218772506959,0.7966460155833971,0.8390741365660865,1.0611570247933881,0.6902805983167952,13.042387008666992,699.0,0.8296764563888093,118.0,311.3278301838456,0.1543557244559846,1.2396694214876034,0.6301619021721736,138.22875,0.024429380893707275
