cell_mask_area,cell_mask_area_ratio,cell_mask_intensity,domain_area_mean,domain_area_std,domain_oop_mean,domain_oop_std,domain_slen_mean,myof_bending_mean,myof_bending_std,myof_length_max,myof_length_mean,myof_length_std,myof_straightness_mean,myof_straightness_std,n_domains,n_mbands,n_vectors,n_zbands,sarcomere_area,sarcomere_area_ratio,sarcomere_length_mean,sarcomere_length_std,sarcomere_oop,z_intensity_mean,z_intensity_std,z_lat_alignment_mean,z_lat_alignment_std,z_lat_dist_mean,z_lat_dist_std,z_lat_length_groups_mean,z_lat_neighbors_mean,z_lat_neighbors_std,z_length_max,z_length_mean,z_length_std,z_mask_area,z_mask_area_ratio,z_mask_intensity,z_oop,z_straightness_mean,z_straightness_std
470.25,0.2087912087912088,591.881004784689,51.1875,8.842500000000001,0.8859336376190186,0.06287387013435364,1.7100831155789917,0.01943888673182559,0.014584676278488196,35.04065704345703,18.61903953552246,9.685832977294922,0.954693786378211,0.017178585021910137,2.0,38.0,203.0,43.0,115.19041442871094,0.24495569256504188,1.7227654946361417,0.24443734658006894,0.8626519441604614,956.1038997240273,127.30039458193717,0.735601368098822,0.4889254893402009,1.696105671159492,0.6069743486778658,2.229979124169113,0.6046511627906976,0.4889254893402009,3.15,1.0430232558139534,0.6983020432772724,23.265,0.049473684210526316,980.2785299806576,0.757677963744705,0.8374675401248447,0.07944377258050489
