sarcomere_area,cell_mask_area_ratio,domain_area_std,domain_oop_mean,sarcomere_length_mean,z_mask_intensity,myof_straightness_std,z_mask_area,z_straightness_std,myof_length_mean,myof_bending_std,sarcomere_oop,n_domains,myof_straightness_mean,z_intensity_mean,myof_bending_mean,z_lat_dist_mean,z_lat_length_groups_mean,z_length_max,sarcomere_area_ratio,z_length_std,myof_length_max,domain_slen_mean,z_mask_area_ratio,z_lat_alignment_std,n_zbands,cell_mask_area,cell_mask_intensity,z_oop,z_lat_alignment_mean,z_length_mean,z_lat_dist_std,myof_length_std,n_vectors,z_straightness_mean,n_mbands,z_intensity_std,sarcomere_length_std,z_lat_neighbors_mean,z_lat_neighbors_std,domain_area_mean,domain_oop_std
80.62279510498047,0.21412172011661806,7.154999999999998,0.8645977973937988,1.3900129704043338,1097.0766378244746,0.013139993181170172,18.2025,0.12240744341581468,9.19409465789795,0.012069588392376053,0.6247236132621765,2.0,0.9643753906375373,1097.8652793755857,0.016424241816175546,1.8784369979008535,1.5413410412293445,3.4499999999999997,0.15246512373411336,0.7671580737416607,12.95316219329834,1.3947307266188158,0.034422602331716456,0.6032019201564105,29.0,528.795,644.4007318526083,0.4412546857139649,0.7837772711200971,0.9517241379310345,0.4073996133002899,2.489316463470459,142.0,0.8156782786743024,38.0,219.43060148670054,0.2784464576776448,0.3448275862068966,0.6032019201564105,33.5925,0.0014819204807281494
