cell_mask_area,cell_mask_area_ratio,cell_mask_intensity,domain_area_mean,domain_area_std,domain_oop_mean,domain_oop_std,domain_slen_mean,myof_bending_mean,myof_bending_std,myof_length_max,myof_length_mean,myof_length_std,myof_straightness_mean,myof_straightness_std,n_domains,n_mbands,n_vectors,n_zbands,sarcomere_area,sarcomere_area_ratio,sarcomere_length_mean,sarcomere_length_std,sarcomere_oop,z_intensity_mean,z_intensity_std,z_lat_alignment_mean,z_lat_alignment_std,z_lat_dist_mean,z_lat_dist_std,z_lat_length_groups_mean,z_lat_neighbors_mean,z_lat_neighbors_std,z_length_max,z_length_mean,z_length_std,z_mask_area,z_mask_area_ratio,z_mask_intensity,z_oop,z_straightness_mean,z_straightness_std
385.35749999999996,0.27623748004064447,676.0253984936065,20.115,0.0,0.522212564945221,0.0,1.3858082353409098,0.0023706080594324422,0.0,5.095521926879883,5.095521450042725,4.76837158203125e-07,0.9834482758620687,0.0,1.0,35.0,67.0,18.0,60.52028274536133,0.15704970772688046,1.387801830146626,0.2803591596900659,0.6138806939125061,1132.5431942056266,188.23974649029648,0.7784810441117501,0.5983516452371671,1.8214212782042503,0.7371733359968995,1.3928543377708655,0.5555555555555556,0.5983516452371671,1.65,0.5,0.324037034920393,12.1275,0.03147077713551702,1182.8682745825604,0.446891120823644,0.8793657460324127,0.09618577580196429
