cell_mask_area,cell_mask_area_ratio,cell_mask_intensity,domain_area_mean,domain_area_std,domain_oop_mean,domain_oop_std,domain_slen_mean,myof_bending_mean,myof_bending_std,myof_length_max,myof_length_mean,myof_length_std,myof_straightness_mean,myof_straightness_std,n_domains,n_mbands,n_vectors,n_zbands,sarcomere_area,sarcomere_area_ratio,sarcomere_length_mean,sarcomere_length_std,sarcomere_oop,z_intensity_mean,z_intensity_std,z_lat_alignment_mean,z_lat_alignment_std,z_lat_dist_mean,z_lat_dist_std,z_lat_length_groups_mean,z_lat_neighbors_mean,z_lat_neighbors_std,z_length_max,z_length_mean,z_length_std,z_mask_area,z_mask_area_ratio,z_mask_intensity,z_oop,z_straightness_mean,z_straightness_std
1343.7,0.11462747988452798,586.0962491627596,24.345,3.6940221980924806,0.8960992693901062,0.09030912816524506,1.4543723443782242,0.019299201679550966,0.010645117384698028,13.155021667480469,9.849186897277832,2.6459105014801025,0.9674504792239423,0.012864174770253757,3.0,70.0,223.0,55.0,139.91810607910156,0.10412897676497847,1.4327786094424304,0.2362621224881624,0.9024696946144104,779.6393504681208,83.95703616543616,0.8361681842204997,0.4130115160582017,1.9382831980061717,0.5650736627440378,1.229177534449735,0.21818181818181817,0.4130115160582017,3.15,0.8836363636363634,0.6336083207567839,35.527499999999996,0.026440053583389144,779.4034198860038,0.741793901002911,0.8352614794393222,0.1015895078043869
