cell_mask_area,cell_mask_area_ratio,cell_mask_intensity,domain_area_mean,domain_area_std,domain_oop_mean,domain_oop_std,domain_slen_mean,myof_bending_mean,myof_bending_std,myof_length_max,myof_length_mean,myof_length_std,myof_straightness_mean,myof_straightness_std,n_domains,n_mbands,n_vectors,n_zbands,sarcomere_area,sarcomere_area_ratio,sarcomere_length_mean,sarcomere_length_std,sarcomere_oop,z_intensity_mean,z_intensity_std,z_lat_alignment_mean,z_lat_alignment_std,z_lat_dist_mean,z_lat_dist_std,z_lat_length_groups_mean,z_lat_neighbors_mean,z_lat_neighbors_std,z_length_max,z_length_mean,z_length_std,z_mask_area,z_mask_area_ratio,z_mask_intensity,z_oop,z_straightness_mean,z_straightness_std
507.015,0.3693553410152601,776.7031596698323,23.535,0.8550000000000004,0.6292445659637451,0.2634727954864502,1.4423035261444528,0.03317834569818988,0.024299246273443712,13.069451332092285,9.324406623840332,1.8024072647094727,0.9494437469137075,0.03334407988332044,2.0,31.0,124.0,29.0,73.4634780883789,0.1448940920650847,1.4429090974573513,0.18197727902056343,0.378957062959671,1373.3868072911646,154.39540365904583,0.7133591158762937,0.5623967734586237,1.7361254744295813,0.7061733760463238,1.8328097045446028,0.5517241379310345,0.5623967734586237,2.1,0.8482758620689654,0.5419445764099119,15.997499999999999,0.031552320937250376,1342.0098452883262,0.24781090698560057,0.8412032646990134,0.11014125398561252
