sarcomere_area,cell_mask_area_ratio,domain_area_std,domain_oop_mean,sarcomere_length_mean,z_mask_intensity,myof_straightness_std,z_mask_area,z_straightness_std,myof_length_mean,myof_bending_std,sarcomere_oop,n_domains,myof_straightness_mean,z_intensity_mean,myof_bending_mean,z_lat_dist_mean,z_lat_length_groups_mean,z_length_max,sarcomere_area_ratio,z_length_std,myof_length_max,domain_slen_mean,z_mask_area_ratio,z_lat_alignment_std,n_zbands,cell_mask_area,cell_mask_intensity,z_oop,z_lat_alignment_mean,z_length_mean,z_lat_dist_std,myof_length_std,n_vectors,z_straightness_mean,n_mbands,z_intensity_std,sarcomere_length_std,z_lat_neighbors_mean,z_lat_neighbors_std,domain_area_mean,domain_oop_std
44.1215705871582,0.20024187452758882,0.0,0.717551052570343,1.347922341346584,859.3010101010101,0.012706223627894692,11.1375,0.11700032664365749,11.907796859741211,0.01278248630883801,0.268782377243042,1.0,0.9448459203592687,868.1123073499141,0.03552247617213081,0.7464985704219046,1.029978074402857,2.6999999999999997,0.09869438284576913,0.5872442160045249,12.666616439819336,1.3446270501197157,0.024913181337762342,0.42132504423474315,26.0,447.0525,571.133222608083,0.22841118223978948,0.9164736099753646,0.825,0.11287109620293877,0.4892895817756653,94.0,0.8189996114606996,22.0,86.42685395363215,0.29203774935774274,0.23076923076923078,0.42132504423474315,23.8275,0.0
