cell_mask_area,cell_mask_area_ratio,cell_mask_intensity,domain_area_mean,domain_area_std,domain_oop_mean,domain_oop_std,domain_slen_mean,myof_bending_mean,myof_bending_std,myof_length_max,myof_length_mean,myof_length_std,myof_straightness_mean,myof_straightness_std,n_domains,n_mbands,n_vectors,n_zbands,sarcomere_area,sarcomere_area_ratio,sarcomere_length_mean,sarcomere_length_std,sarcomere_oop,z_intensity_mean,z_intensity_std,z_lat_alignment_mean,z_lat_alignment_std,z_lat_dist_mean,z_lat_dist_std,z_lat_length_groups_mean,z_lat_neighbors_mean,z_lat_neighbors_std,z_length_max,z_length_mean,z_length_std,z_mask_area,z_mask_area_ratio,z_mask_intensity,z_oop,z_straightness_mean,z_straightness_std
915.03,0.20055627884956798,677.2751303235959,177.59249999999997,58.455,0.8651992082595825,0.0692090094089508,1.5780224112160899,0.02007301505309828,0.013153382510489545,25.87589454650879,17.061199188232422,4.224762439727783,0.9485102475142344,0.029613215342102674,2.0,104.0,948.0,112.0,385.3822021484375,0.4211689257712179,1.573850729823549,0.18668263089810017,0.34923461079597473,1077.8486467869102,162.6419810370891,0.800780392872829,0.708683386892301,1.506689709262568,0.7393725950344612,5.589213299664118,1.125,0.708683386892301,7.5,1.597767857142857,1.3183354695961904,81.945,0.0895544408380053,1082.3995057660627,0.34944746404384786,0.8145439119876775,0.11201735724413862
