cell_mask_area,cell_mask_area_ratio,cell_mask_intensity,domain_area_mean,domain_area_std,domain_oop_mean,domain_oop_std,domain_slen_mean,myof_bending_mean,myof_bending_std,myof_length_max,myof_length_mean,myof_length_std,myof_straightness_mean,myof_straightness_std,n_domains,n_mbands,n_vectors,n_zbands,sarcomere_area,sarcomere_area_ratio,sarcomere_length_mean,sarcomere_length_std,sarcomere_oop,z_intensity_mean,z_intensity_std,z_lat_alignment_mean,z_lat_alignment_std,z_lat_dist_mean,z_lat_dist_std,z_lat_length_groups_mean,z_lat_neighbors_mean,z_lat_neighbors_std,z_length_max,z_length_mean,z_length_std,z_mask_area,z_mask_area_ratio,z_mask_intensity,z_oop,z_straightness_mean,z_straightness_std
400.40999999999997,0.27402069475240204,645.9062148797483,36.045,0.2699999999999996,0.9485545754432678,0.01530677080154419,1.5479397752436048,0.020927376668580647,0.013268156421967442,22.314437866210938,11.399124145507812,4.901950359344482,0.9347332483543028,0.0333687734224354,2.0,31.0,196.0,32.0,83.95744323730469,0.20967868743863713,1.53550795704537,0.2212572244386326,0.7553932666778564,1013.4308857920228,162.11227479162628,0.7967146650348832,0.3903123748998999,1.1247024193241864,0.42725222991381095,1.5232450778611226,0.1875,0.3903123748998999,4.35,1.275,0.921615429558338,19.575,0.04888739042481457,1007.5666666666667,0.7341761488262722,0.8398825054231523,0.11051155289403253
