sarcomere_area,cell_mask_area_ratio,domain_area_std,domain_oop_mean,sarcomere_length_mean,z_mask_intensity,myof_straightness_std,z_mask_area,z_straightness_std,myof_length_mean,myof_bending_std,sarcomere_oop,n_domains,myof_straightness_mean,z_intensity_mean,myof_bending_mean,z_lat_dist_mean,z_lat_length_groups_mean,z_length_max,sarcomere_area_ratio,z_length_std,myof_length_max,domain_slen_mean,z_mask_area_ratio,z_lat_alignment_std,n_zbands,cell_mask_area,cell_mask_intensity,z_oop,z_lat_alignment_mean,z_length_mean,z_lat_dist_std,myof_length_std,n_vectors,z_straightness_mean,n_mbands,z_intensity_std,sarcomere_length_std,z_lat_neighbors_mean,z_lat_neighbors_std,domain_area_mean,domain_oop_std
37.07298278808594,0.15515557543286387,0.0,0.6905973553657532,1.4869342136995805,967.6940639269407,0.021862882896877964,9.855,0.07878962715349866,7.174565315246582,0.022732644044046825,0.7109677791595459,1.0,0.95370615346309,930.4312265115835,0.026974506130238066,1.5211787416964764,0.828529790282746,1.2,0.09692853249690751,0.27441961017569344,8.717435836791992,1.4695309659466493,0.025766221542443676,0.45175395145262565,21.0,382.47749999999996,613.0231778339902,0.5416576820695578,0.8413115223015586,0.4928571428571428,0.942610861284083,1.449972152709961,64.0,0.8555698769034388,17.0,154.12628719397964,0.18504176411069323,0.2857142857142857,0.45175395145262565,21.419999999999998,0.0
