cell_mask_area,cell_mask_area_ratio,cell_mask_intensity,domain_area_mean,domain_area_std,domain_oop_mean,domain_oop_std,domain_slen_mean,myof_bending_mean,myof_bending_std,myof_length_max,myof_length_mean,myof_length_std,myof_straightness_mean,myof_straightness_std,n_domains,n_mbands,n_vectors,n_zbands,sarcomere_area,sarcomere_area_ratio,sarcomere_length_mean,sarcomere_length_std,sarcomere_oop,z_intensity_mean,z_intensity_std,z_lat_alignment_mean,z_lat_alignment_std,z_lat_dist_mean,z_lat_dist_std,z_lat_length_groups_mean,z_lat_neighbors_mean,z_lat_neighbors_std,z_length_max,z_length_mean,z_length_std,z_mask_area,z_mask_area_ratio,z_mask_intensity,z_oop,z_straightness_mean,z_straightness_std
979.0875,0.2049886941775014,613.6697690451568,28.04625,1.4737500000000008,0.8618674278259277,0.032847195863723755,1.590354674357199,0.03604036321691353,0.036529571455929166,14.529016494750977,7.842344760894775,2.6244759559631348,0.9459484035560168,0.04746183568967432,2.0,57.0,182.0,50.0,118.7153549194336,0.1212510168084401,1.5802814148516855,0.25130306315547396,0.5883222222328186,1059.361627150109,199.45663037605559,0.6258306776433062,0.448998886412873,1.732650809925374,0.9194678737535863,1.1576408295227352,0.28,0.448998886412873,1.65,0.753,0.38592874990080744,30.105,0.0307480179248535,1035.5762331838564,0.3868220883944269,0.8755381971519188,0.09189387209014348
