cell_mask_area,cell_mask_area_ratio,cell_mask_intensity,domain_area_mean,domain_area_std,domain_oop_mean,domain_oop_std,domain_slen_mean,myof_bending_mean,myof_bending_std,myof_length_max,myof_length_mean,myof_length_std,myof_straightness_mean,myof_straightness_std,n_domains,n_mbands,n_vectors,n_zbands,sarcomere_area,sarcomere_area_ratio,sarcomere_length_mean,sarcomere_length_std,sarcomere_oop,z_intensity_mean,z_intensity_std,z_lat_alignment_mean,z_lat_alignment_std,z_lat_dist_mean,z_lat_dist_std,z_lat_length_groups_mean,z_lat_neighbors_mean,z_lat_neighbors_std,z_length_max,z_length_mean,z_length_std,z_mask_area,z_mask_area_ratio,z_mask_intensity,z_oop,z_straightness_mean,z_straightness_std
553.9725,0.3327881704152249,622.3054303237074,,,,,,0.07478844324465805,0.008122522452441217,8.245494842529297,6.896255016326904,1.3843798637390137,0.9098104228428773,0.022542518333593664,0.0,15.0,31.0,13.0,21.45438575744629,0.0387282505132408,1.318502668314097,0.2920929595771679,0.7593726515769958,899.0822637888427,71.07913526278391,0.5215651427187376,0.46153846153846156,2.1970922329776568,0.366108890617601,1.1631076787232102,0.3076923076923077,0.46153846153846156,1.5,0.6461538461538461,0.41762217855816597,4.7025,0.008488688517931846,906.1818181818181,0.19515307012363683,0.8438573926073926,0.10915026306102213
