cell_mask_area,cell_mask_area_ratio,cell_mask_intensity,domain_area_mean,domain_area_std,domain_oop_mean,domain_oop_std,domain_slen_mean,myof_bending_mean,myof_bending_std,myof_length_max,myof_length_mean,myof_length_std,myof_straightness_mean,myof_straightness_std,n_domains,n_mbands,n_vectors,n_zbands,sarcomere_area,sarcomere_area_ratio,sarcomere_length_mean,sarcomere_length_std,sarcomere_oop,z_intensity_mean,z_intensity_std,z_lat_alignment_mean,z_lat_alignment_std,z_lat_dist_mean,z_lat_dist_std,z_lat_length_groups_mean,z_lat_neighbors_mean,z_lat_neighbors_std,z_length_max,z_length_mean,z_length_std,z_mask_area,z_mask_area_ratio,z_mask_intensity,z_oop,z_straightness_mean,z_straightness_std
1913.3325,0.5104016613848075,535.0596799040418,126.26249999999999,83.68843938979863,0.8084316253662109,0.06830765306949615,1.4827374769820143,0.02225242467479072,0.013260514542147696,32.82371139526367,15.972330093383789,6.931789398193359,0.9362855200981003,0.051082671496589266,3.0,124.0,1118.0,123.0,424.1990966796875,0.22170694151679726,1.4745647059872944,0.15146033686690444,0.39050018787384033,617.8654391524166,42.9302755165964,0.8047836818433591,0.6566770896360544,1.5905004822091762,0.6561953268665275,3.5080002685721987,0.7154471544715447,0.6566770896360544,8.1,1.6841463414634146,1.7675751277506457,89.82,0.04694427131719134,625.4213426853707,0.20318614500447338,0.8131630366190303,0.13375707749753762
