sarcomere_area,cell_mask_area_ratio,domain_area_std,domain_oop_mean,sarcomere_length_mean,z_mask_intensity,myof_straightness_std,z_mask_area,z_straightness_std,myof_length_mean,myof_bending_std,sarcomere_oop,n_domains,myof_straightness_mean,z_intensity_mean,myof_bending_mean,z_lat_dist_mean,z_lat_length_groups_mean,z_length_max,sarcomere_area_ratio,z_length_std,myof_length_max,domain_slen_mean,z_mask_area_ratio,z_lat_alignment_std,n_zbands,cell_mask_area,cell_mask_intensity,z_oop,z_lat_alignment_mean,z_length_mean,z_lat_dist_std,myof_length_std,n_vectors,z_straightness_mean,n_mbands,z_intensity_std,sarcomere_length_std,z_lat_neighbors_mean,z_lat_neighbors_std,domain_area_mean,domain_oop_std
56.27421569824219,0.20938683448429496,0.0,0.43277910351753235,1.4619676317809467,1097.4274809160306,0.021674191618312397,11.79,0.11398517066673568,5.782820224761963,0.0380748494536981,0.4327790439128876,1.0,0.9471458711971704,1052.2651866968079,0.07475401583760252,1.8674202546580327,2.4094415200825567,1.95,0.16630602122848648,0.40973725164380087,6.486928939819336,1.4619676317809467,0.03484274220360396,0.6617173282340482,26.0,338.3775,673.6158654165836,0.2127484749353406,0.7175317832463222,0.6,0.6617921616491114,0.45296865701675415,73.0,0.8600082991290174,31.0,173.08041936836318,0.28916006924864984,0.8461538461538461,0.6617173282340482,44.46,0.0
