sarcomere_area,cell_mask_area_ratio,domain_area_std,domain_oop_mean,sarcomere_length_mean,z_mask_intensity,myof_straightness_std,z_mask_area,z_straightness_std,myof_length_mean,myof_bending_std,sarcomere_oop,n_domains,myof_straightness_mean,z_intensity_mean,myof_bending_mean,z_lat_dist_mean,z_lat_length_groups_mean,z_length_max,sarcomere_area_ratio,z_length_std,myof_length_max,domain_slen_mean,z_mask_area_ratio,z_lat_alignment_std,n_zbands,cell_mask_area,cell_mask_intensity,z_oop,z_lat_alignment_mean,z_length_mean,z_lat_dist_std,myof_length_std,n_vectors,z_straightness_mean,n_mbands,z_intensity_std,sarcomere_length_std,z_lat_neighbors_mean,z_lat_neighbors_std,domain_area_mean,domain_oop_std
234.31729125976562,0.21303206997084548,41.69249999999999,0.5579984188079834,1.419994102824517,1123.286109829257,0.039085049493257036,48.7575,0.12794250751479605,9.058857917785645,0.023339643331661032,0.371718168258667,2.0,0.9384359023882096,1089.380056479123,0.03710156750813092,1.957676455783426,3.308680577279736,5.55,0.2036032343499846,0.9002311765456317,17.04008674621582,1.4206813149586783,0.04236641967584899,0.7509187572901644,87.0,1150.8525,657.6512541789673,0.1386248661846649,0.7444506839834993,1.0689655172413792,0.7326388272730294,3.1056501865386963,423.0,0.8152174432942452,98.0,190.27993855060828,0.321139651229441,0.8505747126436781,0.7509187572901644,93.98249999999999,0.17707985639572144
