sarcomere_area,cell_mask_area_ratio,domain_area_std,domain_oop_mean,sarcomere_length_mean,z_mask_intensity,myof_straightness_std,z_mask_area,z_straightness_std,myof_length_mean,myof_bending_std,sarcomere_oop,n_domains,myof_straightness_mean,z_intensity_mean,myof_bending_mean,z_lat_dist_mean,z_lat_length_groups_mean,z_length_max,sarcomere_area_ratio,z_length_std,myof_length_max,domain_slen_mean,z_mask_area_ratio,z_lat_alignment_std,n_zbands,cell_mask_area,cell_mask_intensity,z_oop,z_lat_alignment_mean,z_length_mean,z_lat_dist_std,myof_length_std,n_vectors,z_straightness_mean,n_mbands,z_intensity_std,sarcomere_length_std,z_lat_neighbors_mean,z_lat_neighbors_std,domain_area_mean,domain_oop_std
231.33111572265625,0.203333843840499,13.409999999999997,0.6724063158035278,1.4275111400287415,1317.8396840148698,0.084473005495736,48.42,0.1392643304313601,10.469868659973145,0.040294676212151256,0.6313230991363525,2.0,0.9194789425415695,1322.4894110158664,0.03867446278560115,1.815184667560505,5.613883226360642,6.3,0.1759998445830314,1.3413555434252138,21.957603454589844,1.4381625689143556,0.03683859150589726,0.6797191630295333,84.0,1314.3825,687.174726535084,0.5280052096290497,0.7832147765322355,1.457142857142857,0.6885448310425291,3.6198678016662598,605.0,0.7676902384364054,74.0,433.98955948920394,0.3528367432574095,1.119047619047619,0.6797191630295333,96.5025,0.18256893754005432
