sarcomere_area,cell_mask_area_ratio,domain_area_std,domain_oop_mean,sarcomere_length_mean,z_mask_intensity,myof_straightness_std,z_mask_area,z_straightness_std,myof_length_mean,myof_bending_std,sarcomere_oop,n_domains,myof_straightness_mean,z_intensity_mean,myof_bending_mean,z_lat_dist_mean,z_lat_length_groups_mean,z_length_max,sarcomere_area_ratio,z_length_std,myof_length_max,domain_slen_mean,z_mask_area_ratio,z_lat_alignment_std,n_zbands,cell_mask_area,cell_mask_intensity,z_oop,z_lat_alignment_mean,z_length_mean,z_lat_dist_std,myof_length_std,n_vectors,z_straightness_mean,n_mbands,z_intensity_std,sarcomere_length_std,z_lat_neighbors_mean,z_lat_neighbors_std,domain_area_mean,domain_oop_std
1996.2567138671875,0.3670642434973645,146.8176671504489,0.6301066875457764,1.6596992388097058,902.6651411589896,0.08151706625011367,378.5625,0.1482349888474265,19.310222625732422,0.021937620123547302,0.32319313287734985,4.0,0.9070492726058565,900.8357681031118,0.02570421254041532,1.6648693282461766,7.981219445614025,18.0,0.396279051745818,1.9188076028209913,54.58667755126953,1.6470010093410097,0.07514884607997714,0.7187156859424201,485.0,5037.5025,608.6093376628597,0.23044504543023484,0.817131664696844,1.8355670103092783,0.6713675533638668,10.356705665588379,4600.0,0.7851986515774965,475.0,161.86492756563476,0.2220595488131117,1.2742268041237113,0.7187156859424201,448.0875,0.16153103113174438
