sarcomere_area,cell_mask_area_ratio,domain_area_std,domain_oop_mean,sarcomere_length_mean,z_mask_intensity,myof_straightness_std,z_mask_area,z_straightness_std,myof_length_mean,myof_bending_std,sarcomere_oop,n_domains,myof_straightness_mean,z_intensity_mean,myof_bending_mean,z_lat_dist_mean,z_lat_length_groups_mean,z_length_max,sarcomere_area_ratio,z_length_std,myof_length_max,domain_slen_mean,z_mask_area_ratio,z_lat_alignment_std,n_zbands,cell_mask_area,cell_mask_intensity,z_oop,z_lat_alignment_mean,z_length_mean,z_lat_dist_std,myof_length_std,n_vectors,z_straightness_mean,n_mbands,z_intensity_std,sarcomere_length_std,z_lat_neighbors_mean,z_lat_neighbors_std,domain_area_mean,domain_oop_std
73.46351623535156,0.3693553410152601,0.8324999999999996,0.6292455792427063,1.4410014494784584,1342.0098452883262,0.027888262022561873,15.997499999999999,0.11014125398561252,9.473214149475098,0.02591544635883734,0.37594112753868103,2.0,0.9453104333567653,1373.3868072911646,0.04269339348491082,1.7361254744295813,1.8328097045446028,2.1,0.14489416730343593,0.5419445764099119,13.250035285949707,1.4320055253325266,0.031552320937250376,0.5623967734586237,29.0,507.015,776.7031596698323,0.24781090698560057,0.7133592181423081,0.8482758620689654,0.7061733760463238,1.800338864326477,123.0,0.8412032646990134,31.0,154.39540365904583,0.1807346711031017,0.5517241379310345,0.5623967734586237,23.445,0.2634738087654114
