cell_mask_area,cell_mask_area_ratio,cell_mask_intensity,domain_area_mean,domain_area_std,domain_oop_mean,domain_oop_std,domain_slen_mean,myof_bending_mean,myof_bending_std,myof_length_max,myof_length_mean,myof_length_std,myof_straightness_mean,myof_straightness_std,n_domains,n_mbands,n_vectors,n_zbands,sarcomere_area,sarcomere_area_ratio,sarcomere_length_mean,sarcomere_length_std,sarcomere_oop,z_intensity_mean,z_intensity_std,z_lat_alignment_mean,z_lat_alignment_std,z_lat_dist_mean,z_lat_dist_std,z_lat_length_groups_mean,z_lat_neighbors_mean,z_lat_neighbors_std,z_length_max,z_length_mean,z_length_std,z_mask_area,z_mask_area_ratio,z_mask_intensity,z_oop,z_straightness_mean,z_straightness_std
1764.2925,0.36529610166964815,645.0122683738666,720.5849999999999,0.0,0.7952544093132019,0.0,1.4909680912394276,0.01952806930157696,0.016442232577391965,54.39601135253906,21.70342445373535,11.83523178100586,0.9296342505586351,0.046124708503169236,1.0,191.0,2268.0,226.0,751.98828125,0.4262265362744556,1.4924311989244852,0.26075858214733666,0.7955198287963867,1003.248532692968,167.6958555135825,0.7936816572149427,0.7154471834126633,1.4455763303508051,0.6453569118849936,8.442098336214702,1.3539823008849559,0.7154471834126633,7.5,1.7482300884955753,1.408647898806333,159.4125,0.09035491563898843,1005.3590684544813,0.7318924346485556,0.8008308054401446,0.13244866044898512
