cell_mask_area,cell_mask_area_ratio,cell_mask_intensity,domain_area_mean,domain_area_std,domain_oop_mean,domain_oop_std,domain_slen_mean,myof_bending_mean,myof_bending_std,myof_length_max,myof_length_mean,myof_length_std,myof_straightness_mean,myof_straightness_std,n_domains,n_mbands,n_vectors,n_zbands,sarcomere_area,sarcomere_area_ratio,sarcomere_length_mean,sarcomere_length_std,sarcomere_oop,z_intensity_mean,z_intensity_std,z_lat_alignment_mean,z_lat_alignment_std,z_lat_dist_mean,z_lat_dist_std,z_lat_length_groups_mean,z_lat_neighbors_mean,z_lat_neighbors_std,z_length_max,z_length_mean,z_length_std,z_mask_area,z_mask_area_ratio,z_mask_intensity,z_oop,z_straightness_mean,z_straightness_std
708.6374999999999,0.13276257440099817,620.6680425464359,39.195,0.0,0.9441463947296143,0.0,1.4109912182646176,0.03003851339528411,0.01292564818338331,17.459360122680664,9.959515571594238,3.6769912242889404,0.9651572580591377,0.013568018699607042,1.0,25.0,115.0,28.0,42.10849380493164,0.059421768964995,1.4058946923068525,0.2948702935549412,0.9237995743751526,1137.5067957464387,186.16650976174554,0.7178899159322756,0.5,1.5915734386406857,0.734677570278698,1.6090959081183238,0.5,0.5,2.1,0.8089285714285713,0.4816366390141185,12.487499999999999,0.017621844737259883,1134.281081081081,0.794239177778374,0.869613809991743,0.10071190521225794
