cell_mask_area,cell_mask_area_ratio,cell_mask_intensity,domain_area_mean,domain_area_std,domain_oop_mean,domain_oop_std,domain_slen_mean,myof_bending_mean,myof_bending_std,myof_length_max,myof_length_mean,myof_length_std,myof_straightness_mean,myof_straightness_std,n_domains,n_mbands,n_vectors,n_zbands,sarcomere_area,sarcomere_area_ratio,sarcomere_length_mean,sarcomere_length_std,sarcomere_oop,z_intensity_mean,z_intensity_std,z_lat_alignment_mean,z_lat_alignment_std,z_lat_dist_mean,z_lat_dist_std,z_lat_length_groups_mean,z_lat_neighbors_mean,z_lat_neighbors_std,z_length_max,z_length_mean,z_length_std,z_mask_area,z_mask_area_ratio,z_mask_intensity,z_oop,z_straightness_mean,z_straightness_std
981.81,0.25336623602845115,653.2735356127968,31.713749999999997,4.173749999999998,0.8693056106567383,0.02831551432609558,1.358733784789509,0.02368265750541419,0.01192294379625993,11.501524925231934,9.82171630859375,2.338231086730957,0.9641751531125659,0.016635277716808002,2.0,53.0,156.0,37.0,100.29363250732422,0.1021517732629778,1.3905778596982283,0.2477720358363869,0.5729876160621643,1141.0150086201113,303.5113876002967,0.7905346154310408,0.6911736136510497,1.968193975353219,0.6428160509689316,2.7396777104681034,0.8108108108108109,0.6911736136510497,1.95,0.831081081081081,0.4852348764441301,20.3625,0.020739756164634707,1155.6077348066299,0.3823953157138216,0.8467479437975775,0.09490945653617401
