cell_mask_area,cell_mask_area_ratio,cell_mask_intensity,domain_area_mean,domain_area_std,domain_oop_mean,domain_oop_std,domain_slen_mean,myof_bending_mean,myof_bending_std,myof_length_max,myof_length_mean,myof_length_std,myof_straightness_mean,myof_straightness_std,n_domains,n_mbands,n_vectors,n_zbands,sarcomere_area,sarcomere_area_ratio,sarcomere_length_mean,sarcomere_length_std,sarcomere_oop,z_intensity_mean,z_intensity_std,z_lat_alignment_mean,z_lat_alignment_std,z_lat_dist_mean,z_lat_dist_std,z_lat_length_groups_mean,z_lat_neighbors_mean,z_lat_neighbors_std,z_length_max,z_length_mean,z_length_std,z_mask_area,z_mask_area_ratio,z_mask_intensity,z_oop,z_straightness_mean,z_straightness_std
1313.9325,0.20326422922699933,687.2255252838331,96.88499999999999,13.589999999999996,0.6795307397842407,0.17266863584518433,1.428558816099148,0.039359995782295355,0.03283710323628022,24.408403396606445,11.167718887329102,4.428425312042236,0.9216452449801261,0.06389719589399517,2.0,74.0,616.0,84.0,231.4178924560547,0.1761261651234403,1.4198361213928825,0.3526996999116231,0.6374744772911072,1322.463774803208,434.0029810406608,0.7831820985857103,0.6797191630295333,1.815184667560505,0.6885448310425291,5.617937280414695,1.119047619047619,0.6797191630295333,6.3,1.4589285714285714,1.3413115630544878,48.375,0.03681695977533093,1317.9748837209302,0.5283536425764599,0.7681359102275241,0.13891897740161296
