cell_mask_area,cell_mask_area_ratio,cell_mask_intensity,domain_area_mean,domain_area_std,domain_oop_mean,domain_oop_std,domain_slen_mean,myof_bending_mean,myof_bending_std,myof_length_max,myof_length_mean,myof_length_std,myof_straightness_mean,myof_straightness_std,n_domains,n_mbands,n_vectors,n_zbands,sarcomere_area,sarcomere_area_ratio,sarcomere_length_mean,sarcomere_length_std,sarcomere_oop,z_intensity_mean,z_intensity_std,z_lat_alignment_mean,z_lat_alignment_std,z_lat_dist_mean,z_lat_dist_std,z_lat_length_groups_mean,z_lat_neighbors_mean,z_lat_neighbors_std,z_length_max,z_length_mean,z_length_std,z_mask_area,z_mask_area_ratio,z_mask_intensity,z_oop,z_straightness_mean,z_straightness_std
382.59,0.15520121211014867,612.9944718889673,21.419999999999998,0.0,0.6901053190231323,0.0,1.440606410851858,0.03469359730518804,0.022035032466787237,8.481681823730469,7.1307597160339355,1.3312815427780151,0.9510421813934685,0.03479852657113325,1.0,17.0,64.0,21.0,37.07914352416992,0.09691613352196848,1.473841775685242,0.1901738072277042,0.7106790542602539,930.4312265115835,154.12628719397964,0.8276480581084621,0.45175395145262565,1.5211787416964764,0.942610861284083,0.828529790282746,0.2857142857142857,0.45175395145262565,1.2,0.4928571428571428,0.27441961017569344,9.855,0.025758645024700072,967.6940639269407,0.5416576820695578,0.8555698769034388,0.07878962715349866
