cell_mask_area,cell_mask_area_ratio,cell_mask_intensity,domain_area_mean,domain_area_std,domain_oop_mean,domain_oop_std,domain_slen_mean,myof_bending_mean,myof_bending_std,myof_length_max,myof_length_mean,myof_length_std,myof_straightness_mean,myof_straightness_std,n_domains,n_mbands,n_vectors,n_zbands,sarcomere_area,sarcomere_area_ratio,sarcomere_length_mean,sarcomere_length_std,sarcomere_oop,z_intensity_mean,z_intensity_std,z_lat_alignment_mean,z_lat_alignment_std,z_lat_dist_mean,z_lat_dist_std,z_lat_length_groups_mean,z_lat_neighbors_mean,z_lat_neighbors_std,z_length_max,z_length_mean,z_length_std,z_mask_area,z_mask_area_ratio,z_mask_intensity,z_oop,z_straightness_mean,z_straightness_std
862.1999999999999,0.2495051567871653,678.4007828810021,288.6975,0.0,0.9304876327514648,0.0,1.5844580009888436,0.013154873463540127,0.009997919875936474,49.693424224853516,29.849964141845703,13.910469055175781,0.9473910350487957,0.023101820350729694,1.0,85.0,836.0,88.0,288.4203796386719,0.3345167938281975,1.5844580009888436,0.2155199556109369,0.9304876327514648,1202.2517402649814,256.1284298137821,0.8075799556107796,0.592218828217972,1.6774494676030276,0.7055465517593746,5.926795484937136,1.1136363636363635,0.592218828217972,6.3,1.6926136363636362,1.198496685547605,60.794999999999995,0.07051148225469729,1284.4659511472983,0.839546766233196,0.8116279739896626,0.11484955773063191
