cell_mask_area,cell_mask_area_ratio,cell_mask_intensity,domain_area_mean,domain_area_std,domain_oop_mean,domain_oop_std,domain_slen_mean,myof_bending_mean,myof_bending_std,myof_length_max,myof_length_mean,myof_length_std,myof_straightness_mean,myof_straightness_std,n_domains,n_mbands,n_vectors,n_zbands,sarcomere_area,sarcomere_area_ratio,sarcomere_length_mean,sarcomere_length_std,sarcomere_oop,z_intensity_mean,z_intensity_std,z_lat_alignment_mean,z_lat_alignment_std,z_lat_dist_mean,z_lat_dist_std,z_lat_length_groups_mean,z_lat_neighbors_mean,z_lat_neighbors_std,z_length_max,z_length_mean,z_length_std,z_mask_area,z_mask_area_ratio,z_mask_intensity,z_oop,z_straightness_mean,z_straightness_std
636.5925,0.16550259722027236,630.3697380977627,28.20375,1.96875,0.8114559650421143,0.12087103724479675,1.511196708113965,0.03786182235064554,0.047338127204822625,16.31349754333496,10.170607566833496,3.9549121856689453,0.943406928481907,0.034413382542129986,2.0,48.0,112.0,35.0,88.21369934082031,0.13857169121662652,1.5366243797682242,0.23837938862251526,0.8305076360702515,1012.8806726397963,183.89083182549473,0.6834729612750164,0.5525451315946777,1.9009312194717363,0.605101643393652,1.468794435399033,0.45714285714285713,0.5525451315946777,2.85,0.6985714285714285,0.4742641991677686,21.1725,0.03325911002721521,1018.0733262486716,0.7123627102961956,0.8786758394697862,0.09654719357777732
