cell_mask_area,cell_mask_area_ratio,cell_mask_intensity,domain_area_mean,domain_area_std,domain_oop_mean,domain_oop_std,domain_slen_mean,myof_bending_mean,myof_bending_std,myof_length_max,myof_length_mean,myof_length_std,myof_straightness_mean,myof_straightness_std,n_domains,n_mbands,n_vectors,n_zbands,sarcomere_area,sarcomere_area_ratio,sarcomere_length_mean,sarcomere_length_std,sarcomere_oop,z_intensity_mean,z_intensity_std,z_lat_alignment_mean,z_lat_alignment_std,z_lat_dist_mean,z_lat_dist_std,z_lat_length_groups_mean,z_lat_neighbors_mean,z_lat_neighbors_std,z_length_max,z_length_mean,z_length_std,z_mask_area,z_mask_area_ratio,z_mask_intensity,z_oop,z_straightness_mean,z_straightness_std
474.885,0.11740165539337842,712.0150668056477,24.0075,0.0,0.9173848628997803,0.0,1.38259651356279,0.032029993783419766,0.017573271232761298,13.99223518371582,10.441462516784668,2.2349469661712646,0.9497694580248409,0.01627927264849437,1.0,29.0,100.0,26.0,58.573394775390625,0.12334227186664272,1.373913828378351,0.240429374432793,0.6743035912513733,1410.6236148346266,178.86535250281716,0.8807389315579899,0.4985185152621431,1.1359370234903685,0.7346067510333952,1.2182811070471107,0.46153846153846156,0.4985185152621431,1.95,0.675,0.501392292291406,12.78,0.026911778641144697,1362.036971830986,0.530170670281916,0.8535674223635643,0.1261135767159077
