sarcomere_area,cell_mask_area_ratio,domain_area_std,domain_oop_mean,sarcomere_length_mean,z_mask_intensity,myof_straightness_std,z_mask_area,z_straightness_std,myof_length_mean,myof_bending_std,sarcomere_oop,n_domains,myof_straightness_mean,z_intensity_mean,myof_bending_mean,z_lat_dist_mean,z_lat_length_groups_mean,z_length_max,sarcomere_area_ratio,z_length_std,myof_length_max,domain_slen_mean,z_mask_area_ratio,z_lat_alignment_std,n_zbands,cell_mask_area,cell_mask_intensity,z_oop,z_lat_alignment_mean,z_length_mean,z_lat_dist_std,myof_length_std,n_vectors,z_straightness_mean,n_mbands,z_intensity_std,sarcomere_length_std,z_lat_neighbors_mean,z_lat_neighbors_std,domain_area_mean,domain_oop_std
66.87774658203125,0.29657946614097713,0.0,0.9116969704627991,1.708270112893667,1223.363909774436,0.023173053458670975,14.962499999999999,0.0923724496167277,18.29958152770996,0.007517159557498634,0.9125047922134399,1.0,0.9580368377103791,1236.8474519774927,0.015877978918616954,1.5027877159031382,2.2833375925299157,2.6999999999999997,0.13349251291362269,0.6116524748580684,19.48833465576172,1.7150288007260641,0.02986616365759454,0.5830951894845301,20.0,500.98499999999996,664.0703314470493,0.7891288793761192,0.698058341664805,1.1475,0.5365436430809978,2.3257648944854736,104.0,0.800948356198924,20.0,131.45995791442758,0.2646469377622057,0.6,0.5830951894845301,50.2875,0.0
