cell_mask_area,cell_mask_area_ratio,cell_mask_intensity,domain_area_mean,domain_area_std,domain_oop_mean,domain_oop_std,domain_slen_mean,myof_bending_mean,myof_bending_std,myof_length_max,myof_length_mean,myof_length_std,myof_straightness_mean,myof_straightness_std,n_domains,n_mbands,n_vectors,n_zbands,sarcomere_area,sarcomere_area_ratio,sarcomere_length_mean,sarcomere_length_std,sarcomere_oop,z_intensity_mean,z_intensity_std,z_lat_alignment_mean,z_lat_alignment_std,z_lat_dist_mean,z_lat_dist_std,z_lat_length_groups_mean,z_lat_neighbors_mean,z_lat_neighbors_std,z_length_max,z_length_mean,z_length_std,z_mask_area,z_mask_area_ratio,z_mask_intensity,z_oop,z_straightness_mean,z_straightness_std
845.0324999999999,0.3018663194444445,695.9134914929307,25.29,1.4624999999999986,0.9243849515914917,0.031039148569107056,1.4641696033505487,0.01866120292877171,0.007770078342351956,16.89166831970215,12.289559364318848,3.819890260696411,0.9508847429893273,0.029782277329148694,2.0,33.0,112.0,31.0,73.96035766601562,0.08752368419678017,1.4718966095564616,0.19759679854207307,0.7160159349441528,1302.4825494335234,293.92835377227226,0.6806206048797272,0.4375696763306625,1.633692722139582,0.7368331491105427,1.1864729958725306,0.25806451612903225,0.4375696763306625,1.95,0.8225806451612903,0.49364325463962,17.9775,0.02127432968554464,1287.6332916145182,0.54295580708843,0.8459218781068675,0.08624934360719438
