cell_mask_area,cell_mask_area_ratio,cell_mask_intensity,domain_area_mean,domain_area_std,domain_oop_mean,domain_oop_std,domain_slen_mean,myof_bending_mean,myof_bending_std,myof_length_max,myof_length_mean,myof_length_std,myof_straightness_mean,myof_straightness_std,n_domains,n_mbands,n_vectors,n_zbands,sarcomere_area,sarcomere_area_ratio,sarcomere_length_mean,sarcomere_length_std,sarcomere_oop,z_intensity_mean,z_intensity_std,z_lat_alignment_mean,z_lat_alignment_std,z_lat_dist_mean,z_lat_dist_std,z_lat_length_groups_mean,z_lat_neighbors_mean,z_lat_neighbors_std,z_length_max,z_length_mean,z_length_std,z_mask_area,z_mask_area_ratio,z_mask_intensity,z_oop,z_straightness_mean,z_straightness_std
885.3075,0.3096238589864653,658.1765318829898,73.0125,0.0,0.7530207633972168,0.0,1.364524939340517,0.025015045985456542,0.03415310329283407,15.622336387634277,11.515755653381348,2.2234089374542236,0.9428249680288154,0.039541961352219414,1.0,33.0,213.0,29.0,82.38839721679688,0.09306189907664499,1.364524939340517,0.3475536419611978,0.7530207633972168,1250.8504867226031,213.2326033312285,0.7064910757755544,0.6071316159192762,1.6023241423558015,0.6008484678230309,3.6268883656640885,0.896551724137931,0.6071316159192762,3.5999999999999996,1.2827586206896548,1.0062970581901924,17.505,0.019772790809972806,1262.798200514139,0.7176394949881273,0.7820939434314866,0.11569565101681911
