sarcomere_area,cell_mask_area_ratio,domain_area_std,domain_oop_mean,sarcomere_length_mean,z_mask_intensity,myof_straightness_std,z_mask_area,z_straightness_std,myof_length_mean,myof_bending_std,sarcomere_oop,n_domains,myof_straightness_mean,z_intensity_mean,myof_bending_mean,z_lat_dist_mean,z_lat_length_groups_mean,z_length_max,sarcomere_area_ratio,z_length_std,myof_length_max,domain_slen_mean,z_mask_area_ratio,z_lat_alignment_std,n_zbands,cell_mask_area,cell_mask_intensity,z_oop,z_lat_alignment_mean,z_length_mean,z_lat_dist_std,myof_length_std,n_vectors,z_straightness_mean,n_mbands,z_intensity_std,sarcomere_length_std,z_lat_neighbors_mean,z_lat_neighbors_std,domain_area_mean,domain_oop_std
591.0875244140625,0.5081835511982571,30.279591827665048,0.6285290122032166,1.64409439996439,701.6973777462792,0.029557541232603513,126.99,0.09410133836831007,10.772736549377441,0.030404946664951804,0.4883759021759033,6.0,0.9508373766328428,701.3305640403926,0.02637878099323757,1.9490216227344166,3.202577279898075,3.15,0.2346360551309361,0.6342996405096075,22.564048767089844,1.650044569821749,0.0504095102846476,0.6943827133056546,216.0,2519.1675,563.9279851379473,0.345316778113384,0.7582598940595161,0.8652777777777777,0.6576189423194665,4.821382999420166,806.0,0.8472864920006223,215.0,76.98374373163664,0.24673063277066276,0.9074074074074074,0.6943827133056546,74.5425,0.29203200340270996
