cell_mask_area,cell_mask_area_ratio,cell_mask_intensity,domain_area_mean,domain_area_std,domain_oop_mean,domain_oop_std,domain_slen_mean,myof_bending_mean,myof_bending_std,myof_length_max,myof_length_mean,myof_length_std,myof_straightness_mean,myof_straightness_std,n_domains,n_mbands,n_vectors,n_zbands,sarcomere_area,sarcomere_area_ratio,sarcomere_length_mean,sarcomere_length_std,sarcomere_oop,z_intensity_mean,z_intensity_std,z_lat_alignment_mean,z_lat_alignment_std,z_lat_dist_mean,z_lat_dist_std,z_lat_length_groups_mean,z_lat_neighbors_mean,z_lat_neighbors_std,z_length_max,z_length_mean,z_length_std,z_mask_area,z_mask_area_ratio,z_mask_intensity,z_oop,z_straightness_mean,z_straightness_std
363.5775,0.30546313799621927,732.2544711925243,26.099999999999998,0.0,0.8344389200210571,0.0,1.4302423006971112,0.0824326865553503,0.03397096594907429,10.317178726196289,7.645678997039795,2.7184829711914062,0.9177472683207462,0.031530994835392255,1.0,20.0,82.0,20.0,44.117897033691406,0.1213438593798885,1.4494711536290152,0.31438924774102633,0.8603771924972534,1309.4546117439927,230.21243385678056,0.7477766712670375,0.6708203932499369,1.7284022319950245,0.6911047130750999,1.8561340773316746,0.5,0.6708203932499369,1.95,0.9600000000000002,0.5353970489272424,10.7775,0.029642923448233185,1304.9498956158664,0.7669208112211039,0.8184153466965924,0.09831560998197375
