cell_mask_area,cell_mask_area_ratio,cell_mask_intensity,domain_area_mean,domain_area_std,domain_oop_mean,domain_oop_std,domain_slen_mean,myof_bending_mean,myof_bending_std,myof_length_max,myof_length_mean,myof_length_std,myof_straightness_mean,myof_straightness_std,n_domains,n_mbands,n_vectors,n_zbands,sarcomere_area,sarcomere_area_ratio,sarcomere_length_mean,sarcomere_length_std,sarcomere_oop,z_intensity_mean,z_intensity_std,z_lat_alignment_mean,z_lat_alignment_std,z_lat_dist_mean,z_lat_dist_std,z_lat_length_groups_mean,z_lat_neighbors_mean,z_lat_neighbors_std,z_length_max,z_length_mean,z_length_std,z_mask_area,z_mask_area_ratio,z_mask_intensity,z_oop,z_straightness_mean,z_straightness_std
1066.9275,0.40779663057593246,528.7163373331365,,,,,,0.017317462828434722,0.019871310477319378,7.262503623962402,6.679024696350098,0.5895493030548096,0.9731520201614648,0.006662526349873885,0.0,11.0,46.0,14.0,27.548789978027344,0.025820676642065506,1.4453115291053118,0.2573287085713792,0.9763216972351074,709.547730039555,47.265643112912315,0.725308598575366,0.45175395145262565,0.8639196281366537,0.29350106664239695,1.9632886822981408,0.7142857142857143,0.45175395145262565,3.4499999999999997,0.9535714285714286,0.946320748575066,7.109999999999999,0.006663995444863872,720.0221518987341,0.7936515761830245,0.8428244470441532,0.12942217402685635
