sarcomere_area,cell_mask_area_ratio,domain_area_std,domain_oop_mean,sarcomere_length_mean,z_mask_intensity,myof_straightness_std,z_mask_area,z_straightness_std,myof_length_mean,myof_bending_std,sarcomere_oop,n_domains,myof_straightness_mean,z_intensity_mean,myof_bending_mean,z_lat_dist_mean,z_lat_length_groups_mean,z_length_max,sarcomere_area_ratio,z_length_std,myof_length_max,domain_slen_mean,z_mask_area_ratio,z_lat_alignment_std,n_zbands,cell_mask_area,cell_mask_intensity,z_oop,z_lat_alignment_mean,z_length_mean,z_lat_dist_std,myof_length_std,n_vectors,z_straightness_mean,n_mbands,z_intensity_std,sarcomere_length_std,z_lat_neighbors_mean,z_lat_neighbors_std,domain_area_mean,domain_oop_std
221.1122283935547,0.24275425749627225,0.0,0.0523441806435585,1.4666161508001778,1244.7615894039734,0.06745468990573425,44.1675,0.12988620481648744,11.580066680908203,0.022329696643604527,0.06671538203954697,1.0,0.9319308580925356,1219.559764219115,0.02512851635305871,1.670406238415176,5.370167694045383,7.05,0.24438501320065287,1.3372588774852951,23.63698387145996,1.468900640978463,0.04881627374912961,0.6939897276156818,67.0,904.77,690.7242365463046,0.061527812445776514,0.8350251254481589,1.482089552238806,0.6683580313897058,3.7161738872528076,490.0,0.7940083310937693,72.0,195.5379322630564,0.18824369172204836,1.1044776119402986,0.6939897276156818,184.095,0.0
