cell_mask_area,cell_mask_area_ratio,cell_mask_intensity,domain_area_mean,domain_area_std,domain_oop_mean,domain_oop_std,domain_slen_mean,myof_bending_mean,myof_bending_std,myof_length_max,myof_length_mean,myof_length_std,myof_straightness_mean,myof_straightness_std,n_domains,n_mbands,n_vectors,n_zbands,sarcomere_area,sarcomere_area_ratio,sarcomere_length_mean,sarcomere_length_std,sarcomere_oop,z_intensity_mean,z_intensity_std,z_lat_alignment_mean,z_lat_alignment_std,z_lat_dist_mean,z_lat_dist_std,z_lat_length_groups_mean,z_lat_neighbors_mean,z_lat_neighbors_std,z_length_max,z_length_mean,z_length_std,z_mask_area,z_mask_area_ratio,z_mask_intensity,z_oop,z_straightness_mean,z_straightness_std
789.4575,0.17150747873692443,648.087895801864,,,,,,0.021110800329661988,0.008467886175577652,12.421457290649414,9.434005737304688,1.9916619062423706,0.9559890974802706,0.011369307195105833,0.0,39.0,76.0,23.0,59.56809997558594,0.07545447345244796,1.3683924667605993,0.1802270218481377,0.8823502063751221,998.2634251372547,214.03424450197113,0.8589405446569921,0.3790346907426672,2.496907042484525,0.20725641411346363,0.7878006707128119,0.17391304347826086,0.3790346907426672,1.2,0.5021739130434782,0.2602165740425218,11.834999999999999,0.014991307321800096,1027.5266159695818,0.6637108853802457,0.876784955467937,0.07422494124725797
