cell_mask_area,cell_mask_area_ratio,cell_mask_intensity,domain_area_mean,domain_area_std,domain_oop_mean,domain_oop_std,domain_slen_mean,myof_bending_mean,myof_bending_std,myof_length_max,myof_length_mean,myof_length_std,myof_straightness_mean,myof_straightness_std,n_domains,n_mbands,n_vectors,n_zbands,sarcomere_area,sarcomere_area_ratio,sarcomere_length_mean,sarcomere_length_std,sarcomere_oop,z_intensity_mean,z_intensity_std,z_lat_alignment_mean,z_lat_alignment_std,z_lat_dist_mean,z_lat_dist_std,z_lat_length_groups_mean,z_lat_neighbors_mean,z_lat_neighbors_std,z_length_max,z_length_mean,z_length_std,z_mask_area,z_mask_area_ratio,z_mask_intensity,z_oop,z_straightness_mean,z_straightness_std
874.7325,0.22039115646258503,625.5978341950254,194.1525,0.0,0.8687808513641357,0.0,1.5073416153381856,0.02435287675537494,0.019113360667165968,26.517288208007812,15.419974327087402,6.334485054016113,0.9490000494233839,0.03470564141541359,1.0,73.0,473.0,78.0,240.4084014892578,0.2748364802831241,1.5073416153381856,0.1640633509030586,0.8687808513641357,942.5948988501731,256.747461779156,0.8675034055414695,0.6861070851415206,1.674060254667952,0.6039505826590962,5.567123611915927,1.205128205128205,0.6861070851415206,5.1,1.2038461538461536,0.9794938917745575,44.775,0.05118707719217018,962.0974874371859,0.8321111436708675,0.8309477427080793,0.1055344479693743
