sarcomere_area,cell_mask_area_ratio,domain_area_std,domain_oop_mean,sarcomere_length_mean,z_mask_intensity,myof_straightness_std,z_mask_area,z_straightness_std,myof_length_mean,myof_bending_std,sarcomere_oop,n_domains,myof_straightness_mean,z_intensity_mean,myof_bending_mean,z_lat_dist_mean,z_lat_length_groups_mean,z_length_max,sarcomere_area_ratio,z_length_std,myof_length_max,domain_slen_mean,z_mask_area_ratio,z_lat_alignment_std,n_zbands,cell_mask_area,cell_mask_intensity,z_oop,z_lat_alignment_mean,z_length_mean,z_lat_dist_std,myof_length_std,n_vectors,z_straightness_mean,n_mbands,z_intensity_std,sarcomere_length_std,z_lat_neighbors_mean,z_lat_neighbors_std,domain_area_mean,domain_oop_std
129.64706420898438,0.18596279897045467,0.0,0.8984948992729187,1.3965578216874834,1088.3626373626373,0.023041831414846333,28.665,0.12196731150316159,10.014613151550293,0.0333350686522478,0.8984948992729187,1.0,0.9551470727098373,1062.2340941256014,0.03765860587911295,1.8067613687583723,4.882775574072129,5.7,0.14579822733790967,1.223976266750469,19.631145477294922,1.3965578216874834,0.03223602641633562,0.5453971813748173,43.0,889.2225,632.6445940133094,0.7728034586388012,0.7406610069635463,1.3046511627906976,0.7661764808714993,4.787247657775879,254.0,0.8117797292247455,48.0,181.18057110677293,0.260140679518345,1.069767441860465,0.5453971813748173,106.40249999999999,0.0
