cell_mask_area,cell_mask_area_ratio,cell_mask_intensity,domain_area_mean,domain_area_std,domain_oop_mean,domain_oop_std,domain_slen_mean,myof_bending_mean,myof_bending_std,myof_length_max,myof_length_mean,myof_length_std,myof_straightness_mean,myof_straightness_std,n_domains,n_mbands,n_vectors,n_zbands,sarcomere_area,sarcomere_area_ratio,sarcomere_length_mean,sarcomere_length_std,sarcomere_oop,z_intensity_mean,z_intensity_std,z_lat_alignment_mean,z_lat_alignment_std,z_lat_dist_mean,z_lat_dist_std,z_lat_length_groups_mean,z_lat_neighbors_mean,z_lat_neighbors_std,z_length_max,z_length_mean,z_length_std,z_mask_area,z_mask_area_ratio,z_mask_intensity,z_oop,z_straightness_mean,z_straightness_std
904.77,0.24275425749627225,690.7242365463046,192.6225,0.0,0.06671518832445145,0.0,1.4668824801997646,0.024797026688728983,0.022584978571664936,23.534521102905273,11.514784812927246,3.6785643100738525,0.9327174640262346,0.06793783163469518,1.0,72.0,490.0,67.0,221.11221313476562,0.2443849963358264,1.4668824801997646,0.18743277797486693,0.06671523302793503,1219.559764219115,195.5379322630564,0.8350195442258137,0.6939897276156818,1.670406238415176,0.6683580313897058,5.370167694045383,1.1044776119402986,0.6939897276156818,7.05,1.482089552238806,1.3372588774852951,44.1675,0.04881627374912961,1244.7615894039734,0.061527812445776514,0.7940083310937693,0.12988620481648744
