sarcomere_area,cell_mask_area_ratio,domain_area_std,domain_oop_mean,sarcomere_length_mean,z_mask_intensity,myof_straightness_std,z_mask_area,z_straightness_std,myof_length_mean,myof_bending_std,sarcomere_oop,n_domains,myof_straightness_mean,z_intensity_mean,myof_bending_mean,z_lat_dist_mean,z_lat_length_groups_mean,z_length_max,sarcomere_area_ratio,z_length_std,myof_length_max,domain_slen_mean,z_mask_area_ratio,z_lat_alignment_std,n_zbands,cell_mask_area,cell_mask_intensity,z_oop,z_lat_alignment_mean,z_length_mean,z_lat_dist_std,myof_length_std,n_vectors,z_straightness_mean,n_mbands,z_intensity_std,sarcomere_length_std,z_lat_neighbors_mean,z_lat_neighbors_std,domain_area_mean,domain_oop_std
75.57818603515625,0.2926026053191933,0.0,0.5902924537658691,1.5120688937715132,888.9134107708553,0.010639722419618785,21.307499999999997,0.08725925760962715,5.973694801330566,0.008018211452970025,0.6113656759262085,1.0,0.9798068362734511,894.6080818411755,0.009247995743326846,1.70670882750859,1.321494363960958,1.7999999999999998,0.05991314528585373,0.3972603097903459,6.477930068969727,1.5341800583376441,0.016891108534736465,0.5780033066896223,47.0,1261.4624999999999,592.7539819851958,0.6243707050782152,0.6958869558326501,0.6127659574468086,0.8424042842390166,0.4229832887649536,106.0,0.880784774009837,36.0,150.75577587361025,0.23852709751216902,0.46808510638297873,0.5780033066896223,33.6825,0.0
