cell_mask_area,cell_mask_area_ratio,cell_mask_intensity,domain_area_mean,domain_area_std,domain_oop_mean,domain_oop_std,domain_slen_mean,myof_bending_mean,myof_bending_std,myof_length_max,myof_length_mean,myof_length_std,myof_straightness_mean,myof_straightness_std,n_domains,n_mbands,n_vectors,n_zbands,sarcomere_area,sarcomere_area_ratio,sarcomere_length_mean,sarcomere_length_std,sarcomere_oop,z_intensity_mean,z_intensity_std,z_lat_alignment_mean,z_lat_alignment_std,z_lat_dist_mean,z_lat_dist_std,z_lat_length_groups_mean,z_lat_neighbors_mean,z_lat_neighbors_std,z_length_max,z_length_mean,z_length_std,z_mask_area,z_mask_area_ratio,z_mask_intensity,z_oop,z_straightness_mean,z_straightness_std
1412.8425,0.30059743219048896,676.004809453283,39.11625,18.340671121512976,0.8041808605194092,0.14784838259220123,1.452653793061463,0.03750543988612764,0.028548144437195215,20.080224990844727,8.93703556060791,3.881809711456299,0.9465192897249811,0.028679763308735312,4.0,85.0,412.0,81.0,223.9453582763672,0.1585069519612888,1.4439835698647585,0.3562110015007482,0.5375809669494629,1325.44976480989,295.18934238365864,0.7931264189271137,0.712635540230213,1.4804625508286509,0.6686034965462901,2.3055636387627905,0.6172839506172839,0.712635540230213,4.35,1.137037037037037,0.8382734231511764,44.4375,0.03145255044352078,1320.8906329113925,0.48590545207512253,0.8052170606747447,0.10878190858178638
