cell_mask_area,cell_mask_area_ratio,cell_mask_intensity,domain_area_mean,domain_area_std,domain_oop_mean,domain_oop_std,domain_slen_mean,myof_bending_mean,myof_bending_std,myof_length_max,myof_length_mean,myof_length_std,myof_straightness_mean,myof_straightness_std,n_domains,n_mbands,n_vectors,n_zbands,sarcomere_area,sarcomere_area_ratio,sarcomere_length_mean,sarcomere_length_std,sarcomere_oop,z_intensity_mean,z_intensity_std,z_lat_alignment_mean,z_lat_alignment_std,z_lat_dist_mean,z_lat_dist_std,z_lat_length_groups_mean,z_lat_neighbors_mean,z_lat_neighbors_std,z_length_max,z_length_mean,z_length_std,z_mask_area,z_mask_area_ratio,z_mask_intensity,z_oop,z_straightness_mean,z_straightness_std
2178.9,0.3358197309696951,639.5940520446096,79.84125,46.439418146790985,0.6266049742698669,0.13377930223941803,1.4638048512492992,0.04062203950719516,0.049050958076014346,19.509580612182617,11.280041694641113,4.159055233001709,0.9285968835733036,0.06484562069153126,4.0,149.0,867.0,152.0,387.8616027832031,0.17800798695819134,1.4406708840697728,0.26822790848266775,0.14205072820186615,1315.528073938094,296.60171951225374,0.7628088406770196,0.7254762501100116,1.6754613817397281,0.6686102636174448,3.735987697529202,1.0,0.7254762501100116,4.5,1.0302631578947368,0.8681339238247119,81.7875,0.03753614209004543,1309.6863823933975,0.0374753533547868,0.829102435966945,0.10777035373294912
