sarcomere_area,cell_mask_area_ratio,domain_area_std,domain_oop_mean,sarcomere_length_mean,z_mask_intensity,myof_straightness_std,z_mask_area,z_straightness_std,myof_length_mean,myof_bending_std,sarcomere_oop,n_domains,myof_straightness_mean,z_intensity_mean,myof_bending_mean,z_lat_dist_mean,z_lat_length_groups_mean,z_length_max,sarcomere_area_ratio,z_length_std,myof_length_max,domain_slen_mean,z_mask_area_ratio,z_lat_alignment_std,n_zbands,cell_mask_area,cell_mask_intensity,z_oop,z_lat_alignment_mean,z_length_mean,z_lat_dist_std,myof_length_std,n_vectors,z_straightness_mean,n_mbands,z_intensity_std,sarcomere_length_std,z_lat_neighbors_mean,z_lat_neighbors_std,domain_area_mean,domain_oop_std
44.126220703125,0.3054253308128544,0.0,0.8268952369689941,1.4267177921179843,1304.3895833333333,0.029189075637195482,10.799999999999999,0.0979362020415142,6.840686798095703,0.03194077855961179,0.8548603653907776,1.0,0.9332472809364738,1309.4416000480862,0.051039001187056475,1.7284022319950245,1.8561340773316746,1.95,0.12138177660353615,0.5353970489272424,9.571354866027832,1.3999584679065695,0.029708485486166985,0.6708203932499369,20.0,363.53249999999997,732.2852014606672,0.7672101814701716,0.7480679233780878,0.9600000000000002,0.6911047130750999,2.453615665435791,81.0,0.8168625516655366,20.0,230.22761664129763,0.31506263505567317,0.5,0.6708203932499369,25.334999999999997,0.0
