cell_mask_area,cell_mask_area_ratio,cell_mask_intensity,domain_area_mean,domain_area_std,domain_oop_mean,domain_oop_std,domain_slen_mean,myof_bending_mean,myof_bending_std,myof_length_max,myof_length_mean,myof_length_std,myof_straightness_mean,myof_straightness_std,n_domains,n_mbands,n_vectors,n_zbands,sarcomere_area,sarcomere_area_ratio,sarcomere_length_mean,sarcomere_length_std,sarcomere_oop,z_intensity_mean,z_intensity_std,z_lat_alignment_mean,z_lat_alignment_std,z_lat_dist_mean,z_lat_dist_std,z_lat_length_groups_mean,z_lat_neighbors_mean,z_lat_neighbors_std,z_length_max,z_length_mean,z_length_std,z_mask_area,z_mask_area_ratio,z_mask_intensity,z_oop,z_straightness_mean,z_straightness_std
636.5925,0.16550259722027236,630.3697380977627,29.159999999999997,1.012500000000001,0.8182278871536255,0.11410155892372131,1.5120784938394463,0.034308398285876944,0.03398075209456276,16.258520126342773,8.496618270874023,3.4043471813201904,0.9418744389128715,0.0324529502698586,2.0,48.0,115.0,35.0,88.2137451171875,0.13857176312505645,1.5324858676613358,0.2330448394252964,0.8321434855461121,1012.8806726397963,183.89083182549473,0.6834728417910079,0.5525451315946777,1.9009312194717363,0.605101643393652,1.468794435399033,0.45714285714285713,0.5525451315946777,2.85,0.6985714285714285,0.4742641991677686,21.1725,0.03325911002721521,1018.0733262486716,0.7123627102961956,0.8786758394697862,0.09654719357777732
