cell_mask_area,cell_mask_area_ratio,cell_mask_intensity,domain_area_mean,domain_area_std,domain_oop_mean,domain_oop_std,domain_slen_mean,myof_bending_mean,myof_bending_std,myof_length_max,myof_length_mean,myof_length_std,myof_straightness_mean,myof_straightness_std,n_domains,n_mbands,n_vectors,n_zbands,sarcomere_area,sarcomere_area_ratio,sarcomere_length_mean,sarcomere_length_std,sarcomere_oop,z_intensity_mean,z_intensity_std,z_lat_alignment_mean,z_lat_alignment_std,z_lat_dist_mean,z_lat_dist_std,z_lat_length_groups_mean,z_lat_neighbors_mean,z_lat_neighbors_std,z_length_max,z_length_mean,z_length_std,z_mask_area,z_mask_area_ratio,z_mask_intensity,z_oop,z_straightness_mean,z_straightness_std
889.2225,0.18596279897045467,632.6445940133094,106.24499999999999,0.0,0.8985365629196167,0.0,1.3958124765473237,0.03368658564068326,0.031159490403542347,20.563573837280273,10.050898551940918,4.786921501159668,0.9589051267772019,0.022849939454512996,1.0,48.0,255.0,43.0,129.64703369140625,0.14579819301851477,1.3958124765473237,0.2599906934618661,0.8985366225242615,1062.2340941256014,181.18057110677293,0.7406610071432194,0.5453971813748173,1.8067613687583723,0.7661764808714993,4.882775574072129,1.069767441860465,0.5453971813748173,5.7,1.3046511627906976,1.223976266750469,28.665,0.03223602641633562,1088.3626373626373,0.7728034586388012,0.8117797292247455,0.12196731150316159
