cell_mask_area,cell_mask_area_ratio,cell_mask_intensity,domain_area_mean,domain_area_std,domain_oop_mean,domain_oop_std,domain_slen_mean,myof_bending_mean,myof_bending_std,myof_length_max,myof_length_mean,myof_length_std,myof_straightness_mean,myof_straightness_std,n_domains,n_mbands,n_vectors,n_zbands,sarcomere_area,sarcomere_area_ratio,sarcomere_length_mean,sarcomere_length_std,sarcomere_oop,z_intensity_mean,z_intensity_std,z_lat_alignment_mean,z_lat_alignment_std,z_lat_dist_mean,z_lat_dist_std,z_lat_length_groups_mean,z_lat_neighbors_mean,z_lat_neighbors_std,z_length_max,z_length_mean,z_length_std,z_mask_area,z_mask_area_ratio,z_mask_intensity,z_oop,z_straightness_mean,z_straightness_std
1464.2324999999998,0.23791627213202254,571.9391797409223,52.245,0.0,0.9437063336372375,0.0,1.5273416267472808,0.034628666877417454,0.02003310116294888,23.034719467163086,14.896483421325684,4.734160900115967,0.969121105073934,0.017064851450934396,1.0,46.0,163.0,43.0,117.66671752929688,0.08036067873735686,1.5097424308483962,0.29751815832924355,0.8283661007881165,951.9925246016176,152.04174503242945,0.7173569644938872,0.49769615253564403,1.6594704745672357,0.7210462842561439,1.448833049929822,0.27906976744186046,0.49769615253564403,3.15,1.0151162790697676,0.7196199646034858,27.967499999999998,0.019100450235874426,958.4183427192277,0.6499888636802102,0.7984467369675667,0.08283472026589983
