cell_mask_area,cell_mask_area_ratio,cell_mask_intensity,domain_area_mean,domain_area_std,domain_oop_mean,domain_oop_std,domain_slen_mean,myof_bending_mean,myof_bending_std,myof_length_max,myof_length_mean,myof_length_std,myof_straightness_mean,myof_straightness_std,n_domains,n_mbands,n_vectors,n_zbands,sarcomere_area,sarcomere_area_ratio,sarcomere_length_mean,sarcomere_length_std,sarcomere_oop,z_intensity_mean,z_intensity_std,z_lat_alignment_mean,z_lat_alignment_std,z_lat_dist_mean,z_lat_dist_std,z_lat_length_groups_mean,z_lat_neighbors_mean,z_lat_neighbors_std,z_length_max,z_length_mean,z_length_std,z_mask_area,z_mask_area_ratio,z_mask_intensity,z_oop,z_straightness_mean,z_straightness_std
804.015,0.14942961327445473,664.3201152963564,39.442499999999995,0.0,0.9220360517501831,0.0,1.3893114766285781,0.019477947341401722,0.009987179264185169,14.970465660095215,10.407520294189453,2.870398998260498,0.9670130473082197,0.015579216090847368,1.0,28.0,141.0,36.0,52.06398010253906,0.06475498604197566,1.393512507222069,0.1558179661145531,0.9226004481315613,1236.5984038330257,172.33633734654447,0.5866453706909418,0.5414885747116092,1.6696046402978992,0.6750071338956461,1.5461114648994927,0.3888888888888889,0.5414885747116092,3.15,0.9208333333333333,0.723837669800503,16.2,0.020148877819443668,1275.9833333333333,0.8434545603763529,0.8725150770377347,0.10561326769212331
