sarcomere_area,cell_mask_area_ratio,domain_area_std,domain_oop_mean,sarcomere_length_mean,z_mask_intensity,myof_straightness_std,z_mask_area,z_straightness_std,myof_length_mean,myof_bending_std,sarcomere_oop,n_domains,myof_straightness_mean,z_intensity_mean,myof_bending_mean,z_lat_dist_mean,z_lat_length_groups_mean,z_length_max,sarcomere_area_ratio,z_length_std,myof_length_max,domain_slen_mean,z_mask_area_ratio,z_lat_alignment_std,n_zbands,cell_mask_area,cell_mask_intensity,z_oop,z_lat_alignment_mean,z_length_mean,z_lat_dist_std,myof_length_std,n_vectors,z_straightness_mean,n_mbands,z_intensity_std,sarcomere_length_std,z_lat_neighbors_mean,z_lat_neighbors_std,domain_area_mean,domain_oop_std
47.50204849243164,0.2626931426382327,0.0,0.9158962368965149,1.5484467123289418,1043.9285714285713,0.014881406006804862,12.285,0.1203718413458163,6.818821907043457,0.01404280716065125,0.8581967353820801,1.0,0.9684927207407078,1067.1655914318778,0.01871583905698831,2.158945526976279,1.7379251549930235,3.75,0.05131376309989996,0.7532471031123235,7.6862077713012695,1.5806439487567885,0.013270787254210924,0.49792959773196915,22.0,925.7175,640.604331234961,0.6049432460134266,0.8957511486512469,0.8522727272727273,0.22462014947266232,0.828557014465332,65.0,0.8500440812329242,20.0,159.55446624504125,0.20193359739477226,0.45454545454545453,0.49792959773196915,32.04,0.0
