cell_mask_area,cell_mask_area_ratio,cell_mask_intensity,domain_area_mean,domain_area_std,domain_oop_mean,domain_oop_std,domain_slen_mean,myof_bending_mean,myof_bending_std,myof_length_max,myof_length_mean,myof_length_std,myof_straightness_mean,myof_straightness_std,n_domains,n_mbands,n_vectors,n_zbands,sarcomere_area,sarcomere_area_ratio,sarcomere_length_mean,sarcomere_length_std,sarcomere_oop,z_intensity_mean,z_intensity_std,z_lat_alignment_mean,z_lat_alignment_std,z_lat_dist_mean,z_lat_dist_std,z_lat_length_groups_mean,z_lat_neighbors_mean,z_lat_neighbors_std,z_length_max,z_length_mean,z_length_std,z_mask_area,z_mask_area_ratio,z_mask_intensity,z_oop,z_straightness_mean,z_straightness_std
797.265,0.15212426157439207,598.0531128294858,34.942499999999995,0.0,0.9232845306396484,0.0,1.360321082418711,0.01939414816535401,0.025270660818611342,14.569056510925293,8.970702171325684,4.108047962188721,0.9711922118366717,0.02171595992307461,1.0,44.0,103.0,26.0,64.21012878417969,0.08053800026864304,1.3559189517911128,0.2732029170765172,0.8777951002120972,1096.1058380031232,309.87382956518763,0.770592719702677,0.5756395979652218,1.8430345594819024,0.5049491187786598,2.276896599676189,0.7692307692307693,0.5756395979652218,3.0,0.6923076923076922,0.5972198905203477,13.004999999999999,0.016312016707117457,1120.2750865051903,0.7940974422718743,0.8500132541946857,0.10763777322919896
