cell_mask_area,cell_mask_area_ratio,cell_mask_intensity,domain_area_mean,domain_area_std,domain_oop_mean,domain_oop_std,domain_slen_mean,myof_bending_mean,myof_bending_std,myof_length_max,myof_length_mean,myof_length_std,myof_straightness_mean,myof_straightness_std,n_domains,n_mbands,n_vectors,n_zbands,sarcomere_area,sarcomere_area_ratio,sarcomere_length_mean,sarcomere_length_std,sarcomere_oop,z_intensity_mean,z_intensity_std,z_lat_alignment_mean,z_lat_alignment_std,z_lat_dist_mean,z_lat_dist_std,z_lat_length_groups_mean,z_lat_neighbors_mean,z_lat_neighbors_std,z_length_max,z_length_mean,z_length_std,z_mask_area,z_mask_area_ratio,z_mask_intensity,z_oop,z_straightness_mean,z_straightness_std
1021.545,0.25241282689912825,584.7784899343641,89.71875,9.686250000000001,0.944222092628479,0.01416856050491333,1.598761393030364,0.02050000808034118,0.015223979341464373,46.120460510253906,26.349018096923828,10.20787239074707,0.9558388921764092,0.020264168624246372,2.0,75.0,395.0,69.0,211.90077209472656,0.20743165704371963,1.606283985120354,0.22820279847175046,0.9100857377052307,897.0892076817795,161.76261056848915,0.8602545812634617,0.575710842493948,1.5229763316596587,0.47658577643001115,3.29189497068802,0.9565217391304348,0.575710842493948,3.75,0.9891304347826085,0.8386008691680306,38.9925,0.03817012466411172,908.0150028851702,0.8436449532664171,0.834165822427329,0.08914987723350962
