sarcomere_area,cell_mask_area_ratio,domain_area_std,domain_oop_mean,sarcomere_length_mean,z_mask_intensity,myof_straightness_std,z_mask_area,z_straightness_std,myof_length_mean,myof_bending_std,sarcomere_oop,n_domains,myof_straightness_mean,z_intensity_mean,myof_bending_mean,z_lat_dist_mean,z_lat_length_groups_mean,z_length_max,sarcomere_area_ratio,z_length_std,myof_length_max,domain_slen_mean,z_mask_area_ratio,z_lat_alignment_std,n_zbands,cell_mask_area,cell_mask_intensity,z_oop,z_lat_alignment_mean,z_length_mean,z_lat_dist_std,myof_length_std,n_vectors,z_straightness_mean,n_mbands,z_intensity_std,sarcomere_length_std,z_lat_neighbors_mean,z_lat_neighbors_std,domain_area_mean,domain_oop_std
240.58851623535156,0.22035147392290247,0.0,0.8687905669212341,1.5030099177344496,961.8864892014063,0.02806135763107222,44.7975,0.1044662656390245,14.951592445373535,0.016887862856986843,0.8687905073165894,1.0,0.9554569609403687,942.4876778734088,0.022030951528221036,1.674060254667952,5.567123611915927,5.1,0.2750919203445692,0.9794938917745575,26.1278076171875,1.5030099177344496,0.051222022125032164,0.6861070851415206,78.0,874.5749999999999,625.6176742989452,0.8304733334963437,0.8674700639274536,1.2038461538461536,0.6039505826590962,6.65214204788208,470.0,0.8294382254020425,73.0,256.6869100712901,0.17039327729450227,1.205128205128205,0.6861070851415206,194.1975,0.0
