sarcomere_area,cell_mask_area_ratio,domain_area_std,domain_oop_mean,sarcomere_length_mean,z_mask_intensity,myof_straightness_std,z_mask_area,z_straightness_std,myof_length_mean,myof_bending_std,sarcomere_oop,n_domains,myof_straightness_mean,z_intensity_mean,myof_bending_mean,z_lat_dist_mean,z_lat_length_groups_mean,z_length_max,sarcomere_area_ratio,z_length_std,myof_length_max,domain_slen_mean,z_mask_area_ratio,z_lat_alignment_std,n_zbands,cell_mask_area,cell_mask_intensity,z_oop,z_lat_alignment_mean,z_length_mean,z_lat_dist_std,myof_length_std,n_vectors,z_straightness_mean,n_mbands,z_intensity_std,sarcomere_length_std,z_lat_neighbors_mean,z_lat_neighbors_std,domain_area_mean,domain_oop_std
53.39849090576172,0.12706222194760255,0.0,0.8952587842941284,1.6978206722115703,844.0357751277683,0.018334809440749063,13.2075,0.1072372523395656,12.571950912475586,0.005010701489599579,0.7845751643180847,1.0,0.9454656924532069,838.0278325530978,0.021380129158227328,1.3929716839536528,1.3571619473256087,2.85,0.07213136777333592,0.7684466175874761,13.994044303894043,1.7177060404768552,0.01784086073794906,0.45175395145262565,21.0,740.295,602.6684092152452,0.7171935581018588,0.7097750979610096,0.9642857142857144,0.7807879915209561,2.1053671836853027,95.0,0.8844312795984545,23.0,68.86786917065754,0.27825617024303,0.2857142857142857,0.45175395145262565,39.0375,0.0
