sarcomere_area,cell_mask_area_ratio,domain_area_std,domain_oop_mean,sarcomere_length_mean,z_mask_intensity,myof_straightness_std,z_mask_area,z_straightness_std,myof_length_mean,myof_bending_std,sarcomere_oop,n_domains,myof_straightness_mean,z_intensity_mean,myof_bending_mean,z_lat_dist_mean,z_lat_length_groups_mean,z_length_max,sarcomere_area_ratio,z_length_std,myof_length_max,domain_slen_mean,z_mask_area_ratio,z_lat_alignment_std,n_zbands,cell_mask_area,cell_mask_intensity,z_oop,z_lat_alignment_mean,z_length_mean,z_lat_dist_std,myof_length_std,n_vectors,z_straightness_mean,n_mbands,z_intensity_std,sarcomere_length_std,z_lat_neighbors_mean,z_lat_neighbors_std,domain_area_mean,domain_oop_std
74.16600799560547,0.26450967832648536,0.0,0.6947923302650452,1.3717859105947467,1048.8448753462603,0.030881640693564548,16.245,0.10376282590043805,6.457929611206055,0.07941868161558749,0.6947922110557556,1.0,0.928417296535418,1034.3733962502624,0.09406774517025993,1.781550725765391,3.601789298960065,2.4,0.1946882654318652,0.5603274370711234,9.520869255065918,1.3717859105947467,0.042643671372039456,0.703489842985436,28.0,380.9475,641.8709467840057,0.5423994084770186,0.8449570072438566,0.7178571428571431,0.6148796723951839,1.2485569715499878,120.0,0.8505790978854831,35.0,119.52453033066591,0.1895694695269749,1.0714285714285714,0.703489842985436,53.7525,0.0
