cell_mask_area,cell_mask_area_ratio,cell_mask_intensity,domain_area_mean,domain_area_std,domain_oop_mean,domain_oop_std,domain_slen_mean,myof_bending_mean,myof_bending_std,myof_length_max,myof_length_mean,myof_length_std,myof_straightness_mean,myof_straightness_std,n_domains,n_mbands,n_vectors,n_zbands,sarcomere_area,sarcomere_area_ratio,sarcomere_length_mean,sarcomere_length_std,sarcomere_oop,z_intensity_mean,z_intensity_std,z_lat_alignment_mean,z_lat_alignment_std,z_lat_dist_mean,z_lat_dist_std,z_lat_length_groups_mean,z_lat_neighbors_mean,z_lat_neighbors_std,z_length_max,z_length_mean,z_length_std,z_mask_area,z_mask_area_ratio,z_mask_intensity,z_oop,z_straightness_mean,z_straightness_std
740.3175,0.12706608378645576,602.6673859526487,38.6775,0.0,0.896545946598053,0.0,1.7195176250805675,0.033544090120241045,0.020675405935751553,13.653099060058594,12.457696914672852,1.7991994619369507,0.9380769435027451,0.02433882720438525,1.0,23.0,94.0,21.0,53.34629440307617,0.07205866996670506,1.6911628027239154,0.28662940858091895,0.78521728515625,838.0278325530978,68.86786917065754,0.7092750576095533,0.45175395145262565,1.3929716839536528,0.7807879915209561,1.3571619473256087,0.2857142857142857,0.45175395145262565,2.85,0.9642857142857144,0.7684466175874761,13.2075,0.017840318511989788,844.0357751277683,0.7171935581018588,0.8844312795984545,0.1072372523395656
