cell_mask_area,cell_mask_area_ratio,cell_mask_intensity,domain_area_mean,domain_area_std,domain_oop_mean,domain_oop_std,domain_slen_mean,myof_bending_mean,myof_bending_std,myof_length_max,myof_length_mean,myof_length_std,myof_straightness_mean,myof_straightness_std,n_domains,n_mbands,n_vectors,n_zbands,sarcomere_area,sarcomere_area_ratio,sarcomere_length_mean,sarcomere_length_std,sarcomere_oop,z_intensity_mean,z_intensity_std,z_lat_alignment_mean,z_lat_alignment_std,z_lat_dist_mean,z_lat_dist_std,z_lat_length_groups_mean,z_lat_neighbors_mean,z_lat_neighbors_std,z_length_max,z_length_mean,z_length_std,z_mask_area,z_mask_area_ratio,z_mask_intensity,z_oop,z_straightness_mean,z_straightness_std
1190.3174999999999,0.27719965627095905,636.6154471391036,31.78125,2.1712500000000006,0.8798134922981262,0.04224443435668945,1.451174822719522,0.03176810349884035,0.01789388368502676,14.501559257507324,8.257570266723633,3.1491127014160156,0.9516893146623949,0.014530701525425814,2.0,57.0,159.0,47.0,110.01051330566406,0.09242115091617495,1.4563415296962066,0.3260910317330673,0.8358121514320374,1004.5794779784773,147.22229403340722,0.7491343836372586,0.6425391008741064,1.4152227222033222,0.6361168497685157,1.8019595425818826,0.723404255319149,0.6425391008741064,2.1,0.6382978723404256,0.434816269092836,25.1325,0.02111411451146438,1009.5640107430618,0.7240072019386262,0.8553441919249222,0.0894307441917723
