sarcomere_area,cell_mask_area_ratio,domain_area_std,domain_oop_mean,sarcomere_length_mean,z_mask_intensity,myof_straightness_std,z_mask_area,z_straightness_std,myof_length_mean,myof_bending_std,sarcomere_oop,n_domains,myof_straightness_mean,z_intensity_mean,myof_bending_mean,z_lat_dist_mean,z_lat_length_groups_mean,z_length_max,sarcomere_area_ratio,z_length_std,myof_length_max,domain_slen_mean,z_mask_area_ratio,z_lat_alignment_std,n_zbands,cell_mask_area,cell_mask_intensity,z_oop,z_lat_alignment_mean,z_length_mean,z_lat_dist_std,myof_length_std,n_vectors,z_straightness_mean,n_mbands,z_intensity_std,sarcomere_length_std,z_lat_neighbors_mean,z_lat_neighbors_std,domain_area_mean,domain_oop_std
59.53950119018555,0.17151725486362301,,,1.3643024362892837,1027.5542857142857,0.015439328456343925,11.8125,0.07467418550890273,8.68492603302002,0.007010671730815577,0.8832998871803284,0.0,0.9642804132721229,1001.2141042412896,0.018392370025792477,2.496907042484525,0.8121907042484524,1.2,0.07541394889843357,0.2623892918849163,11.694464683532715,,0.014961953888683065,0.38569460791993493,22.0,789.5024999999999,648.0813645301946,0.660677233990255,0.8584618858482211,0.5113636363636364,0.20725641411346363,2.5038530826568604,77.0,0.8711842716255705,39.0,218.47230452484882,0.18218334028857774,0.18181818181818182,0.38569460791993493,,
