cell_mask_area,cell_mask_area_ratio,cell_mask_intensity,domain_area_mean,domain_area_std,domain_oop_mean,domain_oop_std,domain_slen_mean,myof_bending_mean,myof_bending_std,myof_length_max,myof_length_mean,myof_length_std,myof_straightness_mean,myof_straightness_std,n_domains,n_mbands,n_vectors,n_zbands,sarcomere_area,sarcomere_area_ratio,sarcomere_length_mean,sarcomere_length_std,sarcomere_oop,z_intensity_mean,z_intensity_std,z_lat_alignment_mean,z_lat_alignment_std,z_lat_dist_mean,z_lat_dist_std,z_lat_length_groups_mean,z_lat_neighbors_mean,z_lat_neighbors_std,z_length_max,z_length_mean,z_length_std,z_mask_area,z_mask_area_ratio,z_mask_intensity,z_oop,z_straightness_mean,z_straightness_std
905.1524999999999,0.24285688413452539,690.6466479405404,192.375,0.0,0.06046609953045845,0.0,1.4681070519657624,0.027188032082696906,0.01795514111660728,19.77629280090332,11.533004760742188,3.272042751312256,0.9324229424878663,0.06948020924772443,1.0,72.0,486.0,67.0,221.0627899169922,0.24422712185735795,1.4681070519657624,0.19282873634335038,0.06046614795923233,1219.5207358246792,195.55978974855594,0.834909728249883,0.6939897276156818,1.670406238415176,0.6683580313897058,5.365167694045383,1.1044776119402986,0.6939897276156818,7.05,1.4798507462686565,1.3388583826410094,44.19,0.048820502622486266,1244.68533604888,0.06239413622477448,0.7943442185016497,0.12980152012455037
