sarcomere_area,cell_mask_area_ratio,domain_area_std,domain_oop_mean,sarcomere_length_mean,z_mask_intensity,myof_straightness_std,z_mask_area,z_straightness_std,myof_length_mean,myof_bending_std,sarcomere_oop,n_domains,myof_straightness_mean,z_intensity_mean,myof_bending_mean,z_lat_dist_mean,z_lat_length_groups_mean,z_length_max,sarcomere_area_ratio,z_length_std,myof_length_max,domain_slen_mean,z_mask_area_ratio,z_lat_alignment_std,n_zbands,cell_mask_area,cell_mask_intensity,z_oop,z_lat_alignment_mean,z_length_mean,z_lat_dist_std,myof_length_std,n_vectors,z_straightness_mean,n_mbands,z_intensity_std,sarcomere_length_std,z_lat_neighbors_mean,z_lat_neighbors_std,domain_area_mean,domain_oop_std
117.55380249023438,0.2379345517294327,0.0,0.9438010454177856,1.5177815281064178,958.4501607717042,0.015889471171406915,27.99,0.08283472026589983,13.791215896606445,0.013010827492059234,0.8370097279548645,1.0,0.965089780470503,951.9925246016176,0.02076979848118984,1.6594704745672357,1.448833049929822,3.15,0.08027739534756793,0.7196199646034858,23.042232513427734,1.5369724135548029,0.01911434805322516,0.49769615253564403,43.0,1464.345,571.935158722842,0.6499888636802102,0.718760347439142,1.0151162790697676,0.7210462842561439,4.248842716217041,159.0,0.7984467369675667,46.0,152.04174503242945,0.2949296089946142,0.27906976744186046,0.49769615253564403,51.66,0.0
