cell_mask_area,cell_mask_area_ratio,cell_mask_intensity,domain_area_mean,domain_area_std,domain_oop_mean,domain_oop_std,domain_slen_mean,myof_bending_mean,myof_bending_std,myof_length_max,myof_length_mean,myof_length_std,myof_straightness_mean,myof_straightness_std,n_domains,n_mbands,n_vectors,n_zbands,sarcomere_area,sarcomere_area_ratio,sarcomere_length_mean,sarcomere_length_std,sarcomere_oop,z_intensity_mean,z_intensity_std,z_lat_alignment_mean,z_lat_alignment_std,z_lat_dist_mean,z_lat_dist_std,z_lat_length_groups_mean,z_lat_neighbors_mean,z_lat_neighbors_std,z_length_max,z_length_mean,z_length_std,z_mask_area,z_mask_area_ratio,z_mask_intensity,z_oop,z_straightness_mean,z_straightness_std
797.1975,0.152111382057975,598.0628263385171,35.0325,0.0,0.9179133176803589,0.0,1.3719807081867186,0.022168205947961178,0.022051348078738296,9.355360984802246,7.0498552322387695,2.1510398387908936,0.9667716957863818,0.016085376266962402,1.0,45.0,104.0,26.0,64.3044662475586,0.08066315592755696,1.366289062036113,0.2789000364947605,0.8764446377754211,1095.8656365379215,309.5853038397305,0.7702407256409741,0.5756395979652218,1.8430345594819024,0.5049491187786598,2.276896599676189,0.7692307692307693,0.5756395979652218,3.0,0.6923076923076922,0.5972198905203477,13.049999999999999,0.016369845615421524,1120.1741379310345,0.7940987319956491,0.8512151772716088,0.10526684405429454
