cell_mask_area,cell_mask_area_ratio,cell_mask_intensity,domain_area_mean,domain_area_std,domain_oop_mean,domain_oop_std,domain_slen_mean,myof_bending_mean,myof_bending_std,myof_length_max,myof_length_mean,myof_length_std,myof_straightness_mean,myof_straightness_std,n_domains,n_mbands,n_vectors,n_zbands,sarcomere_area,sarcomere_area_ratio,sarcomere_length_mean,sarcomere_length_std,sarcomere_oop,z_intensity_mean,z_intensity_std,z_lat_alignment_mean,z_lat_alignment_std,z_lat_dist_mean,z_lat_dist_std,z_lat_length_groups_mean,z_lat_neighbors_mean,z_lat_neighbors_std,z_length_max,z_length_mean,z_length_std,z_mask_area,z_mask_area_ratio,z_mask_intensity,z_oop,z_straightness_mean,z_straightness_std
613.0124999999999,0.21139655961701104,583.9921086437879,30.869999999999997,0.0,0.9467681050300598,0.0,1.4639454644640444,0.03213647995704152,0.0093366493710631,13.083870887756348,9.848714828491211,3.266446352005005,0.9694784596072539,0.012863601327598912,1.0,20.0,59.0,15.0,41.34516525268555,0.06744587631196028,1.4669862981116255,0.324037441915095,0.9261080026626587,912.4261804105718,121.18715340226373,0.719322627208638,0.5416025603090641,1.8026687208426073,0.6912926174173127,2.5351124805617378,0.8,0.5416025603090641,2.85,0.8,0.7071067811865476,8.1675,0.013323545604698112,882.2809917355372,0.8575793540172127,0.85350608265368,0.07915336392960728
