sarcomere_area,cell_mask_area_ratio,domain_area_std,domain_oop_mean,sarcomere_length_mean,z_mask_intensity,myof_straightness_std,z_mask_area,z_straightness_std,myof_length_mean,myof_bending_std,sarcomere_oop,n_domains,myof_straightness_mean,z_intensity_mean,myof_bending_mean,z_lat_dist_mean,z_lat_length_groups_mean,z_length_max,sarcomere_area_ratio,z_length_std,myof_length_max,domain_slen_mean,z_mask_area_ratio,z_lat_alignment_std,n_zbands,cell_mask_area,cell_mask_intensity,z_oop,z_lat_alignment_mean,z_length_mean,z_lat_dist_std,myof_length_std,n_vectors,z_straightness_mean,n_mbands,z_intensity_std,sarcomere_length_std,z_lat_neighbors_mean,z_lat_neighbors_std,domain_area_mean,domain_oop_std
78.8746566772461,0.21488154085163477,2.655000000000001,0.8642393350601196,1.5359764008928642,2066.3162983425414,0.03531433592592849,16.29,0.10998561663224278,7.825747013092041,0.02304798459308483,0.8087851405143738,2.0,0.9387749531423331,2058.5090873189306,0.04025661402247458,2.1418185805687475,3.177879053712498,3.15,0.07200156708703541,0.7790103612001209,12.335494995117188,1.5369136026833505,0.014870499311931316,0.6676183683170241,35.0,1095.4575,747.5574999486516,0.6855681257090385,0.7178838457358806,1.05,0.5049104836522104,1.924925684928894,194.0,0.8189610173563283,38.0,362.66457860432064,0.43089613176828356,0.8,0.6676183683170241,31.1175,0.03182390332221985
