cell_mask_area,cell_mask_area_ratio,cell_mask_intensity,domain_area_mean,domain_area_std,domain_oop_mean,domain_oop_std,domain_slen_mean,myof_bending_mean,myof_bending_std,myof_length_max,myof_length_mean,myof_length_std,myof_straightness_mean,myof_straightness_std,n_domains,n_mbands,n_vectors,n_zbands,sarcomere_area,sarcomere_area_ratio,sarcomere_length_mean,sarcomere_length_std,sarcomere_oop,z_intensity_mean,z_intensity_std,z_lat_alignment_mean,z_lat_alignment_std,z_lat_dist_mean,z_lat_dist_std,z_lat_length_groups_mean,z_lat_neighbors_mean,z_lat_neighbors_std,z_length_max,z_length_mean,z_length_std,z_mask_area,z_mask_area_ratio,z_mask_intensity,z_oop,z_straightness_mean,z_straightness_std
1464.345,0.2379345517294327,571.935158722842,51.66,0.0,0.9438010454177856,0.0,1.5369724135548029,0.02076979848118984,0.013010827492059234,23.042232513427734,13.791215896606445,4.248842716217041,0.965089780470503,0.015889471171406915,1.0,46.0,159.0,43.0,117.55380249023438,0.08027739534756793,1.5177815281064178,0.2949296089946142,0.8370097279548645,951.9925246016176,152.04174503242945,0.718760347439142,0.49769615253564403,1.6594704745672357,0.7210462842561439,1.448833049929822,0.27906976744186046,0.49769615253564403,3.15,1.0151162790697676,0.7196199646034858,27.99,0.01911434805322516,958.4501607717042,0.6499888636802102,0.7984467369675667,0.08283472026589983
