sarcomere_area,cell_mask_area_ratio,domain_area_std,domain_oop_mean,sarcomere_length_mean,z_mask_intensity,myof_straightness_std,z_mask_area,z_straightness_std,myof_length_mean,myof_bending_std,sarcomere_oop,n_domains,myof_straightness_mean,z_intensity_mean,myof_bending_mean,z_lat_dist_mean,z_lat_length_groups_mean,z_length_max,sarcomere_area_ratio,z_length_std,myof_length_max,domain_slen_mean,z_mask_area_ratio,z_lat_alignment_std,n_zbands,cell_mask_area,cell_mask_intensity,z_oop,z_lat_alignment_mean,z_length_mean,z_lat_dist_std,myof_length_std,n_vectors,z_straightness_mean,n_mbands,z_intensity_std,sarcomere_length_std,z_lat_neighbors_mean,z_lat_neighbors_std,domain_area_mean,domain_oop_std
88.2137451171875,0.16550259722027236,1.012500000000001,0.8182278871536255,1.5324858676613358,1018.0733262486716,0.0324529502698586,21.1725,0.09654719357777732,8.496618270874023,0.03398075209456276,0.8321434855461121,2.0,0.9418744389128715,1012.8806726397963,0.034308398285876944,1.9009312194717363,1.468794435399033,2.85,0.13857176312505645,0.4742641991677686,16.258520126342773,1.5120784938394463,0.03325911002721521,0.5525451315946777,35.0,636.5925,630.3697380977627,0.7123627102961956,0.6834728417910079,0.6985714285714285,0.605101643393652,3.4043471813201904,115.0,0.8786758394697862,48.0,183.89083182549473,0.2330448394252964,0.45714285714285713,0.5525451315946777,29.159999999999997,0.11410155892372131
