cell_mask_area,cell_mask_area_ratio,cell_mask_intensity,domain_area_mean,domain_area_std,domain_oop_mean,domain_oop_std,domain_slen_mean,myof_bending_mean,myof_bending_std,myof_length_max,myof_length_mean,myof_length_std,myof_straightness_mean,myof_straightness_std,n_domains,n_mbands,n_vectors,n_zbands,sarcomere_area,sarcomere_area_ratio,sarcomere_length_mean,sarcomere_length_std,sarcomere_oop,z_intensity_mean,z_intensity_std,z_lat_alignment_mean,z_lat_alignment_std,z_lat_dist_mean,z_lat_dist_std,z_lat_length_groups_mean,z_lat_neighbors_mean,z_lat_neighbors_std,z_length_max,z_length_mean,z_length_std,z_mask_area,z_mask_area_ratio,z_mask_intensity,z_oop,z_straightness_mean,z_straightness_std
352.9575,0.18272781278756886,691.4663734302288,20.3625,0.0,0.8384002447128296,0.0,1.2540220767291352,0.054814994234628454,0.011803587302779328,8.59045124053955,8.190144538879395,0.3987320065498352,0.9590172813767871,0.015053810110008904,1.0,15.0,49.0,10.0,24.100656509399414,0.06828203539916113,1.2465952617004923,0.1814045246913173,0.7786692380905151,1349.6755994889184,308.2495642470868,0.803723461865431,0.4000000000000001,1.1999999999999993,0.0,1.1499999999999997,0.2,0.4000000000000001,3.3,0.9149999999999998,0.8986239480450094,5.422499999999999,0.015363039459425,1377.265560165975,0.6408125679934082,0.8429581076879373,0.1271102140190738
