cell_mask_area,cell_mask_area_ratio,cell_mask_intensity,domain_area_mean,domain_area_std,domain_oop_mean,domain_oop_std,domain_slen_mean,myof_bending_mean,myof_bending_std,myof_length_max,myof_length_mean,myof_length_std,myof_straightness_mean,myof_straightness_std,n_domains,n_mbands,n_vectors,n_zbands,sarcomere_area,sarcomere_area_ratio,sarcomere_length_mean,sarcomere_length_std,sarcomere_oop,z_intensity_mean,z_intensity_std,z_lat_alignment_mean,z_lat_alignment_std,z_lat_dist_mean,z_lat_dist_std,z_lat_length_groups_mean,z_lat_neighbors_mean,z_lat_neighbors_std,z_length_max,z_length_mean,z_length_std,z_mask_area,z_mask_area_ratio,z_mask_intensity,z_oop,z_straightness_mean,z_straightness_std
2519.1675,0.5081835511982571,563.9279851379473,74.39625,30.311237937644513,0.6286231875419617,0.2921188771724701,1.6516802721338184,0.023701232370521103,0.02326518216076399,22.492403030395508,11.499566078186035,5.459617614746094,0.9469939528618999,0.03193212807476909,6.0,215.0,805.0,216.0,591.0875244140625,0.2346360551309361,1.6451775188454585,0.24602769070553107,0.4878048598766327,701.3305640403926,76.98374373163664,0.7582591247877608,0.6943827133056546,1.9490216227344166,0.6576189423194665,3.202577279898075,0.9074074074074074,0.6943827133056546,3.15,0.8652777777777777,0.6342996405096075,126.99,0.0504095102846476,701.6973777462792,0.345316778113384,0.8472864920006223,0.09410133836831007
