cell_mask_area,cell_mask_area_ratio,cell_mask_intensity,domain_area_mean,domain_area_std,domain_oop_mean,domain_oop_std,domain_slen_mean,myof_bending_mean,myof_bending_std,myof_length_max,myof_length_mean,myof_length_std,myof_straightness_mean,myof_straightness_std,n_domains,n_mbands,n_vectors,n_zbands,sarcomere_area,sarcomere_area_ratio,sarcomere_length_mean,sarcomere_length_std,sarcomere_oop,z_intensity_mean,z_intensity_std,z_lat_alignment_mean,z_lat_alignment_std,z_lat_dist_mean,z_lat_dist_std,z_lat_length_groups_mean,z_lat_neighbors_mean,z_lat_neighbors_std,z_length_max,z_length_mean,z_length_std,z_mask_area,z_mask_area_ratio,z_mask_intensity,z_oop,z_straightness_mean,z_straightness_std
2204.5499999999997,0.3560526774812489,633.8872320881812,38.553749999999994,14.84879398511879,0.78456050157547,0.08816695958375931,1.4967961981609585,0.020370642980376084,0.016497303524856725,15.51224422454834,8.358247756958008,2.470407247543335,0.9542239448135245,0.028015724021297355,4.0,95.0,347.0,105.0,231.70419311523438,0.10510271625285632,1.478675672378057,0.24217926630408915,0.5900478363037109,864.5147092973665,93.87161495013383,0.7894073459033887,0.7319095640701276,1.861193436104977,0.720395972390261,2.7367624785019515,0.8380952380952381,0.7319095640701276,4.35,0.8099999999999999,0.6681317235396026,57.0375,0.02587262706674832,863.2315581854043,0.49151899046474495,0.852904897201642,0.10785001381766561
