cell_mask_area,cell_mask_area_ratio,cell_mask_intensity,domain_area_mean,domain_area_std,domain_oop_mean,domain_oop_std,domain_slen_mean,myof_bending_mean,myof_bending_std,myof_length_max,myof_length_mean,myof_length_std,myof_straightness_mean,myof_straightness_std,n_domains,n_mbands,n_vectors,n_zbands,sarcomere_area,sarcomere_area_ratio,sarcomere_length_mean,sarcomere_length_std,sarcomere_oop,z_intensity_mean,z_intensity_std,z_lat_alignment_mean,z_lat_alignment_std,z_lat_dist_mean,z_lat_dist_std,z_lat_length_groups_mean,z_lat_neighbors_mean,z_lat_neighbors_std,z_length_max,z_length_mean,z_length_std,z_mask_area,z_mask_area_ratio,z_mask_intensity,z_oop,z_straightness_mean,z_straightness_std
885.1725,0.30957664463330187,658.1969700821027,72.0225,0.0,0.7488489151000977,0.0,1.4028746800142406,0.03481418975727244,0.01985007709981876,17.44171142578125,11.695829391479492,3.846007823944092,0.9217769620531112,0.041087086715092,1.0,33.0,206.0,29.0,82.50658416748047,0.09320961074534112,1.4028746800142406,0.3698057563766598,0.7488489151000977,1250.4996814708904,213.09272407088625,0.7071815703653901,0.6071316159192762,1.6023241423558015,0.6008484678230309,3.6268883656640885,0.896551724137931,0.6071316159192762,3.5999999999999996,1.2827586206896548,1.0062970581901924,17.6175,0.019902900282148393,1261.1966794380587,0.7180796270250362,0.782845369437891,0.11539485169404
