cell_mask_area,cell_mask_area_ratio,cell_mask_intensity,domain_area_mean,domain_area_std,domain_oop_mean,domain_oop_std,domain_slen_mean,myof_bending_mean,myof_bending_std,myof_length_max,myof_length_mean,myof_length_std,myof_straightness_mean,myof_straightness_std,n_domains,n_mbands,n_vectors,n_zbands,sarcomere_area,sarcomere_area_ratio,sarcomere_length_mean,sarcomere_length_std,sarcomere_oop,z_intensity_mean,z_intensity_std,z_lat_alignment_mean,z_lat_alignment_std,z_lat_dist_mean,z_lat_dist_std,z_lat_length_groups_mean,z_lat_neighbors_mean,z_lat_neighbors_std,z_length_max,z_length_mean,z_length_std,z_mask_area,z_mask_area_ratio,z_mask_intensity,z_oop,z_straightness_mean,z_straightness_std
3506.085,0.38523495906016375,570.5782090280185,168.79950000000002,61.96999881797643,0.8667529821395874,0.03618798404932022,1.4869327371739476,0.014968020434255661,0.014921768297323952,44.152366638183594,16.75027084350586,8.781479835510254,0.945574675165672,0.035907015715210495,5.0,284.0,2360.0,298.0,940.9384155273438,0.2683729617300618,1.4908128712187174,0.2076104062253051,0.1744915246963501,882.8730111232397,180.21458889790404,0.8334615202968694,0.6476075375751903,1.6033125624117122,0.6327687491488154,3.9020968497754236,0.8993288590604027,0.6476075375751903,6.3,1.4265100671140936,1.2540412130359244,181.17,0.05167301990681914,909.5101838052658,0.1989429547759577,0.816670546941933,0.1176316814138632
