sarcomere_area,cell_mask_area_ratio,domain_area_std,domain_oop_mean,sarcomere_length_mean,z_mask_intensity,myof_straightness_std,z_mask_area,z_straightness_std,myof_length_mean,myof_bending_std,sarcomere_oop,n_domains,myof_straightness_mean,z_intensity_mean,myof_bending_mean,z_lat_dist_mean,z_lat_length_groups_mean,z_length_max,sarcomere_area_ratio,z_length_std,myof_length_max,domain_slen_mean,z_mask_area_ratio,z_lat_alignment_std,n_zbands,cell_mask_area,cell_mask_intensity,z_oop,z_lat_alignment_mean,z_length_mean,z_lat_dist_std,myof_length_std,n_vectors,z_straightness_mean,n_mbands,z_intensity_std,sarcomere_length_std,z_lat_neighbors_mean,z_lat_neighbors_std,domain_area_mean,domain_oop_std
387.8616027832031,0.3358197309696951,46.439418146790985,0.6266049742698669,1.4406708840697728,1309.6863823933975,0.06484562069153126,81.7875,0.10777035373294912,11.280041694641113,0.049050958076014346,0.14205072820186615,4.0,0.9285968835733036,1315.528073938094,0.04062203950719516,1.6754613817397281,3.735987697529202,4.5,0.17800798695819134,0.8681339238247119,19.509580612182617,1.4638048512492992,0.03753614209004543,0.7254762501100116,152.0,2178.9,639.5940520446096,0.0374753533547868,0.7628088406770196,1.0302631578947368,0.6686102636174448,4.159055233001709,867.0,0.829102435966945,149.0,296.60171951225374,0.26822790848266775,1.0,0.7254762501100116,79.84125,0.13377930223941803
