sarcomere_area,cell_mask_area_ratio,domain_area_std,domain_oop_mean,sarcomere_length_mean,z_mask_intensity,myof_straightness_std,z_mask_area,z_straightness_std,myof_length_mean,myof_bending_std,sarcomere_oop,n_domains,myof_straightness_mean,z_intensity_mean,myof_bending_mean,z_lat_dist_mean,z_lat_length_groups_mean,z_length_max,sarcomere_area_ratio,z_length_std,myof_length_max,domain_slen_mean,z_mask_area_ratio,z_lat_alignment_std,n_zbands,cell_mask_area,cell_mask_intensity,z_oop,z_lat_alignment_mean,z_length_mean,z_lat_dist_std,myof_length_std,n_vectors,z_straightness_mean,n_mbands,z_intensity_std,sarcomere_length_std,z_lat_neighbors_mean,z_lat_neighbors_std,domain_area_mean,domain_oop_std
110.01051330566406,0.27719965627095905,2.1712500000000006,0.8798134922981262,1.4563415296962066,1009.5640107430618,0.014530701525425814,25.1325,0.0894307441917723,8.257570266723633,0.01789388368502676,0.8358121514320374,2.0,0.9516893146623949,1004.5794779784773,0.03176810349884035,1.4152227222033222,1.8019595425818826,2.1,0.09242115091617495,0.434816269092836,14.501559257507324,1.451174822719522,0.02111411451146438,0.6425391008741064,47.0,1190.3174999999999,636.6154471391036,0.7240072019386262,0.7491343836372586,0.6382978723404256,0.6361168497685157,3.1491127014160156,159.0,0.8553441919249222,57.0,147.22229403340722,0.3260910317330673,0.723404255319149,0.6425391008741064,31.78125,0.04224443435668945
