cell_mask_area,cell_mask_area_ratio,cell_mask_intensity,domain_area_mean,domain_area_std,domain_oop_mean,domain_oop_std,domain_slen_mean,myof_bending_mean,myof_bending_std,myof_length_max,myof_length_mean,myof_length_std,myof_straightness_mean,myof_straightness_std,n_domains,n_mbands,n_vectors,n_zbands,sarcomere_area,sarcomere_area_ratio,sarcomere_length_mean,sarcomere_length_std,sarcomere_oop,z_intensity_mean,z_intensity_std,z_lat_alignment_mean,z_lat_alignment_std,z_lat_dist_mean,z_lat_dist_std,z_lat_length_groups_mean,z_lat_neighbors_mean,z_lat_neighbors_std,z_length_max,z_length_mean,z_length_std,z_mask_area,z_mask_area_ratio,z_mask_intensity,z_oop,z_straightness_mean,z_straightness_std
616.86,0.2613636363636364,722.0198059527283,37.65375,3.4087500000000013,0.9157239198684692,0.02154478430747986,1.4307224956857842,0.029050495958606076,0.018389785666095258,11.65025520324707,8.508563995361328,2.478743314743042,0.9502325725991315,0.020957554066485157,2.0,45.0,160.0,46.0,82.82402038574219,0.1342671276881986,1.4309366569250326,0.19044977839125327,0.9090974926948547,1219.0033484224214,211.22789664463266,0.8092645862147647,0.7183787670373177,2.0299843583872077,0.6766930653577546,2.187658324473177,0.6956521739130435,0.7183787670373177,2.1,0.7206521739130436,0.42955691111490507,18.697499999999998,0.030310767435074406,1230.2057761732851,0.789988642489639,0.8755306109312925,0.08776015409414331
