cell_mask_area,cell_mask_area_ratio,cell_mask_intensity,domain_area_mean,domain_area_std,domain_oop_mean,domain_oop_std,domain_slen_mean,myof_bending_mean,myof_bending_std,myof_length_max,myof_length_mean,myof_length_std,myof_straightness_mean,myof_straightness_std,n_domains,n_mbands,n_vectors,n_zbands,sarcomere_area,sarcomere_area_ratio,sarcomere_length_mean,sarcomere_length_std,sarcomere_oop,z_intensity_mean,z_intensity_std,z_lat_alignment_mean,z_lat_alignment_std,z_lat_dist_mean,z_lat_dist_std,z_lat_length_groups_mean,z_lat_neighbors_mean,z_lat_neighbors_std,z_length_max,z_length_mean,z_length_std,z_mask_area,z_mask_area_ratio,z_mask_intensity,z_oop,z_straightness_mean,z_straightness_std
925.515,0.2626356787128081,640.6289687363252,32.2425,0.0,0.9160232543945312,0.0,1.5935719158710904,0.03032988195271251,0.015225748392069758,7.9320173263549805,6.748287200927734,0.5770608186721802,0.9673088926485662,0.00734770659353797,1.0,20.0,64.0,22.0,47.54610061645508,0.05137258782024611,1.563771961563942,0.21950197246770464,0.869647204875946,1067.1655914318778,159.55446624504125,0.8945175293109777,0.49792959773196915,2.158945526976279,0.22462014947266232,1.7379251549930235,0.45454545454545453,0.49792959773196915,3.75,0.8522727272727273,0.7532471031123235,12.285,0.013273690864005446,1043.9285714285713,0.6049432460134266,0.8500440812329242,0.1203718413458163
