cell_mask_area,cell_mask_area_ratio,cell_mask_intensity,domain_area_mean,domain_area_std,domain_oop_mean,domain_oop_std,domain_slen_mean,myof_bending_mean,myof_bending_std,myof_length_max,myof_length_mean,myof_length_std,myof_straightness_mean,myof_straightness_std,n_domains,n_mbands,n_vectors,n_zbands,sarcomere_area,sarcomere_area_ratio,sarcomere_length_mean,sarcomere_length_std,sarcomere_oop,z_intensity_mean,z_intensity_std,z_lat_alignment_mean,z_lat_alignment_std,z_lat_dist_mean,z_lat_dist_std,z_lat_length_groups_mean,z_lat_neighbors_mean,z_lat_neighbors_std,z_length_max,z_length_mean,z_length_std,z_mask_area,z_mask_area_ratio,z_mask_intensity,z_oop,z_straightness_mean,z_straightness_std
1495.44,0.22308745737225102,620.3081668271545,44.223749999999995,8.06625,0.8491663336753845,0.044414639472961426,1.4167816701012028,0.018475021866651346,0.016587621652055115,8.290915489196777,6.690418243408203,0.7809106707572937,0.9672505062593212,0.01766423253773519,2.0,53.0,243.0,52.0,129.88356018066406,0.08685307346377258,1.422780151489104,0.23655899824555865,0.5513814687728882,1181.2400353107691,391.1380644191722,0.7548774570409255,0.6032456592830046,2.2561744714958016,0.7514497682284869,1.96310234144874,0.46153846153846156,0.6032456592830046,3.4499999999999997,0.989423076923077,0.7177245386035017,26.6175,0.017799109292248434,1212.3288250211326,0.4540780048499655,0.8252683984214102,0.11461468769454138
