sarcomere_area,cell_mask_area_ratio,domain_area_std,domain_oop_mean,sarcomere_length_mean,z_mask_intensity,myof_straightness_std,z_mask_area,z_straightness_std,myof_length_mean,myof_bending_std,sarcomere_oop,n_domains,myof_straightness_mean,z_intensity_mean,myof_bending_mean,z_lat_dist_mean,z_lat_length_groups_mean,z_length_max,sarcomere_area_ratio,z_length_std,myof_length_max,domain_slen_mean,z_mask_area_ratio,z_lat_alignment_std,n_zbands,cell_mask_area,cell_mask_intensity,z_oop,z_lat_alignment_mean,z_length_mean,z_lat_dist_std,myof_length_std,n_vectors,z_straightness_mean,n_mbands,z_intensity_std,sarcomere_length_std,z_lat_neighbors_mean,z_lat_neighbors_std,domain_area_mean,domain_oop_std
288.4203796386719,0.2495051567871653,0.0,0.9304876327514648,1.5844580009888436,1284.4659511472983,0.023101820350729694,60.794999999999995,0.11484955773063191,29.849964141845703,0.009997919875936474,0.9304876327514648,1.0,0.9473910350487957,1202.2517402649814,0.013154873463540127,1.6774494676030276,5.926795484937136,6.3,0.3345167938281975,1.198496685547605,49.693424224853516,1.5844580009888436,0.07051148225469729,0.592218828217972,88.0,862.1999999999999,678.4007828810021,0.839546766233196,0.8075799556107796,1.6926136363636362,0.7055465517593746,13.910469055175781,836.0,0.8116279739896626,85.0,256.1284298137821,0.2155199556109369,1.1136363636363635,0.592218828217972,288.6975,0.0
