cell_mask_area,cell_mask_area_ratio,cell_mask_intensity,domain_area_mean,domain_area_std,domain_oop_mean,domain_oop_std,domain_slen_mean,myof_bending_mean,myof_bending_std,myof_length_max,myof_length_mean,myof_length_std,myof_straightness_mean,myof_straightness_std,n_domains,n_mbands,n_vectors,n_zbands,sarcomere_area,sarcomere_area_ratio,sarcomere_length_mean,sarcomere_length_std,sarcomere_oop,z_intensity_mean,z_intensity_std,z_lat_alignment_mean,z_lat_alignment_std,z_lat_dist_mean,z_lat_dist_std,z_lat_length_groups_mean,z_lat_neighbors_mean,z_lat_neighbors_std,z_length_max,z_length_mean,z_length_std,z_mask_area,z_mask_area_ratio,z_mask_intensity,z_oop,z_straightness_mean,z_straightness_std
1688.6475,0.27230276907001044,654.4246312507495,48.774375,11.429051849207571,0.752498209476471,0.14467553794384003,1.4863772352629123,0.03139274880458143,0.029413766404640156,14.481925964355469,10.052338600158691,2.409343719482422,0.9561518058654308,0.025545535433315388,4.0,101.0,454.0,100.0,230.61947631835938,0.13657052541655934,1.4962406567159967,0.36485633054483496,0.3973219394683838,1229.6538505023686,272.14509527391914,0.6821262124091383,0.6855654600401044,1.6212197976848817,0.697805189060891,2.3406568141380135,0.7,0.6855654600401044,3.15,0.9540000000000001,0.6498722951472851,50.6025,0.029966289589745638,1225.8950644730992,0.2741375289985304,0.8254915735891731,0.11535686307954039
