cell_mask_area,cell_mask_area_ratio,cell_mask_intensity,domain_area_mean,domain_area_std,domain_oop_mean,domain_oop_std,domain_slen_mean,myof_bending_mean,myof_bending_std,myof_length_max,myof_length_mean,myof_length_std,myof_straightness_mean,myof_straightness_std,n_domains,n_mbands,n_vectors,n_zbands,sarcomere_area,sarcomere_area_ratio,sarcomere_length_mean,sarcomere_length_std,sarcomere_oop,z_intensity_mean,z_intensity_std,z_lat_alignment_mean,z_lat_alignment_std,z_lat_dist_mean,z_lat_dist_std,z_lat_length_groups_mean,z_lat_neighbors_mean,z_lat_neighbors_std,z_length_max,z_length_mean,z_length_std,z_mask_area,z_mask_area_ratio,z_mask_intensity,z_oop,z_straightness_mean,z_straightness_std
740.295,0.12706222194760255,602.6684092152452,39.082499999999996,0.0,0.8952575325965881,0.0,1.7198528740131303,0.021380129158227328,0.005010701489599579,13.994044303894043,12.537622451782227,2.052269458770752,0.9454656924532069,0.018334809440749063,1.0,23.0,95.0,21.0,53.39849090576172,0.07213136777333592,1.7013406462929763,0.27326207829174626,0.7845738530158997,838.0278325530978,68.86786917065754,0.7097750979610096,0.45175395145262565,1.3929716839536528,0.7807879915209561,1.3571619473256087,0.2857142857142857,0.45175395145262565,2.85,0.9642857142857144,0.7684466175874761,13.2075,0.01784086073794906,844.0357751277683,0.7171935581018588,0.8844312795984545,0.1072372523395656
