cell_mask_area,cell_mask_area_ratio,cell_mask_intensity,domain_area_mean,domain_area_std,domain_oop_mean,domain_oop_std,domain_slen_mean,myof_bending_mean,myof_bending_std,myof_length_max,myof_length_mean,myof_length_std,myof_straightness_mean,myof_straightness_std,n_domains,n_mbands,n_vectors,n_zbands,sarcomere_area,sarcomere_area_ratio,sarcomere_length_mean,sarcomere_length_std,sarcomere_oop,z_intensity_mean,z_intensity_std,z_lat_alignment_mean,z_lat_alignment_std,z_lat_dist_mean,z_lat_dist_std,z_lat_length_groups_mean,z_lat_neighbors_mean,z_lat_neighbors_std,z_length_max,z_length_mean,z_length_std,z_mask_area,z_mask_area_ratio,z_mask_intensity,z_oop,z_straightness_mean,z_straightness_std
1254.195,0.2566910423842767,646.5365254206881,32.805,2.744999999999999,0.8666378259658813,0.016854196786880493,1.452998744131699,0.04309994058316056,0.022011214536007236,9.378318786621094,7.482612609863281,1.6786690950393677,0.9443328227034753,0.0280774968686748,2.0,39.0,172.0,41.0,83.02330017089844,0.06619648473395161,1.4364036910799711,0.38304975404002223,0.5701749324798584,1200.7848826985658,271.1367630999318,0.7854363799495248,0.5740781607775521,1.4556228285224129,0.7118560979308496,2.0847534560996914,0.6341463414634146,0.5740781607775521,3.9,0.9621951219512193,0.8702242833837945,19.0125,0.015159125973233828,1209.1301775147929,0.5286671781359197,0.8424880895641922,0.11540646749096374
