sarcomere_area,cell_mask_area_ratio,domain_area_std,domain_oop_mean,sarcomere_length_mean,z_mask_intensity,myof_straightness_std,z_mask_area,z_straightness_std,myof_length_mean,myof_bending_std,sarcomere_oop,n_domains,myof_straightness_mean,z_intensity_mean,myof_bending_mean,z_lat_dist_mean,z_lat_length_groups_mean,z_length_max,sarcomere_area_ratio,z_length_std,myof_length_max,domain_slen_mean,z_mask_area_ratio,z_lat_alignment_std,n_zbands,cell_mask_area,cell_mask_intensity,z_oop,z_lat_alignment_mean,z_length_mean,z_lat_dist_std,myof_length_std,n_vectors,z_straightness_mean,n_mbands,z_intensity_std,sarcomere_length_std,z_lat_neighbors_mean,z_lat_neighbors_std,domain_area_mean,domain_oop_std
160.2333984375,0.27551185055039623,19.35064824495551,0.7605722546577454,1.3717573722678083,1423.2350925291296,0.028095845628616813,32.8275,0.11622846511011826,8.249895095825195,0.015823679173587266,0.09591825306415558,3.0,0.9465741987755453,1422.8660091938425,0.02963750549480289,1.5034470740053705,3.017757659204295,4.35,0.23170601512933137,0.9311358058247405,14.964022636413574,1.3797972422177829,0.04747031072067675,0.5983516452371671,54.0,691.5375,860.4781519440378,0.1314637505367015,0.8032811815953282,1.0083333333333333,0.5695036397290978,2.6735711097717285,306.0,0.8480578482273446,63.0,187.63704014607396,0.21000313574813867,0.8888888888888888,0.5983516452371671,43.845,0.20345169305801392
