sarcomere_area,cell_mask_area_ratio,domain_area_std,domain_oop_mean,sarcomere_length_mean,z_mask_intensity,myof_straightness_std,z_mask_area,z_straightness_std,myof_length_mean,myof_bending_std,sarcomere_oop,n_domains,myof_straightness_mean,z_intensity_mean,myof_bending_mean,z_lat_dist_mean,z_lat_length_groups_mean,z_length_max,sarcomere_area_ratio,z_length_std,myof_length_max,domain_slen_mean,z_mask_area_ratio,z_lat_alignment_std,n_zbands,cell_mask_area,cell_mask_intensity,z_oop,z_lat_alignment_mean,z_length_mean,z_lat_dist_std,myof_length_std,n_vectors,z_straightness_mean,n_mbands,z_intensity_std,sarcomere_length_std,z_lat_neighbors_mean,z_lat_neighbors_std,domain_area_mean,domain_oop_std
64.01082611083984,0.24381606069909212,0.0,0.9581385254859924,1.3953279271889583,1139.845598845599,0.01801168019255882,15.5925,0.09127668845461631,6.92554235458374,0.01814825220719785,0.8218736052513123,1.0,0.9668455817340199,1161.9370474526963,0.02409489035269638,1.433026340964877,1.5406213548196743,1.5,0.12793657439970388,0.38070460990116733,7.492803573608398,1.3976956639236877,0.031164275756621847,0.6374950980203691,25.0,500.3325,683.2480550433961,0.46420951339362526,0.7332272635366357,0.708,0.7523817935354857,0.5559315085411072,97.0,0.8269535160007031,33.0,139.74047580389058,0.29132808470323507,0.56,0.6374950980203691,30.15,0.0
