sarcomere_area,cell_mask_area_ratio,domain_area_std,domain_oop_mean,sarcomere_length_mean,z_mask_intensity,myof_straightness_std,z_mask_area,z_straightness_std,myof_length_mean,myof_bending_std,sarcomere_oop,n_domains,myof_straightness_mean,z_intensity_mean,myof_bending_mean,z_lat_dist_mean,z_lat_length_groups_mean,z_length_max,sarcomere_area_ratio,z_length_std,myof_length_max,domain_slen_mean,z_mask_area_ratio,z_lat_alignment_std,n_zbands,cell_mask_area,cell_mask_intensity,z_oop,z_lat_alignment_mean,z_length_mean,z_lat_dist_std,myof_length_std,n_vectors,z_straightness_mean,n_mbands,z_intensity_std,sarcomere_length_std,z_lat_neighbors_mean,z_lat_neighbors_std,domain_area_mean,domain_oop_std
73.96037292480469,0.3018663194444445,1.3049999999999997,0.9222531318664551,1.4740590292814784,1287.6332916145182,0.030463997332384276,17.9775,0.08624934360719438,12.169059753417969,0.00869671171123005,0.7185170650482178,2.0,0.9521030025445356,1302.4825494335234,0.016080535215350304,1.633692722139582,1.1864729958725306,1.95,0.08752370225382419,0.49364325463962,16.90214729309082,1.4663319615139887,0.02127432968554464,0.4375696763306625,31.0,845.0324999999999,695.9134914929307,0.54295580708843,0.680620390130978,0.8225806451612903,0.7368331491105427,3.825664520263672,113.0,0.8459218781068675,33.0,293.92835377227226,0.1973489234555626,0.25806451612903225,0.4375696763306625,25.47,0.03317096829414368
