cell_mask_area,cell_mask_area_ratio,cell_mask_intensity,domain_area_mean,domain_area_std,domain_oop_mean,domain_oop_std,domain_slen_mean,myof_bending_mean,myof_bending_std,myof_length_max,myof_length_mean,myof_length_std,myof_straightness_mean,myof_straightness_std,n_domains,n_mbands,n_vectors,n_zbands,sarcomere_area,sarcomere_area_ratio,sarcomere_length_mean,sarcomere_length_std,sarcomere_oop,z_intensity_mean,z_intensity_std,z_lat_alignment_mean,z_lat_alignment_std,z_lat_dist_mean,z_lat_dist_std,z_lat_length_groups_mean,z_lat_neighbors_mean,z_lat_neighbors_std,z_length_max,z_length_mean,z_length_std,z_mask_area,z_mask_area_ratio,z_mask_intensity,z_oop,z_straightness_mean,z_straightness_std
3098.0025,0.3407047237275135,598.0537806215457,184.86899999999997,135.92227809119444,0.8087397813796997,0.14239738881587982,1.4875329201552385,0.024822298998638224,0.015329906780559278,46.460121154785156,17.007715225219727,10.05033016204834,0.9244962878759382,0.04856615478892756,5.0,335.0,2618.0,314.0,1122.5269775390625,0.3623389514821445,1.4600273822401781,0.23040542944251677,0.5172634720802307,806.6450772257826,174.31798125062673,0.8300013092186359,0.7060589279261664,1.769218017670293,0.6485802772242415,6.2582186559397215,1.1910828025477707,0.7060589279261664,10.5,1.4775477707006368,1.50933318446614,212.1525,0.06848041600999354,820.1426450312864,0.4431146937363446,0.8042258142492127,0.12001377644371948
