sarcomere_area,cell_mask_area_ratio,domain_area_std,domain_oop_mean,sarcomere_length_mean,z_mask_intensity,myof_straightness_std,z_mask_area,z_straightness_std,myof_length_mean,myof_bending_std,sarcomere_oop,n_domains,myof_straightness_mean,z_intensity_mean,myof_bending_mean,z_lat_dist_mean,z_lat_length_groups_mean,z_length_max,sarcomere_area_ratio,z_length_std,myof_length_max,domain_slen_mean,z_mask_area_ratio,z_lat_alignment_std,n_zbands,cell_mask_area,cell_mask_intensity,z_oop,z_lat_alignment_mean,z_length_mean,z_lat_dist_std,myof_length_std,n_vectors,z_straightness_mean,n_mbands,z_intensity_std,sarcomere_length_std,z_lat_neighbors_mean,z_lat_neighbors_std,domain_area_mean,domain_oop_std
37.04743576049805,0.10158615376297579,0.0,0.9764569401741028,1.2712649214634346,1171.770731707317,0.025051640029944602,9.225,0.08661671271457336,10.185575485229492,0.022879198220760715,0.9764570593833923,1.0,0.9637484122380151,1132.854363819251,0.027760769852656946,0.9039667772269444,1.2327095396038492,2.1,0.054770072862541326,0.5904761717249901,16.151010513305664,1.2712649214634346,0.0136380268103649,0.4330127018922193,16.0,676.4175,721.0495958487177,0.9235883100735158,0.9478148652174054,0.965625,0.26757067415905267,3.598811388015747,74.0,0.806717746674458,18.0,161.0654004235441,0.1890541373014156,0.25,0.4330127018922193,29.947499999999998,0.0
