cell_mask_area,cell_mask_area_ratio,cell_mask_intensity,domain_area_mean,domain_area_std,domain_oop_mean,domain_oop_std,domain_slen_mean,myof_bending_mean,myof_bending_std,myof_length_max,myof_length_mean,myof_length_std,myof_straightness_mean,myof_straightness_std,n_domains,n_mbands,n_vectors,n_zbands,sarcomere_area,sarcomere_area_ratio,sarcomere_length_mean,sarcomere_length_std,sarcomere_oop,z_intensity_mean,z_intensity_std,z_lat_alignment_mean,z_lat_alignment_std,z_lat_dist_mean,z_lat_dist_std,z_lat_length_groups_mean,z_lat_neighbors_mean,z_lat_neighbors_std,z_length_max,z_length_mean,z_length_std,z_mask_area,z_mask_area_ratio,z_mask_intensity,z_oop,z_straightness_mean,z_straightness_std
261.0225,0.1438330688355485,629.2831652443755,46.5975,0.0,0.8964366316795349,0.0,1.4821189442009244,0.03226888250059548,0.014271659197965497,18.821163177490234,12.665889739990234,5.357658386230469,0.9664823000629741,0.015155297690131377,1.0,26.0,101.0,27.0,55.9045524597168,0.21417522420372498,1.4821189442009244,0.2787672129527762,0.8964366316795349,1051.8263661805865,199.46104564662858,0.8056564071367454,0.6988134171893782,1.4444627397758534,0.42606031662105676,2.2349780822210903,0.7407407407407407,0.6988134171893782,2.55,0.8722222222222222,0.601438604565527,11.407499999999999,0.04370312904059995,1038.974358974359,0.8111335857620113,0.8344368141726768,0.11295387046055075
