cell_mask_area,cell_mask_area_ratio,cell_mask_intensity,domain_area_mean,domain_area_std,domain_oop_mean,domain_oop_std,domain_slen_mean,myof_bending_mean,myof_bending_std,myof_length_max,myof_length_mean,myof_length_std,myof_straightness_mean,myof_straightness_std,n_domains,n_mbands,n_vectors,n_zbands,sarcomere_area,sarcomere_area_ratio,sarcomere_length_mean,sarcomere_length_std,sarcomere_oop,z_intensity_mean,z_intensity_std,z_lat_alignment_mean,z_lat_alignment_std,z_lat_dist_mean,z_lat_dist_std,z_lat_length_groups_mean,z_lat_neighbors_mean,z_lat_neighbors_std,z_length_max,z_length_mean,z_length_std,z_mask_area,z_mask_area_ratio,z_mask_intensity,z_oop,z_straightness_mean,z_straightness_std
314.505,0.2655395136778116,746.6465874946344,,,,,,0.025982281791328186,0.014188771387158912,5.275788307189941,4.921748638153076,0.308342844247818,0.9623925974884338,0.014077990746860447,0.0,11.0,47.0,12.0,21.582582473754883,0.06862397250840171,1.4799408099316889,0.43919753728491984,0.9800135493278503,1643.458461601804,195.58093786891553,0.6691806818536988,0.4714045207910317,1.1160988115829098,0.05543863980308983,1.153219762316582,0.3333333333333333,0.4714045207910317,1.95,0.7750000000000004,0.5332682251925386,4.1625,0.013235083702961796,1644.918918918919,0.9587502247968069,0.8077452485791007,0.10817777896262938
