cell_mask_area,cell_mask_area_ratio,cell_mask_intensity,domain_area_mean,domain_area_std,domain_oop_mean,domain_oop_std,domain_slen_mean,myof_bending_mean,myof_bending_std,myof_length_max,myof_length_mean,myof_length_std,myof_straightness_mean,myof_straightness_std,n_domains,n_mbands,n_vectors,n_zbands,sarcomere_area,sarcomere_area_ratio,sarcomere_length_mean,sarcomere_length_std,sarcomere_oop,z_intensity_mean,z_intensity_std,z_lat_alignment_mean,z_lat_alignment_std,z_lat_dist_mean,z_lat_dist_std,z_lat_length_groups_mean,z_lat_neighbors_mean,z_lat_neighbors_std,z_length_max,z_length_mean,z_length_std,z_mask_area,z_mask_area_ratio,z_mask_intensity,z_oop,z_straightness_mean,z_straightness_std
735.525,0.20772965278836866,652.4885591924136,73.935,0.0,0.8039178252220154,0.0,1.4251863923226955,0.02880769396195069,0.01734247872042827,15.184371948242188,11.070544242858887,3.736366033554077,0.9569290167381321,0.01971668087612155,1.0,44.0,175.0,33.0,93.30525970458984,0.12685532062756513,1.4250491860125085,0.2805865670643403,0.8066191077232361,1242.7493663010014,203.7887824602847,0.7492432342227203,0.6210273191490665,1.6232568782757393,0.6745643832359537,3.269380731896449,0.9090909090909091,0.6210273191490665,3.15,1.0454545454545454,0.7545180717922911,18.3825,0.02499235240134598,1228.5373317013464,0.6656918922555733,0.7950728844012698,0.12061608708908952
