cell_mask_area,cell_mask_area_ratio,cell_mask_intensity,domain_area_mean,domain_area_std,domain_oop_mean,domain_oop_std,domain_slen_mean,myof_bending_mean,myof_bending_std,myof_length_max,myof_length_mean,myof_length_std,myof_straightness_mean,myof_straightness_std,n_domains,n_mbands,n_vectors,n_zbands,sarcomere_area,sarcomere_area_ratio,sarcomere_length_mean,sarcomere_length_std,sarcomere_oop,z_intensity_mean,z_intensity_std,z_lat_alignment_mean,z_lat_alignment_std,z_lat_dist_mean,z_lat_dist_std,z_lat_length_groups_mean,z_lat_neighbors_mean,z_lat_neighbors_std,z_length_max,z_length_mean,z_length_std,z_mask_area,z_mask_area_ratio,z_mask_intensity,z_oop,z_straightness_mean,z_straightness_std
761.4449999999999,0.07948721562216678,656.0695289876485,97.47,60.95249999999999,0.8845856189727783,0.006978124380111694,1.4995056819018975,0.020850053588767098,0.018296317153495698,28.738191604614258,16.11878776550293,7.036235809326172,0.955018926395027,0.02458668609716119,2.0,82.0,577.0,89.0,233.1259307861328,0.30616253411097694,1.4772155838699998,0.24641554957040473,0.8232967853546143,1098.5569691135763,234.7448514228753,0.7513691565696768,0.6538128775719622,1.4174428294258337,0.6027290401976018,2.8153282945541513,0.7640449438202247,0.6538128775719622,7.05,1.1983146067415733,1.083182199033707,54.0,0.07091779445659241,1129.9733333333334,0.7519857884719751,0.8267281056805361,0.12113026686520427
