cell_mask_area,cell_mask_area_ratio,cell_mask_intensity,domain_area_mean,domain_area_std,domain_oop_mean,domain_oop_std,domain_slen_mean,myof_bending_mean,myof_bending_std,myof_length_max,myof_length_mean,myof_length_std,myof_straightness_mean,myof_straightness_std,n_domains,n_mbands,n_vectors,n_zbands,sarcomere_area,sarcomere_area_ratio,sarcomere_length_mean,sarcomere_length_std,sarcomere_oop,z_intensity_mean,z_intensity_std,z_lat_alignment_mean,z_lat_alignment_std,z_lat_dist_mean,z_lat_dist_std,z_lat_length_groups_mean,z_lat_neighbors_mean,z_lat_neighbors_std,z_length_max,z_length_mean,z_length_std,z_mask_area,z_mask_area_ratio,z_mask_intensity,z_oop,z_straightness_mean,z_straightness_std
766.17,0.21628556910569105,643.3425349465523,66.38625,16.188750000000002,0.8101549744606018,0.1340884566307068,1.3890154558942718,0.03759903880794631,0.03829075618020611,22.77018165588379,12.686594009399414,3.464888572692871,0.9379804862859136,0.03181325172306234,2.0,65.0,332.0,62.0,152.28604125976562,0.19876273054252402,1.3846710954622234,0.2738107002534384,0.7591612339019775,1225.1830966707084,240.45923933186486,0.7836417525180054,0.5939339561136119,1.4123512355239483,0.650787874102765,2.471386626078226,0.7419354838709677,0.5939339561136119,3.15,1.0306451612903222,0.662920885095606,34.3575,0.04484318101726771,1239.787819253438,0.7069002385804039,0.8126958117547551,0.08888574373481296
