cell_mask_area,cell_mask_area_ratio,cell_mask_intensity,domain_area_mean,domain_area_std,domain_oop_mean,domain_oop_std,domain_slen_mean,myof_bending_mean,myof_bending_std,myof_length_max,myof_length_mean,myof_length_std,myof_straightness_mean,myof_straightness_std,n_domains,n_mbands,n_vectors,n_zbands,sarcomere_area,sarcomere_area_ratio,sarcomere_length_mean,sarcomere_length_std,sarcomere_oop,z_intensity_mean,z_intensity_std,z_lat_alignment_mean,z_lat_alignment_std,z_lat_dist_mean,z_lat_dist_std,z_lat_length_groups_mean,z_lat_neighbors_mean,z_lat_neighbors_std,z_length_max,z_length_mean,z_length_std,z_mask_area,z_mask_area_ratio,z_mask_intensity,z_oop,z_straightness_mean,z_straightness_std
2178.9,0.3358197309696951,639.5940520446096,79.644375,56.46320503696965,0.6655329465866089,0.2240549474954605,1.4637494246914522,0.03747554868120425,0.049585746835124365,19.316434860229492,11.88412857055664,3.723078727722168,0.9283867503361398,0.06329807813678537,4.0,149.0,868.0,152.0,387.86151123046875,0.17800794494032252,1.4426693484088777,0.2675066071295921,0.14128996431827545,1315.528073938094,296.60171951225374,0.7628067014583578,0.7254762501100116,1.6754613817397281,0.6686102636174448,3.735987697529202,1.0,0.7254762501100116,4.5,1.0302631578947368,0.8681339238247119,81.7875,0.03753614209004543,1309.6863823933975,0.0374753533547868,0.829102435966945,0.10777035373294912
