cell_mask_area,cell_mask_area_ratio,cell_mask_intensity,domain_area_mean,domain_area_std,domain_oop_mean,domain_oop_std,domain_slen_mean,myof_bending_mean,myof_bending_std,myof_length_max,myof_length_mean,myof_length_std,myof_straightness_mean,myof_straightness_std,n_domains,n_mbands,n_vectors,n_zbands,sarcomere_area,sarcomere_area_ratio,sarcomere_length_mean,sarcomere_length_std,sarcomere_oop,z_intensity_mean,z_intensity_std,z_lat_alignment_mean,z_lat_alignment_std,z_lat_dist_mean,z_lat_dist_std,z_lat_length_groups_mean,z_lat_neighbors_mean,z_lat_neighbors_std,z_length_max,z_length_mean,z_length_std,z_mask_area,z_mask_area_ratio,z_mask_intensity,z_oop,z_straightness_mean,z_straightness_std
329.625,0.2070495788343038,695.4080546075086,34.065,0.0,0.884381115436554,0.0,1.2925064738109806,0.02658716566905497,0.02573609446356185,12.213980674743652,8.89163589477539,2.4185569286346436,0.9579988836161734,0.021446798486427724,1.0,12.0,101.0,11.0,41.06671905517578,0.1245861784002299,1.2925064738109806,0.19391853764926062,0.884381115436554,1512.5520948564038,252.57458857717495,0.7499101266094756,0.48104569292083466,1.5465374513859984,0.7965374513859984,2.677008322530222,0.36363636363636365,0.48104569292083466,4.5,1.9090909090909094,1.5136977874514903,8.28,0.025119453924914673,1606.2282608695652,0.8037865032095287,0.7465188015924,0.1870819169552985
