cell_mask_area,cell_mask_area_ratio,cell_mask_intensity,domain_area_mean,domain_area_std,domain_oop_mean,domain_oop_std,domain_slen_mean,myof_bending_mean,myof_bending_std,myof_length_max,myof_length_mean,myof_length_std,myof_straightness_mean,myof_straightness_std,n_domains,n_mbands,n_vectors,n_zbands,sarcomere_area,sarcomere_area_ratio,sarcomere_length_mean,sarcomere_length_std,sarcomere_oop,z_intensity_mean,z_intensity_std,z_lat_alignment_mean,z_lat_alignment_std,z_lat_dist_mean,z_lat_dist_std,z_lat_length_groups_mean,z_lat_neighbors_mean,z_lat_neighbors_std,z_length_max,z_length_mean,z_length_std,z_mask_area,z_mask_area_ratio,z_mask_intensity,z_oop,z_straightness_mean,z_straightness_std
676.4175,0.10158615376297579,721.0495958487177,29.9025,0.0,0.9771282076835632,0.0,1.2746479769987145,0.018105489018762765,0.011149359415570222,16.245195388793945,10.434037208557129,3.43485951423645,0.9646498556957063,0.020694557252710025,1.0,18.0,73.0,16.0,37.04742431640625,0.05477005594386048,1.2746479769987145,0.18915954535189744,0.9771283268928528,1132.854363819251,161.0654004235441,0.9478148652174054,0.4330127018922193,0.9039667772269444,0.26757067415905267,1.2327095396038492,0.25,0.4330127018922193,2.1,0.965625,0.5904761717249901,9.225,0.0136380268103649,1171.770731707317,0.9235883100735158,0.806717746674458,0.08661671271457336
