cell_mask_area,cell_mask_area_ratio,cell_mask_intensity,domain_area_mean,domain_area_std,domain_oop_mean,domain_oop_std,domain_slen_mean,myof_bending_mean,myof_bending_std,myof_length_max,myof_length_mean,myof_length_std,myof_straightness_mean,myof_straightness_std,n_domains,n_mbands,n_vectors,n_zbands,sarcomere_area,sarcomere_area_ratio,sarcomere_length_mean,sarcomere_length_std,sarcomere_oop,z_intensity_mean,z_intensity_std,z_lat_alignment_mean,z_lat_alignment_std,z_lat_dist_mean,z_lat_dist_std,z_lat_length_groups_mean,z_lat_neighbors_mean,z_lat_neighbors_std,z_length_max,z_length_mean,z_length_std,z_mask_area,z_mask_area_ratio,z_mask_intensity,z_oop,z_straightness_mean,z_straightness_std
1664.1225,0.294688819826281,633.4777653087438,77.2725,26.016340057740635,0.8429165482521057,0.04522254690527916,1.3957448346156565,0.03242352856433944,0.02528650909041937,21.217945098876953,11.570844650268555,4.570311069488525,0.9509071698367756,0.0260778530123254,3.0,125.0,610.0,125.0,287.25897216796875,0.1726188860303065,1.4024909278845927,0.26455814995710597,0.0960971787571907,956.5885447359341,158.57838380044797,0.7901887624578752,0.6695192304930457,1.453163252776948,0.7197592673137196,2.854857432474794,0.912,0.6695192304930457,3.4499999999999997,0.8904,0.6422365919192086,61.65,0.037046551560957805,978.7525547445256,0.1635010784909785,0.8425850616470019,0.10488234848081812
