sarcomere_area,cell_mask_area_ratio,domain_area_std,domain_oop_mean,sarcomere_length_mean,z_mask_intensity,myof_straightness_std,z_mask_area,z_straightness_std,myof_length_mean,myof_bending_std,sarcomere_oop,n_domains,myof_straightness_mean,z_intensity_mean,myof_bending_mean,z_lat_dist_mean,z_lat_length_groups_mean,z_length_max,sarcomere_area_ratio,z_length_std,myof_length_max,domain_slen_mean,z_mask_area_ratio,z_lat_alignment_std,n_zbands,cell_mask_area,cell_mask_intensity,z_oop,z_lat_alignment_mean,z_length_mean,z_lat_dist_std,myof_length_std,n_vectors,z_straightness_mean,n_mbands,z_intensity_std,sarcomere_length_std,z_lat_neighbors_mean,z_lat_neighbors_std,domain_area_mean,domain_oop_std
74.92601776123047,0.9066280241935484,0.0,0.945853054523468,1.3406560304511288,1034.9884696016773,0.02420280510327221,21.465,0.12969115189949398,6.100518226623535,0.009731091193227051,0.9080311059951782,1.0,0.9650334750284832,1032.6603009125895,0.011757782903580972,1.4595095874513064,1.4340011984314132,3.75,0.022039413837866676,0.9057973007246157,8.588292121887207,1.3868656575396459,0.00631390846818227,0.41573970964154905,36.0,3399.6375,537.8188490684669,0.8692540678937563,0.8023399004059233,1.1124999999999998,0.25215424671758624,1.302065372467041,154.0,0.8408334803151467,37.0,156.68577338474225,0.259205193802768,0.2222222222222222,0.41573970964154905,34.3125,0.0
