sarcomere_area,cell_mask_area_ratio,domain_area_std,domain_oop_mean,sarcomere_length_mean,z_mask_intensity,myof_straightness_std,z_mask_area,z_straightness_std,myof_length_mean,myof_bending_std,sarcomere_oop,n_domains,myof_straightness_mean,z_intensity_mean,myof_bending_mean,z_lat_dist_mean,z_lat_length_groups_mean,z_length_max,sarcomere_area_ratio,z_length_std,myof_length_max,domain_slen_mean,z_mask_area_ratio,z_lat_alignment_std,n_zbands,cell_mask_area,cell_mask_intensity,z_oop,z_lat_alignment_mean,z_length_mean,z_lat_dist_std,myof_length_std,n_vectors,z_straightness_mean,n_mbands,z_intensity_std,sarcomere_length_std,z_lat_neighbors_mean,z_lat_neighbors_std,domain_area_mean,domain_oop_std
27.54882049560547,0.40779663057593246,,,1.4461800227952235,720.0221518987341,0.002744087325652178,7.109999999999999,0.12942217402685635,5.991340160369873,0.0012437883275249423,0.9758458733558655,0.0,0.9792146755609461,709.547730039555,0.0036964016197794675,0.8639196281366537,1.9632886822981408,3.4499999999999997,0.025820705245300613,0.946320748575066,6.064249515533447,,0.006663995444863872,0.45175395145262565,14.0,1066.9275,528.7163373331365,0.7936515761830245,0.7251231646909841,0.9535714285714286,0.29350106664239695,0.07335872948169708,45.0,0.8428244470441532,11.0,47.265643112912315,0.2519140461532097,0.7142857142857143,0.45175395145262565,,
