cell_mask_area,cell_mask_area_ratio,cell_mask_intensity,domain_area_mean,domain_area_std,domain_oop_mean,domain_oop_std,domain_slen_mean,myof_bending_mean,myof_bending_std,myof_length_max,myof_length_mean,myof_length_std,myof_straightness_mean,myof_straightness_std,n_domains,n_mbands,n_vectors,n_zbands,sarcomere_area,sarcomere_area_ratio,sarcomere_length_mean,sarcomere_length_std,sarcomere_oop,z_intensity_mean,z_intensity_std,z_lat_alignment_mean,z_lat_alignment_std,z_lat_dist_mean,z_lat_dist_std,z_lat_length_groups_mean,z_lat_neighbors_mean,z_lat_neighbors_std,z_length_max,z_length_mean,z_length_std,z_mask_area,z_mask_area_ratio,z_mask_intensity,z_oop,z_straightness_mean,z_straightness_std
1066.9275,0.40779663057593246,528.7163373331365,,,,,,0.0036964016197794675,0.0012437883275249423,6.064249515533447,5.991340160369873,0.07335872948169708,0.9792146755609461,0.002744087325652178,0.0,11.0,45.0,14.0,27.54882049560547,0.025820705245300613,1.4461800227952235,0.2519140461532097,0.9758458733558655,709.547730039555,47.265643112912315,0.7251231646909841,0.45175395145262565,0.8639196281366537,0.29350106664239695,1.9632886822981408,0.7142857142857143,0.45175395145262565,3.4499999999999997,0.9535714285714286,0.946320748575066,7.109999999999999,0.006663995444863872,720.0221518987341,0.7936515761830245,0.8428244470441532,0.12942217402685635
