cell_mask_area,cell_mask_area_ratio,cell_mask_intensity,domain_area_mean,domain_area_std,domain_oop_mean,domain_oop_std,domain_slen_mean,myof_bending_mean,myof_bending_std,myof_length_max,myof_length_mean,myof_length_std,myof_straightness_mean,myof_straightness_std,n_domains,n_mbands,n_vectors,n_zbands,sarcomere_area,sarcomere_area_ratio,sarcomere_length_mean,sarcomere_length_std,sarcomere_oop,z_intensity_mean,z_intensity_std,z_lat_alignment_mean,z_lat_alignment_std,z_lat_dist_mean,z_lat_dist_std,z_lat_length_groups_mean,z_lat_neighbors_mean,z_lat_neighbors_std,z_length_max,z_length_mean,z_length_std,z_mask_area,z_mask_area_ratio,z_mask_intensity,z_oop,z_straightness_mean,z_straightness_std
1022.13,0.2525573741327166,584.7398740864664,89.88749999999999,9.247499999999995,0.9452000856399536,0.012390285730361938,1.603101975479966,0.01999068926790135,0.015149045399901844,46.23381042480469,25.48345947265625,12.184821128845215,0.9590218352836514,0.018451866835597398,2.0,75.0,394.0,69.0,211.854736328125,0.20726789775089763,1.6109396213907505,0.2240490964412121,0.9108784198760986,897.0915917711201,161.75801876470882,0.8596392899681454,0.575710842493948,1.5273960916018101,0.4803098406194445,3.2917797506349924,0.9565217391304348,0.575710842493948,3.75,0.9869565217391304,0.8390234218765689,38.97,0.038126265739191686,908.203233256351,0.8437001631937879,0.8345838826279979,0.08927266488961424
