cell_mask_area,cell_mask_area_ratio,cell_mask_intensity,domain_area_mean,domain_area_std,domain_oop_mean,domain_oop_std,domain_slen_mean,myof_bending_mean,myof_bending_std,myof_length_max,myof_length_mean,myof_length_std,myof_straightness_mean,myof_straightness_std,n_domains,n_mbands,n_vectors,n_zbands,sarcomere_area,sarcomere_area_ratio,sarcomere_length_mean,sarcomere_length_std,sarcomere_oop,z_intensity_mean,z_intensity_std,z_lat_alignment_mean,z_lat_alignment_std,z_lat_dist_mean,z_lat_dist_std,z_lat_length_groups_mean,z_lat_neighbors_mean,z_lat_neighbors_std,z_length_max,z_length_mean,z_length_std,z_mask_area,z_mask_area_ratio,z_mask_intensity,z_oop,z_straightness_mean,z_straightness_std
3097.935,0.34069730037364215,598.0543119852418,308.93249999999995,125.12074108636024,0.6378962397575378,0.11237490922212601,1.465405257012467,0.023420036742260623,0.017621191917921674,47.90444564819336,16.332849502563477,10.018560409545898,0.92807705302832,0.051193297733112465,3.0,335.0,2624.0,313.0,1122.800537109375,0.36243515022406053,1.4603891851982997,0.23647112198025572,0.5158144235610962,806.7783295840776,174.5844718005472,0.8303317704510687,0.7028463543229158,1.7631481810494045,0.6489474678173105,6.1693938554229675,1.182108626198083,0.7028463543229158,10.5,1.4808306709265173,1.5108129796591563,212.2875,0.06852548552503522,820.1564387917329,0.44289395071145343,0.8032915383751507,0.11950764210049213
