cell_mask_area,cell_mask_area_ratio,cell_mask_intensity,domain_area_mean,domain_area_std,domain_oop_mean,domain_oop_std,domain_slen_mean,myof_bending_mean,myof_bending_std,myof_length_max,myof_length_mean,myof_length_std,myof_straightness_mean,myof_straightness_std,n_domains,n_mbands,n_vectors,n_zbands,sarcomere_area,sarcomere_area_ratio,sarcomere_length_mean,sarcomere_length_std,sarcomere_oop,z_intensity_mean,z_intensity_std,z_lat_alignment_mean,z_lat_alignment_std,z_lat_dist_mean,z_lat_dist_std,z_lat_length_groups_mean,z_lat_neighbors_mean,z_lat_neighbors_std,z_length_max,z_length_mean,z_length_std,z_mask_area,z_mask_area_ratio,z_mask_intensity,z_oop,z_straightness_mean,z_straightness_std
845.0324999999999,0.3018663194444445,695.9134914929307,25.47,1.3049999999999997,0.9222531318664551,0.03317096829414368,1.4663319615139887,0.016080535215350304,0.00869671171123005,16.90214729309082,12.169059753417969,3.825664520263672,0.9521030025445356,0.030463997332384276,2.0,33.0,113.0,31.0,73.96037292480469,0.08752370225382419,1.4740590292814784,0.1973489234555626,0.7185170650482178,1302.4825494335234,293.92835377227226,0.680620390130978,0.4375696763306625,1.633692722139582,0.7368331491105427,1.1864729958725306,0.25806451612903225,0.4375696763306625,1.95,0.8225806451612903,0.49364325463962,17.9775,0.02127432968554464,1287.6332916145182,0.54295580708843,0.8459218781068675,0.08624934360719438
