cell_mask_area,cell_mask_area_ratio,cell_mask_intensity,domain_area_mean,domain_area_std,domain_oop_mean,domain_oop_std,domain_slen_mean,myof_bending_mean,myof_bending_std,myof_length_max,myof_length_mean,myof_length_std,myof_straightness_mean,myof_straightness_std,n_domains,n_mbands,n_vectors,n_zbands,sarcomere_area,sarcomere_area_ratio,sarcomere_length_mean,sarcomere_length_std,sarcomere_oop,z_intensity_mean,z_intensity_std,z_lat_alignment_mean,z_lat_alignment_std,z_lat_dist_mean,z_lat_dist_std,z_lat_length_groups_mean,z_lat_neighbors_mean,z_lat_neighbors_std,z_length_max,z_length_mean,z_length_std,z_mask_area,z_mask_area_ratio,z_mask_intensity,z_oop,z_straightness_mean,z_straightness_std
1095.4575,0.21488154085163477,747.5574999486516,31.1175,2.655000000000001,0.8642393350601196,0.03182390332221985,1.5369136026833505,0.04025661402247458,0.02304798459308483,12.335494995117188,7.825747013092041,1.924925684928894,0.9387749531423331,0.03531433592592849,2.0,38.0,194.0,35.0,78.8746566772461,0.07200156708703541,1.5359764008928642,0.43089613176828356,0.8087851405143738,2058.5090873189306,362.66457860432064,0.7178838457358806,0.6676183683170241,2.1418185805687475,0.5049104836522104,3.177879053712498,0.8,0.6676183683170241,3.15,1.05,0.7790103612001209,16.29,0.014870499311931316,2066.3162983425414,0.6855681257090385,0.8189610173563283,0.10998561663224278
