sarcomere_area,cell_mask_area_ratio,domain_area_std,domain_oop_mean,sarcomere_length_mean,z_mask_intensity,myof_straightness_std,z_mask_area,z_straightness_std,myof_length_mean,myof_bending_std,sarcomere_oop,n_domains,myof_straightness_mean,z_intensity_mean,myof_bending_mean,z_lat_dist_mean,z_lat_length_groups_mean,z_length_max,sarcomere_area_ratio,z_length_std,myof_length_max,domain_slen_mean,z_mask_area_ratio,z_lat_alignment_std,n_zbands,cell_mask_area,cell_mask_intensity,z_oop,z_lat_alignment_mean,z_length_mean,z_lat_dist_std,myof_length_std,n_vectors,z_straightness_mean,n_mbands,z_intensity_std,sarcomere_length_std,z_lat_neighbors_mean,z_lat_neighbors_std,domain_area_mean,domain_oop_std
64.30448913574219,0.152111382057975,0.0,0.9179084897041321,1.368112473660272,1120.1741379310345,0.016085376266962402,13.049999999999999,0.10526684405429454,7.042738914489746,0.022051348078738292,0.876441240310669,1.0,0.9667716957863818,1095.8656365379215,0.022168205947961178,1.8430345594819024,2.276896599676189,3.0,0.080663184638364,0.5972198905203477,9.354565620422363,1.3747325866904339,0.016369845615421524,0.5756395979652218,26.0,797.1975,598.0628263385171,0.7940987319956491,0.770241412540891,0.6923076923076922,0.5049491187786598,2.1874325275421143,104.0,0.8512151772716088,45.0,309.5853038397305,0.27941767834861025,0.7692307692307693,0.5756395979652218,34.964999999999996,0.0
