cell_mask_area,cell_mask_area_ratio,cell_mask_intensity,domain_area_mean,domain_area_std,domain_oop_mean,domain_oop_std,domain_slen_mean,myof_bending_mean,myof_bending_std,myof_length_max,myof_length_mean,myof_length_std,myof_straightness_mean,myof_straightness_std,n_domains,n_mbands,n_vectors,n_zbands,sarcomere_area,sarcomere_area_ratio,sarcomere_length_mean,sarcomere_length_std,sarcomere_oop,z_intensity_mean,z_intensity_std,z_lat_alignment_mean,z_lat_alignment_std,z_lat_dist_mean,z_lat_dist_std,z_lat_length_groups_mean,z_lat_neighbors_mean,z_lat_neighbors_std,z_length_max,z_length_mean,z_length_std,z_mask_area,z_mask_area_ratio,z_mask_intensity,z_oop,z_straightness_mean,z_straightness_std
925.7175,0.2626931426382327,640.604331234961,32.332499999999996,0.0,0.9158967733383179,0.0,1.5848185569476512,0.026964716304229856,0.02285510873060394,6.372491359710693,6.201813220977783,0.12775397300720215,0.9633312270946541,0.01618096802729707,1.0,20.0,65.0,22.0,47.50204086303711,0.051313754858298685,1.5521717473300196,0.21493029370389458,0.8581970930099487,1067.1655914318778,159.55446624504125,0.8957619356133077,0.49792959773196915,2.158945526976279,0.22462014947266232,1.7379251549930235,0.45454545454545453,0.49792959773196915,3.75,0.8522727272727273,0.7532471031123235,12.285,0.013270787254210924,1043.9285714285713,0.6049432460134266,0.8500440812329242,0.1203718413458163
