cell_mask_area,cell_mask_area_ratio,cell_mask_intensity,domain_area_mean,domain_area_std,domain_oop_mean,domain_oop_std,domain_slen_mean,myof_bending_mean,myof_bending_std,myof_length_max,myof_length_mean,myof_length_std,myof_straightness_mean,myof_straightness_std,n_domains,n_mbands,n_vectors,n_zbands,sarcomere_area,sarcomere_area_ratio,sarcomere_length_mean,sarcomere_length_std,sarcomere_oop,z_intensity_mean,z_intensity_std,z_lat_alignment_mean,z_lat_alignment_std,z_lat_dist_mean,z_lat_dist_std,z_lat_length_groups_mean,z_lat_neighbors_mean,z_lat_neighbors_std,z_length_max,z_length_mean,z_length_std,z_mask_area,z_mask_area_ratio,z_mask_intensity,z_oop,z_straightness_mean,z_straightness_std
1254.195,0.2566910423842767,646.5365254206881,32.9175,2.6324999999999985,0.8660414218902588,0.016262680292129517,1.4538761555691646,0.04235331609652192,0.02312446153695598,11.287142753601074,9.113828659057617,1.701393961906433,0.9361603667289123,0.03552811480072428,2.0,39.0,173.0,41.0,83.02323913574219,0.0661964360691457,1.4375552704131207,0.3844377318563004,0.572579026222229,1200.7848826985658,271.1367630999318,0.7854364012196118,0.5740781607775521,1.4556228285224129,0.7118560979308496,2.0847534560996914,0.6341463414634146,0.5740781607775521,3.9,0.9621951219512193,0.8702242833837945,19.0125,0.015159125973233828,1209.1301775147929,0.5286671781359197,0.8424880895641922,0.11540646749096374
