sarcomere_area,cell_mask_area_ratio,domain_area_std,domain_oop_mean,sarcomere_length_mean,z_mask_intensity,myof_straightness_std,z_mask_area,z_straightness_std,myof_length_mean,myof_bending_std,sarcomere_oop,n_domains,myof_straightness_mean,z_intensity_mean,myof_bending_mean,z_lat_dist_mean,z_lat_length_groups_mean,z_length_max,sarcomere_area_ratio,z_length_std,myof_length_max,domain_slen_mean,z_mask_area_ratio,z_lat_alignment_std,n_zbands,cell_mask_area,cell_mask_intensity,z_oop,z_lat_alignment_mean,z_length_mean,z_lat_dist_std,myof_length_std,n_vectors,z_straightness_mean,n_mbands,z_intensity_std,sarcomere_length_std,z_lat_neighbors_mean,z_lat_neighbors_std,domain_area_mean,domain_oop_std
82.82402801513672,0.2613636363636364,3.4537499999999994,0.9157235622406006,1.4331746923680309,1230.2057761732851,0.01962606987668187,18.697499999999998,0.08776015409414331,8.721269607543945,0.01788754892003272,0.9090973138809204,2.0,0.9519815169469545,1219.0033484224214,0.030289321365382885,2.0299843583872077,2.187658324473177,2.1,0.13426714005631216,0.42955691111490507,11.785694122314453,1.4351088890857375,0.030310767435074406,0.7183787670373177,46.0,616.86,722.0198059527283,0.789988642489639,0.8092591064250076,0.7206521739130436,0.6766930653577546,2.6926896572113037,160.0,0.8755306109312925,45.0,211.22789664463266,0.19000014782167307,0.6956521739130435,0.7183787670373177,37.76625,0.02154448628425598
