cell_mask_area,cell_mask_area_ratio,cell_mask_intensity,domain_area_mean,domain_area_std,domain_oop_mean,domain_oop_std,domain_slen_mean,myof_bending_mean,myof_bending_std,myof_length_max,myof_length_mean,myof_length_std,myof_straightness_mean,myof_straightness_std,n_domains,n_mbands,n_vectors,n_zbands,sarcomere_area,sarcomere_area_ratio,sarcomere_length_mean,sarcomere_length_std,sarcomere_oop,z_intensity_mean,z_intensity_std,z_lat_alignment_mean,z_lat_alignment_std,z_lat_dist_mean,z_lat_dist_std,z_lat_length_groups_mean,z_lat_neighbors_mean,z_lat_neighbors_std,z_length_max,z_length_mean,z_length_std,z_mask_area,z_mask_area_ratio,z_mask_intensity,z_oop,z_straightness_mean,z_straightness_std
500.98499999999996,0.29657946614097713,664.0703314470493,50.152499999999996,0.0,0.9116969704627991,0.0,1.7102330243918586,0.016463892768570486,0.01254042827796481,19.53172492980957,16.629093170166016,4.01547908782959,0.961344836169538,0.01992191410766385,1.0,20.0,104.0,20.0,66.87771606445312,0.13349245199846926,1.7035665630274273,0.26527965463685704,0.9125047922134399,1236.8474519774927,131.45995791442758,0.6980582969482362,0.5830951894845301,1.5027877159031382,0.5365436430809978,2.2833375925299157,0.6,0.5830951894845301,2.6999999999999997,1.1475,0.6116524748580684,14.962499999999999,0.02986616365759454,1223.363909774436,0.7891288793761192,0.800948356198924,0.0923724496167277
