sarcomere_area,cell_mask_area_ratio,domain_area_std,domain_oop_mean,sarcomere_length_mean,z_mask_intensity,myof_straightness_std,z_mask_area,z_straightness_std,myof_length_mean,myof_bending_std,sarcomere_oop,n_domains,myof_straightness_mean,z_intensity_mean,myof_bending_mean,z_lat_dist_mean,z_lat_length_groups_mean,z_length_max,sarcomere_area_ratio,z_length_std,myof_length_max,domain_slen_mean,z_mask_area_ratio,z_lat_alignment_std,n_zbands,cell_mask_area,cell_mask_intensity,z_oop,z_lat_alignment_mean,z_length_mean,z_lat_dist_std,myof_length_std,n_vectors,z_straightness_mean,n_mbands,z_intensity_std,sarcomere_length_std,z_lat_neighbors_mean,z_lat_neighbors_std,domain_area_mean,domain_oop_std
152.28604125976562,0.21628556910569105,16.188750000000002,0.8101549744606018,1.3846710954622234,1239.787819253438,0.03181325172306234,34.3575,0.08888574373481296,12.686594009399414,0.03829075618020611,0.7591612339019775,2.0,0.9379804862859136,1225.1830966707084,0.03759903880794631,1.4123512355239483,2.471386626078226,3.15,0.19876273054252402,0.662920885095606,22.77018165588379,1.3890154558942718,0.04484318101726771,0.5939339561136119,62.0,766.17,643.3425349465523,0.7069002385804039,0.7836417525180054,1.0306451612903222,0.650787874102765,3.464888572692871,332.0,0.8126958117547551,65.0,240.45923933186486,0.2738107002534384,0.7419354838709677,0.5939339561136119,66.38625,0.1340884566307068
