cell_mask_area,cell_mask_area_ratio,cell_mask_intensity,domain_area_mean,domain_area_std,domain_oop_mean,domain_oop_std,domain_slen_mean,myof_bending_mean,myof_bending_std,myof_length_max,myof_length_mean,myof_length_std,myof_straightness_mean,myof_straightness_std,n_domains,n_mbands,n_vectors,n_zbands,sarcomere_area,sarcomere_area_ratio,sarcomere_length_mean,sarcomere_length_std,sarcomere_oop,z_intensity_mean,z_intensity_std,z_lat_alignment_mean,z_lat_alignment_std,z_lat_dist_mean,z_lat_dist_std,z_lat_length_groups_mean,z_lat_neighbors_mean,z_lat_neighbors_std,z_length_max,z_length_mean,z_length_std,z_mask_area,z_mask_area_ratio,z_mask_intensity,z_oop,z_straightness_mean,z_straightness_std
885.3075,0.3096238589864653,658.1765318829898,72.72,0.0,0.7516318559646606,0.0,1.3691691189158672,0.017887620781346626,0.008964254129699126,16.263492584228516,10.37255859375,3.663912534713745,0.9338918946614418,0.03424899190368057,1.0,33.0,211.0,29.0,82.38838195800781,0.09306188184106405,1.3691691189158672,0.34946193078994636,0.7516319155693054,1250.8504867226031,213.2326033312285,0.7064911456115291,0.6071316159192762,1.6023241423558015,0.6008484678230309,3.6268883656640885,0.896551724137931,0.6071316159192762,3.5999999999999996,1.2827586206896548,1.0062970581901924,17.505,0.019772790809972806,1262.798200514139,0.7176394949881273,0.7820939434314866,0.11569565101681911
