cell_mask_area,cell_mask_area_ratio,cell_mask_intensity,domain_area_mean,domain_area_std,domain_oop_mean,domain_oop_std,domain_slen_mean,myof_bending_mean,myof_bending_std,myof_length_max,myof_length_mean,myof_length_std,myof_straightness_mean,myof_straightness_std,n_domains,n_mbands,n_vectors,n_zbands,sarcomere_area,sarcomere_area_ratio,sarcomere_length_mean,sarcomere_length_std,sarcomere_oop,z_intensity_mean,z_intensity_std,z_lat_alignment_mean,z_lat_alignment_std,z_lat_dist_mean,z_lat_dist_std,z_lat_length_groups_mean,z_lat_neighbors_mean,z_lat_neighbors_std,z_length_max,z_length_mean,z_length_std,z_mask_area,z_mask_area_ratio,z_mask_intensity,z_oop,z_straightness_mean,z_straightness_std
1920.3975,0.2731398069002596,695.6690021206547,227.67749999999998,98.58753565994029,0.4955574572086334,0.20889031887054443,1.4346498597307298,0.0380786647534027,0.0365460545191189,41.37281036376953,12.65903377532959,6.144474983215332,0.9120756217998063,0.07211058881617677,3.0,270.0,2120.0,258.0,762.6564331054688,0.3971346729546715,1.4351710122203871,0.35571720301367826,0.3921952247619629,1092.833143416683,262.2038200952433,0.8108079574437668,0.6522232044837405,1.5678331354009187,0.6896321058050494,8.165105266226359,1.3643410852713178,0.6522232044837405,9.75,1.5255813953488373,1.29818173795896,160.4925,0.08357254162224227,1096.450161222487,0.3917374682325344,0.7808273914891362,0.1397468022058624
