sarcomere_area,cell_mask_area_ratio,domain_area_std,domain_oop_mean,sarcomere_length_mean,z_mask_intensity,myof_straightness_std,z_mask_area,z_straightness_std,myof_length_mean,myof_bending_std,sarcomere_oop,n_domains,myof_straightness_mean,z_intensity_mean,myof_bending_mean,z_lat_dist_mean,z_lat_length_groups_mean,z_length_max,sarcomere_area_ratio,z_length_std,myof_length_max,domain_slen_mean,z_mask_area_ratio,z_lat_alignment_std,n_zbands,cell_mask_area,cell_mask_intensity,z_oop,z_lat_alignment_mean,z_length_mean,z_lat_dist_std,myof_length_std,n_vectors,z_straightness_mean,n_mbands,z_intensity_std,sarcomere_length_std,z_lat_neighbors_mean,z_lat_neighbors_std,domain_area_mean,domain_oop_std
233.1259307861328,0.07948721562216678,60.95249999999999,0.8845856189727783,1.4772155838699998,1129.9733333333334,0.02458668609716119,54.0,0.12113026686520427,16.11878776550293,0.018296317153495698,0.8232967853546143,2.0,0.955018926395027,1098.5569691135763,0.020850053588767098,1.4174428294258337,2.8153282945541513,7.05,0.30616253411097694,1.083182199033707,28.738191604614258,1.4995056819018975,0.07091779445659241,0.6538128775719622,89.0,761.4449999999999,656.0695289876485,0.7519857884719751,0.7513691565696768,1.1983146067415733,0.6027290401976018,7.036235809326172,577.0,0.8267281056805361,82.0,234.7448514228753,0.24641554957040473,0.7640449438202247,0.6538128775719622,97.47,0.006978124380111694
