cell_mask_area,cell_mask_area_ratio,cell_mask_intensity,domain_area_mean,domain_area_std,domain_oop_mean,domain_oop_std,domain_slen_mean,myof_bending_mean,myof_bending_std,myof_length_max,myof_length_mean,myof_length_std,myof_straightness_mean,myof_straightness_std,n_domains,n_mbands,n_vectors,n_zbands,sarcomere_area,sarcomere_area_ratio,sarcomere_length_mean,sarcomere_length_std,sarcomere_oop,z_intensity_mean,z_intensity_std,z_lat_alignment_mean,z_lat_alignment_std,z_lat_dist_mean,z_lat_dist_std,z_lat_length_groups_mean,z_lat_neighbors_mean,z_lat_neighbors_std,z_length_max,z_length_mean,z_length_std,z_mask_area,z_mask_area_ratio,z_mask_intensity,z_oop,z_straightness_mean,z_straightness_std
474.57,0.11732378070487717,712.1463113976863,23.265,0.0,0.9107874035835266,0.0,1.3884594093473288,0.02549443773063136,0.0229640155591325,14.179522514343262,9.751150131225586,2.5423707962036133,0.951264983717612,0.022737021329704572,1.0,29.0,98.0,26.0,58.616302490234375,0.12351455526104553,1.3728431382498218,0.2560466934044957,0.6613052487373352,1410.4988229598348,178.65335345904134,0.8805162989600833,0.4985185152621431,1.1359370234903685,0.7346067510333952,1.2182811070471107,0.46153846153846156,0.4985185152621431,1.95,0.675,0.501392292291406,12.7575,0.02688223022947089,1361.2927689594355,0.5312113554542487,0.853262172058314,0.12628692749904594
