cell_mask_area,cell_mask_area_ratio,cell_mask_intensity,domain_area_mean,domain_area_std,domain_oop_mean,domain_oop_std,domain_slen_mean,myof_bending_mean,myof_bending_std,myof_length_max,myof_length_mean,myof_length_std,myof_straightness_mean,myof_straightness_std,n_domains,n_mbands,n_vectors,n_zbands,sarcomere_area,sarcomere_area_ratio,sarcomere_length_mean,sarcomere_length_std,sarcomere_oop,z_intensity_mean,z_intensity_std,z_lat_alignment_mean,z_lat_alignment_std,z_lat_dist_mean,z_lat_dist_std,z_lat_length_groups_mean,z_lat_neighbors_mean,z_lat_neighbors_std,z_length_max,z_length_mean,z_length_std,z_mask_area,z_mask_area_ratio,z_mask_intensity,z_oop,z_straightness_mean,z_straightness_std
1051.605,0.17621553960306452,543.3880354315546,94.6125,21.307500000000005,0.7428120970726013,0.013534069061279297,1.4458877137949,0.02862121798139032,0.022440436825572046,32.28727340698242,13.601231575012207,7.420266628265381,0.9307729126314304,0.05676434533759693,2.0,90.0,449.0,94.0,239.3937225341797,0.22764604821599335,1.466439591482463,0.27820848654202723,0.6148926019668579,671.1075438560146,65.49754054316809,0.7964746204377112,0.6629972957822505,1.5406602121132036,0.6648350514939927,3.0578115513895643,0.9148936170212766,0.6629972957822505,5.1,0.954255319148936,0.8467918046037332,46.845,0.044546193675381915,669.5931796349664,0.45455963145952144,0.840672552638595,0.10804453874424601
