cell_mask_area,cell_mask_area_ratio,cell_mask_intensity,domain_area_mean,domain_area_std,domain_oop_mean,domain_oop_std,domain_slen_mean,myof_bending_mean,myof_bending_std,myof_length_max,myof_length_mean,myof_length_std,myof_straightness_mean,myof_straightness_std,n_domains,n_mbands,n_vectors,n_zbands,sarcomere_area,sarcomere_area_ratio,sarcomere_length_mean,sarcomere_length_std,sarcomere_oop,z_intensity_mean,z_intensity_std,z_lat_alignment_mean,z_lat_alignment_std,z_lat_dist_mean,z_lat_dist_std,z_lat_length_groups_mean,z_lat_neighbors_mean,z_lat_neighbors_std,z_length_max,z_length_mean,z_length_std,z_mask_area,z_mask_area_ratio,z_mask_intensity,z_oop,z_straightness_mean,z_straightness_std
535.4325,0.14295583429450212,696.5217044165231,49.2975,0.0,0.9216051697731018,0.0,1.2773196017005959,0.04579079449602275,0.028632987079581916,10.900854110717773,7.926441669464111,1.8964024782180786,0.9546169111939956,0.02125104337423122,1.0,23.0,137.0,28.0,53.10763931274414,0.09918643211374756,1.2773196017005959,0.2552261869039261,0.9216052293777466,1438.1248468076733,233.51973913086425,0.8535544918540955,0.5297284633639759,1.4590468939645833,0.7022692939409344,3.783515646882212,1.0714285714285714,0.5297284633639759,2.85,0.975,0.7109475568362469,12.195,0.02277598016556709,1446.9944649446495,0.8262527152072102,0.8226177529479948,0.08746500838257994
