sarcomere_area,cell_mask_area_ratio,domain_area_std,domain_oop_mean,sarcomere_length_mean,z_mask_intensity,myof_straightness_std,z_mask_area,z_straightness_std,myof_length_mean,myof_bending_std,sarcomere_oop,n_domains,myof_straightness_mean,z_intensity_mean,myof_bending_mean,z_lat_dist_mean,z_lat_length_groups_mean,z_length_max,sarcomere_area_ratio,z_length_std,myof_length_max,domain_slen_mean,z_mask_area_ratio,z_lat_alignment_std,n_zbands,cell_mask_area,cell_mask_intensity,z_oop,z_lat_alignment_mean,z_length_mean,z_lat_dist_std,myof_length_std,n_vectors,z_straightness_mean,n_mbands,z_intensity_std,sarcomere_length_std,z_lat_neighbors_mean,z_lat_neighbors_std,domain_area_mean,domain_oop_std
91.75749969482422,0.17250645994832042,,,1.389009872346841,1010.7121212121212,0.040433151167631194,20.79,0.09931587799659046,6.159496307373047,0.13847531416843706,0.6705465316772461,0.0,0.9279138548945687,1029.7391266640225,0.12653156985616132,2.313692127048388,1.616093335626152,1.3499999999999999,0.0763576823237669,0.27092871177471267,8.256675720214844,,0.01730077890952666,0.6322475900481,39.0,1201.68,614.7810253145597,0.4001769735882617,0.5622973175331453,0.5076923076923077,0.48477887682543297,1.2456202507019043,100.0,0.8587633976184045,57.0,208.28068864508228,0.25943193971855744,0.5641025641025641,0.6322475900481,,
