cell_mask_area,cell_mask_area_ratio,cell_mask_intensity,domain_area_mean,domain_area_std,domain_oop_mean,domain_oop_std,domain_slen_mean,myof_bending_mean,myof_bending_std,myof_length_max,myof_length_mean,myof_length_std,myof_straightness_mean,myof_straightness_std,n_domains,n_mbands,n_vectors,n_zbands,sarcomere_area,sarcomere_area_ratio,sarcomere_length_mean,sarcomere_length_std,sarcomere_oop,z_intensity_mean,z_intensity_std,z_lat_alignment_mean,z_lat_alignment_std,z_lat_dist_mean,z_lat_dist_std,z_lat_length_groups_mean,z_lat_neighbors_mean,z_lat_neighbors_std,z_length_max,z_length_mean,z_length_std,z_mask_area,z_mask_area_ratio,z_mask_intensity,z_oop,z_straightness_mean,z_straightness_std
351.7425,0.2541785900104058,632.6251519222159,,,,,,0.05949323432699363,0.012739194905842504,7.089690685272217,6.56910514831543,0.42084217071533203,0.9442434499625855,0.02565438535859519,0.0,9.0,31.0,11.0,23.767776489257812,0.0675715231718027,1.4514474003612907,0.285691906440012,0.9306643009185791,859.5629658220568,84.33193523309203,0.8806557184539695,0.6555547773570889,1.3020840000583809,0.21113326784749925,1.5195315000218927,0.5454545454545454,0.6555547773570889,1.2,0.75,0.35032452487268534,4.8149999999999995,0.013688991236486916,861.1168224299065,0.8161943096443505,0.8404832891123214,0.1049317479713338
