cell_mask_area,cell_mask_area_ratio,cell_mask_intensity,domain_area_mean,domain_area_std,domain_oop_mean,domain_oop_std,domain_slen_mean,myof_bending_mean,myof_bending_std,myof_length_max,myof_length_mean,myof_length_std,myof_straightness_mean,myof_straightness_std,n_domains,n_mbands,n_vectors,n_zbands,sarcomere_area,sarcomere_area_ratio,sarcomere_length_mean,sarcomere_length_std,sarcomere_oop,z_intensity_mean,z_intensity_std,z_lat_alignment_mean,z_lat_alignment_std,z_lat_dist_mean,z_lat_dist_std,z_lat_length_groups_mean,z_lat_neighbors_mean,z_lat_neighbors_std,z_length_max,z_length_mean,z_length_std,z_mask_area,z_mask_area_ratio,z_mask_intensity,z_oop,z_straightness_mean,z_straightness_std
1254.4424999999999,0.2567416972130634,646.5108604021308,33.8625,0.0,0.7637902498245239,0.0,1.4325364978823,0.037900120603618415,0.027624206058078082,9.313048362731934,7.613980770111084,1.0860424041748047,0.9523445319763373,0.03216512534999553,1.0,39.0,166.0,40.0,83.07975769042969,0.0662284303110184,1.430291081096623,0.3593116069086734,0.5651281476020813,1198.266387882913,273.90563979168115,0.7617434664261106,0.58309518948453,1.5655767850008828,0.744710903818589,2.074532907857521,0.6,0.58309518948453,3.9,0.9824999999999999,0.8746106276509564,18.99,0.015138198841317957,1209.85663507109,0.5204013361211074,0.8417554200084251,0.11695691399019498
