cell_mask_area,cell_mask_area_ratio,cell_mask_intensity,domain_area_mean,domain_area_std,domain_oop_mean,domain_oop_std,domain_slen_mean,myof_bending_mean,myof_bending_std,myof_length_max,myof_length_mean,myof_length_std,myof_straightness_mean,myof_straightness_std,n_domains,n_mbands,n_vectors,n_zbands,sarcomere_area,sarcomere_area_ratio,sarcomere_length_mean,sarcomere_length_std,sarcomere_oop,z_intensity_mean,z_intensity_std,z_lat_alignment_mean,z_lat_alignment_std,z_lat_dist_mean,z_lat_dist_std,z_lat_length_groups_mean,z_lat_neighbors_mean,z_lat_neighbors_std,z_length_max,z_length_mean,z_length_std,z_mask_area,z_mask_area_ratio,z_mask_intensity,z_oop,z_straightness_mean,z_straightness_std
1117.5525,0.30446562662825266,676.3305683625601,126.6975,70.51500000000001,0.6450272798538208,0.18789587914943695,1.514923465851877,0.03366765172101165,0.02416351321934891,32.51482009887695,12.724387168884277,4.9155449867248535,0.928456283708926,0.054988985880186816,2.0,107.0,574.0,112.0,317.9761962890625,0.2845290903908877,1.5358967603265494,0.24256514639841859,0.2050829976797104,1145.8786291244428,183.4099767293937,0.7279006761124124,0.7194013242315601,1.7092604219641614,0.6709367202904976,3.6624442668075243,0.9821428571428571,0.7194013242315601,3.5999999999999996,1.0245535714285714,0.7204597842361019,67.77,0.06064144637500251,1139.6570385126163,0.11837339915701169,0.8450229091530079,0.09182865147717939
