cell_mask_area,cell_mask_area_ratio,cell_mask_intensity,domain_area_mean,domain_area_std,domain_oop_mean,domain_oop_std,domain_slen_mean,myof_bending_mean,myof_bending_std,myof_length_max,myof_length_mean,myof_length_std,myof_straightness_mean,myof_straightness_std,n_domains,n_mbands,n_vectors,n_zbands,sarcomere_area,sarcomere_area_ratio,sarcomere_length_mean,sarcomere_length_std,sarcomere_oop,z_intensity_mean,z_intensity_std,z_lat_alignment_mean,z_lat_alignment_std,z_lat_dist_mean,z_lat_dist_std,z_lat_length_groups_mean,z_lat_neighbors_mean,z_lat_neighbors_std,z_length_max,z_length_mean,z_length_std,z_mask_area,z_mask_area_ratio,z_mask_intensity,z_oop,z_straightness_mean,z_straightness_std
929.2049999999999,0.26603365198794093,654.089834858831,33.705,0.0,0.9284775853157043,0.0,1.336208023644675,0.11909279242524315,0.09837458653268644,10.845616340637207,7.226869583129883,2.1806201934814453,0.9241576851845068,0.052513208512735235,1.0,35.0,107.0,25.0,60.23733139038086,0.06482674048286531,1.3375133256319318,0.3245752000417087,0.3836035132408142,1116.5693945232956,175.95559125564867,0.8598676305071046,0.6523802572120037,1.5605372237335902,0.7298480107504617,2.5547078186478203,0.88,0.6523802572120037,1.7999999999999998,0.7439999999999999,0.38296736153359073,12.3075,0.01324519347183883,1105.4405850091407,0.43120754776559084,0.8113062667719011,0.07005549312603519
