cell_mask_area,cell_mask_area_ratio,cell_mask_intensity,domain_area_mean,domain_area_std,domain_oop_mean,domain_oop_std,domain_slen_mean,myof_bending_mean,myof_bending_std,myof_length_max,myof_length_mean,myof_length_std,myof_straightness_mean,myof_straightness_std,n_domains,n_mbands,n_vectors,n_zbands,sarcomere_area,sarcomere_area_ratio,sarcomere_length_mean,sarcomere_length_std,sarcomere_oop,z_intensity_mean,z_intensity_std,z_lat_alignment_mean,z_lat_alignment_std,z_lat_dist_mean,z_lat_dist_std,z_lat_length_groups_mean,z_lat_neighbors_mean,z_lat_neighbors_std,z_length_max,z_length_mean,z_length_std,z_mask_area,z_mask_area_ratio,z_mask_intensity,z_oop,z_straightness_mean,z_straightness_std
789.5024999999999,0.17151725486362301,648.0813645301946,,,,,,0.032077794720968944,0.023252261916977258,12.26302719116211,8.837124824523926,2.9000673294067383,0.9636810477442628,0.01565940315314913,0.0,39.0,77.0,22.0,59.53948974609375,0.07541393440311304,1.3580696885074102,0.18140104609661184,0.8832998871803284,1001.2141042412896,218.47230452484882,0.8584618858482211,0.38569460791993493,2.496907042484525,0.20725641411346363,0.8121907042484524,0.18181818181818182,0.38569460791993493,1.2,0.5113636363636364,0.2623892918849163,11.8125,0.014961953888683065,1027.5542857142857,0.660677233990255,0.8711842716255705,0.07467418550890273
