cell_mask_area,cell_mask_area_ratio,cell_mask_intensity,domain_area_mean,domain_area_std,domain_oop_mean,domain_oop_std,domain_slen_mean,myof_bending_mean,myof_bending_std,myof_length_max,myof_length_mean,myof_length_std,myof_straightness_mean,myof_straightness_std,n_domains,n_mbands,n_vectors,n_zbands,sarcomere_area,sarcomere_area_ratio,sarcomere_length_mean,sarcomere_length_std,sarcomere_oop,z_intensity_mean,z_intensity_std,z_lat_alignment_mean,z_lat_alignment_std,z_lat_dist_mean,z_lat_dist_std,z_lat_length_groups_mean,z_lat_neighbors_mean,z_lat_neighbors_std,z_length_max,z_length_mean,z_length_std,z_mask_area,z_mask_area_ratio,z_mask_intensity,z_oop,z_straightness_mean,z_straightness_std
1095.9524999999999,0.2149786385142292,747.4562606499826,30.25125,1.6762499999999996,0.8652336597442627,0.031556636095047,1.5154734675135577,0.023608092612522117,0.019849031310239164,10.79137134552002,8.423369407653809,1.2189136743545532,0.9475936388879113,0.03296424804208241,2.0,38.0,193.0,35.0,78.98038482666016,0.07206551819231231,1.5120386250266449,0.41561440573482117,0.8079729676246643,2058.3101757543045,362.5018991731158,0.7146117052985022,0.6676183683170241,2.184319913424839,0.46617372768865434,3.2276418470451307,0.8,0.6676183683170241,3.15,1.0628571428571427,0.7726894457619029,16.3125,0.014884312960643825,2066.575172413793,0.6870162189258364,0.8177705411658521,0.10959742541623033
