cell_mask_area,cell_mask_area_ratio,cell_mask_intensity,domain_area_mean,domain_area_std,domain_oop_mean,domain_oop_std,domain_slen_mean,myof_bending_mean,myof_bending_std,myof_length_max,myof_length_mean,myof_length_std,myof_straightness_mean,myof_straightness_std,n_domains,n_mbands,n_vectors,n_zbands,sarcomere_area,sarcomere_area_ratio,sarcomere_length_mean,sarcomere_length_std,sarcomere_oop,z_intensity_mean,z_intensity_std,z_lat_alignment_mean,z_lat_alignment_std,z_lat_dist_mean,z_lat_dist_std,z_lat_length_groups_mean,z_lat_neighbors_mean,z_lat_neighbors_std,z_length_max,z_length_mean,z_length_std,z_mask_area,z_mask_area_ratio,z_mask_intensity,z_oop,z_straightness_mean,z_straightness_std
3403.2599999999998,0.9075940860215054,537.7901372507537,33.4125,0.0,0.9456376433372498,0.0,1.3934417991571275,0.015787018363562392,0.015361734805716142,8.332220077514648,6.7568359375,0.9428728222846985,0.964402451356101,0.02418844019665921,1.0,37.0,152.0,36.0,74.9895248413086,0.022034615292780627,1.3756080242031767,0.2838964691675005,0.9153483510017395,1032.5345933944402,156.57282226510077,0.792395670160172,0.41573970964154905,1.4595095874513064,0.25215424671758624,1.4340011984314132,0.2222222222222222,0.41573970964154905,3.75,1.1124999999999998,0.9057973007246157,21.509999999999998,0.006320410429999471,1034.5292887029289,0.8689404861341816,0.8405683547328773,0.13045258576051602
