cell_mask_area,cell_mask_area_ratio,cell_mask_intensity,domain_area_mean,domain_area_std,domain_oop_mean,domain_oop_std,domain_slen_mean,myof_bending_mean,myof_bending_std,myof_length_max,myof_length_mean,myof_length_std,myof_straightness_mean,myof_straightness_std,n_domains,n_mbands,n_vectors,n_zbands,sarcomere_area,sarcomere_area_ratio,sarcomere_length_mean,sarcomere_length_std,sarcomere_oop,z_intensity_mean,z_intensity_std,z_lat_alignment_mean,z_lat_alignment_std,z_lat_dist_mean,z_lat_dist_std,z_lat_length_groups_mean,z_lat_neighbors_mean,z_lat_neighbors_std,z_length_max,z_length_mean,z_length_std,z_mask_area,z_mask_area_ratio,z_mask_intensity,z_oop,z_straightness_mean,z_straightness_std
775.8675,0.30340865096962655,627.590377867355,35.1,0.0,0.986310601234436,0.0,1.3527724169023823,0.023373501912133048,0.020409288474717333,13.89161491394043,9.812016487121582,2.3585712909698486,0.9586748147016849,0.01993114980180004,1.0,23.0,137.0,24.0,40.56321334838867,0.052281109014604525,1.342114509570283,0.30692517400208835,0.9847219586372375,937.2994008190093,165.1088557875582,0.8495935463700326,0.5713045500334204,1.1235174630505729,0.4291119686619999,1.980271896550236,0.5833333333333334,0.5713045500334204,2.25,1.075,0.6576473218982952,9.855,0.012701911086622395,971.9634703196347,0.8902337566696753,0.8593136983746076,0.08722399449982166
