cell_mask_area,cell_mask_area_ratio,cell_mask_intensity,domain_area_mean,domain_area_std,domain_oop_mean,domain_oop_std,domain_slen_mean,myof_bending_mean,myof_bending_std,myof_length_max,myof_length_mean,myof_length_std,myof_straightness_mean,myof_straightness_std,n_domains,n_mbands,n_vectors,n_zbands,sarcomere_area,sarcomere_area_ratio,sarcomere_length_mean,sarcomere_length_std,sarcomere_oop,z_intensity_mean,z_intensity_std,z_lat_alignment_mean,z_lat_alignment_std,z_lat_dist_mean,z_lat_dist_std,z_lat_length_groups_mean,z_lat_neighbors_mean,z_lat_neighbors_std,z_length_max,z_length_mean,z_length_std,z_mask_area,z_mask_area_ratio,z_mask_intensity,z_oop,z_straightness_mean,z_straightness_std
806.2875,0.1594963413982802,738.4349379098646,105.9975,0.0,0.535470724105835,0.0,1.4743226716145879,0.028165766057864635,0.020497528496532826,20.904380798339844,11.17637825012207,4.471710205078125,0.9570997164166082,0.028115038654106833,1.0,50.0,267.0,52.0,126.2815170288086,0.15662095347975577,1.4743226716145879,0.3450783939300494,0.535470724105835,1438.1120360216628,354.8511894866359,0.8275184948455818,0.6458790624517948,1.604445036859607,0.5426841841223776,3.2288100315939485,0.9230769230769231,0.6458790624517948,3.9,0.9980769230769231,0.8438671023274533,26.865,0.03331938049393051,1482.2420435510887,0.2454928799354324,0.8194844730740105,0.11073876545776672
