cell_mask_area,cell_mask_area_ratio,cell_mask_intensity,domain_area_mean,domain_area_std,domain_oop_mean,domain_oop_std,domain_slen_mean,myof_bending_mean,myof_bending_std,myof_length_max,myof_length_mean,myof_length_std,myof_straightness_mean,myof_straightness_std,n_domains,n_mbands,n_vectors,n_zbands,sarcomere_area,sarcomere_area_ratio,sarcomere_length_mean,sarcomere_length_std,sarcomere_oop,z_intensity_mean,z_intensity_std,z_lat_alignment_mean,z_lat_alignment_std,z_lat_dist_mean,z_lat_dist_std,z_lat_length_groups_mean,z_lat_neighbors_mean,z_lat_neighbors_std,z_length_max,z_length_mean,z_length_std,z_mask_area,z_mask_area_ratio,z_mask_intensity,z_oop,z_straightness_mean,z_straightness_std
1412.415,0.30050647696918054,676.053334182942,39.166875000000005,18.61288191137727,0.8066228628158569,0.14416974782943726,1.4485583476019663,0.03876509727231789,0.03289943182747923,18.2357234954834,7.943822860717773,3.032846450805664,0.9548307206003969,0.02713696212822398,4.0,85.0,411.0,81.0,223.6995086669922,0.1583808644534306,1.4499780635251254,0.3554230872386667,0.5383794903755188,1326.8319860522963,296.52537138110296,0.7930475568327963,0.712635540230213,1.4804625508286509,0.6686034965462901,2.2975279244770763,0.6172839506172839,0.712635540230213,4.35,1.1314814814814813,0.8423015370321332,44.4375,0.03146207028387549,1321.3483544303797,0.4844851953670013,0.8065648212817648,0.10908772462851776
