cell_mask_area,cell_mask_area_ratio,cell_mask_intensity,domain_area_mean,domain_area_std,domain_oop_mean,domain_oop_std,domain_slen_mean,myof_bending_mean,myof_bending_std,myof_length_max,myof_length_mean,myof_length_std,myof_straightness_mean,myof_straightness_std,n_domains,n_mbands,n_vectors,n_zbands,sarcomere_area,sarcomere_area_ratio,sarcomere_length_mean,sarcomere_length_std,sarcomere_oop,z_intensity_mean,z_intensity_std,z_lat_alignment_mean,z_lat_alignment_std,z_lat_dist_mean,z_lat_dist_std,z_lat_length_groups_mean,z_lat_neighbors_mean,z_lat_neighbors_std,z_length_max,z_length_mean,z_length_std,z_mask_area,z_mask_area_ratio,z_mask_intensity,z_oop,z_straightness_mean,z_straightness_std
2204.2799999999997,0.35600907029478457,633.9011105667157,38.885625,14.947337594764994,0.7817800641059875,0.08926932513713837,1.4928238269197043,0.02160957301775344,0.019183921848613113,15.461847305297852,8.113948822021484,2.2213733196258545,0.9629716642003641,0.024950664411093722,4.0,95.0,353.0,105.0,231.73794555664062,0.10513090240651853,1.4754167751161846,0.24290255028340638,0.5807172656059265,864.4401968257113,93.89288242772265,0.7886272533181994,0.7319095640701276,1.861193436104977,0.720395972390261,2.7367624785019515,0.8380952380952381,0.7319095640701276,4.35,0.8099999999999999,0.6681317235396026,57.059999999999995,0.025886003593009962,863.1261829652997,0.4944618811437711,0.8530239448206896,0.10728645744761302
