cell_mask_area,cell_mask_area_ratio,cell_mask_intensity,domain_area_mean,domain_area_std,domain_oop_mean,domain_oop_std,domain_slen_mean,myof_bending_mean,myof_bending_std,myof_length_max,myof_length_mean,myof_length_std,myof_straightness_mean,myof_straightness_std,n_domains,n_mbands,n_vectors,n_zbands,sarcomere_area,sarcomere_area_ratio,sarcomere_length_mean,sarcomere_length_std,sarcomere_oop,z_intensity_mean,z_intensity_std,z_lat_alignment_mean,z_lat_alignment_std,z_lat_dist_mean,z_lat_dist_std,z_lat_length_groups_mean,z_lat_neighbors_mean,z_lat_neighbors_std,z_length_max,z_length_mean,z_length_std,z_mask_area,z_mask_area_ratio,z_mask_intensity,z_oop,z_straightness_mean,z_straightness_std
1902.7575,0.37167569848239124,578.3120720848558,355.995,11.452500000000015,0.3993333578109741,0.0149049311876297,1.5123558922270106,0.024266519220667585,0.018663638626297042,71.3237533569336,20.513608932495117,12.455002784729004,0.854900984578109,0.1363698427791779,2.0,222.0,2041.0,207.0,789.78173828125,0.415072198260288,1.5130249178614525,0.1837939127022492,0.37901273369789124,752.3607881082714,126.97356458166757,0.818766152646246,0.6350406463828013,1.6737642398468202,0.5910012691857996,6.094226845134199,1.1304347826086956,0.6350406463828013,9.45,1.703623188405797,1.7250565804747127,151.875,0.07981836886728866,764.1875555555556,0.287941731944572,0.8056499425639464,0.12995222814160656
