sarcomere_area,cell_mask_area_ratio,domain_area_std,domain_oop_mean,sarcomere_length_mean,z_mask_intensity,myof_straightness_std,z_mask_area,z_straightness_std,myof_length_mean,myof_bending_std,sarcomere_oop,n_domains,myof_straightness_mean,z_intensity_mean,myof_bending_mean,z_lat_dist_mean,z_lat_length_groups_mean,z_length_max,sarcomere_area_ratio,z_length_std,myof_length_max,domain_slen_mean,z_mask_area_ratio,z_lat_alignment_std,n_zbands,cell_mask_area,cell_mask_intensity,z_oop,z_lat_alignment_mean,z_length_mean,z_lat_dist_std,myof_length_std,n_vectors,z_straightness_mean,n_mbands,z_intensity_std,sarcomere_length_std,z_lat_neighbors_mean,z_lat_neighbors_std,domain_area_mean,domain_oop_std
45.78744888305664,0.28884884066587396,0.0,0.6737614274024963,1.411406284458063,1122.8530701754387,0.006538710029246036,10.26,0.07420893155637787,9.12861156463623,0.015291032400047236,0.6713309288024902,1.0,0.9677688468821353,1147.7009264538024,0.026083357158310828,2.017992154174536,1.2777628598057733,1.5,0.13089327382362195,0.31167748898959186,10.183943748474121,1.423333822437755,0.029330417443879847,0.5753831415997415,21.0,349.8075,708.5189425612658,0.46526028758588617,0.8031472014572429,0.65,0.6667703245421256,1.1991862058639526,85.0,0.8643666901185699,28.0,222.92267392912458,0.3695595776620393,0.38095238095238093,0.5753831415997415,36.652499999999996,0.0
