cell_mask_area,cell_mask_area_ratio,cell_mask_intensity,domain_area_mean,domain_area_std,domain_oop_mean,domain_oop_std,domain_slen_mean,myof_bending_mean,myof_bending_std,myof_length_max,myof_length_mean,myof_length_std,myof_straightness_mean,myof_straightness_std,n_domains,n_mbands,n_vectors,n_zbands,sarcomere_area,sarcomere_area_ratio,sarcomere_length_mean,sarcomere_length_std,sarcomere_oop,z_intensity_mean,z_intensity_std,z_lat_alignment_mean,z_lat_alignment_std,z_lat_dist_mean,z_lat_dist_std,z_lat_length_groups_mean,z_lat_neighbors_mean,z_lat_neighbors_std,z_length_max,z_length_mean,z_length_std,z_mask_area,z_mask_area_ratio,z_mask_intensity,z_oop,z_straightness_mean,z_straightness_std
474.885,0.11740165539337842,712.0150668056477,23.9625,0.0,0.9182185530662537,0.0,1.3772801933068326,0.03671669179332014,0.021431064838733097,13.992208480834961,9.703893661499023,2.277705430984497,0.9420816112783713,0.018796330205025257,1.0,29.0,101.0,26.0,58.57343673706055,0.12334236022839329,1.3708698095383522,0.2439344466026236,0.6774054765701294,1410.6236148346266,178.86535250281716,0.8807241766716833,0.4985185152621431,1.1359370234903685,0.7346067510333952,1.2182811070471107,0.46153846153846156,0.4985185152621431,1.95,0.675,0.501392292291406,12.78,0.026911778641144697,1362.036971830986,0.530170670281916,0.8535674223635643,0.1261135767159077
