cell_mask_area,cell_mask_area_ratio,cell_mask_intensity,domain_area_mean,domain_area_std,domain_oop_mean,domain_oop_std,domain_slen_mean,myof_bending_mean,myof_bending_std,myof_length_max,myof_length_mean,myof_length_std,myof_straightness_mean,myof_straightness_std,n_domains,n_mbands,n_vectors,n_zbands,sarcomere_area,sarcomere_area_ratio,sarcomere_length_mean,sarcomere_length_std,sarcomere_oop,z_intensity_mean,z_intensity_std,z_lat_alignment_mean,z_lat_alignment_std,z_lat_dist_mean,z_lat_dist_std,z_lat_length_groups_mean,z_lat_neighbors_mean,z_lat_neighbors_std,z_length_max,z_length_mean,z_length_std,z_mask_area,z_mask_area_ratio,z_mask_intensity,z_oop,z_straightness_mean,z_straightness_std
889.1324999999999,0.1859439773010667,632.655844320166,106.04249999999999,0.0,0.8998838067054749,0.0,1.3867938949585046,0.026587528176034943,0.015087263395754672,20.6480655670166,11.479501724243164,4.7891998291015625,0.9484582830717143,0.030806198959335153,1.0,48.0,257.0,43.0,129.66876220703125,0.1458373889235083,1.3867938949585046,0.25150870320591806,0.8998838663101196,1062.2340941256014,181.18057110677293,0.7403318633566599,0.5453971813748173,1.8067613687583723,0.7661764808714993,4.882775574072129,1.069767441860465,0.5453971813748173,5.7,1.3046511627906976,1.223976266750469,28.665,0.032239289419743404,1088.3626373626373,0.7728034586388012,0.8117797292247455,0.12196731150316159
