cell_mask_area,cell_mask_area_ratio,cell_mask_intensity,domain_area_mean,domain_area_std,domain_oop_mean,domain_oop_std,domain_slen_mean,myof_bending_mean,myof_bending_std,myof_length_max,myof_length_mean,myof_length_std,myof_straightness_mean,myof_straightness_std,n_domains,n_mbands,n_vectors,n_zbands,sarcomere_area,sarcomere_area_ratio,sarcomere_length_mean,sarcomere_length_std,sarcomere_oop,z_intensity_mean,z_intensity_std,z_lat_alignment_mean,z_lat_alignment_std,z_lat_dist_mean,z_lat_dist_std,z_lat_length_groups_mean,z_lat_neighbors_mean,z_lat_neighbors_std,z_length_max,z_length_mean,z_length_std,z_mask_area,z_mask_area_ratio,z_mask_intensity,z_oop,z_straightness_mean,z_straightness_std
349.8075,0.28884884066587396,708.5189425612658,36.832499999999996,0.0,0.6790712475776672,0.0,1.4404912223084125,0.028800770688032044,0.01734629023557075,10.422886848449707,9.37081527709961,1.1063978672027588,0.9748495038108228,0.007297117581065368,1.0,28.0,87.0,21.0,45.78739929199219,0.13089313205689468,1.4276541501361526,0.3711488975876804,0.6756672859191895,1147.7009264538024,222.92267392912458,0.8031472014572429,0.5753831415997415,2.017992154174536,0.6667703245421256,1.2777628598057733,0.38095238095238093,0.5753831415997415,1.5,0.65,0.31167748898959186,10.26,0.029330417443879847,1122.8530701754387,0.46526028758588617,0.8643666901185699,0.07420893155637787
