cell_mask_area,cell_mask_area_ratio,cell_mask_intensity,domain_area_mean,domain_area_std,domain_oop_mean,domain_oop_std,domain_slen_mean,myof_bending_mean,myof_bending_std,myof_length_max,myof_length_mean,myof_length_std,myof_straightness_mean,myof_straightness_std,n_domains,n_mbands,n_vectors,n_zbands,sarcomere_area,sarcomere_area_ratio,sarcomere_length_mean,sarcomere_length_std,sarcomere_oop,z_intensity_mean,z_intensity_std,z_lat_alignment_mean,z_lat_alignment_std,z_lat_dist_mean,z_lat_dist_std,z_lat_length_groups_mean,z_lat_neighbors_mean,z_lat_neighbors_std,z_length_max,z_length_mean,z_length_std,z_mask_area,z_mask_area_ratio,z_mask_intensity,z_oop,z_straightness_mean,z_straightness_std
380.78999999999996,0.2644003187051821,641.921826991255,53.707499999999996,0.0,0.6936866044998169,0.0,1.3846683633432997,0.08358451736417266,0.07740473227918403,9.751276016235352,6.63209867477417,1.4261314868927002,0.9387511216769019,0.028722308261321657,1.0,35.0,120.0,28.0,74.2640609741211,0.195026290013186,1.3846683633432997,0.17644714341400855,0.6936866044998169,1034.3733962502624,119.52453033066591,0.8447001921410545,0.703489842985436,1.781550725765391,0.6148796723951839,3.601789298960065,1.0714285714285714,0.703489842985436,2.4,0.7178571428571431,0.5603274370711234,16.2675,0.042720397069250765,1048.3969571230982,0.5423994084770186,0.8505790978854831,0.10376282590043805
