cell_mask_area,cell_mask_area_ratio,cell_mask_intensity,domain_area_mean,domain_area_std,domain_oop_mean,domain_oop_std,domain_slen_mean,myof_bending_mean,myof_bending_std,myof_length_max,myof_length_mean,myof_length_std,myof_straightness_mean,myof_straightness_std,n_domains,n_mbands,n_vectors,n_zbands,sarcomere_area,sarcomere_area_ratio,sarcomere_length_mean,sarcomere_length_std,sarcomere_oop,z_intensity_mean,z_intensity_std,z_lat_alignment_mean,z_lat_alignment_std,z_lat_dist_mean,z_lat_dist_std,z_lat_length_groups_mean,z_lat_neighbors_mean,z_lat_neighbors_std,z_length_max,z_length_mean,z_length_std,z_mask_area,z_mask_area_ratio,z_mask_intensity,z_oop,z_straightness_mean,z_straightness_std
920.43,0.22754983980064078,616.8329666568886,47.16,21.644999999999996,0.5596232414245605,0.05889818072319031,1.5082707972433032,0.0547962555711213,0.06181767551631688,12.460734367370605,8.463912963867188,2.1775848865509033,0.9382656727923901,0.04690044467773921,2.0,61.0,189.0,56.0,122.01148223876953,0.13255921932006728,1.4801982666030868,0.269338468811109,0.27684852480888367,1101.4810413336202,212.00203828337493,0.7551947367998141,0.7178482586514922,1.7143901813661007,0.7715188306422014,2.4717301360245756,0.8571428571428571,0.7178482586514922,2.4,0.6776785714285715,0.47178608602775446,27.787499999999998,0.030189693947394153,1054.5684210526315,0.16438605790751235,0.8606875605255667,0.10959681580455041
