sarcomere_area,cell_mask_area_ratio,domain_area_std,domain_oop_mean,sarcomere_length_mean,z_mask_intensity,myof_straightness_std,z_mask_area,z_straightness_std,myof_length_mean,myof_bending_std,sarcomere_oop,n_domains,myof_straightness_mean,z_intensity_mean,myof_bending_mean,z_lat_dist_mean,z_lat_length_groups_mean,z_length_max,sarcomere_area_ratio,z_length_std,myof_length_max,domain_slen_mean,z_mask_area_ratio,z_lat_alignment_std,n_zbands,cell_mask_area,cell_mask_intensity,z_oop,z_lat_alignment_mean,z_length_mean,z_lat_dist_std,myof_length_std,n_vectors,z_straightness_mean,n_mbands,z_intensity_std,sarcomere_length_std,z_lat_neighbors_mean,z_lat_neighbors_std,domain_area_mean,domain_oop_std
83.02323913574219,0.2566910423842767,2.6324999999999985,0.8660414218902588,1.4375552704131207,1209.1301775147929,0.03552811480072428,19.0125,0.11540646749096374,9.113828659057617,0.02312446153695598,0.572579026222229,2.0,0.9361603667289123,1200.7848826985658,0.04235331609652192,1.4556228285224129,2.0847534560996914,3.9,0.0661964360691457,0.8702242833837945,11.287142753601074,1.4538761555691646,0.015159125973233828,0.5740781607775521,41.0,1254.195,646.5365254206881,0.5286671781359197,0.7854364012196118,0.9621951219512193,0.7118560979308496,1.701393961906433,173.0,0.8424880895641922,39.0,271.1367630999318,0.3844377318563004,0.6341463414634146,0.5740781607775521,32.9175,0.016262680292129517
