cell_mask_area,cell_mask_area_ratio,cell_mask_intensity,domain_area_mean,domain_area_std,domain_oop_mean,domain_oop_std,domain_slen_mean,myof_bending_mean,myof_bending_std,myof_length_max,myof_length_mean,myof_length_std,myof_straightness_mean,myof_straightness_std,n_domains,n_mbands,n_vectors,n_zbands,sarcomere_area,sarcomere_area_ratio,sarcomere_length_mean,sarcomere_length_std,sarcomere_oop,z_intensity_mean,z_intensity_std,z_lat_alignment_mean,z_lat_alignment_std,z_lat_dist_mean,z_lat_dist_std,z_lat_length_groups_mean,z_lat_neighbors_mean,z_lat_neighbors_std,z_length_max,z_length_mean,z_length_std,z_mask_area,z_mask_area_ratio,z_mask_intensity,z_oop,z_straightness_mean,z_straightness_std
691.785,0.2756104557352361,860.356208937748,43.305,18.769570786248682,0.7615830302238464,0.20938868820667267,1.3767222508684138,0.029975766108861848,0.034615989418243294,15.349648475646973,8.249341011047363,2.5197582244873047,0.9496039209221474,0.033256426805932354,3.0,63.0,305.0,55.0,160.28074645996094,0.23169156090398166,1.3633665025396207,0.20979447374317706,0.09551438689231873,1425.1793544812274,186.6989667080293,0.8036076601444975,0.6111904114171496,1.5155587585179098,0.5611431630873293,3.0879656320982565,0.9090909090909091,0.6111904114171496,4.35,0.9954545454545454,0.9274732403526518,32.805,0.04742080270604306,1423.2469135802469,0.14288211921950905,0.846624628609225,0.11564756503093908
