cell_mask_area,cell_mask_area_ratio,cell_mask_intensity,domain_area_mean,domain_area_std,domain_oop_mean,domain_oop_std,domain_slen_mean,myof_bending_mean,myof_bending_std,myof_length_max,myof_length_mean,myof_length_std,myof_straightness_mean,myof_straightness_std,n_domains,n_mbands,n_vectors,n_zbands,sarcomere_area,sarcomere_area_ratio,sarcomere_length_mean,sarcomere_length_std,sarcomere_oop,z_intensity_mean,z_intensity_std,z_lat_alignment_mean,z_lat_alignment_std,z_lat_dist_mean,z_lat_dist_std,z_lat_length_groups_mean,z_lat_neighbors_mean,z_lat_neighbors_std,z_length_max,z_length_mean,z_length_std,z_mask_area,z_mask_area_ratio,z_mask_intensity,z_oop,z_straightness_mean,z_straightness_std
814.545,0.17854606431248768,638.1296060991106,24.21,0.0,0.83856201171875,0.0,1.5333267289511545,0.015518991795003047,0.011526042181038663,6.726245880126953,6.020413398742676,0.7039376497268677,0.9693843687357461,0.003584335614873014,1.0,17.0,61.0,17.0,30.902135848999023,0.03793791116390012,1.4949869228730948,0.3458769595985124,0.6642102003097534,1465.7679623627653,255.8130343297465,0.8592654115205177,0.4778846120374094,1.466534072967949,0.5140795782989659,1.2249715870645606,0.35294117647058826,0.4778846120374094,2.55,0.7499999999999999,0.5955718952006894,7.245,0.008894536213468869,1494.9068322981366,0.5410838871364133,0.8539792506510773,0.11075680050275918
