sarcomere_area,cell_mask_area_ratio,domain_area_std,domain_oop_mean,sarcomere_length_mean,z_mask_intensity,myof_straightness_std,z_mask_area,z_straightness_std,myof_length_mean,myof_bending_std,sarcomere_oop,n_domains,myof_straightness_mean,z_intensity_mean,myof_bending_mean,z_lat_dist_mean,z_lat_length_groups_mean,z_length_max,sarcomere_area_ratio,z_length_std,myof_length_max,domain_slen_mean,z_mask_area_ratio,z_lat_alignment_std,n_zbands,cell_mask_area,cell_mask_intensity,z_oop,z_lat_alignment_mean,z_length_mean,z_lat_dist_std,myof_length_std,n_vectors,z_straightness_mean,n_mbands,z_intensity_std,sarcomere_length_std,z_lat_neighbors_mean,z_lat_neighbors_std,domain_area_mean,domain_oop_std
88.84614562988281,0.17120624404239457,0.0,0.9375068545341492,1.371680054262398,1235.9234972677596,0.022932498090333132,16.47,0.09355005860596141,7.862600326538086,0.017976676195600897,0.8869491815567017,1.0,0.9578470769061678,1254.5641740470205,0.023008652172060124,1.616817307720284,1.467945868954158,2.25,0.10883706577961873,0.4498162890309232,13.551945686340332,1.3430620603455659,0.02017584961825749,0.5525451315946777,35.0,816.3225,684.1455858438301,0.8582224787360264,0.794262540319305,0.7628571428571428,0.6419904932755085,2.6674482822418213,142.0,0.8722969951959405,45.0,317.1632806589562,0.24466527934282237,0.45714285714285713,0.5525451315946777,39.622499999999995,0.0
