sarcomere_area,cell_mask_area_ratio,domain_area_std,domain_oop_mean,sarcomere_length_mean,z_mask_intensity,myof_straightness_std,z_mask_area,z_straightness_std,myof_length_mean,myof_bending_std,sarcomere_oop,n_domains,myof_straightness_mean,z_intensity_mean,myof_bending_mean,z_lat_dist_mean,z_lat_length_groups_mean,z_length_max,sarcomere_area_ratio,z_length_std,myof_length_max,domain_slen_mean,z_mask_area_ratio,z_lat_alignment_std,n_zbands,cell_mask_area,cell_mask_intensity,z_oop,z_lat_alignment_mean,z_length_mean,z_lat_dist_std,myof_length_std,n_vectors,z_straightness_mean,n_mbands,z_intensity_std,sarcomere_length_std,z_lat_neighbors_mean,z_lat_neighbors_std,domain_area_mean,domain_oop_std
93.30525970458984,0.20772965278836866,0.0,0.8039175868034363,1.4254874332017071,1228.5373317013464,0.024422305393642114,18.3825,0.12061608708908952,12.465251922607422,0.014553793323208076,0.8066187500953674,1.0,0.9478021165787477,1242.7493663010014,0.02582572134021834,1.6232568782757393,3.269380731896449,3.15,0.12685532062756513,0.7545180717922911,18.690032958984375,1.425637715591106,0.02499235240134598,0.6210273191490665,33.0,735.525,652.4885591924136,0.6656918922555733,0.7492432377506989,1.0454545454545454,0.6745643832359537,4.330543041229248,175.0,0.7950728844012698,44.0,203.7887824602847,0.28566817606454564,0.9090909090909091,0.6210273191490665,74.02499999999999,0.0
