cell_mask_area,cell_mask_area_ratio,cell_mask_intensity,domain_area_mean,domain_area_std,domain_oop_mean,domain_oop_std,domain_slen_mean,myof_bending_mean,myof_bending_std,myof_length_max,myof_length_mean,myof_length_std,myof_straightness_mean,myof_straightness_std,n_domains,n_mbands,n_vectors,n_zbands,sarcomere_area,sarcomere_area_ratio,sarcomere_length_mean,sarcomere_length_std,sarcomere_oop,z_intensity_mean,z_intensity_std,z_lat_alignment_mean,z_lat_alignment_std,z_lat_dist_mean,z_lat_dist_std,z_lat_length_groups_mean,z_lat_neighbors_mean,z_lat_neighbors_std,z_length_max,z_length_mean,z_length_std,z_mask_area,z_mask_area_ratio,z_mask_intensity,z_oop,z_straightness_mean,z_straightness_std
803.7225,0.1493752509032517,664.371630133535,40.2975,0.0,0.9215005040168762,0.0,1.4079806213314108,0.021150427698534393,0.012323216527362945,16.07352638244629,10.355464935302734,3.277092933654785,0.9567501780794183,0.023982205518491968,1.0,28.0,142.0,36.0,51.96498107910156,0.06465537679871046,1.4062597165459463,0.13956153833870832,0.9220169186592102,1236.5984038330257,172.33633734654447,0.5898139466423836,0.5414885747116092,1.6696046402978992,0.6750071338956461,1.5461114648994927,0.3888888888888889,0.5414885747116092,3.15,0.9208333333333333,0.723837669800503,16.2,0.020156210632401108,1275.9833333333333,0.8434545603763529,0.8725150770377347,0.10561326769212331
