cell_mask_area,cell_mask_area_ratio,cell_mask_intensity,domain_area_mean,domain_area_std,domain_oop_mean,domain_oop_std,domain_slen_mean,myof_bending_mean,myof_bending_std,myof_length_max,myof_length_mean,myof_length_std,myof_straightness_mean,myof_straightness_std,n_domains,n_mbands,n_vectors,n_zbands,sarcomere_area,sarcomere_area_ratio,sarcomere_length_mean,sarcomere_length_std,sarcomere_oop,z_intensity_mean,z_intensity_std,z_lat_alignment_mean,z_lat_alignment_std,z_lat_dist_mean,z_lat_dist_std,z_lat_length_groups_mean,z_lat_neighbors_mean,z_lat_neighbors_std,z_length_max,z_length_mean,z_length_std,z_mask_area,z_mask_area_ratio,z_mask_intensity,z_oop,z_straightness_mean,z_straightness_std
3534.7725,0.3596519342328771,615.0470207064245,177.28875,115.94805336739164,0.8693984150886536,0.031184667721390724,1.5002640266970473,0.023267557400299486,0.020702185560714983,41.20259475708008,12.7084379196167,6.6218581199646,0.9552499169665731,0.025728014524539582,4.0,322.0,1744.0,268.0,898.3875122070312,0.25415709560007926,1.476144138671036,0.237801502991408,0.792064905166626,909.3401508025165,148.7798054315388,0.8266479522266779,0.6740421452284858,1.7810124113047539,0.6390849500552488,4.28253625200043,1.0298507462686568,0.6740421452284858,5.3999999999999995,1.1602611940298504,1.0064888016749525,184.4325,0.05217662522835628,912.9544955471514,0.6980128742151134,0.8211521596082618,0.10401954822971014
