cell_mask_area,cell_mask_area_ratio,cell_mask_intensity,domain_area_mean,domain_area_std,domain_oop_mean,domain_oop_std,domain_slen_mean,myof_bending_mean,myof_bending_std,myof_length_max,myof_length_mean,myof_length_std,myof_straightness_mean,myof_straightness_std,n_domains,n_mbands,n_vectors,n_zbands,sarcomere_area,sarcomere_area_ratio,sarcomere_length_mean,sarcomere_length_std,sarcomere_oop,z_intensity_mean,z_intensity_std,z_lat_alignment_mean,z_lat_alignment_std,z_lat_dist_mean,z_lat_dist_std,z_lat_length_groups_mean,z_lat_neighbors_mean,z_lat_neighbors_std,z_length_max,z_length_mean,z_length_std,z_mask_area,z_mask_area_ratio,z_mask_intensity,z_oop,z_straightness_mean,z_straightness_std
1920.4199999999998,0.27314300709483136,695.6661823976006,227.88,99.90870063462941,0.4937306344509125,0.2117900550365448,1.4292689230766928,0.03721437013175152,0.03618118219040904,36.03092956542969,12.744945526123047,6.374871730804443,0.9117482001058866,0.06765167262760781,3.0,271.0,2115.0,258.0,762.6488647460938,0.39712607905879643,1.4288810504733371,0.3573644913334643,0.3927934467792511,1092.9308342567629,262.2581880021142,0.8108765051636702,0.6522232044837405,1.5689919641819103,0.6908883530155875,8.165763240195318,1.3643410852713178,0.6522232044837405,9.6,1.525,1.2945267160644662,160.4925,0.08357156247070954,1096.4696481143978,0.3916746163282164,0.7811337329305462,0.13973884678470772
