cell_mask_area,cell_mask_area_ratio,cell_mask_intensity,domain_area_mean,domain_area_std,domain_oop_mean,domain_oop_std,domain_slen_mean,myof_bending_mean,myof_bending_std,myof_length_max,myof_length_mean,myof_length_std,myof_straightness_mean,myof_straightness_std,n_domains,n_mbands,n_vectors,n_zbands,sarcomere_area,sarcomere_area_ratio,sarcomere_length_mean,sarcomere_length_std,sarcomere_oop,z_intensity_mean,z_intensity_std,z_lat_alignment_mean,z_lat_alignment_std,z_lat_dist_mean,z_lat_dist_std,z_lat_length_groups_mean,z_lat_neighbors_mean,z_lat_neighbors_std,z_length_max,z_length_mean,z_length_std,z_mask_area,z_mask_area_ratio,z_mask_intensity,z_oop,z_straightness_mean,z_straightness_std
814.7475,0.17859045176563426,638.0955234597221,24.075,0.0,0.8358829021453857,0.0,1.4935276574386325,0.010778145876053559,0.004544748062865782,8.707695960998535,7.446737766265869,0.9364684820175171,0.9649956158400228,0.008152408901846096,1.0,17.0,61.0,17.0,31.0062255859375,0.03805623900157718,1.459496220638012,0.31290201872817935,0.6376075744628906,1465.7679623627653,255.8130343297465,0.8540438636756157,0.4778846120374094,1.466534072967949,0.5140795782989659,1.2249715870645606,0.35294117647058826,0.4778846120374094,2.55,0.7499999999999999,0.5955718952006894,7.245,0.008892325536439205,1494.9068322981366,0.5410838871364133,0.8539792506510773,0.11075680050275918
