sarcomere_area,cell_mask_area_ratio,domain_area_std,domain_oop_mean,sarcomere_length_mean,z_mask_intensity,myof_straightness_std,z_mask_area,z_straightness_std,myof_length_mean,myof_bending_std,sarcomere_oop,n_domains,myof_straightness_mean,z_intensity_mean,myof_bending_mean,z_lat_dist_mean,z_lat_length_groups_mean,z_length_max,sarcomere_area_ratio,z_length_std,myof_length_max,domain_slen_mean,z_mask_area_ratio,z_lat_alignment_std,n_zbands,cell_mask_area,cell_mask_intensity,z_oop,z_lat_alignment_mean,z_length_mean,z_lat_dist_std,myof_length_std,n_vectors,z_straightness_mean,n_mbands,z_intensity_std,sarcomere_length_std,z_lat_neighbors_mean,z_lat_neighbors_std,domain_area_mean,domain_oop_std
211.854736328125,0.2525573741327166,9.247499999999995,0.9452000856399536,1.6109396213907505,908.203233256351,0.018451866835597398,38.97,0.08927266488961424,25.48345947265625,0.015149045399901844,0.9108784198760986,2.0,0.9590218352836514,897.0915917711201,0.01999068926790135,1.5273960916018101,3.2917797506349924,3.75,0.20726789775089763,0.8390234218765689,46.23381042480469,1.603101975479966,0.038126265739191686,0.575710842493948,69.0,1022.13,584.7398740864664,0.8437001631937879,0.8596392899681454,0.9869565217391304,0.4803098406194445,12.184821128845215,394.0,0.8345838826279979,75.0,161.75801876470882,0.2240490964412121,0.9565217391304348,0.575710842493948,89.88749999999999,0.012390285730361938
