cell_mask_area,cell_mask_area_ratio,cell_mask_intensity,domain_area_mean,domain_area_std,domain_oop_mean,domain_oop_std,domain_slen_mean,myof_bending_mean,myof_bending_std,myof_length_max,myof_length_mean,myof_length_std,myof_straightness_mean,myof_straightness_std,n_domains,n_mbands,n_vectors,n_zbands,sarcomere_area,sarcomere_area_ratio,sarcomere_length_mean,sarcomere_length_std,sarcomere_oop,z_intensity_mean,z_intensity_std,z_lat_alignment_mean,z_lat_alignment_std,z_lat_dist_mean,z_lat_dist_std,z_lat_length_groups_mean,z_lat_neighbors_mean,z_lat_neighbors_std,z_length_max,z_length_mean,z_length_std,z_mask_area,z_mask_area_ratio,z_mask_intensity,z_oop,z_straightness_mean,z_straightness_std
858.2624999999999,0.24202298092114027,747.3130685542011,25.244999999999997,0.0,0.5732437372207642,0.0,1.3958191465990917,0.04833616702162054,0.03249021222996429,10.873942375183105,7.270836353302002,1.762193202972412,0.9314061960599471,0.0341664217107957,1.0,28.0,83.0,23.0,44.56597900390625,0.05192581407658642,1.3808481654432478,0.31540024420511603,0.6774629354476929,1398.5817032182792,141.86861639705523,0.6536666598735418,0.5702120455914783,1.2662140933610484,0.6543167743550768,1.7352186658454587,0.6086956521739131,0.5702120455914783,2.1,0.8217391304347827,0.5644978697838886,9.9675,0.011613579761436624,1415.7110609480812,0.6620948562498485,0.8245380131763159,0.09244200628674692
