cell_mask_area,cell_mask_area_ratio,cell_mask_intensity,domain_area_mean,domain_area_std,domain_oop_mean,domain_oop_std,domain_slen_mean,myof_bending_mean,myof_bending_std,myof_length_max,myof_length_mean,myof_length_std,myof_straightness_mean,myof_straightness_std,n_domains,n_mbands,n_vectors,n_zbands,sarcomere_area,sarcomere_area_ratio,sarcomere_length_mean,sarcomere_length_std,sarcomere_oop,z_intensity_mean,z_intensity_std,z_lat_alignment_mean,z_lat_alignment_std,z_lat_dist_mean,z_lat_dist_std,z_lat_length_groups_mean,z_lat_neighbors_mean,z_lat_neighbors_std,z_length_max,z_length_mean,z_length_std,z_mask_area,z_mask_area_ratio,z_mask_intensity,z_oop,z_straightness_mean,z_straightness_std
1032.9975,0.40666631235827666,579.0466554856134,40.747499999999995,0.0,0.8810105919837952,0.0,1.5370985649297857,0.02123287043181921,0.005896737918325458,8.270551681518555,6.3585524559021,1.1003673076629639,0.9592946759414239,0.018449356274965373,1.0,43.0,99.0,34.0,85.95734405517578,0.08321157026534506,1.484182895764642,0.19677567187780354,0.8064655065536499,895.0491654237742,117.60346503113277,0.6683952877825491,0.7228356310261476,2.2150066998170463,0.6683560916309079,2.0441336390429354,0.6470588235294118,0.7228356310261476,1.95,0.6661764705882353,0.4488089774836241,20.5425,0.01988630175774869,874.4085432639649,0.46777216243857583,0.8763494585601757,0.0885802466958766
