sarcomere_area,cell_mask_area_ratio,domain_area_std,domain_oop_mean,sarcomere_length_mean,z_mask_intensity,myof_straightness_std,z_mask_area,z_straightness_std,myof_length_mean,myof_bending_std,sarcomere_oop,n_domains,myof_straightness_mean,z_intensity_mean,myof_bending_mean,z_lat_dist_mean,z_lat_length_groups_mean,z_length_max,sarcomere_area_ratio,z_length_std,myof_length_max,domain_slen_mean,z_mask_area_ratio,z_lat_alignment_std,n_zbands,cell_mask_area,cell_mask_intensity,z_oop,z_lat_alignment_mean,z_length_mean,z_lat_dist_std,myof_length_std,n_vectors,z_straightness_mean,n_mbands,z_intensity_std,sarcomere_length_std,z_lat_neighbors_mean,z_lat_neighbors_std,domain_area_mean,domain_oop_std
60.23735427856445,0.26603365198794093,0.0,0.9276923537254333,1.3316777266060018,1105.4405850091407,0.022048457981647698,12.3075,0.07005549312603519,8.44927978515625,0.015682939304760612,0.3774052560329437,1.0,0.9373995162811711,1116.5693945232956,0.037384104722509796,1.5605372237335902,2.5547078186478203,1.7999999999999998,0.0648267651148718,0.38296736153359073,11.151973724365234,1.3294002208138151,0.01324519347183883,0.6523802572120037,25.0,929.2049999999999,654.089834858831,0.43120754776559084,0.8598704208840394,0.7439999999999999,0.7298480107504617,1.9301433563232422,106.0,0.8113062667719011,35.0,175.95559125564867,0.3089866305901836,0.88,0.6523802572120037,33.1425,0.0
