sarcomere_area,cell_mask_area_ratio,domain_area_std,domain_oop_mean,sarcomere_length_mean,z_mask_intensity,myof_straightness_std,z_mask_area,z_straightness_std,myof_length_mean,myof_bending_std,sarcomere_oop,n_domains,myof_straightness_mean,z_intensity_mean,myof_bending_mean,z_lat_dist_mean,z_lat_length_groups_mean,z_length_max,sarcomere_area_ratio,z_length_std,myof_length_max,domain_slen_mean,z_mask_area_ratio,z_lat_alignment_std,n_zbands,cell_mask_area,cell_mask_intensity,z_oop,z_lat_alignment_mean,z_length_mean,z_lat_dist_std,myof_length_std,n_vectors,z_straightness_mean,n_mbands,z_intensity_std,sarcomere_length_std,z_lat_neighbors_mean,z_lat_neighbors_std,domain_area_mean,domain_oop_std
898.3873901367188,0.3596519342328771,122.42966879626236,0.8686349987983704,1.4752487680886535,912.9544955471514,0.028416241796063356,184.4325,0.10401954822971014,13.06710433959961,0.01796996316783203,0.7916341423988342,4.0,0.9490294393158701,909.3401508025165,0.023604344628041344,1.7810124113047539,4.28253625200043,5.3999999999999995,0.25415706106594377,1.0064888016749525,39.9985237121582,1.4994046096254856,0.05217662522835628,0.6740421452284858,268.0,3534.7725,615.0470207064245,0.6980128742151134,0.8266494247221803,1.1602611940298504,0.6390849500552488,6.7095232009887695,1743.0,0.8211521596082618,322.0,148.7798054315388,0.23531955603764895,1.0298507462686568,0.6740421452284858,177.60375,0.03283841907978058
