cell_mask_area,cell_mask_area_ratio,cell_mask_intensity,domain_area_mean,domain_area_std,domain_oop_mean,domain_oop_std,domain_slen_mean,myof_bending_mean,myof_bending_std,myof_length_max,myof_length_mean,myof_length_std,myof_straightness_mean,myof_straightness_std,n_domains,n_mbands,n_vectors,n_zbands,sarcomere_area,sarcomere_area_ratio,sarcomere_length_mean,sarcomere_length_std,sarcomere_oop,z_intensity_mean,z_intensity_std,z_lat_alignment_mean,z_lat_alignment_std,z_lat_dist_mean,z_lat_dist_std,z_lat_length_groups_mean,z_lat_neighbors_mean,z_lat_neighbors_std,z_length_max,z_length_mean,z_length_std,z_mask_area,z_mask_area_ratio,z_mask_intensity,z_oop,z_straightness_mean,z_straightness_std
1182.06,0.2170335117985326,574.7310415714938,48.982499999999995,16.447499999999998,0.40295958518981934,0.3121846616268158,1.4148555914949426,0.0340871596760683,0.02816959278968586,12.580138206481934,9.29452896118164,2.3706908226013184,0.9365070620391599,0.03932022884897004,2.0,72.0,188.0,58.0,118.6504135131836,0.10037596527518367,1.4199809776883259,0.2758284576575939,0.21140113472938538,830.6161637877325,150.25067919951402,0.7444002601744937,0.5517241379310346,1.3775138375511258,0.5489255538948864,1.0404819619800507,0.3793103448275862,0.5517241379310346,2.1,0.5818965517241379,0.37065857929083806,24.1875,0.02046215928125476,823.1786046511628,0.3194331798261908,0.8748804316640649,0.0867923870108799
