sarcomere_area,cell_mask_area_ratio,domain_area_std,domain_oop_mean,sarcomere_length_mean,z_mask_intensity,myof_straightness_std,z_mask_area,z_straightness_std,myof_length_mean,myof_bending_std,sarcomere_oop,n_domains,myof_straightness_mean,z_intensity_mean,myof_bending_mean,z_lat_dist_mean,z_lat_length_groups_mean,z_length_max,sarcomere_area_ratio,z_length_std,myof_length_max,domain_slen_mean,z_mask_area_ratio,z_lat_alignment_std,n_zbands,cell_mask_area,cell_mask_intensity,z_oop,z_lat_alignment_mean,z_length_mean,z_lat_dist_std,myof_length_std,n_vectors,z_straightness_mean,n_mbands,z_intensity_std,sarcomere_length_std,z_lat_neighbors_mean,z_lat_neighbors_std,domain_area_mean,domain_oop_std
85.95734405517578,0.40666631235827666,0.0,0.8810105919837952,1.484182895764642,874.4085432639649,0.018449356274965373,20.5425,0.0885802466958766,6.3585524559021,0.005896737918325458,0.8064655065536499,1.0,0.9592946759414239,895.0491654237742,0.02123287043181921,2.2150066998170463,2.0441336390429354,1.95,0.08321157026534506,0.4488089774836241,8.270551681518555,1.5370985649297857,0.01988630175774869,0.7228356310261476,34.0,1032.9975,579.0466554856134,0.46777216243857583,0.6683952877825491,0.6661764705882353,0.6683560916309079,1.1003673076629639,99.0,0.8763494585601757,43.0,117.60346503113277,0.19677567187780354,0.6470588235294118,0.7228356310261476,40.747499999999995,0.0
