cell_mask_area,cell_mask_area_ratio,cell_mask_intensity,domain_area_mean,domain_area_std,domain_oop_mean,domain_oop_std,domain_slen_mean,myof_bending_mean,myof_bending_std,myof_length_max,myof_length_mean,myof_length_std,myof_straightness_mean,myof_straightness_std,n_domains,n_mbands,n_vectors,n_zbands,sarcomere_area,sarcomere_area_ratio,sarcomere_length_mean,sarcomere_length_std,sarcomere_oop,z_intensity_mean,z_intensity_std,z_lat_alignment_mean,z_lat_alignment_std,z_lat_dist_mean,z_lat_dist_std,z_lat_length_groups_mean,z_lat_neighbors_mean,z_lat_neighbors_std,z_length_max,z_length_mean,z_length_std,z_mask_area,z_mask_area_ratio,z_mask_intensity,z_oop,z_straightness_mean,z_straightness_std
1031.58,0.4061082766439909,579.1332446344443,40.8375,0.0,0.8784111738204956,0.0,1.5176168935005965,0.022082287049798765,0.011757242738522187,8.490434646606445,6.5862135887146,1.2868006229400635,0.9613934409342221,0.015152142716635593,1.0,43.0,99.0,34.0,86.07477569580078,0.08343974844006358,1.472133191823919,0.18647522719633577,0.8038211464881897,895.0491654237742,117.60346503113277,0.6661979381229105,0.7228356310261476,2.2150066998170463,0.6683560916309079,2.0441336390429354,0.6470588235294118,0.7228356310261476,1.95,0.6661764705882353,0.4488089774836241,20.5875,0.019957250043622404,874.1267759562842,0.46777216243857583,0.8763494585601757,0.0885802466958766
