sarcomere_area,cell_mask_area_ratio,domain_area_std,domain_oop_mean,sarcomere_length_mean,z_mask_intensity,myof_straightness_std,z_mask_area,z_straightness_std,myof_length_mean,myof_bending_std,sarcomere_oop,n_domains,myof_straightness_mean,z_intensity_mean,myof_bending_mean,z_lat_dist_mean,z_lat_length_groups_mean,z_length_max,sarcomere_area_ratio,z_length_std,myof_length_max,domain_slen_mean,z_mask_area_ratio,z_lat_alignment_std,n_zbands,cell_mask_area,cell_mask_intensity,z_oop,z_lat_alignment_mean,z_length_mean,z_lat_dist_std,myof_length_std,n_vectors,z_straightness_mean,n_mbands,z_intensity_std,sarcomere_length_std,z_lat_neighbors_mean,z_lat_neighbors_std,domain_area_mean,domain_oop_std
231.70419311523438,0.3560526774812489,14.84879398511879,0.78456050157547,1.478675672378057,863.2315581854043,0.028015724021297355,57.0375,0.10785001381766561,8.358247756958008,0.016497303524856725,0.5900478363037109,4.0,0.9542239448135245,864.5147092973665,0.020370642980376084,1.861193436104977,2.7367624785019515,4.35,0.10510271625285632,0.6681317235396026,15.51224422454834,1.4967961981609585,0.02587262706674832,0.7319095640701276,105.0,2204.5499999999997,633.8872320881812,0.49151899046474495,0.7894073459033887,0.8099999999999999,0.720395972390261,2.470407247543335,347.0,0.852904897201642,95.0,93.87161495013383,0.24217926630408915,0.8380952380952381,0.7319095640701276,38.553749999999994,0.08816695958375931
