,precision,recall,gnd_counts,predicted_counts,tp
0,0.8942307692307693,0.9117647058823529,102.0,104.0,93.0
1,0.8055555555555556,0.7945205479452054,73.0,72.0,58.0
2,0.8333333333333334,0.8,25.0,24.0,20.0
