,accuracy,macro_precision,macro_recall
0,0.85,0.8259922529695162,0.8282657355179515
