,accuracy,macro_precision,macro_recall
0,0.84,0.8364421969018051,0.7941301817530665
