,accuracy,macro_precision,macro_recall
0,0.855,0.8443732193732195,0.8354284179425194
